{"type": "FeatureCollection", "features": [{"type": "Feature", "properties": {"type": "yes", "id": 70954736}, "geometry": {"type": "Point", "coordinates": [85.3117834, 27.6980947]}}, {"type": "Feature", "properties": {"name": "Supreme Court", "type": "yes", "id": 111965827}, "geometry": {"type": "Point", "coordinates": [85.3216985, 27.6968075]}}, {"type": "Feature", "properties": {"type": "yes", "id": 111965840}, "geometry": {"type": "Point", "coordinates": [85.3222443, 27.6982836]}}, {"type": "Feature", "properties": {"name": "\u0924 :  \u092c\u093e\u0939\u093e\u0932", "type": "yes", "id": 112449570}, "geometry": {"type": "Point", "coordinates": [85.3073256, 27.6988227]}}, {"type": "Feature", "properties": {"name": "Nepal Telecom Central Office", "type": "yes", "id": 112654808}, "geometry": {"type": "Point", "coordinates": [85.3181418, 27.6983972]}}, {"type": "Feature", "properties": {"name": "Ministry of Home Affairs", "type": "yes", "id": 112798697}, "geometry": {"type": "Point", "coordinates": [85.3235609, 27.6995612]}}, {"type": "Feature", "properties": {"type": "yes", "id": 113693615}, "geometry": {"type": "Point", "coordinates": [85.3145323, 27.6926096]}}, {"type": "Feature", "properties": {"type": "yes", "id": 113693617}, "geometry": {"type": "Point", "coordinates": [85.3158365, 27.6956456]}}, {"type": "Feature", "properties": {"name": "National Agriculture Research Council", "type": "yes", "building:levels": "5", "id": 120264258}, "geometry": {"type": "Point", "coordinates": [85.3200341, 27.6978503]}}, {"type": "Feature", "properties": {"name": "\u0924\u0932\u0947\u091c\u0941", "type": "yes", "height": "22", "id": 120443289}, "geometry": {"type": "Point", "coordinates": [85.3252229, 27.6732017]}}, {"type": "Feature", "properties": {"name": "Krishna Mandir", "type": "temple", "height": "1", "building:levels": "2", "id": 120443307}, "geometry": {"type": "Point", "coordinates": [85.3249641, 27.6736225]}}, {"type": "Feature", "properties": {"name": "\u0939\u0930\u0940 \u0936\u0902\u0915\u0930", "type": "yes", "height": "1", "id": 120443315}, "geometry": {"type": "Point", "coordinates": [85.3249561, 27.6732096]}}, {"type": "Feature", "properties": {"name": "Naya Baneshwar Departmental Store", "type": "yes", "id": 123856759}, "geometry": {"type": "Point", "coordinates": [85.3355672, 27.6878898]}}, {"type": "Feature", "properties": {"name": "\u090f\u092d\u0930\u0947\u0937\u094d\u091f \u0905\u0938\u094d\u092a\u0924\u093e\u0932 (\u0928\u092f\u093e\u0901 \u092c\u093e\u0928\u0947\u0936\u094d\u0935\u0930)", "type": "hospital", "building:levels": "5", "id": 124480166}, "geometry": {"type": "Point", "coordinates": [85.3328992, 27.6884948]}}, {"type": "Feature", "properties": {"name": "Incessant Rain Animation Studios", "type": "yes", "id": 124480167}, "geometry": {"type": "Point", "coordinates": [85.307417, 27.6866853]}}, {"type": "Feature", "properties": {"name": "Nepal Bank Limited", "type": "yes", "id": 124480170}, "geometry": {"type": "Point", "coordinates": [85.3162096, 27.6862736]}}, {"type": "Feature", "properties": {"type": "yes", "id": 124480171}, "geometry": {"type": "Point", "coordinates": [85.3340109, 27.6882618]}}, {"type": "Feature", "properties": {"name": "New Baneshwor Plaza", "type": "commercial", "building:levels": "5", "id": 124697693}, "geometry": {"type": "Point", "coordinates": [85.3355469, 27.690233]}}, {"type": "Feature", "properties": {"name": "Singha Complex", "type": "yes", "id": 124965107}, "geometry": {"type": "Point", "coordinates": [85.3180215, 27.6906879]}}, {"type": "Feature", "properties": {"type": "office", "id": 124966477}, "geometry": {"type": "Point", "coordinates": [85.3306423, 27.6897983]}}, {"type": "Feature", "properties": {"type": "yes", "id": 126174336}, "geometry": {"type": "Point", "coordinates": [85.3232561, 27.6465982]}}, {"type": "Feature", "properties": {"name": "Rastriya Banijya Bank Ltd", "type": "yes", "id": 126183886}, "geometry": {"type": "Point", "coordinates": [85.3208892, 27.6979964]}}, {"type": "Feature", "properties": {"type": "yes", "id": 134726857}, "geometry": {"type": "Point", "coordinates": [85.3182884, 27.6821296]}}, {"type": "Feature", "properties": {"name": "Central Material Testing Laboratory", "type": "yes", "id": 134726859}, "geometry": {"type": "Point", "coordinates": [85.3186476, 27.6824723]}}, {"type": "Feature", "properties": {"name": "Labim Mall", "type": "commercial", "building:levels": "5", "id": 134726867}, "geometry": {"type": "Point", "coordinates": [85.3170766, 27.6772244]}}, {"type": "Feature", "properties": {"name": "Department of Electrical, Electronics and Computer Engineering", "type": "college", "building:levels": "3", "id": 134726889}, "geometry": {"type": "Point", "coordinates": [85.3186814, 27.6816322]}}, {"type": "Feature", "properties": {"type": "yes", "id": 134726892}, "geometry": {"type": "Point", "coordinates": [85.3194679, 27.6802501]}}, {"type": "Feature", "properties": {"type": "yes", "id": 134727451}, "geometry": {"type": "Point", "coordinates": [85.3188942, 27.6827047]}}, {"type": "Feature", "properties": {"name": "Nepal Telecom", "type": "yes", "building:levels": "6", "id": 135742430}, "geometry": {"type": "Point", "coordinates": [85.3127022, 27.6999789]}}, {"type": "Feature", "properties": {"type": "yes", "id": 135742433}, "geometry": {"type": "Point", "coordinates": [85.3148173, 27.6973903]}}, {"type": "Feature", "properties": {"name": "United World Trade Centre", "type": "commercial", "building:levels": "7", "id": 136435758}, "geometry": {"type": "Point", "coordinates": [85.3132399, 27.694216]}}, {"type": "Feature", "properties": {"name": "Civil Apartment Sundhara", "type": "yes", "id": 136525684}, "geometry": {"type": "Point", "coordinates": [85.312219, 27.6980056]}}, {"type": "Feature", "properties": {"name": "FOOD MANAGEMENT & TRADING COMPANY LTD.", "type": "yes", "id": 146201933}, "geometry": {"type": "Point", "coordinates": [85.3186791, 27.6982677]}}, {"type": "Feature", "properties": {"name": "Rastriya Samachar Samiti", "type": "yes", "id": 146202423}, "geometry": {"type": "Point", "coordinates": [85.319353, 27.6984479]}}, {"type": "Feature", "properties": {"name": "Nepal Stock Exchange Ltd", "type": "yes", "id": 146202665}, "geometry": {"type": "Point", "coordinates": [85.3190757, 27.6981213]}}, {"type": "Feature", "properties": {"name": "Saleways", "type": "commercial", "id": 163403874}, "geometry": {"type": "Point", "coordinates": [85.3148061, 27.6750367]}}, {"type": "Feature", "properties": {"name": "Lalitpur Metropolitan Office (A)", "type": "yes", "id": 163689558}, "geometry": {"type": "Point", "coordinates": [85.3167839, 27.6765262]}}, {"type": "Feature", "properties": {"name": "Jyapu Samaj Museum", "type": "yes", "id": 166915129}, "geometry": {"type": "Point", "coordinates": [85.3319357, 27.6737799]}}, {"type": "Feature", "properties": {"name": "Animal Hospital", "type": "yes", "id": 170428974}, "geometry": {"type": "Point", "coordinates": [85.3119311, 27.6733782]}}, {"type": "Feature", "properties": {"name": "Artifact Display", "type": "yes", "id": 170555124}, "geometry": {"type": "Point", "coordinates": [85.3119362, 27.672333]}}, {"type": "Feature", "properties": {"name": "Zoo Ticketing", "type": "yes", "id": 170557634}, "geometry": {"type": "Point", "coordinates": [85.3121033, 27.673049]}}, {"type": "Feature", "properties": {"name": "Fast Food Shops", "type": "yes", "id": 170559181}, "geometry": {"type": "Point", "coordinates": [85.3119064, 27.6722568]}}, {"type": "Feature", "properties": {"name": "Zoo Gift Shop", "type": "yes", "id": 170562462}, "geometry": {"type": "Point", "coordinates": [85.3116921, 27.6734062]}}, {"type": "Feature", "properties": {"type": "yes", "id": 171320364}, "geometry": {"type": "Point", "coordinates": [85.3100762, 27.6747669]}}, {"type": "Feature", "properties": {"name": "Town Planning Rental Home", "type": "yes", "id": 176113053}, "geometry": {"type": "Point", "coordinates": [85.2808557, 27.6715122]}}, {"type": "Feature", "properties": {"type": "residential", "id": 177573846}, "geometry": {"type": "Point", "coordinates": [85.3049535, 27.6775704]}}, {"type": "Feature", "properties": {"type": "residential", "id": 177573847}, "geometry": {"type": "Point", "coordinates": [85.3045605, 27.6780701]}}, {"type": "Feature", "properties": {"type": "residential", "id": 177573848}, "geometry": {"type": "Point", "coordinates": [85.3048088, 27.6773389]}}, {"type": "Feature", "properties": {"type": "residential", "id": 177573849}, "geometry": {"type": "Point", "coordinates": [85.3048723, 27.6774271]}}, {"type": "Feature", "properties": {"type": "residential", "id": 177573850}, "geometry": {"type": "Point", "coordinates": [85.304936, 27.67774]}}, {"type": "Feature", "properties": {"type": "residential", "id": 177573851}, "geometry": {"type": "Point", "coordinates": [85.3045496, 27.6778935]}}, {"type": "Feature", "properties": {"type": "residential", "id": 177573852}, "geometry": {"type": "Point", "coordinates": [85.3045872, 27.677526]}}, {"type": "Feature", "properties": {"type": "residential", "id": 177573853}, "geometry": {"type": "Point", "coordinates": [85.3050737, 27.6778247]}}, {"type": "Feature", "properties": {"type": "residential", "id": 177574217}, "geometry": {"type": "Point", "coordinates": [85.3050434, 27.6774612]}}, {"type": "Feature", "properties": {"type": "residential", "id": 177574218}, "geometry": {"type": "Point", "coordinates": [85.3050847, 27.6775398]}}, {"type": "Feature", "properties": {"type": "residential", "id": 177574219}, "geometry": {"type": "Point", "coordinates": [85.3052201, 27.6777167]}}, {"type": "Feature", "properties": {"type": "residential", "id": 177574220}, "geometry": {"type": "Point", "coordinates": [85.3050042, 27.6773732]}}, {"type": "Feature", "properties": {"type": "residential", "id": 177574221}, "geometry": {"type": "Point", "coordinates": [85.3051309, 27.6776225]}}, {"type": "Feature", "properties": {"type": "carport", "id": 177582764}, "geometry": {"type": "Point", "coordinates": [85.3149111, 27.6757137]}}, {"type": "Feature", "properties": {"name": "B.P. Koirala Memorial Planetarium", "type": "yes", "id": 177616014}, "geometry": {"type": "Point", "coordinates": [85.2841614, 27.6755146]}}, {"type": "Feature", "properties": {"name": "Boys hostel", "type": "yes", "id": 177616015}, "geometry": {"type": "Point", "coordinates": [85.2838896, 27.6781431]}}, {"type": "Feature", "properties": {"name": "Department of Sociology and Anthropology", "type": "yes", "id": 177616018}, "geometry": {"type": "Point", "coordinates": [85.2834069, 27.6807182]}}, {"type": "Feature", "properties": {"name": "TU Central office", "type": "yes", "id": 177616023}, "geometry": {"type": "Point", "coordinates": [85.293491, 27.6792601]}}, {"type": "Feature", "properties": {"name": "Indian Modern High School", "type": "yes", "id": 177618128}, "geometry": {"type": "Point", "coordinates": [85.2960434, 27.6673099]}}, {"type": "Feature", "properties": {"name": "Panga secondary high school", "type": "school", "building:levels": "3", "id": 177618131}, "geometry": {"type": "Point", "coordinates": [85.2819926, 27.6711152]}}, {"type": "Feature", "properties": {"type": "residential", "id": 177704993}, "geometry": {"type": "Point", "coordinates": [85.3064015, 27.6775506]}}, {"type": "Feature", "properties": {"type": "residential", "id": 177704994}, "geometry": {"type": "Point", "coordinates": [85.30541, 27.6779693]}}, {"type": "Feature", "properties": {"type": "residential", "id": 177704996}, "geometry": {"type": "Point", "coordinates": [85.3063303, 27.6775791]}}, {"type": "Feature", "properties": {"type": "residential", "id": 177705001}, "geometry": {"type": "Point", "coordinates": [85.3067472, 27.6774951]}}, {"type": "Feature", "properties": {"type": "residential", "id": 177705003}, "geometry": {"type": "Point", "coordinates": [85.3069928, 27.6771563]}}, {"type": "Feature", "properties": {"type": "residential", "id": 177705004}, "geometry": {"type": "Point", "coordinates": [85.3053527, 27.6778856]}}, {"type": "Feature", "properties": {"type": "residential", "id": 177705005}, "geometry": {"type": "Point", "coordinates": [85.306855, 27.6771948]}}, {"type": "Feature", "properties": {"type": "residential", "building:levels": "3", "id": 177705006}, "geometry": {"type": "Point", "coordinates": [85.3065952, 27.6775117]}}, {"type": "Feature", "properties": {"type": "residential", "building:levels": "3", "id": 177705010}, "geometry": {"type": "Point", "coordinates": [85.3068868, 27.6773805]}}, {"type": "Feature", "properties": {"type": "yes", "id": 177705012}, "geometry": {"type": "Point", "coordinates": [85.3050141, 27.6781984]}}, {"type": "Feature", "properties": {"type": "residential", "id": 177705014}, "geometry": {"type": "Point", "coordinates": [85.3055444, 27.6777942]}}, {"type": "Feature", "properties": {"type": "residential", "id": 177705015}, "geometry": {"type": "Point", "coordinates": [85.3042275, 27.6775081]}}, {"type": "Feature", "properties": {"type": "residential", "id": 177705016}, "geometry": {"type": "Point", "coordinates": [85.3059691, 27.6777359]}}, {"type": "Feature", "properties": {"type": "yes", "id": 177705017}, "geometry": {"type": "Point", "coordinates": [85.3051029, 27.6783229]}}, {"type": "Feature", "properties": {"type": "residential", "id": 177705018}, "geometry": {"type": "Point", "coordinates": [85.3048688, 27.6770681]}}, {"type": "Feature", "properties": {"type": "residential", "id": 177705022}, "geometry": {"type": "Point", "coordinates": [85.304193, 27.6773448]}}, {"type": "Feature", "properties": {"type": "residential", "id": 177705024}, "geometry": {"type": "Point", "coordinates": [85.3054834, 27.6777371]}}, {"type": "Feature", "properties": {"type": "residential", "id": 177705025}, "geometry": {"type": "Point", "coordinates": [85.3061087, 27.6776246]}}, {"type": "Feature", "properties": {"type": "yes", "id": 177705027}, "geometry": {"type": "Point", "coordinates": [85.3049323, 27.678115]}}, {"type": "Feature", "properties": {"type": "residential", "id": 177705029}, "geometry": {"type": "Point", "coordinates": [85.3054064, 27.6776711]}}, {"type": "Feature", "properties": {"type": "yes", "id": 177705030}, "geometry": {"type": "Point", "coordinates": [85.3046587, 27.6782116]}}, {"type": "Feature", "properties": {"type": "residential", "id": 177705033}, "geometry": {"type": "Point", "coordinates": [85.3046701, 27.6783549]}}, {"type": "Feature", "properties": {"type": "residential", "id": 177705035}, "geometry": {"type": "Point", "coordinates": [85.3051965, 27.6773125]}}, {"type": "Feature", "properties": {"type": "residential", "id": 177705036}, "geometry": {"type": "Point", "coordinates": [85.3051356, 27.6780613]}}, {"type": "Feature", "properties": {"type": "residential", "id": 177705038}, "geometry": {"type": "Point", "coordinates": [85.3061991, 27.6775802]}}, {"type": "Feature", "properties": {"name": "Sandlewood Cafe", "type": "residential", "id": 177782551}, "geometry": {"type": "Point", "coordinates": [85.3261218, 27.6847227]}}, {"type": "Feature", "properties": {"name": "Jawalakhel Cabel Network", "type": "office", "id": 177782679}, "geometry": {"type": "Point", "coordinates": [85.3126623, 27.6691505]}}, {"type": "Feature", "properties": {"name": "Steel Tower", "type": "yes", "id": 177782772}, "geometry": {"type": "Point", "coordinates": [85.3125478, 27.6702927]}}, {"type": "Feature", "properties": {"type": "house", "id": 177911243}, "geometry": {"type": "Point", "coordinates": [85.3363077, 27.6827253]}}, {"type": "Feature", "properties": {"type": "house", "id": 177911244}, "geometry": {"type": "Point", "coordinates": [85.3363935, 27.6826791]}}, {"type": "Feature", "properties": {"type": "house", "id": 177911245}, "geometry": {"type": "Point", "coordinates": [85.3364702, 27.6826422]}}, {"type": "Feature", "properties": {"type": "house", "id": 177911472}, "geometry": {"type": "Point", "coordinates": [85.3364831, 27.6827823]}}, {"type": "Feature", "properties": {"type": "house", "id": 177911474}, "geometry": {"type": "Point", "coordinates": [85.3365854, 27.6827283]}}, {"type": "Feature", "properties": {"type": "house", "id": 177911476}, "geometry": {"type": "Point", "coordinates": [85.3364603, 27.6829489]}}, {"type": "Feature", "properties": {"type": "house", "id": 177911478}, "geometry": {"type": "Point", "coordinates": [85.3362628, 27.6826241]}}, {"type": "Feature", "properties": {"type": "house", "id": 177911480}, "geometry": {"type": "Point", "coordinates": [85.3363938, 27.682825]}}, {"type": "Feature", "properties": {"name": "Naresh Giri", "type": "residential", "id": 177911481}, "geometry": {"type": "Point", "coordinates": [85.3363504, 27.6825962]}}, {"type": "Feature", "properties": {"name": "German Bakery", "type": "yes", "id": 177949336}, "geometry": {"type": "Point", "coordinates": [85.3138925, 27.6734741]}}, {"type": "Feature", "properties": {"name": "Syanko Katti Rolls", "type": "yes", "id": 177949339}, "geometry": {"type": "Point", "coordinates": [85.3138107, 27.6733441]}}, {"type": "Feature", "properties": {"name": "NAST Research Centre", "type": "office", "id": 178494189}, "geometry": {"type": "Point", "coordinates": [85.3277107, 27.6569021]}}, {"type": "Feature", "properties": {"name": "Dura furniture", "type": "commercial", "id": 178915315}, "geometry": {"type": "Point", "coordinates": [85.3018108, 27.6745267]}}, {"type": "Feature", "properties": {"name": "The Blue Room Restro Lounge", "type": "yes", "id": 178915318}, "geometry": {"type": "Point", "coordinates": [85.3099251, 27.6771014]}}, {"type": "Feature", "properties": {"name": "Nepal  Heart Care Center", "type": "yes", "id": 178915323}, "geometry": {"type": "Point", "coordinates": [85.3097666, 27.6770181]}}, {"type": "Feature", "properties": {"type": "yes", "id": 178915325}, "geometry": {"type": "Point", "coordinates": [85.3093989, 27.6772124]}}, {"type": "Feature", "properties": {"name": "bimal's house", "type": "yes", "id": 178925482}, "geometry": {"type": "Point", "coordinates": [85.3371197, 27.6714639]}}, {"type": "Feature", "properties": {"name": "Home Grocer", "type": "commercial", "id": 179085958}, "geometry": {"type": "Point", "coordinates": [85.3154394, 27.6719234]}}, {"type": "Feature", "properties": {"name": "Gokarna House Jhamsikhel", "type": "restaurant", "id": 179088933}, "geometry": {"type": "Point", "coordinates": [85.3119313, 27.6786433]}}, {"type": "Feature", "properties": {"name": "Sandook Gift Store", "type": "yes", "id": 179090405}, "geometry": {"type": "Point", "coordinates": [85.3096518, 27.6777278]}}, {"type": "Feature", "properties": {"name": "Inland Revenue Office", "type": "yes", "id": 179095098}, "geometry": {"type": "Point", "coordinates": [85.3239396, 27.6915527]}}, {"type": "Feature", "properties": {"name": "Forest Department", "type": "government", "building:levels": "3", "id": 179095373}, "geometry": {"type": "Point", "coordinates": [85.3247751, 27.6915828]}}, {"type": "Feature", "properties": {"type": "residential", "id": 179239029}, "geometry": {"type": "Point", "coordinates": [85.2799145, 27.6689292]}}, {"type": "Feature", "properties": {"type": "house", "id": 179239030}, "geometry": {"type": "Point", "coordinates": [85.2805924, 27.6697653]}}, {"type": "Feature", "properties": {"name": "Ayurvedic Hospital", "type": "yes", "id": 179243141}, "geometry": {"type": "Point", "coordinates": [85.2893348, 27.6767924]}}, {"type": "Feature", "properties": {"name": "Ayurvedic Teaching Hospital (OPD)", "type": "yes", "id": 179243142}, "geometry": {"type": "Point", "coordinates": [85.2901942, 27.6757828]}}, {"type": "Feature", "properties": {"type": "residential", "id": 179249131}, "geometry": {"type": "Point", "coordinates": [85.2821723, 27.6702174]}}, {"type": "Feature", "properties": {"type": "residential", "id": 179249136}, "geometry": {"type": "Point", "coordinates": [85.2819926, 27.6702348]}}, {"type": "Feature", "properties": {"type": "residential", "id": 179249144}, "geometry": {"type": "Point", "coordinates": [85.2821831, 27.6708418]}}, {"type": "Feature", "properties": {"type": "residential", "id": 179249145}, "geometry": {"type": "Point", "coordinates": [85.2817816, 27.670355]}}, {"type": "Feature", "properties": {"type": "residential", "id": 179249146}, "geometry": {"type": "Point", "coordinates": [85.2823486, 27.6712587]}}, {"type": "Feature", "properties": {"type": "residential", "id": 179249153}, "geometry": {"type": "Point", "coordinates": [85.2814345, 27.6702652]}}, {"type": "Feature", "properties": {"type": "residential", "id": 179249156}, "geometry": {"type": "Point", "coordinates": [85.2820002, 27.6701606]}}, {"type": "Feature", "properties": {"type": "residential", "id": 179249159}, "geometry": {"type": "Point", "coordinates": [85.2821738, 27.6704127]}}, {"type": "Feature", "properties": {"type": "residential", "id": 179249160}, "geometry": {"type": "Point", "coordinates": [85.2822372, 27.6701132]}}, {"type": "Feature", "properties": {"type": "residential", "id": 179249162}, "geometry": {"type": "Point", "coordinates": [85.2818684, 27.6701983]}}, {"type": "Feature", "properties": {"type": "residential", "id": 179249163}, "geometry": {"type": "Point", "coordinates": [85.2815185, 27.6702427]}}, {"type": "Feature", "properties": {"type": "residential", "id": 179249172}, "geometry": {"type": "Point", "coordinates": [85.2821835, 27.6703085]}}, {"type": "Feature", "properties": {"type": "residential", "id": 179249174}, "geometry": {"type": "Point", "coordinates": [85.2816682, 27.6702201]}}, {"type": "Feature", "properties": {"type": "residential", "id": 179249176}, "geometry": {"type": "Point", "coordinates": [85.2817533, 27.6702066]}}, {"type": "Feature", "properties": {"type": "residential", "id": 179249177}, "geometry": {"type": "Point", "coordinates": [85.2819065, 27.6704575]}}, {"type": "Feature", "properties": {"type": "residential", "id": 179379213}, "geometry": {"type": "Point", "coordinates": [85.3049971, 27.6770119]}}, {"type": "Feature", "properties": {"type": "residential", "id": 179379214}, "geometry": {"type": "Point", "coordinates": [85.3054871, 27.6771145]}}, {"type": "Feature", "properties": {"type": "residential", "id": 179379215}, "geometry": {"type": "Point", "coordinates": [85.3054071, 27.6772228]}}, {"type": "Feature", "properties": {"type": "residential", "id": 179379216}, "geometry": {"type": "Point", "coordinates": [85.3057089, 27.6772049]}}, {"type": "Feature", "properties": {"type": "residential", "id": 179379217}, "geometry": {"type": "Point", "coordinates": [85.3050942, 27.6769706]}}, {"type": "Feature", "properties": {"type": "residential", "id": 179379218}, "geometry": {"type": "Point", "coordinates": [85.3051013, 27.6771205]}}, {"type": "Feature", "properties": {"type": "residential", "id": 179379221}, "geometry": {"type": "Point", "coordinates": [85.305238, 27.6774197]}}, {"type": "Feature", "properties": {"type": "residential", "id": 179379222}, "geometry": {"type": "Point", "coordinates": [85.3053313, 27.6775172]}}, {"type": "Feature", "properties": {"type": "residential", "id": 179379223}, "geometry": {"type": "Point", "coordinates": [85.3056509, 27.6780445]}}, {"type": "Feature", "properties": {"type": "residential", "id": 179379224}, "geometry": {"type": "Point", "coordinates": [85.3053432, 27.6770669]}}, {"type": "Feature", "properties": {"type": "residential", "id": 179379225}, "geometry": {"type": "Point", "coordinates": [85.305607, 27.6773653]}}, {"type": "Feature", "properties": {"type": "residential", "id": 179379226}, "geometry": {"type": "Point", "coordinates": [85.3054966, 27.6774638]}}, {"type": "Feature", "properties": {"type": "residential", "id": 179379484}, "geometry": {"type": "Point", "coordinates": [85.3060516, 27.6765837]}}, {"type": "Feature", "properties": {"type": "residential", "id": 179379485}, "geometry": {"type": "Point", "coordinates": [85.3061247, 27.6771251]}}, {"type": "Feature", "properties": {"type": "residential", "id": 179379486}, "geometry": {"type": "Point", "coordinates": [85.306163, 27.6765879]}}, {"type": "Feature", "properties": {"type": "residential", "id": 179379490}, "geometry": {"type": "Point", "coordinates": [85.3060569, 27.6772269]}}, {"type": "Feature", "properties": {"type": "residential", "id": 179379492}, "geometry": {"type": "Point", "coordinates": [85.3059672, 27.6774537]}}, {"type": "Feature", "properties": {"type": "residential", "id": 179379493}, "geometry": {"type": "Point", "coordinates": [85.3062096, 27.6773689]}}, {"type": "Feature", "properties": {"type": "residential", "id": 179379494}, "geometry": {"type": "Point", "coordinates": [85.3058201, 27.6776268]}}, {"type": "Feature", "properties": {"type": "residential", "id": 179379495}, "geometry": {"type": "Point", "coordinates": [85.3064287, 27.6763821]}}, {"type": "Feature", "properties": {"type": "residential", "id": 179379496}, "geometry": {"type": "Point", "coordinates": [85.3062053, 27.6764052]}}, {"type": "Feature", "properties": {"type": "residential", "id": 179379497}, "geometry": {"type": "Point", "coordinates": [85.30618, 27.6770256]}}, {"type": "Feature", "properties": {"type": "residential", "id": 179379500}, "geometry": {"type": "Point", "coordinates": [85.3060226, 27.6773494]}}, {"type": "Feature", "properties": {"type": "residential", "id": 179379502}, "geometry": {"type": "Point", "coordinates": [85.3060353, 27.6767708]}}, {"type": "Feature", "properties": {"type": "residential", "id": 179379503}, "geometry": {"type": "Point", "coordinates": [85.3062092, 27.6768212]}}, {"type": "Feature", "properties": {"type": "residential", "id": 179379504}, "geometry": {"type": "Point", "coordinates": [85.3063162, 27.6768526]}}, {"type": "Feature", "properties": {"name": "Central Department of Botany", "type": "college", "building:levels": "2", "id": 179591264}, "geometry": {"type": "Point", "coordinates": [85.2869978, 27.6831174]}}, {"type": "Feature", "properties": {"name": "Central Department of Chemistry", "type": "college", "building:levels": "2", "id": 179591267}, "geometry": {"type": "Point", "coordinates": [85.2873516, 27.681763]}}, {"type": "Feature", "properties": {"name": "Central Department of Environmental Science, TU", "type": "college", "building:levels": "2", "id": 179591275}, "geometry": {"type": "Point", "coordinates": [85.2878997, 27.68157]}}, {"type": "Feature", "properties": {"name": "Central Department of Geology", "type": "college", "building:levels": "2", "id": 179591276}, "geometry": {"type": "Point", "coordinates": [85.288178, 27.6818884]}}, {"type": "Feature", "properties": {"name": "Central Department of Hydrology and Meteorology", "type": "college", "building:levels": "2", "id": 179591277}, "geometry": {"type": "Point", "coordinates": [85.2881753, 27.6822863]}}, {"type": "Feature", "properties": {"name": "Central Department of Management", "type": "yes", "id": 179591278}, "geometry": {"type": "Point", "coordinates": [85.2838357, 27.6795957]}}, {"type": "Feature", "properties": {"name": "Central Department of Mathematics; Central Department of Statistics", "type": "college", "building:levels": "2", "id": 179591279}, "geometry": {"type": "Point", "coordinates": [85.2877859, 27.6826259]}}, {"type": "Feature", "properties": {"name": "Central Department of Microbiology", "type": "college", "building:levels": "2", "id": 179591282}, "geometry": {"type": "Point", "coordinates": [85.287653, 27.6830511]}}, {"type": "Feature", "properties": {"name": "Central Department of Zoology", "type": "college", "building:levels": "2", "id": 179591283}, "geometry": {"type": "Point", "coordinates": [85.2873031, 27.6829189]}}, {"type": "Feature", "properties": {"name": "Girls Hostel", "type": "yes", "id": 179591285}, "geometry": {"type": "Point", "coordinates": [85.2852225, 27.6765023]}}, {"type": "Feature", "properties": {"name": "Smriti Bhawan", "type": "office", "id": 179591294}, "geometry": {"type": "Point", "coordinates": [85.2935681, 27.6801923]}}, {"type": "Feature", "properties": {"type": "yes", "id": 179591297}, "geometry": {"type": "Point", "coordinates": [85.2844818, 27.6802862]}}, {"type": "Feature", "properties": {"type": "yes", "id": 179723994}, "geometry": {"type": "Point", "coordinates": [85.3114548, 27.6767011]}}, {"type": "Feature", "properties": {"type": "yes", "id": 179723995}, "geometry": {"type": "Point", "coordinates": [85.3114317, 27.6765856]}}, {"type": "Feature", "properties": {"name": "Wesstar", "type": "apartments", "building:levels": "15", "id": 180086305}, "geometry": {"type": "Point", "coordinates": [85.3387495, 27.6719772]}}, {"type": "Feature", "properties": {"type": "yes", "id": 180154887}, "geometry": {"type": "Point", "coordinates": [85.3256046, 27.6749042]}}, {"type": "Feature", "properties": {"type": "yes", "id": 180154888}, "geometry": {"type": "Point", "coordinates": [85.3254968, 27.6747155]}}, {"type": "Feature", "properties": {"type": "residential", "id": 180216495}, "geometry": {"type": "Point", "coordinates": [85.2811705, 27.6700869]}}, {"type": "Feature", "properties": {"type": "residential", "id": 180216496}, "geometry": {"type": "Point", "coordinates": [85.2812885, 27.6700804]}}, {"type": "Feature", "properties": {"type": "residential", "id": 180216497}, "geometry": {"type": "Point", "coordinates": [85.281455, 27.6700793]}}, {"type": "Feature", "properties": {"type": "residential", "id": 180216498}, "geometry": {"type": "Point", "coordinates": [85.2816921, 27.6700732]}}, {"type": "Feature", "properties": {"type": "residential", "id": 180216499}, "geometry": {"type": "Point", "coordinates": [85.2817611, 27.6700593]}}, {"type": "Feature", "properties": {"type": "residential", "id": 180216500}, "geometry": {"type": "Point", "coordinates": [85.2816062, 27.6700827]}}, {"type": "Feature", "properties": {"type": "residential", "id": 180216501}, "geometry": {"type": "Point", "coordinates": [85.2818434, 27.6700322]}}, {"type": "Feature", "properties": {"type": "residential", "id": 180216502}, "geometry": {"type": "Point", "coordinates": [85.2819195, 27.6700223]}}, {"type": "Feature", "properties": {"type": "residential", "id": 180216503}, "geometry": {"type": "Point", "coordinates": [85.2820092, 27.6700111]}}, {"type": "Feature", "properties": {"type": "residential", "id": 180216504}, "geometry": {"type": "Point", "coordinates": [85.280974, 27.67014]}}, {"type": "Feature", "properties": {"type": "residential", "id": 180216505}, "geometry": {"type": "Point", "coordinates": [85.281531, 27.6700785]}}, {"type": "Feature", "properties": {"type": "residential", "id": 180216506}, "geometry": {"type": "Point", "coordinates": [85.2810798, 27.6701004]}}, {"type": "Feature", "properties": {"name": "Kirtipur Cineplex", "type": "yes", "id": 180218166}, "geometry": {"type": "Point", "coordinates": [85.2787411, 27.6714091]}}, {"type": "Feature", "properties": {"name": "Krishna Timilsina", "type": "house", "id": 180349364}, "geometry": {"type": "Point", "coordinates": [85.3258838, 27.6926359]}}, {"type": "Feature", "properties": {"type": "residential", "id": 180350135}, "geometry": {"type": "Point", "coordinates": [85.2924565, 27.6762376]}}, {"type": "Feature", "properties": {"type": "residential", "id": 180350136}, "geometry": {"type": "Point", "coordinates": [85.2925279, 27.6758425]}}, {"type": "Feature", "properties": {"type": "residential", "id": 180350137}, "geometry": {"type": "Point", "coordinates": [85.2922102, 27.6756276]}}, {"type": "Feature", "properties": {"type": "residential", "id": 180350139}, "geometry": {"type": "Point", "coordinates": [85.2928617, 27.676086]}}, {"type": "Feature", "properties": {"type": "house", "id": 180403397}, "geometry": {"type": "Point", "coordinates": [85.3363446, 27.6829247]}}, {"type": "Feature", "properties": {"name": "Ministry of Finance", "type": "yes", "id": 180769689}, "geometry": {"type": "Point", "coordinates": [85.3253121, 27.698017]}}, {"type": "Feature", "properties": {"name": "Ministry of Energy", "type": "yes", "id": 180769884}, "geometry": {"type": "Point", "coordinates": [85.3253557, 27.6974496]}}, {"type": "Feature", "properties": {"name": "Ministry of General Administration", "type": "yes", "id": 180770102}, "geometry": {"type": "Point", "coordinates": [85.3228576, 27.6964652]}}, {"type": "Feature", "properties": {"type": "educational", "building:levels": "1", "id": 180772319}, "geometry": {"type": "Point", "coordinates": [85.3205191, 27.67795]}}, {"type": "Feature", "properties": {"type": "college", "id": 180772952}, "geometry": {"type": "Point", "coordinates": [85.321122, 27.6790571]}}, {"type": "Feature", "properties": {"type": "college", "id": 180772953}, "geometry": {"type": "Point", "coordinates": [85.3215364, 27.6794523]}}, {"type": "Feature", "properties": {"type": "college", "id": 180772954}, "geometry": {"type": "Point", "coordinates": [85.3211931, 27.6793544]}}, {"type": "Feature", "properties": {"type": "school", "building:levels": "3", "id": 181240981}, "geometry": {"type": "Point", "coordinates": [85.2706888, 27.6699146]}}, {"type": "Feature", "properties": {"name": "Technical and Skill Center for Blind and Disabled", "type": "yes", "id": 181240982}, "geometry": {"type": "Point", "coordinates": [85.2724669, 27.6721898]}}, {"type": "Feature", "properties": {"type": "school", "building:levels": "3", "id": 181240984}, "geometry": {"type": "Point", "coordinates": [85.270578, 27.6694986]}}, {"type": "Feature", "properties": {"type": "school", "building:levels": "2", "id": 181573536}, "geometry": {"type": "Point", "coordinates": [85.2820559, 27.668619]}}, {"type": "Feature", "properties": {"name": "Mental Hospital", "type": "yes", "id": 181575432}, "geometry": {"type": "Point", "coordinates": [85.3224061, 27.6679616]}}, {"type": "Feature", "properties": {"type": "yes", "id": 181747949}, "geometry": {"type": "Point", "coordinates": [85.3152642, 27.6831284]}}, {"type": "Feature", "properties": {"type": "house", "id": 182091557}, "geometry": {"type": "Point", "coordinates": [85.33984, 27.6822194]}}, {"type": "Feature", "properties": {"type": "house", "id": 182091619}, "geometry": {"type": "Point", "coordinates": [85.3399716, 27.6821235]}}, {"type": "Feature", "properties": {"type": "house", "id": 182091623}, "geometry": {"type": "Point", "coordinates": [85.3394409, 27.6821569]}}, {"type": "Feature", "properties": {"type": "house", "id": 182106530}, "geometry": {"type": "Point", "coordinates": [85.3399338, 27.6810194]}}, {"type": "Feature", "properties": {"type": "house", "id": 182106547}, "geometry": {"type": "Point", "coordinates": [85.3398094, 27.6809866]}}, {"type": "Feature", "properties": {"type": "yes", "id": 182131122}, "geometry": {"type": "Point", "coordinates": [85.3398855, 27.6757414]}}, {"type": "Feature", "properties": {"type": "yes", "id": 182131128}, "geometry": {"type": "Point", "coordinates": [85.3396555, 27.675643]}}, {"type": "Feature", "properties": {"type": "yes", "id": 182131132}, "geometry": {"type": "Point", "coordinates": [85.3397643, 27.6756006]}}, {"type": "Feature", "properties": {"name": "Mandala House & Catering Service", "type": "yes", "id": 182403072}, "geometry": {"type": "Point", "coordinates": [85.3370591, 27.6700424]}}, {"type": "Feature", "properties": {"name": "Sidhhi Store", "type": "yes", "id": 182403073}, "geometry": {"type": "Point", "coordinates": [85.3354815, 27.6691588]}}, {"type": "Feature", "properties": {"name": "Everest Bank", "type": "yes", "id": 182403226}, "geometry": {"type": "Point", "coordinates": [85.3344499, 27.6687227]}}, {"type": "Feature", "properties": {"type": "office", "id": 182802913}, "geometry": {"type": "Point", "coordinates": [85.3198795, 27.6938044]}}, {"type": "Feature", "properties": {"name": "Nepal Telecom Mobile Service Directorate", "type": "government", "building:levels": "2", "id": 182979011}, "geometry": {"type": "Point", "coordinates": [85.3175857, 27.6800057]}}, {"type": "Feature", "properties": {"name": "Italy Training Centre", "type": "yes", "id": 183394259}, "geometry": {"type": "Point", "coordinates": [85.3065589, 27.6647842]}}, {"type": "Feature", "properties": {"type": "yes", "id": 183394262}, "geometry": {"type": "Point", "coordinates": [85.3059639, 27.661431]}}, {"type": "Feature", "properties": {"type": "yes", "id": 183401371}, "geometry": {"type": "Point", "coordinates": [85.3139509, 27.6737332]}}, {"type": "Feature", "properties": {"name": "Bike Parking", "type": "yes", "id": 183402388}, "geometry": {"type": "Point", "coordinates": [85.3199326, 27.6821449]}}, {"type": "Feature", "properties": {"name": "Carpentry Department", "type": "yes", "id": 183402389}, "geometry": {"type": "Point", "coordinates": [85.3193153, 27.6807788]}}, {"type": "Feature", "properties": {"name": "Center for Energy Studies", "type": "yes", "id": 183402390}, "geometry": {"type": "Point", "coordinates": [85.3208457, 27.6832652]}}, {"type": "Feature", "properties": {"name": "Center for Information Technology", "type": "yes", "id": 183402391}, "geometry": {"type": "Point", "coordinates": [85.319138, 27.6816939]}}, {"type": "Feature", "properties": {"name": "Department of Mechanical Engineering", "type": "college", "building:levels": "3", "id": 183402395}, "geometry": {"type": "Point", "coordinates": [85.320111, 27.6825398]}}, {"type": "Feature", "properties": {"name": "Department of Science and Humanities", "type": "college", "building:levels": "3", "id": 183402396}, "geometry": {"type": "Point", "coordinates": [85.3204007, 27.6829538]}}, {"type": "Feature", "properties": {"name": "Heavy Lab", "type": "yes", "id": 183402397}, "geometry": {"type": "Point", "coordinates": [85.3204752, 27.6820933]}}, {"type": "Feature", "properties": {"name": "Hydropower Testing Laboratory", "type": "yes", "id": 183402398}, "geometry": {"type": "Point", "coordinates": [85.3205334, 27.6834605]}}, {"type": "Feature", "properties": {"name": "Mechanical Workshop", "type": "laboratory", "id": 183402400}, "geometry": {"type": "Point", "coordinates": [85.3194466, 27.6812247]}}, {"type": "Feature", "properties": {"name": "Pulchowk Campus Boy's Hostel", "type": "yes", "id": 183402401}, "geometry": {"type": "Point", "coordinates": [85.3239246, 27.6818109]}}, {"type": "Feature", "properties": {"name": "Pulchok Campus Girls Hostel", "type": "yes", "id": 183402404}, "geometry": {"type": "Point", "coordinates": [85.3240754, 27.6831526]}}, {"type": "Feature", "properties": {"name": "Pulchok Campus Library", "type": "yes", "id": 183402406}, "geometry": {"type": "Point", "coordinates": [85.3196115, 27.6815945]}}, {"type": "Feature", "properties": {"name": "Robotics Club", "type": "laboratory", "id": 183402407}, "geometry": {"type": "Point", "coordinates": [85.3190833, 27.6813442]}}, {"type": "Feature", "properties": {"type": "residential", "id": 184079700}, "geometry": {"type": "Point", "coordinates": [85.3042555, 27.6763126]}}, {"type": "Feature", "properties": {"type": "residential", "id": 184079701}, "geometry": {"type": "Point", "coordinates": [85.3037412, 27.6767467]}}, {"type": "Feature", "properties": {"type": "residential", "id": 184079702}, "geometry": {"type": "Point", "coordinates": [85.3052483, 27.6765049]}}, {"type": "Feature", "properties": {"type": "residential", "id": 184079703}, "geometry": {"type": "Point", "coordinates": [85.3051565, 27.6767842]}}, {"type": "Feature", "properties": {"type": "residential", "id": 184079704}, "geometry": {"type": "Point", "coordinates": [85.3038787, 27.6767751]}}, {"type": "Feature", "properties": {"type": "residential", "id": 184079705}, "geometry": {"type": "Point", "coordinates": [85.3053348, 27.6767361]}}, {"type": "Feature", "properties": {"type": "yes", "id": 184079706}, "geometry": {"type": "Point", "coordinates": [85.3044799, 27.676664]}}, {"type": "Feature", "properties": {"type": "residential", "id": 184079707}, "geometry": {"type": "Point", "coordinates": [85.3057026, 27.676673]}}, {"type": "Feature", "properties": {"type": "residential", "id": 184079708}, "geometry": {"type": "Point", "coordinates": [85.3052019, 27.6764319]}}, {"type": "Feature", "properties": {"type": "residential", "id": 184079709}, "geometry": {"type": "Point", "coordinates": [85.3048021, 27.676512]}}, {"type": "Feature", "properties": {"type": "residential", "id": 184079710}, "geometry": {"type": "Point", "coordinates": [85.3047643, 27.6764304]}}, {"type": "Feature", "properties": {"type": "residential", "id": 184079711}, "geometry": {"type": "Point", "coordinates": [85.3047483, 27.6771095]}}, {"type": "Feature", "properties": {"type": "residential", "id": 184079712}, "geometry": {"type": "Point", "coordinates": [85.3049732, 27.6768517]}}, {"type": "Feature", "properties": {"type": "residential", "id": 184079713}, "geometry": {"type": "Point", "coordinates": [85.3044433, 27.6772337]}}, {"type": "Feature", "properties": {"type": "residential", "id": 184079714}, "geometry": {"type": "Point", "coordinates": [85.3055416, 27.6767127]}}, {"type": "Feature", "properties": {"type": "residential", "id": 184079715}, "geometry": {"type": "Point", "coordinates": [85.3039826, 27.6768258]}}, {"type": "Feature", "properties": {"type": "residential", "id": 184079716}, "geometry": {"type": "Point", "coordinates": [85.3046139, 27.6771567]}}, {"type": "Feature", "properties": {"type": "residential", "id": 184079717}, "geometry": {"type": "Point", "coordinates": [85.3050762, 27.676689]}}, {"type": "Feature", "properties": {"type": "residential", "id": 184079718}, "geometry": {"type": "Point", "coordinates": [85.3054379, 27.6762708]}}, {"type": "Feature", "properties": {"type": "residential", "id": 184079719}, "geometry": {"type": "Point", "coordinates": [85.3040948, 27.677827]}}, {"type": "Feature", "properties": {"type": "residential", "id": 184079720}, "geometry": {"type": "Point", "coordinates": [85.3048667, 27.6766332]}}, {"type": "Feature", "properties": {"type": "residential", "id": 184079721}, "geometry": {"type": "Point", "coordinates": [85.3047621, 27.6769366]}}, {"type": "Feature", "properties": {"type": "residential", "id": 184079723}, "geometry": {"type": "Point", "coordinates": [85.3050018, 27.6765482]}}, {"type": "Feature", "properties": {"type": "residential", "id": 184079724}, "geometry": {"type": "Point", "coordinates": [85.3041672, 27.6766476]}}, {"type": "Feature", "properties": {"type": "residential", "id": 184079725}, "geometry": {"type": "Point", "coordinates": [85.3042144, 27.676214]}}, {"type": "Feature", "properties": {"type": "residential", "id": 184079726}, "geometry": {"type": "Point", "coordinates": [85.3042784, 27.6765889]}}, {"type": "Feature", "properties": {"type": "residential", "id": 184079727}, "geometry": {"type": "Point", "coordinates": [85.3057578, 27.6768184]}}, {"type": "Feature", "properties": {"name": "Jyotishree Pvt. Ltd", "type": "commercial", "id": 184109149}, "geometry": {"type": "Point", "coordinates": [85.3264789, 27.6901932]}}, {"type": "Feature", "properties": {"name": "Onion Films Nepal", "type": "yes", "building:levels": "4", "id": 184109151}, "geometry": {"type": "Point", "coordinates": [85.3284939, 27.6889365]}}, {"type": "Feature", "properties": {"name": "Ranjar Bhawan", "type": "government", "building:levels": "3", "id": 184109154}, "geometry": {"type": "Point", "coordinates": [85.3258272, 27.6904879]}}, {"type": "Feature", "properties": {"name": "Rudreshwor Temple", "type": "yes", "id": 184109155}, "geometry": {"type": "Point", "coordinates": [85.3283405, 27.6896901]}}, {"type": "Feature", "properties": {"name": "Stupa Colony", "type": "residential", "id": 184109159}, "geometry": {"type": "Point", "coordinates": [85.3257828, 27.6874277]}}, {"type": "Feature", "properties": {"name": "Stupa Colony", "type": "residential", "id": 184109160}, "geometry": {"type": "Point", "coordinates": [85.3256034, 27.6874522]}}, {"type": "Feature", "properties": {"name": "Lumbini Boys Hostel", "type": "yes", "id": 184110481}, "geometry": {"type": "Point", "coordinates": [85.3294858, 27.6920624]}}, {"type": "Feature", "properties": {"type": "government", "building:levels": "2", "id": 184395078}, "geometry": {"type": "Point", "coordinates": [85.3170255, 27.6788219]}}, {"type": "Feature", "properties": {"type": "yes", "id": 184395081}, "geometry": {"type": "Point", "coordinates": [85.3179971, 27.6786687]}}, {"type": "Feature", "properties": {"name": "Dept of Water Induced Disaster Prevention (DWIDP)", "type": "government", "building:levels": "3", "id": 184395082}, "geometry": {"type": "Point", "coordinates": [85.3168567, 27.6783699]}}, {"type": "Feature", "properties": {"type": "yes", "id": 184395343}, "geometry": {"type": "Point", "coordinates": [85.3180912, 27.6774658]}}, {"type": "Feature", "properties": {"type": "house", "id": 184395344}, "geometry": {"type": "Point", "coordinates": [85.3172493, 27.6767419]}}, {"type": "Feature", "properties": {"type": "school", "building:levels": "1", "id": 184395346}, "geometry": {"type": "Point", "coordinates": [85.3180053, 27.6765718]}}, {"type": "Feature", "properties": {"type": "school", "building:levels": "1", "id": 184395347}, "geometry": {"type": "Point", "coordinates": [85.3188913, 27.6766395]}}, {"type": "Feature", "properties": {"type": "yes", "id": 184395348}, "geometry": {"type": "Point", "coordinates": [85.3170579, 27.6778079]}}, {"type": "Feature", "properties": {"type": "yes", "id": 184395350}, "geometry": {"type": "Point", "coordinates": [85.3176384, 27.6771886]}}, {"type": "Feature", "properties": {"type": "school", "building:levels": "1", "id": 184395353}, "geometry": {"type": "Point", "coordinates": [85.3182844, 27.6763971]}}, {"type": "Feature", "properties": {"type": "house", "id": 184395354}, "geometry": {"type": "Point", "coordinates": [85.3173084, 27.6767005]}}, {"type": "Feature", "properties": {"name": "Madan Smarak Girl's High School", "type": "school", "id": 184395355}, "geometry": {"type": "Point", "coordinates": [85.3184984, 27.6767695]}}, {"type": "Feature", "properties": {"name": "Newari Kitchen", "type": "apartments", "id": 184395356}, "geometry": {"type": "Point", "coordinates": [85.3174274, 27.6766208]}}, {"type": "Feature", "properties": {"name": "Ashok Stupa", "type": "religious", "id": 184396679}, "geometry": {"type": "Point", "coordinates": [85.3358712, 27.6653937]}}, {"type": "Feature", "properties": {"type": "yes", "id": 184540230}, "geometry": {"type": "Point", "coordinates": [85.3158264, 27.6855796]}}, {"type": "Feature", "properties": {"type": "yes", "id": 184540231}, "geometry": {"type": "Point", "coordinates": [85.3169207, 27.6860552]}}, {"type": "Feature", "properties": {"name": "Bottle Shop", "type": "yes", "id": 184540235}, "geometry": {"type": "Point", "coordinates": [85.3169776, 27.6862293]}}, {"type": "Feature", "properties": {"type": "yes", "id": 184540236}, "geometry": {"type": "Point", "coordinates": [85.3159004, 27.68571]}}, {"type": "Feature", "properties": {"type": "yes", "id": 184540237}, "geometry": {"type": "Point", "coordinates": [85.3172065, 27.6861709]}}, {"type": "Feature", "properties": {"type": "yes", "id": 184540238}, "geometry": {"type": "Point", "coordinates": [85.3169663, 27.6861098]}}, {"type": "Feature", "properties": {"name": "Agricultural Development Bank Ltd.", "type": "yes", "building:levels": "4", "id": 184540239}, "geometry": {"type": "Point", "coordinates": [85.3170601, 27.6863972]}}, {"type": "Feature", "properties": {"name": "Momo Palace And Fast Food", "type": "yes", "id": 184540240}, "geometry": {"type": "Point", "coordinates": [85.3172263, 27.68652]}}, {"type": "Feature", "properties": {"name": "Khulla Bazar", "type": "yes", "id": 184884986}, "geometry": {"type": "Point", "coordinates": [85.3186575, 27.70014]}}, {"type": "Feature", "properties": {"name": "Civil Mall Food Court", "type": "commercial", "building:levels": "1", "id": 184889796}, "geometry": {"type": "Point", "coordinates": [85.3131067, 27.6994989]}}, {"type": "Feature", "properties": {"name": "Ambe Complex", "type": "commercial", "building:levels": "8", "id": 184895861}, "geometry": {"type": "Point", "coordinates": [85.3051814, 27.6966663]}}, {"type": "Feature", "properties": {"name": "Friendship Mart", "type": "yes", "id": 185033884}, "geometry": {"type": "Point", "coordinates": [85.305601, 27.6893188]}}, {"type": "Feature", "properties": {"name": "Montessori Children Kingdom", "type": "yes", "id": 185033885}, "geometry": {"type": "Point", "coordinates": [85.3046317, 27.6876647]}}, {"type": "Feature", "properties": {"name": "Northern Ashok Stupa", "type": "yes", "id": 185748284}, "geometry": {"type": "Point", "coordinates": [85.3275766, 27.6771392]}}, {"type": "Feature", "properties": {"type": "yes", "id": 185749301}, "geometry": {"type": "Point", "coordinates": [85.3181873, 27.6789081]}}, {"type": "Feature", "properties": {"type": "yes", "id": 185749303}, "geometry": {"type": "Point", "coordinates": [85.3182891, 27.6791885]}}, {"type": "Feature", "properties": {"type": "yes", "id": 185749305}, "geometry": {"type": "Point", "coordinates": [85.3187831, 27.6785401]}}, {"type": "Feature", "properties": {"type": "yes", "id": 185749306}, "geometry": {"type": "Point", "coordinates": [85.3182835, 27.6788866]}}, {"type": "Feature", "properties": {"type": "school", "id": 185749310}, "geometry": {"type": "Point", "coordinates": [85.3215948, 27.6782716]}}, {"type": "Feature", "properties": {"type": "yes", "id": 185749312}, "geometry": {"type": "Point", "coordinates": [85.3186673, 27.6789788]}}, {"type": "Feature", "properties": {"type": "yes", "id": 185749315}, "geometry": {"type": "Point", "coordinates": [85.3182201, 27.6790274]}}, {"type": "Feature", "properties": {"type": "school", "building:levels": "5", "id": 185749317}, "geometry": {"type": "Point", "coordinates": [85.3196892, 27.6774379]}}, {"type": "Feature", "properties": {"name": "Nepal Academy of Science and Technology", "type": "yes", "id": 185940444}, "geometry": {"type": "Point", "coordinates": [85.3277035, 27.656242]}}, {"type": "Feature", "properties": {"type": "industrial", "building:levels": "1", "id": 185941764}, "geometry": {"type": "Point", "coordinates": [85.3342877, 27.6760506]}}, {"type": "Feature", "properties": {"type": "residential", "building:levels": "3", "id": 185941765}, "geometry": {"type": "Point", "coordinates": [85.3339497, 27.6762472]}}, {"type": "Feature", "properties": {"name": "Bank of Asia", "type": "yes", "id": 185943144}, "geometry": {"type": "Point", "coordinates": [85.3123096, 27.6939073]}}, {"type": "Feature", "properties": {"name": "Durga General Store", "type": "yes", "id": 185943147}, "geometry": {"type": "Point", "coordinates": [85.3097832, 27.6905447]}}, {"type": "Feature", "properties": {"name": "Guthi Sansthan Head Office", "type": "yes", "building:levels": "3", "id": 185943151}, "geometry": {"type": "Point", "coordinates": [85.3139742, 27.6928143]}}, {"type": "Feature", "properties": {"name": "Nepal Eye Hospital", "type": "health", "building:levels": "4", "id": 185943152}, "geometry": {"type": "Point", "coordinates": [85.3137018, 27.6930867]}}, {"type": "Feature", "properties": {"name": "Radha Bhawan", "type": "yes", "id": 185943153}, "geometry": {"type": "Point", "coordinates": [85.3123046, 27.6934596]}}, {"type": "Feature", "properties": {"type": "yes", "id": 185943177}, "geometry": {"type": "Point", "coordinates": [85.3057371, 27.6938395]}}, {"type": "Feature", "properties": {"type": "yes", "id": 186121197}, "geometry": {"type": "Point", "coordinates": [85.3234652, 27.6961143]}}, {"type": "Feature", "properties": {"type": "yes", "id": 186121198}, "geometry": {"type": "Point", "coordinates": [85.3215366, 27.6954018]}}, {"type": "Feature", "properties": {"type": "yes", "id": 186121641}, "geometry": {"type": "Point", "coordinates": [85.3178365, 27.6918332]}}, {"type": "Feature", "properties": {"name": "Hyundai Motors", "type": "commercial", "building:levels": "1", "id": 186121642}, "geometry": {"type": "Point", "coordinates": [85.3185265, 27.6923453]}}, {"type": "Feature", "properties": {"name": "National Trading", "type": "government", "building:levels": "1", "id": 186123445}, "geometry": {"type": "Point", "coordinates": [85.3038269, 27.6966753]}}, {"type": "Feature", "properties": {"type": "yes", "id": 186123446}, "geometry": {"type": "Point", "coordinates": [85.3065482, 27.6965011]}}, {"type": "Feature", "properties": {"name": "Kathmandu Business Park", "type": "clinic", "building:levels": "3", "id": 186123611}, "geometry": {"type": "Point", "coordinates": [85.3041389, 27.6979656]}}, {"type": "Feature", "properties": {"type": "government", "building:levels": "1", "id": 186123612}, "geometry": {"type": "Point", "coordinates": [85.303169, 27.6971068]}}, {"type": "Feature", "properties": {"type": "government", "building:levels": "1", "id": 186123613}, "geometry": {"type": "Point", "coordinates": [85.3032174, 27.6974744]}}, {"type": "Feature", "properties": {"type": "government", "building:levels": "1", "id": 186123614}, "geometry": {"type": "Point", "coordinates": [85.3030104, 27.6968819]}}, {"type": "Feature", "properties": {"name": "Kathmandu Business Park", "type": "commercial", "building:levels": "5", "id": 186123615}, "geometry": {"type": "Point", "coordinates": [85.3038607, 27.6979685]}}, {"type": "Feature", "properties": {"type": "yes", "id": 186123702}, "geometry": {"type": "Point", "coordinates": [85.294263, 27.6963786]}}, {"type": "Feature", "properties": {"type": "yes", "id": 186610100}, "geometry": {"type": "Point", "coordinates": [85.3158168, 27.6795345]}}, {"type": "Feature", "properties": {"type": "yes", "id": 186610102}, "geometry": {"type": "Point", "coordinates": [85.3061844, 27.6813253]}}, {"type": "Feature", "properties": {"type": "yes", "id": 186610103}, "geometry": {"type": "Point", "coordinates": [85.3172624, 27.6781896]}}, {"type": "Feature", "properties": {"name": "Old Whitehouse International College", "type": "college", "id": 188434753}, "geometry": {"type": "Point", "coordinates": [85.3373085, 27.6940314]}}, {"type": "Feature", "properties": {"type": "warehouse", "id": 188436969}, "geometry": {"type": "Point", "coordinates": [85.3043902, 27.6655775]}}, {"type": "Feature", "properties": {"type": "warehouse", "id": 188436970}, "geometry": {"type": "Point", "coordinates": [85.3046941, 27.6658021]}}, {"type": "Feature", "properties": {"type": "warehouse", "id": 188436971}, "geometry": {"type": "Point", "coordinates": [85.303745, 27.6658541]}}, {"type": "Feature", "properties": {"type": "warehouse", "id": 188436972}, "geometry": {"type": "Point", "coordinates": [85.3039765, 27.6662236]}}, {"type": "Feature", "properties": {"type": "warehouse", "id": 188436973}, "geometry": {"type": "Point", "coordinates": [85.3041621, 27.66652]}}, {"type": "Feature", "properties": {"type": "yes", "id": 188442874}, "geometry": {"type": "Point", "coordinates": [85.3251439, 27.6705714]}}, {"type": "Feature", "properties": {"type": "yes", "id": 189478762}, "geometry": {"type": "Point", "coordinates": [85.2937046, 27.6663161]}}, {"type": "Feature", "properties": {"name": "National Society for Earthquake Technology (NSET)", "type": "office", "building:levels": "4", "id": 190398945}, "geometry": {"type": "Point", "coordinates": [85.3023798, 27.6535013]}}, {"type": "Feature", "properties": {"type": "yes", "id": 191896685}, "geometry": {"type": "Point", "coordinates": [85.3348429, 27.6979848]}}, {"type": "Feature", "properties": {"type": "yes", "id": 191896686}, "geometry": {"type": "Point", "coordinates": [85.3349908, 27.6980502]}}, {"type": "Feature", "properties": {"type": "yes", "id": 191896687}, "geometry": {"type": "Point", "coordinates": [85.3348268, 27.6984546]}}, {"type": "Feature", "properties": {"type": "yes", "id": 191896688}, "geometry": {"type": "Point", "coordinates": [85.3349146, 27.6981195]}}, {"type": "Feature", "properties": {"type": "yes", "id": 191896689}, "geometry": {"type": "Point", "coordinates": [85.334756, 27.6983843]}}, {"type": "Feature", "properties": {"type": "yes", "id": 191896690}, "geometry": {"type": "Point", "coordinates": [85.3351791, 27.6983215]}}, {"type": "Feature", "properties": {"name": "pandey galli cafe", "type": "yes", "id": 191896691}, "geometry": {"type": "Point", "coordinates": [85.3353561, 27.6979263]}}, {"type": "Feature", "properties": {"type": "yes", "id": 191896692}, "geometry": {"type": "Point", "coordinates": [85.3347006, 27.6982805]}}, {"type": "Feature", "properties": {"type": "yes", "id": 191898067}, "geometry": {"type": "Point", "coordinates": [85.3349257, 27.6998898]}}, {"type": "Feature", "properties": {"type": "yes", "id": 191898068}, "geometry": {"type": "Point", "coordinates": [85.3346208, 27.698788]}}, {"type": "Feature", "properties": {"type": "yes", "id": 191898069}, "geometry": {"type": "Point", "coordinates": [85.3326619, 27.6978562]}}, {"type": "Feature", "properties": {"type": "yes", "id": 191898070}, "geometry": {"type": "Point", "coordinates": [85.33471, 27.6987595]}}, {"type": "Feature", "properties": {"type": "yes", "id": 191898071}, "geometry": {"type": "Point", "coordinates": [85.334458, 27.6983745]}}, {"type": "Feature", "properties": {"type": "yes", "id": 191898072}, "geometry": {"type": "Point", "coordinates": [85.3345249, 27.6988212]}}, {"type": "Feature", "properties": {"type": "yes", "id": 191898073}, "geometry": {"type": "Point", "coordinates": [85.3346937, 27.6992638]}}, {"type": "Feature", "properties": {"type": "yes", "id": 191898076}, "geometry": {"type": "Point", "coordinates": [85.3344213, 27.6982929]}}, {"type": "Feature", "properties": {"type": "yes", "id": 191898077}, "geometry": {"type": "Point", "coordinates": [85.3340365, 27.6978703]}}, {"type": "Feature", "properties": {"type": "yes", "id": 191898078}, "geometry": {"type": "Point", "coordinates": [85.3355274, 27.6995267]}}, {"type": "Feature", "properties": {"type": "yes", "id": 191898079}, "geometry": {"type": "Point", "coordinates": [85.3341485, 27.6980046]}}, {"type": "Feature", "properties": {"type": "yes", "id": 191898080}, "geometry": {"type": "Point", "coordinates": [85.3343228, 27.699004]}}, {"type": "Feature", "properties": {"type": "yes", "id": 191898081}, "geometry": {"type": "Point", "coordinates": [85.3351352, 27.698473]}}, {"type": "Feature", "properties": {"type": "yes", "id": 191898083}, "geometry": {"type": "Point", "coordinates": [85.3350637, 27.6983504]}}, {"type": "Feature", "properties": {"type": "yes", "id": 191898084}, "geometry": {"type": "Point", "coordinates": [85.3345685, 27.6989699]}}, {"type": "Feature", "properties": {"type": "yes", "id": 191898087}, "geometry": {"type": "Point", "coordinates": [85.3344269, 27.6988586]}}, {"type": "Feature", "properties": {"type": "yes", "id": 191898088}, "geometry": {"type": "Point", "coordinates": [85.3342466, 27.6981464]}}, {"type": "Feature", "properties": {"type": "yes", "id": 191898089}, "geometry": {"type": "Point", "coordinates": [85.3346485, 27.6991866]}}, {"type": "Feature", "properties": {"type": "yes", "id": 191898090}, "geometry": {"type": "Point", "coordinates": [85.3349977, 27.69925]}}, {"type": "Feature", "properties": {"type": "yes", "id": 191898091}, "geometry": {"type": "Point", "coordinates": [85.335415, 27.6992389]}}, {"type": "Feature", "properties": {"type": "yes", "id": 191898093}, "geometry": {"type": "Point", "coordinates": [85.3342648, 27.6979904]}}, {"type": "Feature", "properties": {"type": "yes", "id": 191898094}, "geometry": {"type": "Point", "coordinates": [85.3349065, 27.6993048]}}, {"type": "Feature", "properties": {"type": "yes", "id": 191898096}, "geometry": {"type": "Point", "coordinates": [85.3343703, 27.6991956]}}, {"type": "Feature", "properties": {"type": "yes", "id": 191898097}, "geometry": {"type": "Point", "coordinates": [85.3327514, 27.6979672]}}, {"type": "Feature", "properties": {"type": "yes", "id": 191898099}, "geometry": {"type": "Point", "coordinates": [85.3348012, 27.6987168]}}, {"type": "Feature", "properties": {"type": "yes", "id": 191898100}, "geometry": {"type": "Point", "coordinates": [85.3344801, 27.6984907]}}, {"type": "Feature", "properties": {"type": "yes", "id": 191898102}, "geometry": {"type": "Point", "coordinates": [85.3349063, 27.6977759]}}, {"type": "Feature", "properties": {"type": "yes", "id": 191898103}, "geometry": {"type": "Point", "coordinates": [85.334591, 27.6990976]}}, {"type": "Feature", "properties": {"type": "yes", "id": 191898105}, "geometry": {"type": "Point", "coordinates": [85.3345329, 27.699232]}}, {"type": "Feature", "properties": {"type": "yes", "id": 191898107}, "geometry": {"type": "Point", "coordinates": [85.3345975, 27.6984453]}}, {"type": "Feature", "properties": {"type": "yes", "id": 191898109}, "geometry": {"type": "Point", "coordinates": [85.3350143, 27.6984908]}}, {"type": "Feature", "properties": {"type": "yes", "id": 191898111}, "geometry": {"type": "Point", "coordinates": [85.3336678, 27.6976986]}}, {"type": "Feature", "properties": {"type": "yes", "id": 191898113}, "geometry": {"type": "Point", "coordinates": [85.3338289, 27.6993056]}}, {"type": "Feature", "properties": {"type": "yes", "id": 191898217}, "geometry": {"type": "Point", "coordinates": [85.3354838, 27.69918]}}, {"type": "Feature", "properties": {"type": "yes", "id": 191898218}, "geometry": {"type": "Point", "coordinates": [85.3353842, 27.6993757]}}, {"type": "Feature", "properties": {"type": "yes", "id": 192028870}, "geometry": {"type": "Point", "coordinates": [85.3136143, 27.6860159]}}, {"type": "Feature", "properties": {"type": "yes", "id": 192028871}, "geometry": {"type": "Point", "coordinates": [85.3169219, 27.6857282]}}, {"type": "Feature", "properties": {"type": "apartments", "id": 192028872}, "geometry": {"type": "Point", "coordinates": [85.3159495, 27.6863631]}}, {"type": "Feature", "properties": {"type": "yes", "id": 192028873}, "geometry": {"type": "Point", "coordinates": [85.3142266, 27.6837583]}}, {"type": "Feature", "properties": {"type": "yes", "id": 192028874}, "geometry": {"type": "Point", "coordinates": [85.3147111, 27.6866176]}}, {"type": "Feature", "properties": {"type": "yes", "id": 192028876}, "geometry": {"type": "Point", "coordinates": [85.3143049, 27.6843111]}}, {"type": "Feature", "properties": {"name": "Water Aid Nepal", "type": "yes", "id": 192028877}, "geometry": {"type": "Point", "coordinates": [85.3141997, 27.6868584]}}, {"type": "Feature", "properties": {"type": "yes", "id": 192028878}, "geometry": {"type": "Point", "coordinates": [85.3165992, 27.6869633]}}, {"type": "Feature", "properties": {"type": "yes", "id": 192028879}, "geometry": {"type": "Point", "coordinates": [85.3141696, 27.6849701]}}, {"type": "Feature", "properties": {"type": "yes", "id": 192028880}, "geometry": {"type": "Point", "coordinates": [85.3159019, 27.6867175]}}, {"type": "Feature", "properties": {"type": "yes", "id": 192028881}, "geometry": {"type": "Point", "coordinates": [85.3146457, 27.6848527]}}, {"type": "Feature", "properties": {"type": "yes", "id": 192028882}, "geometry": {"type": "Point", "coordinates": [85.317363, 27.6860436]}}, {"type": "Feature", "properties": {"type": "yes", "id": 192028883}, "geometry": {"type": "Point", "coordinates": [85.3152304, 27.6850495]}}, {"type": "Feature", "properties": {"type": "apartments", "id": 192028884}, "geometry": {"type": "Point", "coordinates": [85.3149263, 27.6867716]}}, {"type": "Feature", "properties": {"type": "yes", "id": 192028885}, "geometry": {"type": "Point", "coordinates": [85.3153085, 27.6856107]}}, {"type": "Feature", "properties": {"type": "yes", "id": 192028886}, "geometry": {"type": "Point", "coordinates": [85.3151082, 27.6851536]}}, {"type": "Feature", "properties": {"type": "yes", "id": 192028887}, "geometry": {"type": "Point", "coordinates": [85.3143687, 27.6862194]}}, {"type": "Feature", "properties": {"type": "retail", "id": 192028888}, "geometry": {"type": "Point", "coordinates": [85.312853, 27.684862]}}, {"type": "Feature", "properties": {"type": "yes", "id": 192028890}, "geometry": {"type": "Point", "coordinates": [85.3153262, 27.6853095]}}, {"type": "Feature", "properties": {"type": "yes", "id": 192028891}, "geometry": {"type": "Point", "coordinates": [85.3152706, 27.6851999]}}, {"type": "Feature", "properties": {"type": "yes", "id": 192028892}, "geometry": {"type": "Point", "coordinates": [85.3151886, 27.6856193]}}, {"type": "Feature", "properties": {"type": "yes", "id": 192028893}, "geometry": {"type": "Point", "coordinates": [85.3146846, 27.684603]}}, {"type": "Feature", "properties": {"type": "yes", "id": 192028894}, "geometry": {"type": "Point", "coordinates": [85.3154646, 27.6838211]}}, {"type": "Feature", "properties": {"type": "yes", "id": 192028896}, "geometry": {"type": "Point", "coordinates": [85.3162777, 27.6850286]}}, {"type": "Feature", "properties": {"type": "yes", "id": 192028897}, "geometry": {"type": "Point", "coordinates": [85.3159742, 27.6868]}}, {"type": "Feature", "properties": {"type": "apartments", "id": 192028898}, "geometry": {"type": "Point", "coordinates": [85.3159121, 27.6862465]}}, {"type": "Feature", "properties": {"type": "yes", "id": 192028899}, "geometry": {"type": "Point", "coordinates": [85.3146271, 27.6851007]}}, {"type": "Feature", "properties": {"type": "yes", "id": 192028900}, "geometry": {"type": "Point", "coordinates": [85.3158057, 27.6864328]}}, {"type": "Feature", "properties": {"type": "yes", "id": 192028901}, "geometry": {"type": "Point", "coordinates": [85.3138258, 27.6857509]}}, {"type": "Feature", "properties": {"type": "yes", "id": 192028902}, "geometry": {"type": "Point", "coordinates": [85.313956, 27.6867758]}}, {"type": "Feature", "properties": {"type": "yes", "id": 192028903}, "geometry": {"type": "Point", "coordinates": [85.3144588, 27.6839076]}}, {"type": "Feature", "properties": {"type": "yes", "id": 192028904}, "geometry": {"type": "Point", "coordinates": [85.3138702, 27.6846235]}}, {"type": "Feature", "properties": {"type": "yes", "id": 192028905}, "geometry": {"type": "Point", "coordinates": [85.3173117, 27.6859869]}}, {"type": "Feature", "properties": {"type": "yes", "id": 192028906}, "geometry": {"type": "Point", "coordinates": [85.3143355, 27.6845796]}}, {"type": "Feature", "properties": {"type": "yes", "id": 192028907}, "geometry": {"type": "Point", "coordinates": [85.3155689, 27.6837836]}}, {"type": "Feature", "properties": {"type": "yes", "id": 192028908}, "geometry": {"type": "Point", "coordinates": [85.3138771, 27.684341]}}, {"type": "Feature", "properties": {"type": "yes", "id": 192028909}, "geometry": {"type": "Point", "coordinates": [85.3133174, 27.6870646]}}, {"type": "Feature", "properties": {"type": "yes", "id": 192028910}, "geometry": {"type": "Point", "coordinates": [85.3164367, 27.6847756]}}, {"type": "Feature", "properties": {"type": "yes", "id": 192028911}, "geometry": {"type": "Point", "coordinates": [85.3172354, 27.6852022]}}, {"type": "Feature", "properties": {"type": "yes", "id": 192028912}, "geometry": {"type": "Point", "coordinates": [85.3155623, 27.6857288]}}, {"type": "Feature", "properties": {"type": "yes", "id": 192028913}, "geometry": {"type": "Point", "coordinates": [85.3148036, 27.6850069]}}, {"type": "Feature", "properties": {"type": "yes", "id": 192028914}, "geometry": {"type": "Point", "coordinates": [85.3141383, 27.6847843]}}, {"type": "Feature", "properties": {"type": "yes", "id": 192028915}, "geometry": {"type": "Point", "coordinates": [85.3150568, 27.684769]}}, {"type": "Feature", "properties": {"type": "yes", "id": 192028917}, "geometry": {"type": "Point", "coordinates": [85.3150022, 27.6853663]}}, {"type": "Feature", "properties": {"type": "apartments", "building:levels": "5", "id": 192028919}, "geometry": {"type": "Point", "coordinates": [85.3157396, 27.6863278]}}, {"type": "Feature", "properties": {"type": "yes", "id": 192028920}, "geometry": {"type": "Point", "coordinates": [85.3139476, 27.6847578]}}, {"type": "Feature", "properties": {"type": "yes", "id": 192028921}, "geometry": {"type": "Point", "coordinates": [85.3148754, 27.683948]}}, {"type": "Feature", "properties": {"type": "yes", "id": 192028922}, "geometry": {"type": "Point", "coordinates": [85.3138972, 27.6850831]}}, {"type": "Feature", "properties": {"type": "yes", "id": 192028923}, "geometry": {"type": "Point", "coordinates": [85.316167, 27.6847832]}}, {"type": "Feature", "properties": {"type": "yes", "id": 192028924}, "geometry": {"type": "Point", "coordinates": [85.3157111, 27.6856919]}}, {"type": "Feature", "properties": {"type": "yes", "id": 192028925}, "geometry": {"type": "Point", "coordinates": [85.3139815, 27.6869167]}}, {"type": "Feature", "properties": {"type": "yes", "id": 192028927}, "geometry": {"type": "Point", "coordinates": [85.3150596, 27.6855068]}}, {"type": "Feature", "properties": {"type": "yes", "id": 192028928}, "geometry": {"type": "Point", "coordinates": [85.3155497, 27.685637]}}, {"type": "Feature", "properties": {"type": "yes", "id": 192028929}, "geometry": {"type": "Point", "coordinates": [85.3156664, 27.6852452]}}, {"type": "Feature", "properties": {"type": "yes", "id": 192028930}, "geometry": {"type": "Point", "coordinates": [85.3175887, 27.6851524]}}, {"type": "Feature", "properties": {"type": "yes", "id": 192028932}, "geometry": {"type": "Point", "coordinates": [85.3136994, 27.6858838]}}, {"type": "Feature", "properties": {"type": "yes", "id": 192028933}, "geometry": {"type": "Point", "coordinates": [85.3133926, 27.6865416]}}, {"type": "Feature", "properties": {"type": "yes", "id": 192028934}, "geometry": {"type": "Point", "coordinates": [85.3158854, 27.6865776]}}, {"type": "Feature", "properties": {"type": "yes", "id": 192028935}, "geometry": {"type": "Point", "coordinates": [85.3140193, 27.6845073]}}, {"type": "Feature", "properties": {"type": "yes", "id": 192028936}, "geometry": {"type": "Point", "coordinates": [85.3348236, 27.6988564]}}, {"type": "Feature", "properties": {"type": "yes", "id": 192028937}, "geometry": {"type": "Point", "coordinates": [85.3153078, 27.6857673]}}, {"type": "Feature", "properties": {"type": "yes", "id": 192028938}, "geometry": {"type": "Point", "coordinates": [85.3148729, 27.6865745]}}, {"type": "Feature", "properties": {"type": "yes", "id": 192028939}, "geometry": {"type": "Point", "coordinates": [85.3148589, 27.6855612]}}, {"type": "Feature", "properties": {"type": "yes", "id": 192028940}, "geometry": {"type": "Point", "coordinates": [85.3165836, 27.6846554]}}, {"type": "Feature", "properties": {"type": "yes", "id": 192028941}, "geometry": {"type": "Point", "coordinates": [85.3154119, 27.6857409]}}, {"type": "Feature", "properties": {"type": "yes", "id": 192028942}, "geometry": {"type": "Point", "coordinates": [85.3142725, 27.6852024]}}, {"type": "Feature", "properties": {"type": "yes", "id": 192028943}, "geometry": {"type": "Point", "coordinates": [85.3146256, 27.6859949]}}, {"type": "Feature", "properties": {"type": "yes", "id": 192028944}, "geometry": {"type": "Point", "coordinates": [85.3152106, 27.6858103]}}, {"type": "Feature", "properties": {"type": "yes", "id": 192028945}, "geometry": {"type": "Point", "coordinates": [85.3144071, 27.6846881]}}, {"type": "Feature", "properties": {"type": "yes", "id": 192028946}, "geometry": {"type": "Point", "coordinates": [85.31393, 27.686184]}}, {"type": "Feature", "properties": {"type": "yes", "id": 192028947}, "geometry": {"type": "Point", "coordinates": [85.3144159, 27.6835089]}}, {"type": "Feature", "properties": {"type": "yes", "id": 192028949}, "geometry": {"type": "Point", "coordinates": [85.3136584, 27.6846196]}}, {"type": "Feature", "properties": {"type": "yes", "id": 192028950}, "geometry": {"type": "Point", "coordinates": [85.3132865, 27.6867828]}}, {"type": "Feature", "properties": {"type": "yes", "id": 192028951}, "geometry": {"type": "Point", "coordinates": [85.3164351, 27.6870149]}}, {"type": "Feature", "properties": {"type": "yes", "id": 192028952}, "geometry": {"type": "Point", "coordinates": [85.3176348, 27.6848012]}}, {"type": "Feature", "properties": {"type": "yes", "id": 192028953}, "geometry": {"type": "Point", "coordinates": [85.3173917, 27.6850979]}}, {"type": "Feature", "properties": {"type": "yes", "id": 192028954}, "geometry": {"type": "Point", "coordinates": [85.3148212, 27.6857095]}}, {"type": "Feature", "properties": {"type": "yes", "id": 192028956}, "geometry": {"type": "Point", "coordinates": [85.3150246, 27.6850406]}}, {"type": "Feature", "properties": {"type": "yes", "id": 192028957}, "geometry": {"type": "Point", "coordinates": [85.3154242, 27.6858879]}}, {"type": "Feature", "properties": {"type": "yes", "id": 192028958}, "geometry": {"type": "Point", "coordinates": [85.3142318, 27.6846352]}}, {"type": "Feature", "properties": {"type": "retail", "building:levels": "2", "id": 192028959}, "geometry": {"type": "Point", "coordinates": [85.3127511, 27.6847357]}}, {"type": "Feature", "properties": {"type": "yes", "id": 192028960}, "geometry": {"type": "Point", "coordinates": [85.3150532, 27.6857274]}}, {"type": "Feature", "properties": {"type": "yes", "id": 192028962}, "geometry": {"type": "Point", "coordinates": [85.3141318, 27.6860589]}}, {"type": "Feature", "properties": {"type": "yes", "id": 192028963}, "geometry": {"type": "Point", "coordinates": [85.3356053, 27.698664]}}, {"type": "Feature", "properties": {"type": "yes", "id": 192028964}, "geometry": {"type": "Point", "coordinates": [85.3153099, 27.6854413]}}, {"type": "Feature", "properties": {"type": "yes", "id": 192028965}, "geometry": {"type": "Point", "coordinates": [85.3143618, 27.6867314]}}, {"type": "Feature", "properties": {"type": "yes", "id": 192028966}, "geometry": {"type": "Point", "coordinates": [85.3133798, 27.6868782]}}, {"type": "Feature", "properties": {"type": "yes", "id": 192028967}, "geometry": {"type": "Point", "coordinates": [85.3162187, 27.6849349]}}, {"type": "Feature", "properties": {"type": "yes", "id": 192028968}, "geometry": {"type": "Point", "coordinates": [85.3148479, 27.6853847]}}, {"type": "Feature", "properties": {"type": "yes", "id": 192028969}, "geometry": {"type": "Point", "coordinates": [85.3147728, 27.6859366]}}, {"type": "Feature", "properties": {"type": "yes", "id": 192028970}, "geometry": {"type": "Point", "coordinates": [85.3172242, 27.6855618]}}, {"type": "Feature", "properties": {"type": "yes", "id": 192028971}, "geometry": {"type": "Point", "coordinates": [85.317409, 27.6853549]}}, {"type": "Feature", "properties": {"type": "yes", "id": 192028972}, "geometry": {"type": "Point", "coordinates": [85.3144832, 27.6866134]}}, {"type": "Feature", "properties": {"type": "yes", "id": 192028974}, "geometry": {"type": "Point", "coordinates": [85.3138065, 27.6847502]}}, {"type": "Feature", "properties": {"type": "yes", "id": 192028975}, "geometry": {"type": "Point", "coordinates": [85.3150878, 27.686376]}}, {"type": "Feature", "properties": {"type": "yes", "id": 192028977}, "geometry": {"type": "Point", "coordinates": [85.3173537, 27.685534]}}, {"type": "Feature", "properties": {"type": "yes", "id": 192028979}, "geometry": {"type": "Point", "coordinates": [85.3165048, 27.685177]}}, {"type": "Feature", "properties": {"type": "yes", "id": 192030088}, "geometry": {"type": "Point", "coordinates": [85.3171674, 27.6847072]}}, {"type": "Feature", "properties": {"type": "yes", "id": 192030089}, "geometry": {"type": "Point", "coordinates": [85.3149274, 27.6842602]}}, {"type": "Feature", "properties": {"type": "apartments", "building:levels": "4", "id": 192030090}, "geometry": {"type": "Point", "coordinates": [85.3126553, 27.6864811]}}, {"type": "Feature", "properties": {"type": "yes", "id": 192030091}, "geometry": {"type": "Point", "coordinates": [85.3174405, 27.6838231]}}, {"type": "Feature", "properties": {"type": "yes", "id": 192030092}, "geometry": {"type": "Point", "coordinates": [85.3123827, 27.6862682]}}, {"type": "Feature", "properties": {"type": "yes", "id": 192030093}, "geometry": {"type": "Point", "coordinates": [85.3144413, 27.6854945]}}, {"type": "Feature", "properties": {"type": "yes", "id": 192030094}, "geometry": {"type": "Point", "coordinates": [85.3180399, 27.6836088]}}, {"type": "Feature", "properties": {"type": "yes", "id": 192030095}, "geometry": {"type": "Point", "coordinates": [85.3126021, 27.6863796]}}, {"type": "Feature", "properties": {"type": "yes", "id": 192030096}, "geometry": {"type": "Point", "coordinates": [85.3157034, 27.6853736]}}, {"type": "Feature", "properties": {"type": "yes", "id": 192030097}, "geometry": {"type": "Point", "coordinates": [85.3150493, 27.6844789]}}, {"type": "Feature", "properties": {"type": "yes", "id": 192030099}, "geometry": {"type": "Point", "coordinates": [85.3162282, 27.6830305]}}, {"type": "Feature", "properties": {"type": "yes", "id": 192030100}, "geometry": {"type": "Point", "coordinates": [85.3163591, 27.6841225]}}, {"type": "Feature", "properties": {"type": "yes", "id": 192030101}, "geometry": {"type": "Point", "coordinates": [85.3176771, 27.6842228]}}, {"type": "Feature", "properties": {"type": "yes", "id": 192030102}, "geometry": {"type": "Point", "coordinates": [85.3163907, 27.6837862]}}, {"type": "Feature", "properties": {"type": "yes", "id": 192030103}, "geometry": {"type": "Point", "coordinates": [85.314548, 27.6855475]}}, {"type": "Feature", "properties": {"type": "yes", "id": 192030105}, "geometry": {"type": "Point", "coordinates": [85.3164598, 27.6840936]}}, {"type": "Feature", "properties": {"type": "yes", "id": 192030106}, "geometry": {"type": "Point", "coordinates": [85.3145769, 27.685362]}}, {"type": "Feature", "properties": {"type": "yes", "id": 192030108}, "geometry": {"type": "Point", "coordinates": [85.3177535, 27.6849489]}}, {"type": "Feature", "properties": {"name": "CIvil Engineering Research and Consultancy Pvt Ltd", "type": "yes", "id": 192030109}, "geometry": {"type": "Point", "coordinates": [85.3155939, 27.6863618]}}, {"type": "Feature", "properties": {"name": "Active Design Consultancy", "type": "yes", "id": 192030110}, "geometry": {"type": "Point", "coordinates": [85.3151462, 27.6853167]}}, {"type": "Feature", "properties": {"type": "yes", "id": 192030111}, "geometry": {"type": "Point", "coordinates": [85.3169675, 27.6836895]}}, {"type": "Feature", "properties": {"type": "yes", "id": 192030112}, "geometry": {"type": "Point", "coordinates": [85.316595, 27.6838697]}}, {"type": "Feature", "properties": {"type": "yes", "id": 192030113}, "geometry": {"type": "Point", "coordinates": [85.3125124, 27.6864287]}}, {"type": "Feature", "properties": {"type": "yes", "id": 192030114}, "geometry": {"type": "Point", "coordinates": [85.3132805, 27.6849264]}}, {"type": "Feature", "properties": {"type": "yes", "id": 192030115}, "geometry": {"type": "Point", "coordinates": [85.3128468, 27.6866274]}}, {"type": "Feature", "properties": {"type": "yes", "id": 192030116}, "geometry": {"type": "Point", "coordinates": [85.3173805, 27.6844902]}}, {"type": "Feature", "properties": {"type": "yes", "id": 192030117}, "geometry": {"type": "Point", "coordinates": [85.3168675, 27.6855076]}}, {"type": "Feature", "properties": {"type": "yes", "id": 192030118}, "geometry": {"type": "Point", "coordinates": [85.3165043, 27.6839288]}}, {"type": "Feature", "properties": {"type": "yes", "id": 192030119}, "geometry": {"type": "Point", "coordinates": [85.3152752, 27.6834347]}}, {"type": "Feature", "properties": {"type": "retail", "id": 192030120}, "geometry": {"type": "Point", "coordinates": [85.3129847, 27.6865567]}}, {"type": "Feature", "properties": {"type": "yes", "id": 192030121}, "geometry": {"type": "Point", "coordinates": [85.3158849, 27.6839017]}}, {"type": "Feature", "properties": {"type": "yes", "id": 192030122}, "geometry": {"type": "Point", "coordinates": [85.3176567, 27.6843698]}}, {"type": "Feature", "properties": {"type": "yes", "id": 192030124}, "geometry": {"type": "Point", "coordinates": [85.3154031, 27.6861663]}}, {"type": "Feature", "properties": {"type": "yes", "id": 192030125}, "geometry": {"type": "Point", "coordinates": [85.3132621, 27.685089]}}, {"type": "Feature", "properties": {"type": "yes", "id": 192030126}, "geometry": {"type": "Point", "coordinates": [85.3157615, 27.6835884]}}, {"type": "Feature", "properties": {"type": "yes", "id": 192030127}, "geometry": {"type": "Point", "coordinates": [85.3145487, 27.6851747]}}, {"type": "Feature", "properties": {"type": "yes", "id": 192030128}, "geometry": {"type": "Point", "coordinates": [85.3166545, 27.6837614]}}, {"type": "Feature", "properties": {"type": "yes", "id": 192030129}, "geometry": {"type": "Point", "coordinates": [85.3128838, 27.6875067]}}, {"type": "Feature", "properties": {"type": "yes", "id": 192030130}, "geometry": {"type": "Point", "coordinates": [85.31594, 27.6840746]}}, {"type": "Feature", "properties": {"type": "yes", "id": 192030131}, "geometry": {"type": "Point", "coordinates": [85.3152341, 27.6861322]}}, {"type": "Feature", "properties": {"type": "yes", "id": 192030132}, "geometry": {"type": "Point", "coordinates": [85.3127852, 27.6870986]}}, {"type": "Feature", "properties": {"type": "yes", "id": 192030133}, "geometry": {"type": "Point", "coordinates": [85.3179316, 27.6845428]}}, {"type": "Feature", "properties": {"type": "yes", "id": 192030134}, "geometry": {"type": "Point", "coordinates": [85.3165905, 27.6840555]}}, {"type": "Feature", "properties": {"type": "yes", "id": 192030135}, "geometry": {"type": "Point", "coordinates": [85.3161485, 27.6837941]}}, {"type": "Feature", "properties": {"type": "yes", "id": 192030136}, "geometry": {"type": "Point", "coordinates": [85.317694, 27.6840681]}}, {"type": "Feature", "properties": {"type": "yes", "id": 192030137}, "geometry": {"type": "Point", "coordinates": [85.3124507, 27.6863352]}}, {"type": "Feature", "properties": {"type": "yes", "id": 192030139}, "geometry": {"type": "Point", "coordinates": [85.3169999, 27.6837602]}}, {"type": "Feature", "properties": {"type": "yes", "id": 192030140}, "geometry": {"type": "Point", "coordinates": [85.311976, 27.6832209]}}, {"type": "Feature", "properties": {"type": "yes", "id": 192030141}, "geometry": {"type": "Point", "coordinates": [85.3144858, 27.6852369]}}, {"type": "Feature", "properties": {"type": "yes", "id": 192030142}, "geometry": {"type": "Point", "coordinates": [85.3152956, 27.6860658]}}, {"type": "Feature", "properties": {"type": "yes", "id": 192030143}, "geometry": {"type": "Point", "coordinates": [85.3158629, 27.6835665]}}, {"type": "Feature", "properties": {"type": "apartments", "building:levels": "4", "id": 192030144}, "geometry": {"type": "Point", "coordinates": [85.3125946, 27.6865088]}}, {"type": "Feature", "properties": {"type": "yes", "id": 192030145}, "geometry": {"type": "Point", "coordinates": [85.316815, 27.6834942]}}, {"type": "Feature", "properties": {"name": "Dev Harsha Niwas", "type": "yes", "id": 192030146}, "geometry": {"type": "Point", "coordinates": [85.3144395, 27.685961]}}, {"type": "Feature", "properties": {"type": "yes", "id": 192030147}, "geometry": {"type": "Point", "coordinates": [85.3161561, 27.6839999]}}, {"type": "Feature", "properties": {"type": "yes", "id": 192030148}, "geometry": {"type": "Point", "coordinates": [85.3125253, 27.6841727]}}, {"type": "Feature", "properties": {"type": "yes", "id": 192030149}, "geometry": {"type": "Point", "coordinates": [85.315387, 27.6834214]}}, {"type": "Feature", "properties": {"type": "yes", "id": 192046399}, "geometry": {"type": "Point", "coordinates": [85.310936, 27.6862519]}}, {"type": "Feature", "properties": {"type": "yes", "id": 192046400}, "geometry": {"type": "Point", "coordinates": [85.3127736, 27.683981]}}, {"type": "Feature", "properties": {"type": "yes", "id": 192046401}, "geometry": {"type": "Point", "coordinates": [85.3103085, 27.6873262]}}, {"type": "Feature", "properties": {"type": "yes", "id": 192046402}, "geometry": {"type": "Point", "coordinates": [85.3139599, 27.6837928]}}, {"type": "Feature", "properties": {"type": "yes", "id": 192046403}, "geometry": {"type": "Point", "coordinates": [85.3109343, 27.6882398]}}, {"type": "Feature", "properties": {"type": "retail", "id": 192046404}, "geometry": {"type": "Point", "coordinates": [85.3133409, 27.6832517]}}, {"type": "Feature", "properties": {"type": "yes", "id": 192046405}, "geometry": {"type": "Point", "coordinates": [85.3130679, 27.6880146]}}, {"type": "Feature", "properties": {"type": "yes", "id": 192046406}, "geometry": {"type": "Point", "coordinates": [85.3129573, 27.6880333]}}, {"type": "Feature", "properties": {"type": "yes", "id": 192046407}, "geometry": {"type": "Point", "coordinates": [85.31552, 27.6818696]}}, {"type": "Feature", "properties": {"type": "yes", "id": 192046408}, "geometry": {"type": "Point", "coordinates": [85.3137256, 27.6876367]}}, {"type": "Feature", "properties": {"type": "yes", "id": 192046410}, "geometry": {"type": "Point", "coordinates": [85.3117179, 27.6879045]}}, {"type": "Feature", "properties": {"type": "yes", "id": 192046411}, "geometry": {"type": "Point", "coordinates": [85.3151034, 27.6840205]}}, {"type": "Feature", "properties": {"type": "yes", "id": 192046413}, "geometry": {"type": "Point", "coordinates": [85.313713, 27.6821664]}}, {"type": "Feature", "properties": {"type": "yes", "id": 192046414}, "geometry": {"type": "Point", "coordinates": [85.3112435, 27.6876224]}}, {"type": "Feature", "properties": {"type": "yes", "id": 192046415}, "geometry": {"type": "Point", "coordinates": [85.3145725, 27.6820258]}}, {"type": "Feature", "properties": {"type": "yes", "id": 192046417}, "geometry": {"type": "Point", "coordinates": [85.3112644, 27.688027]}}, {"type": "Feature", "properties": {"type": "yes", "id": 192046418}, "geometry": {"type": "Point", "coordinates": [85.3111958, 27.6857469]}}, {"type": "Feature", "properties": {"type": "yes", "id": 192046419}, "geometry": {"type": "Point", "coordinates": [85.3153661, 27.6836095]}}, {"type": "Feature", "properties": {"type": "yes", "id": 192046420}, "geometry": {"type": "Point", "coordinates": [85.313985, 27.6879579]}}, {"type": "Feature", "properties": {"type": "yes", "id": 192046421}, "geometry": {"type": "Point", "coordinates": [85.3126348, 27.6839695]}}, {"type": "Feature", "properties": {"type": "yes", "id": 192046423}, "geometry": {"type": "Point", "coordinates": [85.3118939, 27.687882]}}, {"type": "Feature", "properties": {"type": "yes", "id": 192046424}, "geometry": {"type": "Point", "coordinates": [85.3154641, 27.6835704]}}, {"type": "Feature", "properties": {"type": "yes", "id": 192046425}, "geometry": {"type": "Point", "coordinates": [85.3140811, 27.6832566]}}, {"type": "Feature", "properties": {"type": "office", "building:levels": "3", "id": 192046426}, "geometry": {"type": "Point", "coordinates": [85.3124497, 27.6839654]}}, {"type": "Feature", "properties": {"type": "yes", "id": 192046427}, "geometry": {"type": "Point", "coordinates": [85.314303, 27.683251]}}, {"type": "Feature", "properties": {"type": "retail", "id": 192046428}, "geometry": {"type": "Point", "coordinates": [85.313044, 27.6852317]}}, {"type": "Feature", "properties": {"type": "yes", "id": 192046429}, "geometry": {"type": "Point", "coordinates": [85.314497, 27.6823259]}}, {"type": "Feature", "properties": {"type": "yes", "id": 192046430}, "geometry": {"type": "Point", "coordinates": [85.3103407, 27.6880736]}}, {"type": "Feature", "properties": {"type": "yes", "id": 192046431}, "geometry": {"type": "Point", "coordinates": [85.3111318, 27.6887451]}}, {"type": "Feature", "properties": {"type": "yes", "id": 192046432}, "geometry": {"type": "Point", "coordinates": [85.3144314, 27.6877816]}}, {"type": "Feature", "properties": {"type": "yes", "id": 192046433}, "geometry": {"type": "Point", "coordinates": [85.3144939, 27.6821031]}}, {"type": "Feature", "properties": {"type": "yes", "id": 192046434}, "geometry": {"type": "Point", "coordinates": [85.3137878, 27.6855789]}}, {"type": "Feature", "properties": {"type": "yes", "id": 192046437}, "geometry": {"type": "Point", "coordinates": [85.3116121, 27.6881184]}}, {"type": "Feature", "properties": {"type": "yes", "id": 192046438}, "geometry": {"type": "Point", "coordinates": [85.3110594, 27.6878388]}}, {"type": "Feature", "properties": {"type": "yes", "id": 192046439}, "geometry": {"type": "Point", "coordinates": [85.3139407, 27.6823489]}}, {"type": "Feature", "properties": {"type": "yes", "id": 192046440}, "geometry": {"type": "Point", "coordinates": [85.3111927, 27.6854576]}}, {"type": "Feature", "properties": {"type": "retail", "id": 192046441}, "geometry": {"type": "Point", "coordinates": [85.3129492, 27.6851692]}}, {"type": "Feature", "properties": {"type": "house", "id": 192046442}, "geometry": {"type": "Point", "coordinates": [85.3142892, 27.6829125]}}, {"type": "Feature", "properties": {"type": "yes", "id": 192046443}, "geometry": {"type": "Point", "coordinates": [85.3141435, 27.6822529]}}, {"type": "Feature", "properties": {"type": "yes", "id": 192046444}, "geometry": {"type": "Point", "coordinates": [85.3112854, 27.6887248]}}, {"type": "Feature", "properties": {"type": "yes", "id": 192046445}, "geometry": {"type": "Point", "coordinates": [85.3122022, 27.6882362]}}, {"type": "Feature", "properties": {"name": "Mai Valley Hydropower Pvt. Ltd", "type": "yes", "id": 192046446}, "geometry": {"type": "Point", "coordinates": [85.31451, 27.6827994]}}, {"type": "Feature", "properties": {"type": "yes", "id": 192046447}, "geometry": {"type": "Point", "coordinates": [85.3142469, 27.6831475]}}, {"type": "Feature", "properties": {"type": "yes", "id": 192046448}, "geometry": {"type": "Point", "coordinates": [85.3136855, 27.683698]}}, {"type": "Feature", "properties": {"type": "yes", "id": 192046449}, "geometry": {"type": "Point", "coordinates": [85.3114202, 27.6881061]}}, {"type": "Feature", "properties": {"type": "yes", "id": 192046450}, "geometry": {"type": "Point", "coordinates": [85.311898, 27.6880794]}}, {"type": "Feature", "properties": {"type": "yes", "id": 192046451}, "geometry": {"type": "Point", "coordinates": [85.3128134, 27.6877598]}}, {"type": "Feature", "properties": {"type": "hotel", "building:levels": "4", "id": 192046452}, "geometry": {"type": "Point", "coordinates": [85.3147201, 27.6826937]}}, {"type": "Feature", "properties": {"type": "yes", "id": 192046453}, "geometry": {"type": "Point", "coordinates": [85.31139, 27.6879951]}}, {"type": "Feature", "properties": {"type": "yes", "id": 192046455}, "geometry": {"type": "Point", "coordinates": [85.3115911, 27.6877669]}}, {"type": "Feature", "properties": {"type": "yes", "id": 192046456}, "geometry": {"type": "Point", "coordinates": [85.3122279, 27.6851146]}}, {"type": "Feature", "properties": {"type": "yes", "id": 192046458}, "geometry": {"type": "Point", "coordinates": [85.3148527, 27.6821877]}}, {"type": "Feature", "properties": {"type": "apartments", "id": 192046459}, "geometry": {"type": "Point", "coordinates": [85.3132473, 27.6844916]}}, {"type": "Feature", "properties": {"type": "yes", "id": 192046460}, "geometry": {"type": "Point", "coordinates": [85.3132106, 27.6847473]}}, {"type": "Feature", "properties": {"type": "yes", "id": 192046461}, "geometry": {"type": "Point", "coordinates": [85.3104616, 27.6875366]}}, {"type": "Feature", "properties": {"type": "yes", "id": 192046462}, "geometry": {"type": "Point", "coordinates": [85.3114334, 27.6882766]}}, {"type": "Feature", "properties": {"name": "ECS Media", "type": "yes", "id": 192046463}, "geometry": {"type": "Point", "coordinates": [85.3145488, 27.6869169]}}, {"type": "Feature", "properties": {"type": "yes", "id": 192046464}, "geometry": {"type": "Point", "coordinates": [85.3122786, 27.6878211]}}, {"type": "Feature", "properties": {"type": "house", "id": 192046465}, "geometry": {"type": "Point", "coordinates": [85.3110294, 27.6875866]}}, {"type": "Feature", "properties": {"type": "yes", "id": 192046466}, "geometry": {"type": "Point", "coordinates": [85.3136741, 27.6838595]}}, {"type": "Feature", "properties": {"type": "house", "building:levels": "3", "id": 192046467}, "geometry": {"type": "Point", "coordinates": [85.312561, 27.6838852]}}, {"type": "Feature", "properties": {"type": "yes", "id": 192046468}, "geometry": {"type": "Point", "coordinates": [85.3138072, 27.6823791]}}, {"type": "Feature", "properties": {"type": "yes", "id": 192046469}, "geometry": {"type": "Point", "coordinates": [85.3132002, 27.6866302]}}, {"type": "Feature", "properties": {"type": "yes", "id": 192046471}, "geometry": {"type": "Point", "coordinates": [85.3144707, 27.6832774]}}, {"type": "Feature", "properties": {"type": "yes", "id": 192046472}, "geometry": {"type": "Point", "coordinates": [85.3113505, 27.6877043]}}, {"type": "Feature", "properties": {"type": "yes", "id": 192046473}, "geometry": {"type": "Point", "coordinates": [85.3164026, 27.683417]}}, {"type": "Feature", "properties": {"type": "yes", "id": 192046474}, "geometry": {"type": "Point", "coordinates": [85.3112515, 27.688226]}}, {"type": "Feature", "properties": {"type": "yes", "id": 192046475}, "geometry": {"type": "Point", "coordinates": [85.3124436, 27.6855022]}}, {"type": "Feature", "properties": {"type": "yes", "id": 192046476}, "geometry": {"type": "Point", "coordinates": [85.3128504, 27.6878702]}}, {"type": "Feature", "properties": {"type": "yes", "id": 192046477}, "geometry": {"type": "Point", "coordinates": [85.311235, 27.688592]}}, {"type": "Feature", "properties": {"type": "yes", "id": 192046478}, "geometry": {"type": "Point", "coordinates": [85.3138492, 27.6821404]}}, {"type": "Feature", "properties": {"type": "yes", "id": 192046479}, "geometry": {"type": "Point", "coordinates": [85.3138333, 27.6868073]}}, {"type": "Feature", "properties": {"type": "yes", "id": 192046480}, "geometry": {"type": "Point", "coordinates": [85.313524, 27.6822175]}}, {"type": "Feature", "properties": {"type": "yes", "id": 192046481}, "geometry": {"type": "Point", "coordinates": [85.3135468, 27.6823932]}}, {"type": "Feature", "properties": {"type": "yes", "id": 192046483}, "geometry": {"type": "Point", "coordinates": [85.3115029, 27.6879469]}}, {"type": "Feature", "properties": {"type": "apartments", "id": 192046484}, "geometry": {"type": "Point", "coordinates": [85.31308, 27.6834221]}}, {"type": "Feature", "properties": {"name": "Black Pepper Inn", "type": "house", "building:levels": "3", "id": 192046485}, "geometry": {"type": "Point", "coordinates": [85.3146942, 27.6822149]}}, {"type": "Feature", "properties": {"type": "yes", "id": 192046486}, "geometry": {"type": "Point", "coordinates": [85.3140983, 27.6830604]}}, {"type": "Feature", "properties": {"type": "yes", "id": 192046487}, "geometry": {"type": "Point", "coordinates": [85.3099479, 27.6876835]}}, {"type": "Feature", "properties": {"type": "yes", "id": 192046488}, "geometry": {"type": "Point", "coordinates": [85.3139753, 27.683372]}}, {"type": "Feature", "properties": {"type": "yes", "id": 192046489}, "geometry": {"type": "Point", "coordinates": [85.3154166, 27.6826004]}}, {"type": "Feature", "properties": {"type": "yes", "id": 192064198}, "geometry": {"type": "Point", "coordinates": [85.3114135, 27.6888944]}}, {"type": "Feature", "properties": {"name": "EBPearls", "type": "yes", "id": 192064200}, "geometry": {"type": "Point", "coordinates": [85.3151146, 27.6871232]}}, {"type": "Feature", "properties": {"type": "house", "building:levels": "3", "id": 192064206}, "geometry": {"type": "Point", "coordinates": [85.3099639, 27.6878544]}}, {"type": "Feature", "properties": {"name": "Paradise International, Inc.", "type": "commercial", "id": 192064210}, "geometry": {"type": "Point", "coordinates": [85.3161105, 27.6835289]}}, {"type": "Feature", "properties": {"type": "yes", "id": 192064212}, "geometry": {"type": "Point", "coordinates": [85.3164783, 27.6826042]}}, {"type": "Feature", "properties": {"type": "yes", "id": 192064217}, "geometry": {"type": "Point", "coordinates": [85.3167367, 27.6831552]}}, {"type": "Feature", "properties": {"type": "yes", "id": 192064225}, "geometry": {"type": "Point", "coordinates": [85.3119535, 27.6889414]}}, {"type": "Feature", "properties": {"type": "yes", "id": 192064233}, "geometry": {"type": "Point", "coordinates": [85.3100429, 27.6876281]}}, {"type": "Feature", "properties": {"type": "yes", "id": 192064235}, "geometry": {"type": "Point", "coordinates": [85.3116376, 27.6889683]}}, {"type": "Feature", "properties": {"type": "yes", "id": 192064237}, "geometry": {"type": "Point", "coordinates": [85.3096917, 27.6877978]}}, {"type": "Feature", "properties": {"type": "yes", "id": 192064239}, "geometry": {"type": "Point", "coordinates": [85.3103986, 27.6871912]}}, {"type": "Feature", "properties": {"type": "yes", "id": 192064244}, "geometry": {"type": "Point", "coordinates": [85.3100452, 27.6887273]}}, {"type": "Feature", "properties": {"type": "yes", "id": 192064246}, "geometry": {"type": "Point", "coordinates": [85.3159232, 27.6851203]}}, {"type": "Feature", "properties": {"name": "Aayam Creation Pvt. Ltd", "type": "yes", "id": 192064258}, "geometry": {"type": "Point", "coordinates": [85.3170114, 27.6869471]}}, {"type": "Feature", "properties": {"type": "yes", "id": 192064266}, "geometry": {"type": "Point", "coordinates": [85.3131572, 27.6882794]}}, {"type": "Feature", "properties": {"type": "yes", "id": 192064269}, "geometry": {"type": "Point", "coordinates": [85.3169903, 27.6828473]}}, {"type": "Feature", "properties": {"type": "yes", "id": 192064273}, "geometry": {"type": "Point", "coordinates": [85.3171588, 27.6831985]}}, {"type": "Feature", "properties": {"type": "yes", "id": 192064275}, "geometry": {"type": "Point", "coordinates": [85.3147113, 27.6880061]}}, {"type": "Feature", "properties": {"type": "yes", "id": 192064285}, "geometry": {"type": "Point", "coordinates": [85.3178278, 27.683284]}}, {"type": "Feature", "properties": {"type": "yes", "id": 192064286}, "geometry": {"type": "Point", "coordinates": [85.3100224, 27.6885444]}}, {"type": "Feature", "properties": {"type": "yes", "id": 192064295}, "geometry": {"type": "Point", "coordinates": [85.3099613, 27.6883579]}}, {"type": "Feature", "properties": {"type": "yes", "id": 192179651}, "geometry": {"type": "Point", "coordinates": [85.3122632, 27.6881327]}}, {"type": "Feature", "properties": {"type": "yes", "id": 192179653}, "geometry": {"type": "Point", "coordinates": [85.3173836, 27.6827027]}}, {"type": "Feature", "properties": {"type": "yes", "id": 192179655}, "geometry": {"type": "Point", "coordinates": [85.3120904, 27.6876954]}}, {"type": "Feature", "properties": {"type": "yes", "id": 192179656}, "geometry": {"type": "Point", "coordinates": [85.3121504, 27.6891094]}}, {"type": "Feature", "properties": {"type": "yes", "id": 192179658}, "geometry": {"type": "Point", "coordinates": [85.316939, 27.6829903]}}, {"type": "Feature", "properties": {"type": "yes", "id": 192179665}, "geometry": {"type": "Point", "coordinates": [85.3154276, 27.6870452]}}, {"type": "Feature", "properties": {"type": "yes", "id": 192179671}, "geometry": {"type": "Point", "coordinates": [85.3115562, 27.6888572]}}, {"type": "Feature", "properties": {"type": "yes", "id": 192179675}, "geometry": {"type": "Point", "coordinates": [85.3161373, 27.6824785]}}, {"type": "Feature", "properties": {"type": "yes", "id": 192179676}, "geometry": {"type": "Point", "coordinates": [85.3104515, 27.6872624]}}, {"type": "Feature", "properties": {"type": "yes", "id": 192179678}, "geometry": {"type": "Point", "coordinates": [85.3120442, 27.6888056]}}, {"type": "Feature", "properties": {"type": "yes", "id": 192179681}, "geometry": {"type": "Point", "coordinates": [85.3167432, 27.6830499]}}, {"type": "Feature", "properties": {"type": "yes", "id": 192179682}, "geometry": {"type": "Point", "coordinates": [85.3100644, 27.6882705]}}, {"type": "Feature", "properties": {"type": "yes", "id": 192179687}, "geometry": {"type": "Point", "coordinates": [85.3151293, 27.6859169]}}, {"type": "Feature", "properties": {"type": "yes", "id": 192179695}, "geometry": {"type": "Point", "coordinates": [85.311616, 27.6882898]}}, {"type": "Feature", "properties": {"type": "yes", "id": 192179702}, "geometry": {"type": "Point", "coordinates": [85.31201, 27.6891385]}}, {"type": "Feature", "properties": {"type": "yes", "id": 192179711}, "geometry": {"type": "Point", "coordinates": [85.3112562, 27.6889094]}}, {"type": "Feature", "properties": {"type": "yes", "id": 192179717}, "geometry": {"type": "Point", "coordinates": [85.3097791, 27.6871588]}}, {"type": "Feature", "properties": {"type": "yes", "id": 192179727}, "geometry": {"type": "Point", "coordinates": [85.3098804, 27.6886443]}}, {"type": "Feature", "properties": {"type": "yes", "id": 192179728}, "geometry": {"type": "Point", "coordinates": [85.312004, 27.6881542]}}, {"type": "Feature", "properties": {"type": "yes", "id": 192179730}, "geometry": {"type": "Point", "coordinates": [85.3117979, 27.6890986]}}, {"type": "Feature", "properties": {"type": "yes", "id": 192179733}, "geometry": {"type": "Point", "coordinates": [85.3107964, 27.686741]}}, {"type": "Feature", "properties": {"type": "yes", "id": 192179735}, "geometry": {"type": "Point", "coordinates": [85.3166505, 27.682863]}}, {"type": "Feature", "properties": {"type": "yes", "id": 192182198}, "geometry": {"type": "Point", "coordinates": [85.3390309, 27.676891]}}, {"type": "Feature", "properties": {"type": "yes", "id": 192182200}, "geometry": {"type": "Point", "coordinates": [85.3389989, 27.6758752]}}, {"type": "Feature", "properties": {"type": "yes", "id": 192182207}, "geometry": {"type": "Point", "coordinates": [85.3388964, 27.675906]}}, {"type": "Feature", "properties": {"type": "yes", "id": 192182209}, "geometry": {"type": "Point", "coordinates": [85.3390346, 27.6761864]}}, {"type": "Feature", "properties": {"type": "yes", "id": 192182214}, "geometry": {"type": "Point", "coordinates": [85.3393554, 27.6760882]}}, {"type": "Feature", "properties": {"type": "yes", "id": 192182217}, "geometry": {"type": "Point", "coordinates": [85.3391462, 27.676962]}}, {"type": "Feature", "properties": {"type": "yes", "id": 192182222}, "geometry": {"type": "Point", "coordinates": [85.3397074, 27.6768849]}}, {"type": "Feature", "properties": {"type": "yes", "id": 192182236}, "geometry": {"type": "Point", "coordinates": [85.3383274, 27.6775636]}}, {"type": "Feature", "properties": {"type": "yes", "id": 192182244}, "geometry": {"type": "Point", "coordinates": [85.3387889, 27.6759719]}}, {"type": "Feature", "properties": {"type": "yes", "id": 192182245}, "geometry": {"type": "Point", "coordinates": [85.3382229, 27.6774085]}}, {"type": "Feature", "properties": {"type": "yes", "id": 192182249}, "geometry": {"type": "Point", "coordinates": [85.3390372, 27.6791401]}}, {"type": "Feature", "properties": {"type": "residential", "building:levels": "1", "id": 192182266}, "geometry": {"type": "Point", "coordinates": [85.3396942, 27.6763071]}}, {"type": "Feature", "properties": {"type": "yes", "id": 192183430}, "geometry": {"type": "Point", "coordinates": [85.3389876, 27.6816768]}}, {"type": "Feature", "properties": {"name": "Annapurna Catering Service", "type": "yes", "id": 192229526}, "geometry": {"type": "Point", "coordinates": [85.3391434, 27.6899368]}}, {"type": "Feature", "properties": {"name": "Launch and Tiffin Box Pvt. Ltd.", "type": "roof", "id": 192229529}, "geometry": {"type": "Point", "coordinates": [85.3390601, 27.6899504]}}, {"type": "Feature", "properties": {"name": "Ace Institute of Management", "type": "commercial", "id": 192435705}, "geometry": {"type": "Point", "coordinates": [85.3398062, 27.6904338]}}, {"type": "Feature", "properties": {"type": "yes", "id": 192435706}, "geometry": {"type": "Point", "coordinates": [85.3393417, 27.6901292]}}, {"type": "Feature", "properties": {"type": "yes", "id": 192435707}, "geometry": {"type": "Point", "coordinates": [85.3396591, 27.6905955]}}, {"type": "Feature", "properties": {"type": "yes", "id": 192435711}, "geometry": {"type": "Point", "coordinates": [85.3396255, 27.6900941]}}, {"type": "Feature", "properties": {"name": "Planet Musical", "type": "yes", "id": 192481678}, "geometry": {"type": "Point", "coordinates": [85.3398092, 27.6986729]}}, {"type": "Feature", "properties": {"type": "yes", "id": 192575844}, "geometry": {"type": "Point", "coordinates": [85.339386, 27.6764813]}}, {"type": "Feature", "properties": {"type": "yes", "id": 192583214}, "geometry": {"type": "Point", "coordinates": [85.3175064, 27.6770651]}}, {"type": "Feature", "properties": {"type": "yes", "id": 193051206}, "geometry": {"type": "Point", "coordinates": [85.3336645, 27.6862395]}}, {"type": "Feature", "properties": {"name": "Bal Mandir Jawalakhel", "type": "yes", "id": 193052458}, "geometry": {"type": "Point", "coordinates": [85.3118985, 27.671159]}}, {"type": "Feature", "properties": {"name": "Staff College Auditorium", "type": "yes", "id": 193052530}, "geometry": {"type": "Point", "coordinates": [85.3143048, 27.6712428]}}, {"type": "Feature", "properties": {"name": "Staff College Administrative Building", "type": "yes", "id": 193052531}, "geometry": {"type": "Point", "coordinates": [85.3139169, 27.6709345]}}, {"type": "Feature", "properties": {"name": "Personnel Training Academy", "type": "yes", "id": 193052772}, "geometry": {"type": "Point", "coordinates": [85.3128074, 27.6709648]}}, {"type": "Feature", "properties": {"type": "yes", "id": 193052773}, "geometry": {"type": "Point", "coordinates": [85.3129762, 27.6704364]}}, {"type": "Feature", "properties": {"name": "Training Halls", "type": "yes", "id": 193052774}, "geometry": {"type": "Point", "coordinates": [85.3142681, 27.6703773]}}, {"type": "Feature", "properties": {"type": "yes", "id": 193052927}, "geometry": {"type": "Point", "coordinates": [85.3090497, 27.6688331]}}, {"type": "Feature", "properties": {"type": "yes", "id": 193052928}, "geometry": {"type": "Point", "coordinates": [85.3087079, 27.6682445]}}, {"type": "Feature", "properties": {"type": "yes", "id": 193052930}, "geometry": {"type": "Point", "coordinates": [85.3086012, 27.6679884]}}, {"type": "Feature", "properties": {"type": "school", "building:levels": "2", "id": 193070674}, "geometry": {"type": "Point", "coordinates": [85.2837862, 27.672174]}}, {"type": "Feature", "properties": {"name": "UN Main Building", "type": "yes", "id": 193079315}, "geometry": {"type": "Point", "coordinates": [85.3164882, 27.680594]}}, {"type": "Feature", "properties": {"name": "Nepal Engineers' Association", "type": "office", "id": 193079534}, "geometry": {"type": "Point", "coordinates": [85.3158036, 27.6812625]}}, {"type": "Feature", "properties": {"type": "school", "id": 193080463}, "geometry": {"type": "Point", "coordinates": [85.3120375, 27.6819503]}}, {"type": "Feature", "properties": {"type": "health", "building:levels": "2", "id": 193080464}, "geometry": {"type": "Point", "coordinates": [85.3150569, 27.6807853]}}, {"type": "Feature", "properties": {"type": "yes", "id": 193081951}, "geometry": {"type": "Point", "coordinates": [85.3167536, 27.6802099]}}, {"type": "Feature", "properties": {"type": "yes", "id": 193081952}, "geometry": {"type": "Point", "coordinates": [85.3159622, 27.6802694]}}, {"type": "Feature", "properties": {"name": "UNDP Building", "type": "office", "building:levels": "3", "id": 193082710}, "geometry": {"type": "Point", "coordinates": [85.3156663, 27.6803412]}}, {"type": "Feature", "properties": {"type": "yes", "id": 193082946}, "geometry": {"type": "Point", "coordinates": [85.3155235, 27.6806221]}}, {"type": "Feature", "properties": {"type": "yes", "id": 193082947}, "geometry": {"type": "Point", "coordinates": [85.3155893, 27.6807929]}}, {"type": "Feature", "properties": {"type": "yes", "id": 193082949}, "geometry": {"type": "Point", "coordinates": [85.3160696, 27.6808695]}}, {"type": "Feature", "properties": {"name": "Evolution", "type": "yes", "id": 193085045}, "geometry": {"type": "Point", "coordinates": [85.3027589, 27.6797391]}}, {"type": "Feature", "properties": {"type": "residential", "building:levels": "4", "id": 193254971}, "geometry": {"type": "Point", "coordinates": [85.3312583, 27.6860389]}}, {"type": "Feature", "properties": {"type": "yes", "id": 193255275}, "geometry": {"type": "Point", "coordinates": [85.3384999, 27.6768588]}}, {"type": "Feature", "properties": {"type": "yes", "id": 193255282}, "geometry": {"type": "Point", "coordinates": [85.3395709, 27.6764168]}}, {"type": "Feature", "properties": {"type": "yes", "id": 193255289}, "geometry": {"type": "Point", "coordinates": [85.3388708, 27.6774061]}}, {"type": "Feature", "properties": {"type": "yes", "id": 193255290}, "geometry": {"type": "Point", "coordinates": [85.3380455, 27.6768543]}}, {"type": "Feature", "properties": {"type": "yes", "id": 193255307}, "geometry": {"type": "Point", "coordinates": [85.3388762, 27.6770964]}}, {"type": "Feature", "properties": {"type": "yes", "id": 193255308}, "geometry": {"type": "Point", "coordinates": [85.3382871, 27.6771257]}}, {"type": "Feature", "properties": {"type": "yes", "id": 193255315}, "geometry": {"type": "Point", "coordinates": [85.3383384, 27.6770866]}}, {"type": "Feature", "properties": {"type": "yes", "id": 193255327}, "geometry": {"type": "Point", "coordinates": [85.3384627, 27.6769444]}}, {"type": "Feature", "properties": {"type": "yes", "id": 193255332}, "geometry": {"type": "Point", "coordinates": [85.337838, 27.6769591]}}, {"type": "Feature", "properties": {"type": "yes", "id": 193255335}, "geometry": {"type": "Point", "coordinates": [85.3389734, 27.6767984]}}, {"type": "Feature", "properties": {"type": "yes", "id": 193255724}, "geometry": {"type": "Point", "coordinates": [85.3369962, 27.6785194]}}, {"type": "Feature", "properties": {"type": "yes", "id": 193255727}, "geometry": {"type": "Point", "coordinates": [85.3373359, 27.677344]}}, {"type": "Feature", "properties": {"type": "yes", "id": 193255728}, "geometry": {"type": "Point", "coordinates": [85.3371562, 27.6784157]}}, {"type": "Feature", "properties": {"type": "yes", "id": 193255729}, "geometry": {"type": "Point", "coordinates": [85.3369628, 27.6780202]}}, {"type": "Feature", "properties": {"type": "yes", "id": 193255730}, "geometry": {"type": "Point", "coordinates": [85.3370616, 27.6779903]}}, {"type": "Feature", "properties": {"type": "yes", "id": 193255731}, "geometry": {"type": "Point", "coordinates": [85.336405, 27.6776139]}}, {"type": "Feature", "properties": {"type": "yes", "id": 193255734}, "geometry": {"type": "Point", "coordinates": [85.3367684, 27.6773756]}}, {"type": "Feature", "properties": {"type": "yes", "id": 193255736}, "geometry": {"type": "Point", "coordinates": [85.3370838, 27.6772348]}}, {"type": "Feature", "properties": {"type": "yes", "id": 193255737}, "geometry": {"type": "Point", "coordinates": [85.3369224, 27.6778033]}}, {"type": "Feature", "properties": {"type": "yes", "id": 193255738}, "geometry": {"type": "Point", "coordinates": [85.3362098, 27.6777898]}}, {"type": "Feature", "properties": {"type": "yes", "id": 193255739}, "geometry": {"type": "Point", "coordinates": [85.3366647, 27.6780528]}}, {"type": "Feature", "properties": {"type": "yes", "id": 193255741}, "geometry": {"type": "Point", "coordinates": [85.3376691, 27.677216]}}, {"type": "Feature", "properties": {"type": "yes", "id": 193255742}, "geometry": {"type": "Point", "coordinates": [85.336599, 27.6774159]}}, {"type": "Feature", "properties": {"type": "yes", "id": 193255743}, "geometry": {"type": "Point", "coordinates": [85.3367686, 27.6784775]}}, {"type": "Feature", "properties": {"type": "yes", "id": 193255744}, "geometry": {"type": "Point", "coordinates": [85.3372827, 27.6772668]}}, {"type": "Feature", "properties": {"type": "yes", "id": 193255745}, "geometry": {"type": "Point", "coordinates": [85.336878, 27.6774899]}}, {"type": "Feature", "properties": {"type": "yes", "id": 193255746}, "geometry": {"type": "Point", "coordinates": [85.3368275, 27.6773278]}}, {"type": "Feature", "properties": {"type": "yes", "id": 193255747}, "geometry": {"type": "Point", "coordinates": [85.3363833, 27.6778983]}}, {"type": "Feature", "properties": {"type": "yes", "id": 193255748}, "geometry": {"type": "Point", "coordinates": [85.3367179, 27.6785867]}}, {"type": "Feature", "properties": {"type": "yes", "id": 193255749}, "geometry": {"type": "Point", "coordinates": [85.3367826, 27.678117]}}, {"type": "Feature", "properties": {"type": "yes", "id": 193255750}, "geometry": {"type": "Point", "coordinates": [85.3369527, 27.677576]}}, {"type": "Feature", "properties": {"type": "yes", "id": 193255751}, "geometry": {"type": "Point", "coordinates": [85.3369076, 27.678349]}}, {"type": "Feature", "properties": {"type": "yes", "id": 193255752}, "geometry": {"type": "Point", "coordinates": [85.3370003, 27.6782152]}}, {"type": "Feature", "properties": {"type": "yes", "id": 193291111}, "geometry": {"type": "Point", "coordinates": [85.3252543, 27.6885307]}}, {"type": "Feature", "properties": {"type": "yes", "id": 193291112}, "geometry": {"type": "Point", "coordinates": [85.3269706, 27.6878738]}}, {"type": "Feature", "properties": {"type": "yes", "id": 193291114}, "geometry": {"type": "Point", "coordinates": [85.3260151, 27.6888254]}}, {"type": "Feature", "properties": {"type": "yes", "id": 193291115}, "geometry": {"type": "Point", "coordinates": [85.3256688, 27.6881064]}}, {"type": "Feature", "properties": {"type": "yes", "id": 193291120}, "geometry": {"type": "Point", "coordinates": [85.3254568, 27.6882481]}}, {"type": "Feature", "properties": {"type": "yes", "id": 193291122}, "geometry": {"type": "Point", "coordinates": [85.3255487, 27.6881479]}}, {"type": "Feature", "properties": {"type": "yes", "id": 193291124}, "geometry": {"type": "Point", "coordinates": [85.3251713, 27.6887502]}}, {"type": "Feature", "properties": {"type": "yes", "id": 193291125}, "geometry": {"type": "Point", "coordinates": [85.3263554, 27.6886245]}}, {"type": "Feature", "properties": {"type": "yes", "id": 193291127}, "geometry": {"type": "Point", "coordinates": [85.3262357, 27.6886323]}}, {"type": "Feature", "properties": {"type": "yes", "id": 193291128}, "geometry": {"type": "Point", "coordinates": [85.3259349, 27.6889588]}}, {"type": "Feature", "properties": {"type": "yes", "id": 193291129}, "geometry": {"type": "Point", "coordinates": [85.3256483, 27.6880227]}}, {"type": "Feature", "properties": {"type": "yes", "id": 193291131}, "geometry": {"type": "Point", "coordinates": [85.3260694, 27.6884805]}}, {"type": "Feature", "properties": {"type": "yes", "id": 193291135}, "geometry": {"type": "Point", "coordinates": [85.3251153, 27.688668]}}, {"type": "Feature", "properties": {"type": "yes", "id": 193291137}, "geometry": {"type": "Point", "coordinates": [85.3255917, 27.6883032]}}, {"type": "Feature", "properties": {"type": "yes", "id": 193291140}, "geometry": {"type": "Point", "coordinates": [85.3268459, 27.6879051]}}, {"type": "Feature", "properties": {"type": "yes", "id": 193291141}, "geometry": {"type": "Point", "coordinates": [85.3262212, 27.688926]}}, {"type": "Feature", "properties": {"type": "yes", "id": 193291142}, "geometry": {"type": "Point", "coordinates": [85.3251571, 27.6884435]}}, {"type": "Feature", "properties": {"type": "yes", "id": 193291144}, "geometry": {"type": "Point", "coordinates": [85.3268668, 27.6881072]}}, {"type": "Feature", "properties": {"type": "yes", "id": 193291146}, "geometry": {"type": "Point", "coordinates": [85.3269595, 27.6879976]}}, {"type": "Feature", "properties": {"type": "yes", "id": 193291147}, "geometry": {"type": "Point", "coordinates": [85.325413, 27.6887251]}}, {"type": "Feature", "properties": {"type": "yes", "id": 193291149}, "geometry": {"type": "Point", "coordinates": [85.3261091, 27.6888199]}}, {"type": "Feature", "properties": {"type": "yes", "id": 193291150}, "geometry": {"type": "Point", "coordinates": [85.3255287, 27.6880563]}}, {"type": "Feature", "properties": {"type": "yes", "id": 193291152}, "geometry": {"type": "Point", "coordinates": [85.3262468, 27.6888134]}}, {"type": "Feature", "properties": {"type": "yes", "id": 193291154}, "geometry": {"type": "Point", "coordinates": [85.3249024, 27.6883277]}}, {"type": "Feature", "properties": {"type": "yes", "id": 193291157}, "geometry": {"type": "Point", "coordinates": [85.3260819, 27.6885969]}}, {"type": "Feature", "properties": {"type": "yes", "id": 193291158}, "geometry": {"type": "Point", "coordinates": [85.3273753, 27.6876394]}}, {"type": "Feature", "properties": {"type": "yes", "id": 193291159}, "geometry": {"type": "Point", "coordinates": [85.3390753, 27.68194]}}, {"type": "Feature", "properties": {"type": "yes", "id": 193291160}, "geometry": {"type": "Point", "coordinates": [85.3270452, 27.6879775]}}, {"type": "Feature", "properties": {"type": "yes", "id": 193291167}, "geometry": {"type": "Point", "coordinates": [85.3391205, 27.6820795]}}, {"type": "Feature", "properties": {"type": "yes", "id": 193291168}, "geometry": {"type": "Point", "coordinates": [85.3260979, 27.6887026]}}, {"type": "Feature", "properties": {"type": "house", "id": 193291169}, "geometry": {"type": "Point", "coordinates": [85.3253048, 27.6881455]}}, {"type": "Feature", "properties": {"type": "yes", "id": 193291173}, "geometry": {"type": "Point", "coordinates": [85.3254744, 27.6883702]}}, {"type": "Feature", "properties": {"type": "yes", "id": 193291176}, "geometry": {"type": "Point", "coordinates": [85.327191, 27.687844]}}, {"type": "Feature", "properties": {"type": "yes", "id": 193291178}, "geometry": {"type": "Point", "coordinates": [85.3261157, 27.6889308]}}, {"type": "Feature", "properties": {"type": "yes", "id": 193291179}, "geometry": {"type": "Point", "coordinates": [85.3253986, 27.6880012]}}, {"type": "Feature", "properties": {"type": "yes", "id": 193291181}, "geometry": {"type": "Point", "coordinates": [85.3260183, 27.6889441]}}, {"type": "Feature", "properties": {"type": "yes", "id": 193291183}, "geometry": {"type": "Point", "coordinates": [85.3389325, 27.6819034]}}, {"type": "Feature", "properties": {"type": "yes", "id": 193291184}, "geometry": {"type": "Point", "coordinates": [85.3262227, 27.6884986]}}, {"type": "Feature", "properties": {"type": "school", "building:levels": "1", "id": 193293208}, "geometry": {"type": "Point", "coordinates": [85.3276603, 27.6883645]}}, {"type": "Feature", "properties": {"type": "yes", "id": 193293209}, "geometry": {"type": "Point", "coordinates": [85.3272035, 27.6893985]}}, {"type": "Feature", "properties": {"type": "yes", "id": 193293210}, "geometry": {"type": "Point", "coordinates": [85.3272957, 27.6890687]}}, {"type": "Feature", "properties": {"type": "yes", "id": 193293211}, "geometry": {"type": "Point", "coordinates": [85.3263744, 27.6888262]}}, {"type": "Feature", "properties": {"type": "yes", "id": 193293212}, "geometry": {"type": "Point", "coordinates": [85.3269858, 27.6887293]}}, {"type": "Feature", "properties": {"type": "yes", "id": 193293213}, "geometry": {"type": "Point", "coordinates": [85.3269524, 27.6884745]}}, {"type": "Feature", "properties": {"type": "yes", "id": 193293216}, "geometry": {"type": "Point", "coordinates": [85.3251672, 27.6885573]}}, {"type": "Feature", "properties": {"type": "yes", "id": 193293217}, "geometry": {"type": "Point", "coordinates": [85.326992, 27.689247]}}, {"type": "Feature", "properties": {"type": "yes", "id": 193293218}, "geometry": {"type": "Point", "coordinates": [85.3274131, 27.6890595]}}, {"type": "Feature", "properties": {"type": "yes", "id": 193293219}, "geometry": {"type": "Point", "coordinates": [85.3265775, 27.6882846]}}, {"type": "Feature", "properties": {"type": "yes", "id": 193293220}, "geometry": {"type": "Point", "coordinates": [85.326955, 27.6885678]}}, {"type": "Feature", "properties": {"type": "yes", "id": 193293222}, "geometry": {"type": "Point", "coordinates": [85.3265013, 27.6885545]}}, {"type": "Feature", "properties": {"type": "yes", "id": 193293223}, "geometry": {"type": "Point", "coordinates": [85.3250838, 27.6885692]}}, {"type": "Feature", "properties": {"type": "yes", "id": 193293224}, "geometry": {"type": "Point", "coordinates": [85.3256895, 27.6884812]}}, {"type": "Feature", "properties": {"type": "yes", "id": 193293225}, "geometry": {"type": "Point", "coordinates": [85.3253596, 27.6890395]}}, {"type": "Feature", "properties": {"name": "Al Zarafa Human Resource Consultant", "type": "yes", "id": 193293226}, "geometry": {"type": "Point", "coordinates": [85.3271893, 27.689081]}}, {"type": "Feature", "properties": {"type": "yes", "id": 193293227}, "geometry": {"type": "Point", "coordinates": [85.3264858, 27.6887158]}}, {"type": "Feature", "properties": {"type": "yes", "id": 193293228}, "geometry": {"type": "Point", "coordinates": [85.3263932, 27.6879511]}}, {"type": "Feature", "properties": {"type": "yes", "id": 193293229}, "geometry": {"type": "Point", "coordinates": [85.3269312, 27.6891288]}}, {"type": "Feature", "properties": {"type": "yes", "building:levels": "1", "id": 193293231}, "geometry": {"type": "Point", "coordinates": [85.3274384, 27.6880783]}}, {"type": "Feature", "properties": {"type": "yes", "id": 193293233}, "geometry": {"type": "Point", "coordinates": [85.3266856, 27.6887059]}}, {"type": "Feature", "properties": {"type": "yes", "id": 193293234}, "geometry": {"type": "Point", "coordinates": [85.3267072, 27.6889449]}}, {"type": "Feature", "properties": {"type": "yes", "id": 193293235}, "geometry": {"type": "Point", "coordinates": [85.3264049, 27.6889918]}}, {"type": "Feature", "properties": {"type": "yes", "id": 193293236}, "geometry": {"type": "Point", "coordinates": [85.3258551, 27.688191]}}, {"type": "Feature", "properties": {"type": "yes", "id": 193293237}, "geometry": {"type": "Point", "coordinates": [85.3267085, 27.6891869]}}, {"type": "Feature", "properties": {"type": "yes", "id": 193293238}, "geometry": {"type": "Point", "coordinates": [85.3268389, 27.6887231]}}, {"type": "Feature", "properties": {"type": "yes", "id": 193293239}, "geometry": {"type": "Point", "coordinates": [85.3266929, 27.6887818]}}, {"type": "Feature", "properties": {"name": "Shreyam adhikari", "type": "yes", "id": 193293240}, "geometry": {"type": "Point", "coordinates": [85.327073, 27.6890952]}}, {"type": "Feature", "properties": {"type": "yes", "id": 193293241}, "geometry": {"type": "Point", "coordinates": [85.3267734, 27.6895501]}}, {"type": "Feature", "properties": {"type": "yes", "id": 193293242}, "geometry": {"type": "Point", "coordinates": [85.3264171, 27.6890678]}}, {"type": "Feature", "properties": {"type": "residential", "id": 193293243}, "geometry": {"type": "Point", "coordinates": [85.3268711, 27.6888791]}}, {"type": "Feature", "properties": {"type": "yes", "id": 193293244}, "geometry": {"type": "Point", "coordinates": [85.3269411, 27.6883555]}}, {"type": "Feature", "properties": {"type": "yes", "id": 193293245}, "geometry": {"type": "Point", "coordinates": [85.3275679, 27.6888184]}}, {"type": "Feature", "properties": {"type": "yes", "id": 193293247}, "geometry": {"type": "Point", "coordinates": [85.3263702, 27.688701]}}, {"type": "Feature", "properties": {"type": "yes", "id": 193293248}, "geometry": {"type": "Point", "coordinates": [85.3270717, 27.6889193]}}, {"type": "Feature", "properties": {"type": "yes", "id": 193293249}, "geometry": {"type": "Point", "coordinates": [85.3266569, 27.6881355]}}, {"type": "Feature", "properties": {"type": "yes", "id": 193293250}, "geometry": {"type": "Point", "coordinates": [85.3274725, 27.6888843]}}, {"type": "Feature", "properties": {"type": "yes", "id": 193293251}, "geometry": {"type": "Point", "coordinates": [85.3263798, 27.6889045]}}, {"type": "Feature", "properties": {"type": "yes", "id": 193293252}, "geometry": {"type": "Point", "coordinates": [85.3265433, 27.6889715]}}, {"type": "Feature", "properties": {"type": "yes", "id": 193293253}, "geometry": {"type": "Point", "coordinates": [85.3265322, 27.6888184]}}, {"type": "Feature", "properties": {"type": "yes", "id": 193293254}, "geometry": {"type": "Point", "coordinates": [85.3267089, 27.689059]}}, {"type": "Feature", "properties": {"type": "yes", "id": 193293255}, "geometry": {"type": "Point", "coordinates": [85.3267639, 27.688385]}}, {"type": "Feature", "properties": {"type": "yes", "id": 193293256}, "geometry": {"type": "Point", "coordinates": [85.3271365, 27.6887212]}}, {"type": "Feature", "properties": {"type": "yes", "id": 193340871}, "geometry": {"type": "Point", "coordinates": [85.3303077, 27.6845697]}}, {"type": "Feature", "properties": {"type": "yes", "id": 193340874}, "geometry": {"type": "Point", "coordinates": [85.3305532, 27.6839566]}}, {"type": "Feature", "properties": {"type": "yes", "id": 193340875}, "geometry": {"type": "Point", "coordinates": [85.3300546, 27.6845379]}}, {"type": "Feature", "properties": {"type": "yes", "id": 193340876}, "geometry": {"type": "Point", "coordinates": [85.3298827, 27.6847037]}}, {"type": "Feature", "properties": {"type": "school", "building:levels": "2", "id": 193340883}, "geometry": {"type": "Point", "coordinates": [85.3320599, 27.6869043]}}, {"type": "Feature", "properties": {"type": "yes", "id": 193340893}, "geometry": {"type": "Point", "coordinates": [85.3306116, 27.6837536]}}, {"type": "Feature", "properties": {"type": "yes", "id": 193340894}, "geometry": {"type": "Point", "coordinates": [85.3297989, 27.6846768]}}, {"type": "Feature", "properties": {"type": "yes", "id": 193340896}, "geometry": {"type": "Point", "coordinates": [85.3304949, 27.6846442]}}, {"type": "Feature", "properties": {"type": "yes", "id": 193340901}, "geometry": {"type": "Point", "coordinates": [85.3296628, 27.6846377]}}, {"type": "Feature", "properties": {"type": "yes", "id": 193340906}, "geometry": {"type": "Point", "coordinates": [85.3306191, 27.6841877]}}, {"type": "Feature", "properties": {"type": "yes", "id": 193340907}, "geometry": {"type": "Point", "coordinates": [85.3303793, 27.6841347]}}, {"type": "Feature", "properties": {"type": "yes", "id": 193340923}, "geometry": {"type": "Point", "coordinates": [85.3304761, 27.6845119]}}, {"type": "Feature", "properties": {"type": "yes", "id": 193340929}, "geometry": {"type": "Point", "coordinates": [85.3306709, 27.6845635]}}, {"type": "Feature", "properties": {"type": "yes", "id": 193340933}, "geometry": {"type": "Point", "coordinates": [85.3302647, 27.6842948]}}, {"type": "Feature", "properties": {"type": "yes", "id": 193340935}, "geometry": {"type": "Point", "coordinates": [85.3299337, 27.684736]}}, {"type": "Feature", "properties": {"type": "yes", "id": 193340938}, "geometry": {"type": "Point", "coordinates": [85.3303717, 27.684464]}}, {"type": "Feature", "properties": {"type": "yes", "id": 193340946}, "geometry": {"type": "Point", "coordinates": [85.3307062, 27.6844016]}}, {"type": "Feature", "properties": {"type": "school", "building:levels": "4", "id": 193340948}, "geometry": {"type": "Point", "coordinates": [85.332182, 27.6868118]}}, {"type": "Feature", "properties": {"type": "yes", "id": 193340953}, "geometry": {"type": "Point", "coordinates": [85.3305917, 27.6846905]}}, {"type": "Feature", "properties": {"type": "yes", "id": 193340956}, "geometry": {"type": "Point", "coordinates": [85.326945, 27.6882487]}}, {"type": "Feature", "properties": {"type": "school", "building:levels": "3", "id": 193340959}, "geometry": {"type": "Point", "coordinates": [85.3321554, 27.6869475]}}, {"type": "Feature", "properties": {"type": "college", "building:levels": "4", "id": 193350118}, "geometry": {"type": "Point", "coordinates": [85.3315733, 27.6868201]}}, {"type": "Feature", "properties": {"type": "yes", "id": 193350119}, "geometry": {"type": "Point", "coordinates": [85.3295849, 27.6845704]}}, {"type": "Feature", "properties": {"type": "yes", "id": 193350125}, "geometry": {"type": "Point", "coordinates": [85.3301637, 27.6844113]}}, {"type": "Feature", "properties": {"type": "yes", "id": 193350130}, "geometry": {"type": "Point", "coordinates": [85.329603, 27.6844949]}}, {"type": "Feature", "properties": {"type": "yes", "id": 193350132}, "geometry": {"type": "Point", "coordinates": [85.3300131, 27.6844011]}}, {"type": "Feature", "properties": {"type": "yes", "id": 193350139}, "geometry": {"type": "Point", "coordinates": [85.3292914, 27.6846234]}}, {"type": "Feature", "properties": {"type": "yes", "building:levels": "3", "id": 193350142}, "geometry": {"type": "Point", "coordinates": [85.3302243, 27.6851349]}}, {"type": "Feature", "properties": {"type": "yes", "id": 193443629}, "geometry": {"type": "Point", "coordinates": [85.3387054, 27.6814683]}}, {"type": "Feature", "properties": {"type": "yes", "id": 193443660}, "geometry": {"type": "Point", "coordinates": [85.3383248, 27.6787129]}}, {"type": "Feature", "properties": {"type": "yes", "id": 193443668}, "geometry": {"type": "Point", "coordinates": [85.3387805, 27.6813894]}}, {"type": "Feature", "properties": {"type": "yes", "id": 193443674}, "geometry": {"type": "Point", "coordinates": [85.3388453, 27.6814551]}}, {"type": "Feature", "properties": {"type": "yes", "id": 193443680}, "geometry": {"type": "Point", "coordinates": [85.3381127, 27.6816926]}}, {"type": "Feature", "properties": {"type": "yes", "id": 193443693}, "geometry": {"type": "Point", "coordinates": [85.3387469, 27.6817037]}}, {"type": "Feature", "properties": {"type": "yes", "id": 193443716}, "geometry": {"type": "Point", "coordinates": [85.3381558, 27.6814838]}}, {"type": "Feature", "properties": {"type": "yes", "id": 193443727}, "geometry": {"type": "Point", "coordinates": [85.3386766, 27.681629]}}, {"type": "Feature", "properties": {"type": "yes", "id": 193443734}, "geometry": {"type": "Point", "coordinates": [85.3387852, 27.6815542]}}, {"type": "Feature", "properties": {"type": "yes", "id": 193443741}, "geometry": {"type": "Point", "coordinates": [85.338588, 27.6786666]}}, {"type": "Feature", "properties": {"type": "yes", "id": 193443746}, "geometry": {"type": "Point", "coordinates": [85.3390912, 27.6809401]}}, {"type": "Feature", "properties": {"type": "yes", "id": 193443749}, "geometry": {"type": "Point", "coordinates": [85.3390785, 27.6792582]}}, {"type": "Feature", "properties": {"type": "yes", "id": 193443751}, "geometry": {"type": "Point", "coordinates": [85.3390877, 27.6803565]}}, {"type": "Feature", "properties": {"type": "yes", "id": 193443762}, "geometry": {"type": "Point", "coordinates": [85.3387202, 27.6813148]}}, {"type": "Feature", "properties": {"name": "Krisi Samagri Sansthan", "type": "yes", "id": 193449840}, "geometry": {"type": "Point", "coordinates": [85.2995495, 27.6909344]}}, {"type": "Feature", "properties": {"name": "Kuleshwor Fruit Market", "type": "commercial", "building:levels": "1", "id": 193449862}, "geometry": {"type": "Point", "coordinates": [85.3002259, 27.69109]}}, {"type": "Feature", "properties": {"name": "Sita Ram Gokul Milks", "type": "manufacture", "id": 193623098}, "geometry": {"type": "Point", "coordinates": [85.2588971, 27.6633616]}}, {"type": "Feature", "properties": {"type": "government", "building:levels": "2", "id": 193652883}, "geometry": {"type": "Point", "coordinates": [85.3130376, 27.6799013]}}, {"type": "Feature", "properties": {"type": "yes", "id": 193652888}, "geometry": {"type": "Point", "coordinates": [85.3126367, 27.6810878]}}, {"type": "Feature", "properties": {"type": "public", "building:levels": "1", "id": 193652890}, "geometry": {"type": "Point", "coordinates": [85.3130773, 27.6809588]}}, {"type": "Feature", "properties": {"type": "yes", "id": 193652893}, "geometry": {"type": "Point", "coordinates": [85.3145126, 27.6862051]}}, {"type": "Feature", "properties": {"type": "government", "building:levels": "3", "id": 193652902}, "geometry": {"type": "Point", "coordinates": [85.3130982, 27.6792034]}}, {"type": "Feature", "properties": {"type": "yes", "id": 193652903}, "geometry": {"type": "Point", "coordinates": [85.3150363, 27.6875828]}}, {"type": "Feature", "properties": {"type": "house", "id": 193652904}, "geometry": {"type": "Point", "coordinates": [85.3145608, 27.6885797]}}, {"type": "Feature", "properties": {"type": "government", "building:levels": "2", "id": 193652913}, "geometry": {"type": "Point", "coordinates": [85.3132849, 27.6798929]}}, {"type": "Feature", "properties": {"type": "yes", "id": 193652915}, "geometry": {"type": "Point", "coordinates": [85.3150139, 27.6891902]}}, {"type": "Feature", "properties": {"name": "Max Promo Nepal", "type": "yes", "id": 193652928}, "geometry": {"type": "Point", "coordinates": [85.3163465, 27.6883189]}}, {"type": "Feature", "properties": {"name": "The Hidden Treasures", "type": "yes", "id": 193652933}, "geometry": {"type": "Point", "coordinates": [85.3164752, 27.6886254]}}, {"type": "Feature", "properties": {"type": "yes", "id": 193652945}, "geometry": {"type": "Point", "coordinates": [85.3153246, 27.6879039]}}, {"type": "Feature", "properties": {"type": "yes", "id": 193652954}, "geometry": {"type": "Point", "coordinates": [85.3108471, 27.6898219]}}, {"type": "Feature", "properties": {"type": "public", "building:levels": "1", "id": 193652958}, "geometry": {"type": "Point", "coordinates": [85.313371, 27.6809404]}}, {"type": "Feature", "properties": {"name": "Haven on Earth", "type": "yes", "id": 194056894}, "geometry": {"type": "Point", "coordinates": [85.3156261, 27.6881313]}}, {"type": "Feature", "properties": {"type": "yes", "id": 194056895}, "geometry": {"type": "Point", "coordinates": [85.3128995, 27.6810422]}}, {"type": "Feature", "properties": {"type": "yes", "id": 194056898}, "geometry": {"type": "Point", "coordinates": [85.3123768, 27.681132]}}, {"type": "Feature", "properties": {"type": "yes", "id": 194056902}, "geometry": {"type": "Point", "coordinates": [85.3354379, 27.6824178]}}, {"type": "Feature", "properties": {"type": "yes", "id": 194056903}, "geometry": {"type": "Point", "coordinates": [85.3356465, 27.6824097]}}, {"type": "Feature", "properties": {"type": "yes", "id": 194056906}, "geometry": {"type": "Point", "coordinates": [85.3359763, 27.6824913]}}, {"type": "Feature", "properties": {"type": "apartments", "id": 194056912}, "geometry": {"type": "Point", "coordinates": [85.3142378, 27.6873092]}}, {"type": "Feature", "properties": {"type": "yes", "id": 194056913}, "geometry": {"type": "Point", "coordinates": [85.336713, 27.6821598]}}, {"type": "Feature", "properties": {"type": "yes", "id": 194056918}, "geometry": {"type": "Point", "coordinates": [85.3134558, 27.6798686]}}, {"type": "Feature", "properties": {"type": "yes", "id": 194056924}, "geometry": {"type": "Point", "coordinates": [85.3355886, 27.6825316]}}, {"type": "Feature", "properties": {"type": "yes", "id": 194056925}, "geometry": {"type": "Point", "coordinates": [85.3107643, 27.6901265]}}, {"type": "Feature", "properties": {"type": "yes", "id": 194056932}, "geometry": {"type": "Point", "coordinates": [85.3148257, 27.6891077]}}, {"type": "Feature", "properties": {"type": "yes", "id": 194056965}, "geometry": {"type": "Point", "coordinates": [85.3356184, 27.6822653]}}, {"type": "Feature", "properties": {"type": "yes", "id": 194056966}, "geometry": {"type": "Point", "coordinates": [85.3389106, 27.6815494]}}, {"type": "Feature", "properties": {"type": "yes", "id": 194056970}, "geometry": {"type": "Point", "coordinates": [85.3370084, 27.6820011]}}, {"type": "Feature", "properties": {"type": "yes", "id": 194056979}, "geometry": {"type": "Point", "coordinates": [85.3360311, 27.6821067]}}, {"type": "Feature", "properties": {"type": "yes", "id": 194056980}, "geometry": {"type": "Point", "coordinates": [85.3134883, 27.6808629]}}, {"type": "Feature", "properties": {"type": "yes", "id": 194056987}, "geometry": {"type": "Point", "coordinates": [85.3360074, 27.6825877]}}, {"type": "Feature", "properties": {"type": "yes", "id": 194056999}, "geometry": {"type": "Point", "coordinates": [85.3353027, 27.6823859]}}, {"type": "Feature", "properties": {"type": "yes", "id": 194057019}, "geometry": {"type": "Point", "coordinates": [85.3390423, 27.6811505]}}, {"type": "Feature", "properties": {"type": "yes", "id": 194057020}, "geometry": {"type": "Point", "coordinates": [85.310224, 27.6901335]}}, {"type": "Feature", "properties": {"type": "school", "building:levels": "2", "id": 194057025}, "geometry": {"type": "Point", "coordinates": [85.3143478, 27.6890396]}}, {"type": "Feature", "properties": {"type": "yes", "id": 194057026}, "geometry": {"type": "Point", "coordinates": [85.3355363, 27.6821647]}}, {"type": "Feature", "properties": {"type": "yes", "id": 194057028}, "geometry": {"type": "Point", "coordinates": [85.3369271, 27.6820566]}}, {"type": "Feature", "properties": {"type": "yes", "id": 194057035}, "geometry": {"type": "Point", "coordinates": [85.3354566, 27.6820501]}}, {"type": "Feature", "properties": {"type": "yes", "id": 194057041}, "geometry": {"type": "Point", "coordinates": [85.3368107, 27.6818716]}}, {"type": "Feature", "properties": {"type": "yes", "id": 194057061}, "geometry": {"type": "Point", "coordinates": [85.3362043, 27.6820515]}}, {"type": "Feature", "properties": {"type": "yes", "id": 194057063}, "geometry": {"type": "Point", "coordinates": [85.3358437, 27.6825826]}}, {"type": "Feature", "properties": {"type": "yes", "id": 194057071}, "geometry": {"type": "Point", "coordinates": [85.3357228, 27.6823167]}}, {"type": "Feature", "properties": {"type": "yes", "id": 194057076}, "geometry": {"type": "Point", "coordinates": [85.3123155, 27.680356]}}, {"type": "Feature", "properties": {"name": "Central Child Welface Board", "type": "government", "building:levels": "3", "id": 194251146}, "geometry": {"type": "Point", "coordinates": [85.3148187, 27.6804152]}}, {"type": "Feature", "properties": {"name": "Hydro Lab", "type": "educational", "building:levels": "3", "id": 194251147}, "geometry": {"type": "Point", "coordinates": [85.319049, 27.68009]}}, {"type": "Feature", "properties": {"name": "Inland Revenue Collection centre", "type": "government", "building:levels": "2", "id": 194251148}, "geometry": {"type": "Point", "coordinates": [85.3149967, 27.6805215]}}, {"type": "Feature", "properties": {"name": "Pancha Kanya Bhawan", "type": "office", "building:levels": "4", "id": 194251151}, "geometry": {"type": "Point", "coordinates": [85.3187617, 27.6797361]}}, {"type": "Feature", "properties": {"name": "Toyota drive- in", "type": "yes", "id": 194253267}, "geometry": {"type": "Point", "coordinates": [85.3183264, 27.6828646]}}, {"type": "Feature", "properties": {"type": "commercial", "id": 194253268}, "geometry": {"type": "Point", "coordinates": [85.3190402, 27.6832175]}}, {"type": "Feature", "properties": {"type": "yes", "id": 194253270}, "geometry": {"type": "Point", "coordinates": [85.3191264, 27.6834372]}}, {"type": "Feature", "properties": {"name": "Shaan furniture", "type": "warehouse", "id": 194254874}, "geometry": {"type": "Point", "coordinates": [85.3206099, 27.6797451]}}, {"type": "Feature", "properties": {"name": "central road laboratory", "type": "office", "id": 194254875}, "geometry": {"type": "Point", "coordinates": [85.319998, 27.681168]}}, {"type": "Feature", "properties": {"name": "EAN", "type": "office", "id": 194255727}, "geometry": {"type": "Point", "coordinates": [85.3208528, 27.6800773]}}, {"type": "Feature", "properties": {"name": "exam control division,TU", "type": "office", "id": 194255728}, "geometry": {"type": "Point", "coordinates": [85.3210342, 27.6810697]}}, {"type": "Feature", "properties": {"name": "pani tanki", "type": "yes", "id": 194255730}, "geometry": {"type": "Point", "coordinates": [85.3200502, 27.6802394]}}, {"type": "Feature", "properties": {"name": "Programme for immunization preventable diseases", "type": "yes", "id": 194255731}, "geometry": {"type": "Point", "coordinates": [85.320711, 27.681291]}}, {"type": "Feature", "properties": {"type": "office", "id": 194293488}, "geometry": {"type": "Point", "coordinates": [85.3210689, 27.6808695]}}, {"type": "Feature", "properties": {"type": "temple", "id": 194293490}, "geometry": {"type": "Point", "coordinates": [85.321861, 27.6810361]}}, {"type": "Feature", "properties": {"name": "ACE Employment Bureau", "type": "office", "id": 194293491}, "geometry": {"type": "Point", "coordinates": [85.3216084, 27.6804473]}}, {"type": "Feature", "properties": {"name": "Plan Nepal, Country Office", "type": "office", "id": 194423577}, "geometry": {"type": "Point", "coordinates": [85.3191024, 27.6782454]}}, {"type": "Feature", "properties": {"type": "yes", "id": 194431642}, "geometry": {"type": "Point", "coordinates": [85.3210649, 27.6782806]}}, {"type": "Feature", "properties": {"name": "Patan Multiple Campua, Rural Development Department", "type": "college", "id": 194431643}, "geometry": {"type": "Point", "coordinates": [85.3210492, 27.6788321]}}, {"type": "Feature", "properties": {"type": "yes", "id": 194442908}, "geometry": {"type": "Point", "coordinates": [85.3166191, 27.6795304]}}, {"type": "Feature", "properties": {"type": "yes", "id": 194442909}, "geometry": {"type": "Point", "coordinates": [85.3199555, 27.6772623]}}, {"type": "Feature", "properties": {"type": "yes", "id": 194442910}, "geometry": {"type": "Point", "coordinates": [85.3203989, 27.6776564]}}, {"type": "Feature", "properties": {"type": "school", "building:levels": "3", "id": 194442911}, "geometry": {"type": "Point", "coordinates": [85.3202357, 27.6775134]}}, {"type": "Feature", "properties": {"type": "school", "building:levels": "2", "id": 194442912}, "geometry": {"type": "Point", "coordinates": [85.3198304, 27.6777213]}}, {"type": "Feature", "properties": {"name": "Patan Punarawedan Adalat", "type": "yes", "id": 194443570}, "geometry": {"type": "Point", "coordinates": [85.3149334, 27.6812644]}}, {"type": "Feature", "properties": {"name": "Body building factory", "type": "yes", "id": 194468305}, "geometry": {"type": "Point", "coordinates": [85.3200771, 27.6768355]}}, {"type": "Feature", "properties": {"name": "Samudayik Bikash Tatha Digdarshan Kendra (CDGC)", "type": "yes", "id": 194468307}, "geometry": {"type": "Point", "coordinates": [85.321972, 27.6789812]}}, {"type": "Feature", "properties": {"name": "Siddhartha Bank", "type": "yes", "id": 194468308}, "geometry": {"type": "Point", "coordinates": [85.321133, 27.6782141]}}, {"type": "Feature", "properties": {"type": "yes", "id": 194468310}, "geometry": {"type": "Point", "coordinates": [85.3203682, 27.6770299]}}, {"type": "Feature", "properties": {"type": "office", "building:levels": "7", "id": 194468311}, "geometry": {"type": "Point", "coordinates": [85.3201475, 27.6771562]}}, {"type": "Feature", "properties": {"type": "yes", "id": 194471930}, "geometry": {"type": "Point", "coordinates": [85.3187698, 27.6792781]}}, {"type": "Feature", "properties": {"type": "yes", "id": 194471931}, "geometry": {"type": "Point", "coordinates": [85.3193637, 27.6792237]}}, {"type": "Feature", "properties": {"type": "yes", "id": 194471933}, "geometry": {"type": "Point", "coordinates": [85.3190077, 27.6789694]}}, {"type": "Feature", "properties": {"type": "yes", "id": 194471934}, "geometry": {"type": "Point", "coordinates": [85.3186312, 27.6772478]}}, {"type": "Feature", "properties": {"type": "residential", "building:levels": "4", "id": 194471935}, "geometry": {"type": "Point", "coordinates": [85.3186247, 27.6793273]}}, {"type": "Feature", "properties": {"type": "yes", "id": 194471936}, "geometry": {"type": "Point", "coordinates": [85.3183023, 27.6775929]}}, {"type": "Feature", "properties": {"type": "yes", "id": 194471938}, "geometry": {"type": "Point", "coordinates": [85.3185761, 27.6782106]}}, {"type": "Feature", "properties": {"type": "yes", "id": 194471940}, "geometry": {"type": "Point", "coordinates": [85.3190401, 27.6791831]}}, {"type": "Feature", "properties": {"type": "yes", "id": 194471941}, "geometry": {"type": "Point", "coordinates": [85.3182651, 27.6773668]}}, {"type": "Feature", "properties": {"type": "yes", "id": 194471943}, "geometry": {"type": "Point", "coordinates": [85.318525, 27.6776791]}}, {"type": "Feature", "properties": {"name": "\u092f\u0932 \u0938\u094d\u0935\u093e\u0938\u094d\u0925\u094d\u092f \u0938\u0947\u0935\u093e \u0915\u0947\u0928\u094d\u0926\u094d\u0930", "type": "yes", "id": 194471944}, "geometry": {"type": "Point", "coordinates": [85.3190092, 27.6768493]}}, {"type": "Feature", "properties": {"type": "yes", "id": 194471946}, "geometry": {"type": "Point", "coordinates": [85.319075, 27.6792715]}}, {"type": "Feature", "properties": {"type": "yes", "id": 194471947}, "geometry": {"type": "Point", "coordinates": [85.3184175, 27.6772743]}}, {"type": "Feature", "properties": {"type": "yes", "id": 194581969}, "geometry": {"type": "Point", "coordinates": [85.3134523, 27.6739268]}}, {"type": "Feature", "properties": {"type": "school", "building:levels": "5", "id": 194581972}, "geometry": {"type": "Point", "coordinates": [85.3130637, 27.6741155]}}, {"type": "Feature", "properties": {"type": "yes", "building:levels": "4", "id": 194581973}, "geometry": {"type": "Point", "coordinates": [85.3119895, 27.6713222]}}, {"type": "Feature", "properties": {"name": "Satoki Memorial Pratibha Book Bank", "type": "yes", "id": 194582716}, "geometry": {"type": "Point", "coordinates": [85.3183081, 27.6843431]}}, {"type": "Feature", "properties": {"type": "yes", "id": 194582717}, "geometry": {"type": "Point", "coordinates": [85.3178272, 27.6866513]}}, {"type": "Feature", "properties": {"type": "yes", "id": 194582718}, "geometry": {"type": "Point", "coordinates": [85.3179677, 27.6866416]}}, {"type": "Feature", "properties": {"type": "yes", "id": 194582719}, "geometry": {"type": "Point", "coordinates": [85.3181321, 27.686661]}}, {"type": "Feature", "properties": {"type": "yes", "id": 194582720}, "geometry": {"type": "Point", "coordinates": [85.3183113, 27.6867157]}}, {"type": "Feature", "properties": {"name": "School Of Creative Communications", "type": "yes", "id": 194582721}, "geometry": {"type": "Point", "coordinates": [85.3180721, 27.68654]}}, {"type": "Feature", "properties": {"type": "yes", "id": 194582722}, "geometry": {"type": "Point", "coordinates": [85.3184657, 27.6867907]}}, {"type": "Feature", "properties": {"type": "yes", "id": 194582724}, "geometry": {"type": "Point", "coordinates": [85.3177718, 27.6865188]}}, {"type": "Feature", "properties": {"type": "yes", "id": 194582725}, "geometry": {"type": "Point", "coordinates": [85.3178501, 27.6865151]}}, {"type": "Feature", "properties": {"type": "yes", "id": 194609084}, "geometry": {"type": "Point", "coordinates": [85.3386551, 27.6811307]}}, {"type": "Feature", "properties": {"type": "government", "building:levels": "2", "id": 194609086}, "geometry": {"type": "Point", "coordinates": [85.3357374, 27.6767827]}}, {"type": "Feature", "properties": {"type": "yes", "id": 194609114}, "geometry": {"type": "Point", "coordinates": [85.3384966, 27.6814513]}}, {"type": "Feature", "properties": {"type": "yes", "id": 194609119}, "geometry": {"type": "Point", "coordinates": [85.3389466, 27.6813657]}}, {"type": "Feature", "properties": {"type": "yes", "id": 194609130}, "geometry": {"type": "Point", "coordinates": [85.3387169, 27.6818868]}}, {"type": "Feature", "properties": {"type": "yes", "id": 194609132}, "geometry": {"type": "Point", "coordinates": [85.337205, 27.6785306]}}, {"type": "Feature", "properties": {"type": "yes", "id": 194609137}, "geometry": {"type": "Point", "coordinates": [85.3375622, 27.6780823]}}, {"type": "Feature", "properties": {"type": "yes", "id": 194609139}, "geometry": {"type": "Point", "coordinates": [85.3379153, 27.6775669]}}, {"type": "Feature", "properties": {"type": "yes", "id": 194609141}, "geometry": {"type": "Point", "coordinates": [85.3375153, 27.6782382]}}, {"type": "Feature", "properties": {"type": "yes", "id": 194609150}, "geometry": {"type": "Point", "coordinates": [85.3373571, 27.6785195]}}, {"type": "Feature", "properties": {"type": "yes", "id": 194609170}, "geometry": {"type": "Point", "coordinates": [85.3374544, 27.6785057]}}, {"type": "Feature", "properties": {"type": "yes", "id": 194609176}, "geometry": {"type": "Point", "coordinates": [85.3384637, 27.6816226]}}, {"type": "Feature", "properties": {"type": "yes", "id": 194609179}, "geometry": {"type": "Point", "coordinates": [85.3358178, 27.6788971]}}, {"type": "Feature", "properties": {"type": "yes", "id": 194609183}, "geometry": {"type": "Point", "coordinates": [85.3373103, 27.6784327]}}, {"type": "Feature", "properties": {"type": "yes", "id": 194609194}, "geometry": {"type": "Point", "coordinates": [85.338053, 27.6775295]}}, {"type": "Feature", "properties": {"type": "school", "building:levels": "4", "id": 194609208}, "geometry": {"type": "Point", "coordinates": [85.3385458, 27.6771321]}}, {"type": "Feature", "properties": {"name": "Patan Science Block", "type": "yes", "building:levels": "3", "id": 194727937}, "geometry": {"type": "Point", "coordinates": [85.3224412, 27.6778701]}}, {"type": "Feature", "properties": {"type": "yes", "id": 194727940}, "geometry": {"type": "Point", "coordinates": [85.3383836, 27.6814587]}}, {"type": "Feature", "properties": {"type": "yes", "id": 194727941}, "geometry": {"type": "Point", "coordinates": [85.3181261, 27.6777906]}}, {"type": "Feature", "properties": {"type": "yes", "id": 194727942}, "geometry": {"type": "Point", "coordinates": [85.3356671, 27.678792]}}, {"type": "Feature", "properties": {"type": "yes", "id": 194727945}, "geometry": {"type": "Point", "coordinates": [85.3389794, 27.6773553]}}, {"type": "Feature", "properties": {"type": "yes", "id": 194727949}, "geometry": {"type": "Point", "coordinates": [85.3224939, 27.6780698]}}, {"type": "Feature", "properties": {"type": "yes", "id": 194727950}, "geometry": {"type": "Point", "coordinates": [85.317455, 27.6792313]}}, {"type": "Feature", "properties": {"type": "yes", "id": 194727953}, "geometry": {"type": "Point", "coordinates": [85.3381789, 27.6775315]}}, {"type": "Feature", "properties": {"type": "yes", "id": 194727955}, "geometry": {"type": "Point", "coordinates": [85.3383022, 27.6813326]}}, {"type": "Feature", "properties": {"type": "school", "id": 194727961}, "geometry": {"type": "Point", "coordinates": [85.3215535, 27.6784563]}}, {"type": "Feature", "properties": {"type": "yes", "id": 194727962}, "geometry": {"type": "Point", "coordinates": [85.313857, 27.6766879]}}, {"type": "Feature", "properties": {"type": "yes", "id": 194727963}, "geometry": {"type": "Point", "coordinates": [85.3387786, 27.6819756]}}, {"type": "Feature", "properties": {"type": "yes", "id": 194727966}, "geometry": {"type": "Point", "coordinates": [85.3379789, 27.6775612]}}, {"type": "Feature", "properties": {"type": "yes", "id": 194727968}, "geometry": {"type": "Point", "coordinates": [85.3222357, 27.6779578]}}, {"type": "Feature", "properties": {"type": "yes", "id": 194727975}, "geometry": {"type": "Point", "coordinates": [85.3135734, 27.6771509]}}, {"type": "Feature", "properties": {"type": "yes", "id": 194727976}, "geometry": {"type": "Point", "coordinates": [85.3222391, 27.6783948]}}, {"type": "Feature", "properties": {"type": "yes", "id": 194727978}, "geometry": {"type": "Point", "coordinates": [85.3384796, 27.6817519]}}, {"type": "Feature", "properties": {"type": "yes", "id": 194727981}, "geometry": {"type": "Point", "coordinates": [85.3372408, 27.6785933]}}, {"type": "Feature", "properties": {"type": "yes", "id": 194727987}, "geometry": {"type": "Point", "coordinates": [85.3223362, 27.6782562]}}, {"type": "Feature", "properties": {"type": "commercial", "building:levels": "2", "id": 194727988}, "geometry": {"type": "Point", "coordinates": [85.3170593, 27.6792335]}}, {"type": "Feature", "properties": {"type": "yes", "id": 194727994}, "geometry": {"type": "Point", "coordinates": [85.3378094, 27.6777697]}}, {"type": "Feature", "properties": {"type": "yes", "id": 194728000}, "geometry": {"type": "Point", "coordinates": [85.3385391, 27.6811836]}}, {"type": "Feature", "properties": {"type": "yes", "id": 194728003}, "geometry": {"type": "Point", "coordinates": [85.3186218, 27.6779849]}}, {"type": "Feature", "properties": {"type": "school", "id": 194728005}, "geometry": {"type": "Point", "coordinates": [85.3217876, 27.6784836]}}, {"type": "Feature", "properties": {"type": "yes", "id": 194728007}, "geometry": {"type": "Point", "coordinates": [85.3386162, 27.6819086]}}, {"type": "Feature", "properties": {"type": "yes", "id": 194728014}, "geometry": {"type": "Point", "coordinates": [85.3216586, 27.6786151]}}, {"type": "Feature", "properties": {"type": "yes", "id": 194728015}, "geometry": {"type": "Point", "coordinates": [85.3134386, 27.6771816]}}, {"type": "Feature", "properties": {"type": "yes", "id": 194728020}, "geometry": {"type": "Point", "coordinates": [85.322037, 27.6784436]}}, {"type": "Feature", "properties": {"type": "yes", "id": 194728026}, "geometry": {"type": "Point", "coordinates": [85.3383388, 27.6777103]}}, {"type": "Feature", "properties": {"type": "school", "id": 194728027}, "geometry": {"type": "Point", "coordinates": [85.3217115, 27.67836]}}, {"type": "Feature", "properties": {"type": "yes", "id": 194728031}, "geometry": {"type": "Point", "coordinates": [85.3132073, 27.6768399]}}, {"type": "Feature", "properties": {"type": "yes", "id": 194728033}, "geometry": {"type": "Point", "coordinates": [85.3179605, 27.6777539]}}, {"type": "Feature", "properties": {"name": "Panga Balkumari Sub Health Post", "type": "health_post", "building:levels": "1", "id": 194732734}, "geometry": {"type": "Point", "coordinates": [85.2754319, 27.6682724]}}, {"type": "Feature", "properties": {"type": "yes", "id": 194871794}, "geometry": {"type": "Point", "coordinates": [85.2741585, 27.6686843]}}, {"type": "Feature", "properties": {"type": "yes", "id": 194871795}, "geometry": {"type": "Point", "coordinates": [85.2768107, 27.6705155]}}, {"type": "Feature", "properties": {"type": "yes", "id": 194871796}, "geometry": {"type": "Point", "coordinates": [85.2761296, 27.6694084]}}, {"type": "Feature", "properties": {"type": "yes", "id": 194871797}, "geometry": {"type": "Point", "coordinates": [85.2745365, 27.6680529]}}, {"type": "Feature", "properties": {"type": "yes", "id": 194871798}, "geometry": {"type": "Point", "coordinates": [85.2759796, 27.6693105]}}, {"type": "Feature", "properties": {"type": "yes", "id": 194871800}, "geometry": {"type": "Point", "coordinates": [85.2744572, 27.6680479]}}, {"type": "Feature", "properties": {"type": "yes", "id": 194871801}, "geometry": {"type": "Point", "coordinates": [85.2745445, 27.6682049]}}, {"type": "Feature", "properties": {"type": "yes", "id": 194871802}, "geometry": {"type": "Point", "coordinates": [85.2771664, 27.6703147]}}, {"type": "Feature", "properties": {"type": "yes", "id": 194871803}, "geometry": {"type": "Point", "coordinates": [85.2762783, 27.6699913]}}, {"type": "Feature", "properties": {"name": "Central Department of English", "type": "yes", "id": 194871804}, "geometry": {"type": "Point", "coordinates": [85.2817374, 27.6799258]}}, {"type": "Feature", "properties": {"name": "CSEB", "type": "greenhouse", "id": 194878170}, "geometry": {"type": "Point", "coordinates": [85.317821, 27.6804359]}}, {"type": "Feature", "properties": {"name": "Department of Architecture and Urban Planning", "type": "college", "building:levels": "3", "id": 194878171}, "geometry": {"type": "Point", "coordinates": [85.3182642, 27.6804186]}}, {"type": "Feature", "properties": {"type": "yes", "id": 195246425}, "geometry": {"type": "Point", "coordinates": [85.2685567, 27.6691459]}}, {"type": "Feature", "properties": {"type": "yes", "id": 195246426}, "geometry": {"type": "Point", "coordinates": [85.2684389, 27.6690503]}}, {"type": "Feature", "properties": {"type": "yes", "id": 195246427}, "geometry": {"type": "Point", "coordinates": [85.2692632, 27.6698818]}}, {"type": "Feature", "properties": {"type": "yes", "id": 195246429}, "geometry": {"type": "Point", "coordinates": [85.2687583, 27.6697151]}}, {"type": "Feature", "properties": {"type": "yes", "id": 195246431}, "geometry": {"type": "Point", "coordinates": [85.2689257, 27.6687309]}}, {"type": "Feature", "properties": {"type": "yes", "id": 195246432}, "geometry": {"type": "Point", "coordinates": [85.2685529, 27.6693696]}}, {"type": "Feature", "properties": {"type": "yes", "id": 195273398}, "geometry": {"type": "Point", "coordinates": [85.2716936, 27.6794243]}}, {"type": "Feature", "properties": {"type": "yes", "id": 195273399}, "geometry": {"type": "Point", "coordinates": [85.2723094, 27.678562]}}, {"type": "Feature", "properties": {"type": "yes", "id": 195273400}, "geometry": {"type": "Point", "coordinates": [85.2716044, 27.6791219]}}, {"type": "Feature", "properties": {"type": "yes", "id": 195273401}, "geometry": {"type": "Point", "coordinates": [85.2710521, 27.6788897]}}, {"type": "Feature", "properties": {"type": "yes", "id": 195273402}, "geometry": {"type": "Point", "coordinates": [85.2713801, 27.6788485]}}, {"type": "Feature", "properties": {"type": "yes", "id": 195273403}, "geometry": {"type": "Point", "coordinates": [85.2713053, 27.6788539]}}, {"type": "Feature", "properties": {"type": "yes", "id": 195273404}, "geometry": {"type": "Point", "coordinates": [85.2693556, 27.6787848]}}, {"type": "Feature", "properties": {"type": "yes", "id": 195273405}, "geometry": {"type": "Point", "coordinates": [85.2722074, 27.6785595]}}, {"type": "Feature", "properties": {"type": "yes", "id": 195273406}, "geometry": {"type": "Point", "coordinates": [85.2706178, 27.6789304]}}, {"type": "Feature", "properties": {"type": "yes", "id": 195273407}, "geometry": {"type": "Point", "coordinates": [85.2695529, 27.6789159]}}, {"type": "Feature", "properties": {"name": "Sukumbasi basti", "type": "yes", "id": 195273408}, "geometry": {"type": "Point", "coordinates": [85.2715076, 27.6794264]}}, {"type": "Feature", "properties": {"type": "yes", "id": 195273409}, "geometry": {"type": "Point", "coordinates": [85.271597, 27.6792168]}}, {"type": "Feature", "properties": {"type": "yes", "id": 195273410}, "geometry": {"type": "Point", "coordinates": [85.2715136, 27.6790159]}}, {"type": "Feature", "properties": {"type": "yes", "id": 195273411}, "geometry": {"type": "Point", "coordinates": [85.27065, 27.6788575]}}, {"type": "Feature", "properties": {"type": "yes", "id": 195273412}, "geometry": {"type": "Point", "coordinates": [85.2722296, 27.6784301]}}, {"type": "Feature", "properties": {"type": "yes", "id": 195273413}, "geometry": {"type": "Point", "coordinates": [85.2717345, 27.6796032]}}, {"type": "Feature", "properties": {"type": "yes", "id": 195273414}, "geometry": {"type": "Point", "coordinates": [85.2713922, 27.6791586]}}, {"type": "Feature", "properties": {"type": "yes", "id": 195273415}, "geometry": {"type": "Point", "coordinates": [85.2714557, 27.6792637]}}, {"type": "Feature", "properties": {"type": "yes", "id": 195273416}, "geometry": {"type": "Point", "coordinates": [85.2714254, 27.6789818]}}, {"type": "Feature", "properties": {"type": "yes", "id": 195273417}, "geometry": {"type": "Point", "coordinates": [85.2713432, 27.6789954]}}, {"type": "Feature", "properties": {"type": "yes", "id": 195273418}, "geometry": {"type": "Point", "coordinates": [85.2729717, 27.6782379]}}, {"type": "Feature", "properties": {"type": "residential", "building:levels": "3", "id": 195846785}, "geometry": {"type": "Point", "coordinates": [85.2949555, 27.6812064]}}, {"type": "Feature", "properties": {"type": "yes", "id": 195860562}, "geometry": {"type": "Point", "coordinates": [85.2806044, 27.6853849]}}, {"type": "Feature", "properties": {"type": "yes", "id": 195860563}, "geometry": {"type": "Point", "coordinates": [85.2803756, 27.6869607]}}, {"type": "Feature", "properties": {"type": "yes", "id": 195860566}, "geometry": {"type": "Point", "coordinates": [85.2825132, 27.6856843]}}, {"type": "Feature", "properties": {"type": "yes", "id": 195860567}, "geometry": {"type": "Point", "coordinates": [85.2819245, 27.6856271]}}, {"type": "Feature", "properties": {"type": "yes", "id": 195860568}, "geometry": {"type": "Point", "coordinates": [85.2798443, 27.6878993]}}, {"type": "Feature", "properties": {"type": "yes", "id": 195860569}, "geometry": {"type": "Point", "coordinates": [85.2832715, 27.6865596]}}, {"type": "Feature", "properties": {"type": "yes", "id": 195860570}, "geometry": {"type": "Point", "coordinates": [85.2790165, 27.6886737]}}, {"type": "Feature", "properties": {"type": "yes", "id": 195860571}, "geometry": {"type": "Point", "coordinates": [85.2811608, 27.6876527]}}, {"type": "Feature", "properties": {"type": "yes", "id": 195860578}, "geometry": {"type": "Point", "coordinates": [85.2803612, 27.6856984]}}, {"type": "Feature", "properties": {"type": "yes", "id": 195860579}, "geometry": {"type": "Point", "coordinates": [85.280541, 27.6869935]}}, {"type": "Feature", "properties": {"type": "yes", "id": 195860582}, "geometry": {"type": "Point", "coordinates": [85.282715, 27.686625]}}, {"type": "Feature", "properties": {"type": "yes", "id": 195860583}, "geometry": {"type": "Point", "coordinates": [85.2796929, 27.6881244]}}, {"type": "Feature", "properties": {"type": "yes", "id": 195860585}, "geometry": {"type": "Point", "coordinates": [85.2790112, 27.6884757]}}, {"type": "Feature", "properties": {"type": "yes", "id": 195860586}, "geometry": {"type": "Point", "coordinates": [85.2814254, 27.6877537]}}, {"type": "Feature", "properties": {"type": "yes", "id": 195860589}, "geometry": {"type": "Point", "coordinates": [85.2839483, 27.6878297]}}, {"type": "Feature", "properties": {"type": "yes", "id": 195860590}, "geometry": {"type": "Point", "coordinates": [85.2802555, 27.6878507]}}, {"type": "Feature", "properties": {"type": "yes", "id": 195860592}, "geometry": {"type": "Point", "coordinates": [85.2789793, 27.6883291]}}, {"type": "Feature", "properties": {"type": "yes", "id": 195860595}, "geometry": {"type": "Point", "coordinates": [85.2805785, 27.6855359]}}, {"type": "Feature", "properties": {"type": "yes", "id": 195860596}, "geometry": {"type": "Point", "coordinates": [85.2805013, 27.6871934]}}, {"type": "Feature", "properties": {"type": "yes", "id": 195860602}, "geometry": {"type": "Point", "coordinates": [85.2796388, 27.687996]}}, {"type": "Feature", "properties": {"type": "yes", "id": 195860604}, "geometry": {"type": "Point", "coordinates": [85.2791524, 27.688275]}}, {"type": "Feature", "properties": {"type": "yes", "id": 195860609}, "geometry": {"type": "Point", "coordinates": [85.280345, 27.6877529]}}, {"type": "Feature", "properties": {"type": "yes", "id": 195860611}, "geometry": {"type": "Point", "coordinates": [85.2791024, 27.6900032]}}, {"type": "Feature", "properties": {"type": "yes", "id": 195860613}, "geometry": {"type": "Point", "coordinates": [85.2797339, 27.6878251]}}, {"type": "Feature", "properties": {"type": "yes", "id": 195860617}, "geometry": {"type": "Point", "coordinates": [85.2807193, 27.6864845]}}, {"type": "Feature", "properties": {"type": "yes", "id": 195860618}, "geometry": {"type": "Point", "coordinates": [85.2816898, 27.685754]}}, {"type": "Feature", "properties": {"type": "yes", "id": 195860619}, "geometry": {"type": "Point", "coordinates": [85.282184, 27.6867698]}}, {"type": "Feature", "properties": {"type": "yes", "id": 195860620}, "geometry": {"type": "Point", "coordinates": [85.2835822, 27.6866992]}}, {"type": "Feature", "properties": {"type": "yes", "id": 195860621}, "geometry": {"type": "Point", "coordinates": [85.2792558, 27.6879781]}}, {"type": "Feature", "properties": {"type": "residential", "building:levels": "3", "id": 195860623}, "geometry": {"type": "Point", "coordinates": [85.278953, 27.6881421]}}, {"type": "Feature", "properties": {"type": "yes", "id": 195860627}, "geometry": {"type": "Point", "coordinates": [85.2805145, 27.6882954]}}, {"type": "Feature", "properties": {"type": "yes", "id": 195860628}, "geometry": {"type": "Point", "coordinates": [85.2813076, 27.6855992]}}, {"type": "Feature", "properties": {"type": "yes", "id": 195860629}, "geometry": {"type": "Point", "coordinates": [85.279573, 27.688514]}}, {"type": "Feature", "properties": {"type": "yes", "id": 195860633}, "geometry": {"type": "Point", "coordinates": [85.2801168, 27.6868992]}}, {"type": "Feature", "properties": {"type": "yes", "id": 195860634}, "geometry": {"type": "Point", "coordinates": [85.2834263, 27.688111]}}, {"type": "Feature", "properties": {"type": "yes", "id": 195860636}, "geometry": {"type": "Point", "coordinates": [85.2809026, 27.6858068]}}, {"type": "Feature", "properties": {"type": "yes", "id": 195860637}, "geometry": {"type": "Point", "coordinates": [85.2821422, 27.6866446]}}, {"type": "Feature", "properties": {"type": "residential", "building:levels": "3", "id": 195860639}, "geometry": {"type": "Point", "coordinates": [85.2785028, 27.6879351]}}, {"type": "Feature", "properties": {"type": "residential", "building:levels": "4", "id": 195860641}, "geometry": {"type": "Point", "coordinates": [85.2790461, 27.6882364]}}, {"type": "Feature", "properties": {"type": "yes", "id": 195860643}, "geometry": {"type": "Point", "coordinates": [85.281553, 27.6867171]}}, {"type": "Feature", "properties": {"type": "yes", "id": 195860646}, "geometry": {"type": "Point", "coordinates": [85.2847278, 27.6877723]}}, {"type": "Feature", "properties": {"type": "yes", "id": 195860647}, "geometry": {"type": "Point", "coordinates": [85.280611, 27.687941]}}, {"type": "Feature", "properties": {"type": "yes", "id": 195860648}, "geometry": {"type": "Point", "coordinates": [85.2810815, 27.6856263]}}, {"type": "Feature", "properties": {"type": "yes", "id": 195860649}, "geometry": {"type": "Point", "coordinates": [85.2797328, 27.6884725]}}, {"type": "Feature", "properties": {"type": "yes", "id": 195860652}, "geometry": {"type": "Point", "coordinates": [85.2808318, 27.6847208]}}, {"type": "Feature", "properties": {"type": "yes", "id": 195860653}, "geometry": {"type": "Point", "coordinates": [85.2810865, 27.6855119]}}, {"type": "Feature", "properties": {"type": "yes", "id": 195860655}, "geometry": {"type": "Point", "coordinates": [85.281126, 27.687871]}}, {"type": "Feature", "properties": {"type": "yes", "id": 195860656}, "geometry": {"type": "Point", "coordinates": [85.2807883, 27.6842144]}}, {"type": "Feature", "properties": {"type": "residential", "building:levels": "3", "id": 195860659}, "geometry": {"type": "Point", "coordinates": [85.2785404, 27.6877813]}}, {"type": "Feature", "properties": {"type": "yes", "id": 195860666}, "geometry": {"type": "Point", "coordinates": [85.2805739, 27.6877679]}}, {"type": "Feature", "properties": {"type": "yes", "id": 195860667}, "geometry": {"type": "Point", "coordinates": [85.2809436, 27.6856889]}}, {"type": "Feature", "properties": {"type": "yes", "id": 195860669}, "geometry": {"type": "Point", "coordinates": [85.2798323, 27.6884416]}}, {"type": "Feature", "properties": {"type": "yes", "id": 195860670}, "geometry": {"type": "Point", "coordinates": [85.2795821, 27.6883633]}}, {"type": "Feature", "properties": {"type": "yes", "id": 195860672}, "geometry": {"type": "Point", "coordinates": [85.28058, 27.6848541]}}, {"type": "Feature", "properties": {"name": "Dhakal Plastic Store", "type": "retail", "id": 195860673}, "geometry": {"type": "Point", "coordinates": [85.2816802, 27.6850949]}}, {"type": "Feature", "properties": {"type": "yes", "id": 195860675}, "geometry": {"type": "Point", "coordinates": [85.2812433, 27.6878699]}}, {"type": "Feature", "properties": {"type": "yes", "id": 195860676}, "geometry": {"type": "Point", "coordinates": [85.2803773, 27.6837346]}}, {"type": "Feature", "properties": {"type": "yes", "id": 195860679}, "geometry": {"type": "Point", "coordinates": [85.2783731, 27.6877683]}}, {"type": "Feature", "properties": {"type": "yes", "id": 195860685}, "geometry": {"type": "Point", "coordinates": [85.2807444, 27.6875344]}}, {"type": "Feature", "properties": {"type": "yes", "id": 195860686}, "geometry": {"type": "Point", "coordinates": [85.2812582, 27.6857224]}}, {"type": "Feature", "properties": {"type": "yes", "id": 195860689}, "geometry": {"type": "Point", "coordinates": [85.2792985, 27.6884098]}}, {"type": "Feature", "properties": {"type": "yes", "id": 195860691}, "geometry": {"type": "Point", "coordinates": [85.2804145, 27.684821]}}, {"type": "Feature", "properties": {"type": "yes", "id": 195860693}, "geometry": {"type": "Point", "coordinates": [85.2806666, 27.6874806]}}, {"type": "Feature", "properties": {"type": "yes", "id": 195860698}, "geometry": {"type": "Point", "coordinates": [85.2782805, 27.6876643]}}, {"type": "Feature", "properties": {"type": "yes", "id": 195860708}, "geometry": {"type": "Point", "coordinates": [85.2804498, 27.6854037]}}, {"type": "Feature", "properties": {"type": "yes", "id": 195860710}, "geometry": {"type": "Point", "coordinates": [85.2803298, 27.6868343]}}, {"type": "Feature", "properties": {"type": "yes", "id": 195860712}, "geometry": {"type": "Point", "coordinates": [85.2813598, 27.6858426]}}, {"type": "Feature", "properties": {"type": "yes", "id": 195860714}, "geometry": {"type": "Point", "coordinates": [85.2808514, 27.6865863]}}, {"type": "Feature", "properties": {"type": "yes", "id": 195860716}, "geometry": {"type": "Point", "coordinates": [85.2792018, 27.6884904]}}, {"type": "Feature", "properties": {"type": "yes", "id": 195860717}, "geometry": {"type": "Point", "coordinates": [85.2813611, 27.6874925]}}, {"type": "Feature", "properties": {"type": "yes", "id": 195860722}, "geometry": {"type": "Point", "coordinates": [85.2801013, 27.685719]}}, {"type": "Feature", "properties": {"type": "yes", "id": 196092810}, "geometry": {"type": "Point", "coordinates": [85.2761647, 27.6691474]}}, {"type": "Feature", "properties": {"type": "yes", "id": 196092814}, "geometry": {"type": "Point", "coordinates": [85.2757167, 27.6689695]}}, {"type": "Feature", "properties": {"type": "yes", "id": 196092817}, "geometry": {"type": "Point", "coordinates": [85.2754985, 27.6678323]}}, {"type": "Feature", "properties": {"type": "yes", "id": 196092818}, "geometry": {"type": "Point", "coordinates": [85.2761033, 27.6690963]}}, {"type": "Feature", "properties": {"type": "yes", "id": 196092819}, "geometry": {"type": "Point", "coordinates": [85.2759914, 27.6685048]}}, {"type": "Feature", "properties": {"type": "yes", "id": 196092828}, "geometry": {"type": "Point", "coordinates": [85.2762066, 27.6693505]}}, {"type": "Feature", "properties": {"type": "yes", "id": 196092833}, "geometry": {"type": "Point", "coordinates": [85.2756676, 27.6684251]}}, {"type": "Feature", "properties": {"type": "yes", "id": 196092837}, "geometry": {"type": "Point", "coordinates": [85.2737307, 27.6671528]}}, {"type": "Feature", "properties": {"type": "yes", "id": 196092838}, "geometry": {"type": "Point", "coordinates": [85.2755562, 27.6678704]}}, {"type": "Feature", "properties": {"type": "yes", "id": 196092840}, "geometry": {"type": "Point", "coordinates": [85.2764076, 27.6688272]}}, {"type": "Feature", "properties": {"type": "yes", "id": 196092844}, "geometry": {"type": "Point", "coordinates": [85.2743052, 27.6665651]}}, {"type": "Feature", "properties": {"type": "yes", "id": 196092846}, "geometry": {"type": "Point", "coordinates": [85.2763201, 27.669175]}}, {"type": "Feature", "properties": {"type": "yes", "id": 196092848}, "geometry": {"type": "Point", "coordinates": [85.2757464, 27.6685462]}}, {"type": "Feature", "properties": {"type": "yes", "id": 196092849}, "geometry": {"type": "Point", "coordinates": [85.2750413, 27.6676242]}}, {"type": "Feature", "properties": {"type": "yes", "id": 196092850}, "geometry": {"type": "Point", "coordinates": [85.2760222, 27.6687061]}}, {"type": "Feature", "properties": {"type": "yes", "id": 196092854}, "geometry": {"type": "Point", "coordinates": [85.2755254, 27.6685585]}}, {"type": "Feature", "properties": {"type": "yes", "id": 196092857}, "geometry": {"type": "Point", "coordinates": [85.2754039, 27.6677454]}}, {"type": "Feature", "properties": {"type": "yes", "id": 196092858}, "geometry": {"type": "Point", "coordinates": [85.2758248, 27.6685285]}}, {"type": "Feature", "properties": {"type": "yes", "id": 196092861}, "geometry": {"type": "Point", "coordinates": [85.2761871, 27.6686205]}}, {"type": "Feature", "properties": {"type": "yes", "id": 196092862}, "geometry": {"type": "Point", "coordinates": [85.2757217, 27.6686332]}}, {"type": "Feature", "properties": {"type": "yes", "id": 196092863}, "geometry": {"type": "Point", "coordinates": [85.2765174, 27.6689892]}}, {"type": "Feature", "properties": {"type": "yes", "id": 196092864}, "geometry": {"type": "Point", "coordinates": [85.2761315, 27.6689452]}}, {"type": "Feature", "properties": {"type": "yes", "id": 196092865}, "geometry": {"type": "Point", "coordinates": [85.2758162, 27.6689498]}}, {"type": "Feature", "properties": {"type": "yes", "id": 196092866}, "geometry": {"type": "Point", "coordinates": [85.2761051, 27.6691895]}}, {"type": "Feature", "properties": {"type": "yes", "id": 196092867}, "geometry": {"type": "Point", "coordinates": [85.2758948, 27.6690186]}}, {"type": "Feature", "properties": {"type": "yes", "id": 196092869}, "geometry": {"type": "Point", "coordinates": [85.2756926, 27.6686727]}}, {"type": "Feature", "properties": {"type": "yes", "id": 196092870}, "geometry": {"type": "Point", "coordinates": [85.2764844, 27.668966]}}, {"type": "Feature", "properties": {"type": "yes", "id": 196092879}, "geometry": {"type": "Point", "coordinates": [85.2766323, 27.6690488]}}, {"type": "Feature", "properties": {"type": "yes", "id": 196092880}, "geometry": {"type": "Point", "coordinates": [85.2757855, 27.6684237]}}, {"type": "Feature", "properties": {"type": "yes", "id": 196092882}, "geometry": {"type": "Point", "coordinates": [85.2757423, 27.6689369]}}, {"type": "Feature", "properties": {"type": "yes", "id": 196092883}, "geometry": {"type": "Point", "coordinates": [85.2754972, 27.6685163]}}, {"type": "Feature", "properties": {"type": "yes", "id": 196092886}, "geometry": {"type": "Point", "coordinates": [85.2761373, 27.6690203]}}, {"type": "Feature", "properties": {"type": "yes", "id": 196092887}, "geometry": {"type": "Point", "coordinates": [85.2740533, 27.6657642]}}, {"type": "Feature", "properties": {"type": "yes", "id": 196092889}, "geometry": {"type": "Point", "coordinates": [85.2761231, 27.6689935]}}, {"type": "Feature", "properties": {"type": "yes", "id": 196092894}, "geometry": {"type": "Point", "coordinates": [85.2748125, 27.667428]}}, {"type": "Feature", "properties": {"type": "yes", "id": 196092895}, "geometry": {"type": "Point", "coordinates": [85.2762297, 27.6688227]}}, {"type": "Feature", "properties": {"type": "yes", "id": 196092896}, "geometry": {"type": "Point", "coordinates": [85.2766073, 27.6690712]}}, {"type": "Feature", "properties": {"type": "yes", "id": 196092897}, "geometry": {"type": "Point", "coordinates": [85.2757854, 27.6683345]}}, {"type": "Feature", "properties": {"type": "yes", "id": 196092901}, "geometry": {"type": "Point", "coordinates": [85.2762608, 27.6691341]}}, {"type": "Feature", "properties": {"type": "yes", "id": 196092905}, "geometry": {"type": "Point", "coordinates": [85.276036, 27.668848]}}, {"type": "Feature", "properties": {"type": "yes", "id": 196092907}, "geometry": {"type": "Point", "coordinates": [85.2761754, 27.669374]}}, {"type": "Feature", "properties": {"type": "yes", "id": 196092908}, "geometry": {"type": "Point", "coordinates": [85.2767389, 27.6689575]}}, {"type": "Feature", "properties": {"type": "yes", "id": 196092913}, "geometry": {"type": "Point", "coordinates": [85.2760904, 27.668684]}}, {"type": "Feature", "properties": {"type": "yes", "id": 196092914}, "geometry": {"type": "Point", "coordinates": [85.2763327, 27.6689478]}}, {"type": "Feature", "properties": {"type": "yes", "id": 196092915}, "geometry": {"type": "Point", "coordinates": [85.27603, 27.6687582]}}, {"type": "Feature", "properties": {"name": "Kiran Kirana Pasal", "type": "yes", "id": 196092916}, "geometry": {"type": "Point", "coordinates": [85.2754486, 27.6677908]}}, {"type": "Feature", "properties": {"type": "yes", "id": 196092919}, "geometry": {"type": "Point", "coordinates": [85.2739057, 27.666257]}}, {"type": "Feature", "properties": {"type": "yes", "id": 196092920}, "geometry": {"type": "Point", "coordinates": [85.2756232, 27.6688865]}}, {"type": "Feature", "properties": {"type": "yes", "id": 196092921}, "geometry": {"type": "Point", "coordinates": [85.2760069, 27.6691234]}}, {"type": "Feature", "properties": {"type": "yes", "id": 196092925}, "geometry": {"type": "Point", "coordinates": [85.2744359, 27.6673989]}}, {"type": "Feature", "properties": {"type": "yes", "id": 196092926}, "geometry": {"type": "Point", "coordinates": [85.2765559, 27.6689041]}}, {"type": "Feature", "properties": {"type": "yes", "id": 196092927}, "geometry": {"type": "Point", "coordinates": [85.2759617, 27.6691631]}}, {"type": "Feature", "properties": {"type": "yes", "id": 196092929}, "geometry": {"type": "Point", "coordinates": [85.276147, 27.6685903]}}, {"type": "Feature", "properties": {"type": "yes", "id": 196092930}, "geometry": {"type": "Point", "coordinates": [85.2752657, 27.668426]}}, {"type": "Feature", "properties": {"type": "yes", "id": 196092931}, "geometry": {"type": "Point", "coordinates": [85.2766229, 27.6688375]}}, {"type": "Feature", "properties": {"type": "yes", "id": 196092932}, "geometry": {"type": "Point", "coordinates": [85.2763342, 27.6688291]}}, {"type": "Feature", "properties": {"type": "yes", "id": 196092934}, "geometry": {"type": "Point", "coordinates": [85.2763077, 27.6690751]}}, {"type": "Feature", "properties": {"type": "yes", "id": 196092936}, "geometry": {"type": "Point", "coordinates": [85.2757333, 27.6684751]}}, {"type": "Feature", "properties": {"type": "yes", "id": 196092938}, "geometry": {"type": "Point", "coordinates": [85.2763743, 27.6692322]}}, {"type": "Feature", "properties": {"type": "yes", "id": 196092939}, "geometry": {"type": "Point", "coordinates": [85.2759169, 27.6684377]}}, {"type": "Feature", "properties": {"type": "yes", "id": 196092942}, "geometry": {"type": "Point", "coordinates": [85.2762336, 27.6691084]}}, {"type": "Feature", "properties": {"type": "yes", "id": 196092943}, "geometry": {"type": "Point", "coordinates": [85.2759069, 27.6687379]}}, {"type": "Feature", "properties": {"type": "yes", "id": 196092946}, "geometry": {"type": "Point", "coordinates": [85.2765015, 27.6691466]}}, {"type": "Feature", "properties": {"type": "yes", "id": 196092949}, "geometry": {"type": "Point", "coordinates": [85.2762506, 27.6692399]}}, {"type": "Feature", "properties": {"type": "yes", "id": 196092955}, "geometry": {"type": "Point", "coordinates": [85.2739156, 27.6666394]}}, {"type": "Feature", "properties": {"type": "yes", "id": 196092956}, "geometry": {"type": "Point", "coordinates": [85.2758123, 27.6688504]}}, {"type": "Feature", "properties": {"type": "yes", "id": 196092957}, "geometry": {"type": "Point", "coordinates": [85.2760855, 27.6687996]}}, {"type": "Feature", "properties": {"type": "yes", "id": 196092958}, "geometry": {"type": "Point", "coordinates": [85.2758846, 27.6689005]}}, {"type": "Feature", "properties": {"type": "yes", "id": 196092959}, "geometry": {"type": "Point", "coordinates": [85.2764149, 27.669204]}}, {"type": "Feature", "properties": {"type": "yes", "id": 196092960}, "geometry": {"type": "Point", "coordinates": [85.2759415, 27.6690564]}}, {"type": "Feature", "properties": {"type": "yes", "id": 196092967}, "geometry": {"type": "Point", "coordinates": [85.2753606, 27.667705]}}, {"type": "Feature", "properties": {"type": "yes", "id": 196092968}, "geometry": {"type": "Point", "coordinates": [85.2758927, 27.6687551]}}, {"type": "Feature", "properties": {"type": "yes", "id": 196092972}, "geometry": {"type": "Point", "coordinates": [85.2765715, 27.6690387]}}, {"type": "Feature", "properties": {"type": "yes", "id": 196092978}, "geometry": {"type": "Point", "coordinates": [85.2767136, 27.6689794]}}, {"type": "Feature", "properties": {"type": "yes", "id": 196092980}, "geometry": {"type": "Point", "coordinates": [85.2756876, 27.668601]}}, {"type": "Feature", "properties": {"type": "yes", "id": 196092982}, "geometry": {"type": "Point", "coordinates": [85.2752857, 27.6676761]}}, {"type": "Feature", "properties": {"type": "yes", "id": 196092984}, "geometry": {"type": "Point", "coordinates": [85.2763905, 27.6687755]}}, {"type": "Feature", "properties": {"type": "yes", "id": 196277527}, "geometry": {"type": "Point", "coordinates": [85.2761125, 27.6687072]}}, {"type": "Feature", "properties": {"type": "yes", "id": 196277531}, "geometry": {"type": "Point", "coordinates": [85.2762537, 27.6689078]}}, {"type": "Feature", "properties": {"type": "yes", "id": 196277533}, "geometry": {"type": "Point", "coordinates": [85.2762479, 27.6694261]}}, {"type": "Feature", "properties": {"type": "yes", "id": 196277535}, "geometry": {"type": "Point", "coordinates": [85.2763063, 27.6687103]}}, {"type": "Feature", "properties": {"type": "yes", "id": 196277537}, "geometry": {"type": "Point", "coordinates": [85.2754729, 27.668542]}}, {"type": "Feature", "properties": {"type": "yes", "id": 196277538}, "geometry": {"type": "Point", "coordinates": [85.2756349, 27.6688548]}}, {"type": "Feature", "properties": {"type": "yes", "id": 196277539}, "geometry": {"type": "Point", "coordinates": [85.2758632, 27.6686344]}}, {"type": "Feature", "properties": {"type": "yes", "id": 196277540}, "geometry": {"type": "Point", "coordinates": [85.2758367, 27.6688228]}}, {"type": "Feature", "properties": {"type": "yes", "id": 196277541}, "geometry": {"type": "Point", "coordinates": [85.276252, 27.6689682]}}, {"type": "Feature", "properties": {"type": "yes", "id": 196277542}, "geometry": {"type": "Point", "coordinates": [85.2764043, 27.6695565]}}, {"type": "Feature", "properties": {"type": "yes", "id": 196277543}, "geometry": {"type": "Point", "coordinates": [85.276279, 27.6686897]}}, {"type": "Feature", "properties": {"type": "yes", "id": 196277544}, "geometry": {"type": "Point", "coordinates": [85.2763336, 27.6692604]}}, {"type": "Feature", "properties": {"type": "yes", "id": 196277546}, "geometry": {"type": "Point", "coordinates": [85.2754855, 27.6685927]}}, {"type": "Feature", "properties": {"type": "yes", "id": 196277547}, "geometry": {"type": "Point", "coordinates": [85.2756446, 27.6687013]}}, {"type": "Feature", "properties": {"type": "yes", "id": 196277548}, "geometry": {"type": "Point", "coordinates": [85.2743124, 27.6671881]}}, {"type": "Feature", "properties": {"type": "yes", "id": 196277549}, "geometry": {"type": "Point", "coordinates": [85.2758756, 27.668478]}}, {"type": "Feature", "properties": {"type": "yes", "id": 196277550}, "geometry": {"type": "Point", "coordinates": [85.2759713, 27.6688009]}}, {"type": "Feature", "properties": {"type": "yes", "id": 196277551}, "geometry": {"type": "Point", "coordinates": [85.2749953, 27.6675969]}}, {"type": "Feature", "properties": {"type": "yes", "id": 196277552}, "geometry": {"type": "Point", "coordinates": [85.2760777, 27.6692104]}}, {"type": "Feature", "properties": {"type": "yes", "id": 196277553}, "geometry": {"type": "Point", "coordinates": [85.2760574, 27.6686677]}}, {"type": "Feature", "properties": {"type": "yes", "id": 196277555}, "geometry": {"type": "Point", "coordinates": [85.2764027, 27.66903]}}, {"type": "Feature", "properties": {"type": "yes", "id": 196277556}, "geometry": {"type": "Point", "coordinates": [85.2765414, 27.6690061]}}, {"type": "Feature", "properties": {"type": "yes", "id": 196277557}, "geometry": {"type": "Point", "coordinates": [85.2763258, 27.6690921]}}, {"type": "Feature", "properties": {"type": "yes", "id": 196277558}, "geometry": {"type": "Point", "coordinates": [85.2736417, 27.6663685]}}, {"type": "Feature", "properties": {"type": "yes", "id": 196277559}, "geometry": {"type": "Point", "coordinates": [85.2759629, 27.6684689]}}, {"type": "Feature", "properties": {"type": "yes", "id": 196277560}, "geometry": {"type": "Point", "coordinates": [85.2761978, 27.6691944]}}, {"type": "Feature", "properties": {"type": "yes", "id": 196277561}, "geometry": {"type": "Point", "coordinates": [85.2763224, 27.6688807]}}, {"type": "Feature", "properties": {"type": "yes", "id": 196277562}, "geometry": {"type": "Point", "coordinates": [85.2755131, 27.6685292]}}, {"type": "Feature", "properties": {"type": "yes", "id": 196277563}, "geometry": {"type": "Point", "coordinates": [85.2742609, 27.6671035]}}, {"type": "Feature", "properties": {"type": "yes", "id": 196277564}, "geometry": {"type": "Point", "coordinates": [85.2758965, 27.668589]}}, {"type": "Feature", "properties": {"type": "yes", "id": 196277565}, "geometry": {"type": "Point", "coordinates": [85.2760172, 27.6688883]}}, {"type": "Feature", "properties": {"type": "yes", "id": 196277566}, "geometry": {"type": "Point", "coordinates": [85.2762395, 27.6696848]}}, {"type": "Feature", "properties": {"type": "yes", "id": 196277567}, "geometry": {"type": "Point", "coordinates": [85.2748968, 27.6672669]}}, {"type": "Feature", "properties": {"type": "yes", "id": 196277568}, "geometry": {"type": "Point", "coordinates": [85.2757766, 27.6688915]}}, {"type": "Feature", "properties": {"type": "yes", "id": 196277569}, "geometry": {"type": "Point", "coordinates": [85.2760915, 27.6689366]}}, {"type": "Feature", "properties": {"type": "yes", "id": 196277570}, "geometry": {"type": "Point", "coordinates": [85.2763683, 27.6689894]}}, {"type": "Feature", "properties": {"type": "yes", "id": 196277571}, "geometry": {"type": "Point", "coordinates": [85.2756168, 27.6683875]}}, {"type": "Feature", "properties": {"type": "yes", "id": 196277572}, "geometry": {"type": "Point", "coordinates": [85.2756952, 27.6688195]}}, {"type": "Feature", "properties": {"type": "yes", "id": 196277573}, "geometry": {"type": "Point", "coordinates": [85.2757042, 27.6684534]}}, {"type": "Feature", "properties": {"type": "yes", "id": 196277574}, "geometry": {"type": "Point", "coordinates": [85.2767276, 27.6689044]}}, {"type": "Feature", "properties": {"type": "yes", "id": 196277575}, "geometry": {"type": "Point", "coordinates": [85.2758283, 27.66837]}}, {"type": "Feature", "properties": {"type": "yes", "id": 196277576}, "geometry": {"type": "Point", "coordinates": [85.2758785, 27.6687723]}}, {"type": "Feature", "properties": {"type": "yes", "id": 196277577}, "geometry": {"type": "Point", "coordinates": [85.2759665, 27.6690959]}}, {"type": "Feature", "properties": {"type": "yes", "id": 196277579}, "geometry": {"type": "Point", "coordinates": [85.2761681, 27.6690449]}}, {"type": "Feature", "properties": {"type": "yes", "id": 196277580}, "geometry": {"type": "Point", "coordinates": [85.2762526, 27.6697337]}}, {"type": "Feature", "properties": {"type": "yes", "id": 196277581}, "geometry": {"type": "Point", "coordinates": [85.2763329, 27.6687304]}}, {"type": "Feature", "properties": {"type": "yes", "id": 196277582}, "geometry": {"type": "Point", "coordinates": [85.2762872, 27.6694676]}}, {"type": "Feature", "properties": {"type": "yes", "id": 196277583}, "geometry": {"type": "Point", "coordinates": [85.2756355, 27.6687363]}}, {"type": "Feature", "properties": {"type": "yes", "id": 196277584}, "geometry": {"type": "Point", "coordinates": [85.2741917, 27.6672273]}}, {"type": "Feature", "properties": {"type": "yes", "id": 196277585}, "geometry": {"type": "Point", "coordinates": [85.2746623, 27.667391]}}, {"type": "Feature", "properties": {"type": "yes", "id": 196277586}, "geometry": {"type": "Point", "coordinates": [85.2759361, 27.6685468]}}, {"type": "Feature", "properties": {"type": "yes", "id": 196277587}, "geometry": {"type": "Point", "coordinates": [85.2761791, 27.6697126]}}, {"type": "Feature", "properties": {"type": "yes", "id": 196277588}, "geometry": {"type": "Point", "coordinates": [85.2751831, 27.6676348]}}, {"type": "Feature", "properties": {"type": "yes", "id": 196277589}, "geometry": {"type": "Point", "coordinates": [85.2762083, 27.6690849]}}, {"type": "Feature", "properties": {"type": "yes", "id": 196277590}, "geometry": {"type": "Point", "coordinates": [85.2763178, 27.6696893]}}, {"type": "Feature", "properties": {"type": "yes", "id": 196277591}, "geometry": {"type": "Point", "coordinates": [85.2764635, 27.6691019]}}, {"type": "Feature", "properties": {"type": "yes", "id": 196277592}, "geometry": {"type": "Point", "coordinates": [85.2761802, 27.6688038]}}, {"type": "Feature", "properties": {"type": "yes", "id": 196277593}, "geometry": {"type": "Point", "coordinates": [85.2756551, 27.6688332]}}, {"type": "Feature", "properties": {"type": "yes", "id": 196277595}, "geometry": {"type": "Point", "coordinates": [85.2767695, 27.6689307]}}, {"type": "Feature", "properties": {"type": "yes", "id": 196277596}, "geometry": {"type": "Point", "coordinates": [85.273952, 27.6654856]}}, {"type": "Feature", "properties": {"type": "yes", "id": 196277597}, "geometry": {"type": "Point", "coordinates": [85.2763717, 27.6695797]}}, {"type": "Feature", "properties": {"type": "yes", "id": 196277598}, "geometry": {"type": "Point", "coordinates": [85.2760406, 27.6685919]}}, {"type": "Feature", "properties": {"type": "yes", "id": 196277599}, "geometry": {"type": "Point", "coordinates": [85.2762878, 27.6692922]}}, {"type": "Feature", "properties": {"type": "yes", "id": 196277600}, "geometry": {"type": "Point", "coordinates": [85.2754676, 27.6685495]}}, {"type": "Feature", "properties": {"type": "yes", "id": 196277601}, "geometry": {"type": "Point", "coordinates": [85.2756748, 27.6687253]}}, {"type": "Feature", "properties": {"type": "yes", "id": 196277602}, "geometry": {"type": "Point", "coordinates": [85.2737698, 27.6672331]}}, {"type": "Feature", "properties": {"type": "yes", "id": 196277603}, "geometry": {"type": "Point", "coordinates": [85.2744911, 27.6672643]}}, {"type": "Feature", "properties": {"type": "yes", "id": 196277604}, "geometry": {"type": "Point", "coordinates": [85.2758218, 27.6686759]}}, {"type": "Feature", "properties": {"type": "yes", "id": 196277605}, "geometry": {"type": "Point", "coordinates": [85.2760766, 27.6686466]}}, {"type": "Feature", "properties": {"type": "yes", "id": 196277606}, "geometry": {"type": "Point", "coordinates": [85.2761969, 27.6689287]}}, {"type": "Feature", "properties": {"type": "yes", "id": 196277607}, "geometry": {"type": "Point", "coordinates": [85.2764341, 27.6690671]}}, {"type": "Feature", "properties": {"type": "yes", "id": 196277608}, "geometry": {"type": "Point", "coordinates": [85.2761924, 27.6694721]}}, {"type": "Feature", "properties": {"type": "yes", "id": 196277609}, "geometry": {"type": "Point", "coordinates": [85.2762504, 27.6686683]}}, {"type": "Feature", "properties": {"type": "yes", "id": 196277610}, "geometry": {"type": "Point", "coordinates": [85.2764552, 27.6691766]}}, {"type": "Feature", "properties": {"type": "yes", "id": 196277611}, "geometry": {"type": "Point", "coordinates": [85.2754347, 27.6686584]}}, {"type": "Feature", "properties": {"type": "yes", "id": 196277612}, "geometry": {"type": "Point", "coordinates": [85.2766673, 27.6688561]}}, {"type": "Feature", "properties": {"type": "yes", "id": 196277613}, "geometry": {"type": "Point", "coordinates": [85.2756673, 27.6678922]}}, {"type": "Feature", "properties": {"type": "yes", "id": 196277614}, "geometry": {"type": "Point", "coordinates": [85.2763277, 27.6695114]}}, {"type": "Feature", "properties": {"type": "yes", "id": 196277615}, "geometry": {"type": "Point", "coordinates": [85.2754771, 27.6685379]}}, {"type": "Feature", "properties": {"type": "yes", "id": 196277616}, "geometry": {"type": "Point", "coordinates": [85.2755753, 27.6689158]}}, {"type": "Feature", "properties": {"type": "yes", "id": 196277617}, "geometry": {"type": "Point", "coordinates": [85.274841, 27.6675264]}}, {"type": "Feature", "properties": {"type": "yes", "id": 196277618}, "geometry": {"type": "Point", "coordinates": [85.2757783, 27.6687195]}}, {"type": "Feature", "properties": {"type": "yes", "id": 196277619}, "geometry": {"type": "Point", "coordinates": [85.2766887, 27.6690009]}}, {"type": "Feature", "properties": {"type": "yes", "id": 196277620}, "geometry": {"type": "Point", "coordinates": [85.2737527, 27.667186]}}, {"type": "Feature", "properties": {"type": "yes", "id": 196277621}, "geometry": {"type": "Point", "coordinates": [85.2757444, 27.6687697]}}, {"type": "Feature", "properties": {"type": "yes", "id": 196277622}, "geometry": {"type": "Point", "coordinates": [85.2762188, 27.6686445]}}, {"type": "Feature", "properties": {"type": "yes", "id": 196277623}, "geometry": {"type": "Point", "coordinates": [85.2763082, 27.6696063]}}, {"type": "Feature", "properties": {"type": "yes", "id": 196277624}, "geometry": {"type": "Point", "coordinates": [85.2751571, 27.6686707]}}, {"type": "Feature", "properties": {"type": "yes", "id": 196277625}, "geometry": {"type": "Point", "coordinates": [85.2766971, 27.6688811]}}, {"type": "Feature", "properties": {"type": "yes", "id": 196277626}, "geometry": {"type": "Point", "coordinates": [85.2743806, 27.6663837]}}, {"type": "Feature", "properties": {"type": "yes", "id": 196277627}, "geometry": {"type": "Point", "coordinates": [85.2758709, 27.6684031]}}, {"type": "Feature", "properties": {"type": "yes", "id": 196277628}, "geometry": {"type": "Point", "coordinates": [85.2756214, 27.6678843]}}, {"type": "Feature", "properties": {"type": "yes", "id": 196277629}, "geometry": {"type": "Point", "coordinates": [85.2759538, 27.6688447]}}, {"type": "Feature", "properties": {"type": "yes", "id": 196277630}, "geometry": {"type": "Point", "coordinates": [85.2760544, 27.668733]}}, {"type": "Feature", "properties": {"type": "yes", "id": 196277631}, "geometry": {"type": "Point", "coordinates": [85.2756033, 27.6685259]}}, {"type": "Feature", "properties": {"type": "yes", "id": 196277632}, "geometry": {"type": "Point", "coordinates": [85.2755507, 27.6687408]}}, {"type": "Feature", "properties": {"type": "yes", "id": 196277633}, "geometry": {"type": "Point", "coordinates": [85.2762875, 27.669056]}}, {"type": "Feature", "properties": {"type": "yes", "id": 196277634}, "geometry": {"type": "Point", "coordinates": [85.2766613, 27.669025]}}, {"type": "Feature", "properties": {"type": "yes", "id": 196277635}, "geometry": {"type": "Point", "coordinates": [85.2740405, 27.6665259]}}, {"type": "Feature", "properties": {"type": "yes", "id": 196277636}, "geometry": {"type": "Point", "coordinates": [85.2757129, 27.6687896]}}, {"type": "Feature", "properties": {"type": "yes", "id": 196277637}, "geometry": {"type": "Point", "coordinates": [85.2763656, 27.669663]}}, {"type": "Feature", "properties": {"type": "yes", "id": 196277638}, "geometry": {"type": "Point", "coordinates": [85.2758601, 27.6687945]}}, {"type": "Feature", "properties": {"type": "yes", "id": 196277639}, "geometry": {"type": "Point", "coordinates": [85.2761604, 27.669496]}}, {"type": "Feature", "properties": {"type": "yes", "id": 196633571}, "geometry": {"type": "Point", "coordinates": [85.2816715, 27.6727343]}}, {"type": "Feature", "properties": {"type": "yes", "id": 196633572}, "geometry": {"type": "Point", "coordinates": [85.2821483, 27.6721931]}}, {"type": "Feature", "properties": {"type": "yes", "id": 196633573}, "geometry": {"type": "Point", "coordinates": [85.2811992, 27.6727548]}}, {"type": "Feature", "properties": {"type": "yes", "id": 196633574}, "geometry": {"type": "Point", "coordinates": [85.2818699, 27.6727409]}}, {"type": "Feature", "properties": {"type": "yes", "id": 196633576}, "geometry": {"type": "Point", "coordinates": [85.2808307, 27.6724177]}}, {"type": "Feature", "properties": {"type": "yes", "id": 196633577}, "geometry": {"type": "Point", "coordinates": [85.2818518, 27.6721979]}}, {"type": "Feature", "properties": {"type": "yes", "id": 196633578}, "geometry": {"type": "Point", "coordinates": [85.2819756, 27.6721991]}}, {"type": "Feature", "properties": {"type": "yes", "id": 196633579}, "geometry": {"type": "Point", "coordinates": [85.2812315, 27.6723937]}}, {"type": "Feature", "properties": {"type": "yes", "id": 196633580}, "geometry": {"type": "Point", "coordinates": [85.280381, 27.6724389]}}, {"type": "Feature", "properties": {"type": "residential", "id": 196634142}, "geometry": {"type": "Point", "coordinates": [85.2824146, 27.6705144]}}, {"type": "Feature", "properties": {"type": "residential", "id": 196634143}, "geometry": {"type": "Point", "coordinates": [85.2822068, 27.6699684]}}, {"type": "Feature", "properties": {"type": "residential", "id": 196634144}, "geometry": {"type": "Point", "coordinates": [85.2821222, 27.6699799]}}, {"type": "Feature", "properties": {"type": "yes", "id": 196634145}, "geometry": {"type": "Point", "coordinates": [85.2829471, 27.6696687]}}, {"type": "Feature", "properties": {"type": "house", "id": 196634146}, "geometry": {"type": "Point", "coordinates": [85.2825348, 27.6700729]}}, {"type": "Feature", "properties": {"type": "yes", "id": 196634147}, "geometry": {"type": "Point", "coordinates": [85.283393, 27.6695975]}}, {"type": "Feature", "properties": {"type": "yes", "id": 196634148}, "geometry": {"type": "Point", "coordinates": [85.2835161, 27.6695499]}}, {"type": "Feature", "properties": {"type": "yes", "id": 196634149}, "geometry": {"type": "Point", "coordinates": [85.2813909, 27.6700813]}}, {"type": "Feature", "properties": {"type": "yes", "id": 196634150}, "geometry": {"type": "Point", "coordinates": [85.2830835, 27.6695871]}}, {"type": "Feature", "properties": {"type": "yes", "id": 196634151}, "geometry": {"type": "Point", "coordinates": [85.2828145, 27.6696923]}}, {"type": "Feature", "properties": {"type": "yes", "id": 196634152}, "geometry": {"type": "Point", "coordinates": [85.2823765, 27.6700785]}}, {"type": "Feature", "properties": {"type": "residential", "id": 196634153}, "geometry": {"type": "Point", "coordinates": [85.2822795, 27.6706869]}}, {"type": "Feature", "properties": {"type": "yes", "id": 196810772}, "geometry": {"type": "Point", "coordinates": [85.2759131, 27.6676146]}}, {"type": "Feature", "properties": {"type": "yes", "id": 196810773}, "geometry": {"type": "Point", "coordinates": [85.2756012, 27.6675395]}}, {"type": "Feature", "properties": {"type": "yes", "id": 196810774}, "geometry": {"type": "Point", "coordinates": [85.2758185, 27.6675886]}}, {"type": "Feature", "properties": {"type": "yes", "id": 196810775}, "geometry": {"type": "Point", "coordinates": [85.2757053, 27.6675552]}}, {"type": "Feature", "properties": {"type": "yes", "id": 196833774}, "geometry": {"type": "Point", "coordinates": [85.3394721, 27.6734822]}}, {"type": "Feature", "properties": {"type": "yes", "id": 198110723}, "geometry": {"type": "Point", "coordinates": [85.3221145, 27.6946921]}}, {"type": "Feature", "properties": {"type": "yes", "id": 198110724}, "geometry": {"type": "Point", "coordinates": [85.3222304, 27.6945034]}}, {"type": "Feature", "properties": {"type": "yes", "id": 198110725}, "geometry": {"type": "Point", "coordinates": [85.3212019, 27.6947441]}}, {"type": "Feature", "properties": {"type": "yes", "id": 198110726}, "geometry": {"type": "Point", "coordinates": [85.3223428, 27.6941066]}}, {"type": "Feature", "properties": {"type": "yes", "id": 198110727}, "geometry": {"type": "Point", "coordinates": [85.3216805, 27.694618]}}, {"type": "Feature", "properties": {"type": "yes", "id": 198110728}, "geometry": {"type": "Point", "coordinates": [85.3218883, 27.6947013]}}, {"type": "Feature", "properties": {"type": "yes", "id": 198110729}, "geometry": {"type": "Point", "coordinates": [85.3225743, 27.6937545]}}, {"type": "Feature", "properties": {"type": "yes", "id": 198110730}, "geometry": {"type": "Point", "coordinates": [85.3213681, 27.6946042]}}, {"type": "Feature", "properties": {"type": "yes", "id": 198110731}, "geometry": {"type": "Point", "coordinates": [85.3222584, 27.6946603]}}, {"type": "Feature", "properties": {"type": "yes", "id": 198110732}, "geometry": {"type": "Point", "coordinates": [85.3219511, 27.6945475]}}, {"type": "Feature", "properties": {"name": "Annapurna Neurological Institute and Allied Sciences", "type": "hospital", "building:levels": "6", "id": 198110733}, "geometry": {"type": "Point", "coordinates": [85.3215546, 27.6948077]}}, {"type": "Feature", "properties": {"type": "yes", "id": 198110734}, "geometry": {"type": "Point", "coordinates": [85.3224758, 27.6941826]}}, {"type": "Feature", "properties": {"type": "yes", "id": 198110735}, "geometry": {"type": "Point", "coordinates": [85.3219983, 27.6947056]}}, {"type": "Feature", "properties": {"type": "yes", "id": 198110736}, "geometry": {"type": "Point", "coordinates": [85.3228104, 27.6934632]}}, {"type": "Feature", "properties": {"type": "government", "building:levels": "3", "id": 198723146}, "geometry": {"type": "Point", "coordinates": [85.3213354, 27.6990755]}}, {"type": "Feature", "properties": {"type": "commercial", "building:levels": "3", "id": 198723147}, "geometry": {"type": "Point", "coordinates": [85.3205597, 27.6992117]}}, {"type": "Feature", "properties": {"type": "yes", "id": 199430782}, "geometry": {"type": "Point", "coordinates": [85.3238274, 27.6470975]}}, {"type": "Feature", "properties": {"name": "3/469", "type": "yes", "id": 199477822}, "geometry": {"type": "Point", "coordinates": [85.318238, 27.677168]}}, {"type": "Feature", "properties": {"name": "Taleju Bell", "type": "yes", "height": "4.4", "id": 199775523}, "geometry": {"type": "Point", "coordinates": [85.3249068, 27.6730384]}}, {"type": "Feature", "properties": {"name": "Homestay Nepal", "type": "yes", "id": 200117916}, "geometry": {"type": "Point", "coordinates": [85.2686256, 27.6598548]}}, {"type": "Feature", "properties": {"type": "yes", "id": 200132130}, "geometry": {"type": "Point", "coordinates": [85.2845881, 27.6829835]}}, {"type": "Feature", "properties": {"type": "yes", "id": 200132131}, "geometry": {"type": "Point", "coordinates": [85.2832159, 27.6826643]}}, {"type": "Feature", "properties": {"name": "Free student union Building", "type": "yes", "id": 200132132}, "geometry": {"type": "Point", "coordinates": [85.2829154, 27.6811128]}}, {"type": "Feature", "properties": {"name": "Curriculum Resource Center", "type": "yes", "id": 200132133}, "geometry": {"type": "Point", "coordinates": [85.2837732, 27.6821895]}}, {"type": "Feature", "properties": {"name": "Departmernt of Special Studies", "type": "yes", "id": 200132134}, "geometry": {"type": "Point", "coordinates": [85.2834565, 27.6816922]}}, {"type": "Feature", "properties": {"name": "M.Phil Central Department of Economics", "type": "yes", "id": 200132136}, "geometry": {"type": "Point", "coordinates": [85.2828718, 27.6812964]}}, {"type": "Feature", "properties": {"type": "yes", "id": 200132137}, "geometry": {"type": "Point", "coordinates": [85.2838228, 27.6817388]}}, {"type": "Feature", "properties": {"name": "Central Department of Nepali History and Archaelogy,Geography", "type": "yes", "id": 200132138}, "geometry": {"type": "Point", "coordinates": [85.2828613, 27.6798474]}}, {"type": "Feature", "properties": {"type": "yes", "id": 200132139}, "geometry": {"type": "Point", "coordinates": [85.283423, 27.6822508]}}, {"type": "Feature", "properties": {"type": "yes", "id": 200132140}, "geometry": {"type": "Point", "coordinates": [85.2840119, 27.6819598]}}, {"type": "Feature", "properties": {"name": "Central Department of Psychology and History", "type": "university", "id": 200132141}, "geometry": {"type": "Point", "coordinates": [85.2826635, 27.6803248]}}, {"type": "Feature", "properties": {"name": "Tribhuvan university service commission", "type": "yes", "id": 200132142}, "geometry": {"type": "Point", "coordinates": [85.2835932, 27.6824584]}}, {"type": "Feature", "properties": {"type": "yes", "id": 200132143}, "geometry": {"type": "Point", "coordinates": [85.2830604, 27.6824263]}}, {"type": "Feature", "properties": {"name": "Central Department of Buddhist Studies", "type": "yes", "id": 200132147}, "geometry": {"type": "Point", "coordinates": [85.2828937, 27.6804748]}}, {"type": "Feature", "properties": {"name": "Central Department of Economics", "type": "yes", "id": 200132148}, "geometry": {"type": "Point", "coordinates": [85.2828868, 27.6814644]}}, {"type": "Feature", "properties": {"type": "yes", "id": 200132149}, "geometry": {"type": "Point", "coordinates": [85.2831101, 27.6821407]}}, {"type": "Feature", "properties": {"name": "Admisnistrative Block", "type": "yes", "id": 200132150}, "geometry": {"type": "Point", "coordinates": [85.2841665, 27.6816905]}}, {"type": "Feature", "properties": {"type": "yes", "id": 200132151}, "geometry": {"type": "Point", "coordinates": [85.2828251, 27.6797183]}}, {"type": "Feature", "properties": {"name": "Central Department of Sociology and Anthropology", "type": "yes", "id": 200132152}, "geometry": {"type": "Point", "coordinates": [85.2826865, 27.6800558]}}, {"type": "Feature", "properties": {"name": "TU Tennis Hall", "type": "yes", "id": 200132153}, "geometry": {"type": "Point", "coordinates": [85.2832624, 27.6819084]}}, {"type": "Feature", "properties": {"name": "Central Department of English", "type": "university", "id": 200132154}, "geometry": {"type": "Point", "coordinates": [85.2826967, 27.6806566]}}, {"type": "Feature", "properties": {"name": "Central Department of English", "type": "university", "id": 200132156}, "geometry": {"type": "Point", "coordinates": [85.2821651, 27.6804827]}}, {"type": "Feature", "properties": {"name": "Central Department of Fine Arts", "type": "college", "building:levels": "2", "id": 200132157}, "geometry": {"type": "Point", "coordinates": [85.2832528, 27.6793786]}}, {"type": "Feature", "properties": {"type": "yes", "id": 200400031}, "geometry": {"type": "Point", "coordinates": [85.3151302, 27.6887539]}}, {"type": "Feature", "properties": {"type": "retail", "id": 200400032}, "geometry": {"type": "Point", "coordinates": [85.3150706, 27.6885811]}}, {"type": "Feature", "properties": {"type": "yes", "id": 200400034}, "geometry": {"type": "Point", "coordinates": [85.3263941, 27.6883426]}}, {"type": "Feature", "properties": {"type": "yes", "id": 200562401}, "geometry": {"type": "Point", "coordinates": [85.3031768, 27.6504451]}}, {"type": "Feature", "properties": {"name": "Council of Former Public Servants of Nepal", "type": "yes", "id": 200562406}, "geometry": {"type": "Point", "coordinates": [85.3042061, 27.6517072]}}, {"type": "Feature", "properties": {"type": "yes", "id": 200562409}, "geometry": {"type": "Point", "coordinates": [85.3034612, 27.6509719]}}, {"type": "Feature", "properties": {"type": "yes", "id": 200562410}, "geometry": {"type": "Point", "coordinates": [85.3031961, 27.6517265]}}, {"type": "Feature", "properties": {"type": "yes", "id": 200562411}, "geometry": {"type": "Point", "coordinates": [85.3041076, 27.651475]}}, {"type": "Feature", "properties": {"type": "yes", "id": 200562414}, "geometry": {"type": "Point", "coordinates": [85.3032321, 27.6511335]}}, {"type": "Feature", "properties": {"type": "yes", "id": 200562416}, "geometry": {"type": "Point", "coordinates": [85.3030014, 27.6517538]}}, {"type": "Feature", "properties": {"type": "yes", "building:levels": "3", "id": 200562417}, "geometry": {"type": "Point", "coordinates": [85.3036613, 27.6511766]}}, {"type": "Feature", "properties": {"type": "yes", "id": 200562418}, "geometry": {"type": "Point", "coordinates": [85.3041213, 27.6516082]}}, {"type": "Feature", "properties": {"type": "yes", "id": 200562419}, "geometry": {"type": "Point", "coordinates": [85.3025541, 27.6512268]}}, {"type": "Feature", "properties": {"type": "yes", "id": 200562421}, "geometry": {"type": "Point", "coordinates": [85.3033721, 27.6508554]}}, {"type": "Feature", "properties": {"type": "yes", "building:levels": "3", "id": 200562423}, "geometry": {"type": "Point", "coordinates": [85.3036915, 27.6514771]}}, {"type": "Feature", "properties": {"type": "yes", "id": 200562424}, "geometry": {"type": "Point", "coordinates": [85.3033734, 27.6506529]}}, {"type": "Feature", "properties": {"type": "yes", "id": 200562427}, "geometry": {"type": "Point", "coordinates": [85.303966, 27.6513056]}}, {"type": "Feature", "properties": {"type": "yes", "id": 200562429}, "geometry": {"type": "Point", "coordinates": [85.3026522, 27.6514393]}}, {"type": "Feature", "properties": {"type": "yes", "id": 200562430}, "geometry": {"type": "Point", "coordinates": [85.3028924, 27.6518191]}}, {"type": "Feature", "properties": {"type": "yes", "id": 200562434}, "geometry": {"type": "Point", "coordinates": [85.3036033, 27.6518673]}}, {"type": "Feature", "properties": {"type": "yes", "id": 200562435}, "geometry": {"type": "Point", "coordinates": [85.3028008, 27.6512889]}}, {"type": "Feature", "properties": {"type": "yes", "id": 200562438}, "geometry": {"type": "Point", "coordinates": [85.3031414, 27.6506488]}}, {"type": "Feature", "properties": {"type": "yes", "id": 200562439}, "geometry": {"type": "Point", "coordinates": [85.303277, 27.6515894]}}, {"type": "Feature", "properties": {"type": "yes", "id": 200562440}, "geometry": {"type": "Point", "coordinates": [85.3034155, 27.6524721]}}, {"type": "Feature", "properties": {"type": "yes", "id": 200562441}, "geometry": {"type": "Point", "coordinates": [85.3029911, 27.6515524]}}, {"type": "Feature", "properties": {"type": "yes", "id": 200562442}, "geometry": {"type": "Point", "coordinates": [85.3028808, 27.6516094]}}, {"type": "Feature", "properties": {"type": "yes", "id": 200564110}, "geometry": {"type": "Point", "coordinates": [85.2993422, 27.6552277]}}, {"type": "Feature", "properties": {"type": "yes", "id": 200564111}, "geometry": {"type": "Point", "coordinates": [85.2988507, 27.6553887]}}, {"type": "Feature", "properties": {"type": "yes", "id": 200564112}, "geometry": {"type": "Point", "coordinates": [85.2996996, 27.6549834]}}, {"type": "Feature", "properties": {"type": "yes", "id": 200564113}, "geometry": {"type": "Point", "coordinates": [85.2989369, 27.6554205]}}, {"type": "Feature", "properties": {"type": "yes", "id": 200564114}, "geometry": {"type": "Point", "coordinates": [85.3002808, 27.6553649]}}, {"type": "Feature", "properties": {"type": "yes", "id": 200564115}, "geometry": {"type": "Point", "coordinates": [85.2992689, 27.6555417]}}, {"type": "Feature", "properties": {"type": "yes", "id": 200564116}, "geometry": {"type": "Point", "coordinates": [85.299079, 27.6549087]}}, {"type": "Feature", "properties": {"type": "yes", "id": 200564117}, "geometry": {"type": "Point", "coordinates": [85.2995993, 27.6549434]}}, {"type": "Feature", "properties": {"type": "yes", "id": 200564118}, "geometry": {"type": "Point", "coordinates": [85.3001366, 27.6552961]}}, {"type": "Feature", "properties": {"type": "yes", "id": 200564119}, "geometry": {"type": "Point", "coordinates": [85.298659, 27.6556781]}}, {"type": "Feature", "properties": {"type": "yes", "id": 200564120}, "geometry": {"type": "Point", "coordinates": [85.2987642, 27.6553553]}}, {"type": "Feature", "properties": {"type": "yes", "id": 200564121}, "geometry": {"type": "Point", "coordinates": [85.299579, 27.6554572]}}, {"type": "Feature", "properties": {"type": "yes", "id": 200564122}, "geometry": {"type": "Point", "coordinates": [85.2985731, 27.655643]}}, {"type": "Feature", "properties": {"type": "yes", "id": 200564123}, "geometry": {"type": "Point", "coordinates": [85.2995286, 27.6553104]}}, {"type": "Feature", "properties": {"type": "yes", "id": 200564125}, "geometry": {"type": "Point", "coordinates": [85.2989807, 27.6548745]}}, {"type": "Feature", "properties": {"type": "yes", "id": 200564126}, "geometry": {"type": "Point", "coordinates": [85.3001934, 27.6555555]}}, {"type": "Feature", "properties": {"type": "yes", "id": 200564127}, "geometry": {"type": "Point", "coordinates": [85.2999165, 27.6557854]}}, {"type": "Feature", "properties": {"type": "yes", "id": 200564128}, "geometry": {"type": "Point", "coordinates": [85.3001847, 27.6552027]}}, {"type": "Feature", "properties": {"type": "yes", "id": 200564129}, "geometry": {"type": "Point", "coordinates": [85.299802, 27.655017]}}, {"type": "Feature", "properties": {"type": "yes", "id": 200564130}, "geometry": {"type": "Point", "coordinates": [85.2993521, 27.6548462]}}, {"type": "Feature", "properties": {"type": "yes", "id": 200564132}, "geometry": {"type": "Point", "coordinates": [85.2991309, 27.6545064]}}, {"type": "Feature", "properties": {"type": "yes", "id": 200564133}, "geometry": {"type": "Point", "coordinates": [85.2997101, 27.6547022]}}, {"type": "Feature", "properties": {"type": "yes", "id": 200564134}, "geometry": {"type": "Point", "coordinates": [85.2995338, 27.6550825]}}, {"type": "Feature", "properties": {"type": "yes", "id": 200564136}, "geometry": {"type": "Point", "coordinates": [85.2994338, 27.6552727]}}, {"type": "Feature", "properties": {"type": "yes", "id": 200564137}, "geometry": {"type": "Point", "coordinates": [85.3000007, 27.655955]}}, {"type": "Feature", "properties": {"type": "yes", "id": 200564138}, "geometry": {"type": "Point", "coordinates": [85.2987431, 27.6557118]}}, {"type": "Feature", "properties": {"type": "yes", "id": 200564139}, "geometry": {"type": "Point", "coordinates": [85.2997802, 27.6555292]}}, {"type": "Feature", "properties": {"type": "yes", "id": 200564141}, "geometry": {"type": "Point", "coordinates": [85.2992399, 27.6545388]}}, {"type": "Feature", "properties": {"type": "yes", "id": 200564142}, "geometry": {"type": "Point", "coordinates": [85.2994452, 27.6550404]}}, {"type": "Feature", "properties": {"type": "yes", "id": 200564143}, "geometry": {"type": "Point", "coordinates": [85.2986761, 27.6553282]}}, {"type": "Feature", "properties": {"type": "yes", "id": 200564144}, "geometry": {"type": "Point", "coordinates": [85.2990996, 27.655144]}}, {"type": "Feature", "properties": {"type": "yes", "id": 200564145}, "geometry": {"type": "Point", "coordinates": [85.2999086, 27.6550536]}}, {"type": "Feature", "properties": {"type": "yes", "id": 200564146}, "geometry": {"type": "Point", "coordinates": [85.2998598, 27.6546183]}}, {"type": "Feature", "properties": {"type": "yes", "id": 200564147}, "geometry": {"type": "Point", "coordinates": [85.3003208, 27.6552704]}}, {"type": "Feature", "properties": {"type": "yes", "id": 200564148}, "geometry": {"type": "Point", "coordinates": [85.2992503, 27.6548042]}}, {"type": "Feature", "properties": {"type": "yes", "id": 200564149}, "geometry": {"type": "Point", "coordinates": [85.299638, 27.6551205]}}, {"type": "Feature", "properties": {"type": "yes", "id": 200564150}, "geometry": {"type": "Point", "coordinates": [85.2994404, 27.6556031]}}, {"type": "Feature", "properties": {"type": "yes", "id": 200564151}, "geometry": {"type": "Point", "coordinates": [85.2997984, 27.654763]}}, {"type": "Feature", "properties": {"type": "yes", "id": 200564152}, "geometry": {"type": "Point", "coordinates": [85.2997512, 27.6545686]}}, {"type": "Feature", "properties": {"type": "yes", "id": 200564153}, "geometry": {"type": "Point", "coordinates": [85.2996577, 27.6545307]}}, {"type": "Feature", "properties": {"type": "yes", "id": 200564154}, "geometry": {"type": "Point", "coordinates": [85.2993545, 27.6555718]}}, {"type": "Feature", "properties": {"type": "yes", "id": 200564155}, "geometry": {"type": "Point", "coordinates": [85.2988837, 27.6555417]}}, {"type": "Feature", "properties": {"type": "yes", "id": 200564156}, "geometry": {"type": "Point", "coordinates": [85.2990572, 27.654733]}}, {"type": "Feature", "properties": {"type": "yes", "id": 200564157}, "geometry": {"type": "Point", "coordinates": [85.2999509, 27.6552333]}}, {"type": "Feature", "properties": {"type": "yes", "id": 200564158}, "geometry": {"type": "Point", "coordinates": [85.3000043, 27.6548298]}}, {"type": "Feature", "properties": {"type": "yes", "id": 200564159}, "geometry": {"type": "Point", "coordinates": [85.299679, 27.6554901]}}, {"type": "Feature", "properties": {"type": "yes", "id": 200564160}, "geometry": {"type": "Point", "coordinates": [85.2997316, 27.6553826]}}, {"type": "Feature", "properties": {"type": "yes", "id": 200564161}, "geometry": {"type": "Point", "coordinates": [85.2989896, 27.6551049]}}, {"type": "Feature", "properties": {"type": "yes", "id": 200564163}, "geometry": {"type": "Point", "coordinates": [85.2999583, 27.6556859]}}, {"type": "Feature", "properties": {"type": "yes", "id": 200564172}, "geometry": {"type": "Point", "coordinates": [85.2991464, 27.6547698]}}, {"type": "Feature", "properties": {"type": "yes", "id": 200564186}, "geometry": {"type": "Point", "coordinates": [85.2998377, 27.6551949]}}, {"type": "Feature", "properties": {"type": "yes", "id": 200564196}, "geometry": {"type": "Point", "coordinates": [85.2999143, 27.654795]}}, {"type": "Feature", "properties": {"type": "yes", "id": 200564199}, "geometry": {"type": "Point", "coordinates": [85.2997388, 27.6551518]}}, {"type": "Feature", "properties": {"type": "yes", "id": 200564201}, "geometry": {"type": "Point", "coordinates": [85.2987959, 27.6555058]}}, {"type": "Feature", "properties": {"type": "yes", "id": 200564202}, "geometry": {"type": "Point", "coordinates": [85.2996281, 27.6553464]}}, {"type": "Feature", "properties": {"type": "yes", "id": 200564203}, "geometry": {"type": "Point", "coordinates": [85.3000579, 27.6558382]}}, {"type": "Feature", "properties": {"type": "yes", "id": 200564204}, "geometry": {"type": "Point", "coordinates": [85.2990352, 27.6552664]}}, {"type": "Feature", "properties": {"type": "yes", "id": 200564205}, "geometry": {"type": "Point", "coordinates": [85.2993015, 27.6543978]}}, {"type": "Feature", "properties": {"type": "yes", "id": 200564206}, "geometry": {"type": "Point", "coordinates": [85.300383, 27.6551646]}}, {"type": "Feature", "properties": {"type": "yes", "id": 200564207}, "geometry": {"type": "Point", "coordinates": [85.3000921, 27.6557416]}}, {"type": "Feature", "properties": {"type": "yes", "id": 200564208}, "geometry": {"type": "Point", "coordinates": [85.2988942, 27.655068]}}, {"type": "Feature", "properties": {"type": "yes", "id": 200564209}, "geometry": {"type": "Point", "coordinates": [85.30042, 27.6550639]}}, {"type": "Feature", "properties": {"type": "yes", "id": 200564210}, "geometry": {"type": "Point", "coordinates": [85.2995174, 27.6544694]}}, {"type": "Feature", "properties": {"type": "yes", "id": 200564212}, "geometry": {"type": "Point", "coordinates": [85.3000727, 27.6546937]}}, {"type": "Feature", "properties": {"type": "yes", "id": 200564213}, "geometry": {"type": "Point", "coordinates": [85.3002337, 27.6551076]}}, {"type": "Feature", "properties": {"type": "yes", "id": 200564214}, "geometry": {"type": "Point", "coordinates": [85.2993997, 27.6544382]}}, {"type": "Feature", "properties": {"type": "yes", "id": 200564215}, "geometry": {"type": "Point", "coordinates": [85.2999737, 27.6546513]}}, {"type": "Feature", "properties": {"type": "yes", "id": 200564216}, "geometry": {"type": "Point", "coordinates": [85.2988415, 27.6551962]}}, {"type": "Feature", "properties": {"type": "yes", "id": 200564218}, "geometry": {"type": "Point", "coordinates": [85.2991897, 27.6549466]}}, {"type": "Feature", "properties": {"type": "yes", "id": 200564223}, "geometry": {"type": "Point", "coordinates": [85.2999992, 27.6555859]}}, {"type": "Feature", "properties": {"type": "yes", "id": 200564224}, "geometry": {"type": "Point", "coordinates": [85.2995035, 27.6549051]}}, {"type": "Feature", "properties": {"type": "yes", "id": 200564225}, "geometry": {"type": "Point", "coordinates": [85.2993747, 27.6553826]}}, {"type": "Feature", "properties": {"type": "yes", "id": 200564226}, "geometry": {"type": "Point", "coordinates": [85.300238, 27.6554548]}}, {"type": "Feature", "properties": {"type": "yes", "id": 200564227}, "geometry": {"type": "Point", "coordinates": [85.2992782, 27.6553414]}}, {"type": "Feature", "properties": {"type": "yes", "id": 200564228}, "geometry": {"type": "Point", "coordinates": [85.2992839, 27.6549847]}}, {"type": "Feature", "properties": {"type": "yes", "id": 200564229}, "geometry": {"type": "Point", "coordinates": [85.3000161, 27.6550996]}}, {"type": "Feature", "properties": {"type": "yes", "id": 200564230}, "geometry": {"type": "Point", "coordinates": [85.2995253, 27.6556358]}}, {"type": "Feature", "properties": {"type": "yes", "id": 200564231}, "geometry": {"type": "Point", "coordinates": [85.3001086, 27.6548655]}}, {"type": "Feature", "properties": {"type": "yes", "id": 200564232}, "geometry": {"type": "Point", "coordinates": [85.3000926, 27.655394]}}, {"type": "Feature", "properties": {"type": "yes", "id": 200564233}, "geometry": {"type": "Point", "coordinates": [85.2986238, 27.6554469]}}, {"type": "Feature", "properties": {"type": "yes", "id": 200564234}, "geometry": {"type": "Point", "coordinates": [85.2998325, 27.655417]}}, {"type": "Feature", "properties": {"type": "yes", "id": 200564235}, "geometry": {"type": "Point", "coordinates": [85.3000482, 27.655487]}}, {"type": "Feature", "properties": {"type": "yes", "id": 200564236}, "geometry": {"type": "Point", "coordinates": [85.2990995, 27.6554807]}}, {"type": "Feature", "properties": {"type": "yes", "id": 200564237}, "geometry": {"type": "Point", "coordinates": [85.2987097, 27.6554742]}}, {"type": "Feature", "properties": {"type": "yes", "id": 200564238}, "geometry": {"type": "Point", "coordinates": [85.300145, 27.6556491]}}, {"type": "Feature", "properties": {"type": "yes", "id": 200564239}, "geometry": {"type": "Point", "coordinates": [85.299859, 27.6559032]}}, {"type": "Feature", "properties": {"type": "yes", "id": 200564242}, "geometry": {"type": "Point", "coordinates": [85.2989397, 27.6552302]}}, {"type": "Feature", "properties": {"type": "yes", "id": 200564243}, "geometry": {"type": "Point", "coordinates": [85.3004725, 27.6549697]}}, {"type": "Feature", "properties": {"type": "yes", "id": 200564244}, "geometry": {"type": "Point", "coordinates": [85.2994762, 27.6554217]}}, {"type": "Feature", "properties": {"type": "yes", "id": 200564246}, "geometry": {"type": "Point", "coordinates": [85.299346, 27.654581]}}, {"type": "Feature", "properties": {"type": "yes", "id": 200564247}, "geometry": {"type": "Point", "coordinates": [85.2995877, 27.6546757]}}, {"type": "Feature", "properties": {"type": "yes", "id": 200564250}, "geometry": {"type": "Point", "coordinates": [85.3002782, 27.6550134]}}, {"type": "Feature", "properties": {"type": "yes", "id": 200564253}, "geometry": {"type": "Point", "coordinates": [85.2996951, 27.6557004]}}, {"type": "Feature", "properties": {"type": "yes", "id": 200564254}, "geometry": {"type": "Point", "coordinates": [85.2996114, 27.6556691]}}, {"type": "Feature", "properties": {"type": "yes", "id": 200564255}, "geometry": {"type": "Point", "coordinates": [85.3003245, 27.6549223]}}, {"type": "Feature", "properties": {"type": "yes", "id": 200564256}, "geometry": {"type": "Point", "coordinates": [85.2994341, 27.6546261]}}, {"type": "Feature", "properties": {"type": "yes", "id": 200564257}, "geometry": {"type": "Point", "coordinates": [85.2991821, 27.6555128]}}, {"type": "Feature", "properties": {"type": "yes", "id": 200564258}, "geometry": {"type": "Point", "coordinates": [85.3001702, 27.6547404]}}, {"type": "Feature", "properties": {"type": "yes", "id": 200574311}, "geometry": {"type": "Point", "coordinates": [85.3067937, 27.662435]}}, {"type": "Feature", "properties": {"name": "Bal Kumari Pharma", "type": "yes", "id": 200703829}, "geometry": {"type": "Point", "coordinates": [85.2790181, 27.6708399]}}, {"type": "Feature", "properties": {"name": "Pragati Library", "type": "yes", "id": 200704588}, "geometry": {"type": "Point", "coordinates": [85.2784386, 27.6698296]}}, {"type": "Feature", "properties": {"name": "Shree Shankhapur Club", "type": "yes", "id": 200704663}, "geometry": {"type": "Point", "coordinates": [85.2815359, 27.6699443]}}, {"type": "Feature", "properties": {"type": "mixed_use", "building:levels": "4", "id": 200902806}, "geometry": {"type": "Point", "coordinates": [85.2977538, 27.6819798]}}, {"type": "Feature", "properties": {"type": "yes", "id": 200902813}, "geometry": {"type": "Point", "coordinates": [85.2976953, 27.6817928]}}, {"type": "Feature", "properties": {"type": "yes", "id": 200902814}, "geometry": {"type": "Point", "coordinates": [85.2964745, 27.6809097]}}, {"type": "Feature", "properties": {"type": "yes", "id": 200902815}, "geometry": {"type": "Point", "coordinates": [85.2971148, 27.6808284]}}, {"type": "Feature", "properties": {"type": "residential", "building:levels": "3", "id": 200902817}, "geometry": {"type": "Point", "coordinates": [85.2975202, 27.6818796]}}, {"type": "Feature", "properties": {"type": "yes", "id": 200902819}, "geometry": {"type": "Point", "coordinates": [85.2976592, 27.6806827]}}, {"type": "Feature", "properties": {"type": "yes", "id": 200902820}, "geometry": {"type": "Point", "coordinates": [85.2979334, 27.6802341]}}, {"type": "Feature", "properties": {"type": "yes", "id": 200902824}, "geometry": {"type": "Point", "coordinates": [85.2973696, 27.6817459]}}, {"type": "Feature", "properties": {"type": "yes", "id": 200902830}, "geometry": {"type": "Point", "coordinates": [85.2968724, 27.6808331]}}, {"type": "Feature", "properties": {"type": "residential", "building:levels": "3", "id": 200902833}, "geometry": {"type": "Point", "coordinates": [85.2976291, 27.6819461]}}, {"type": "Feature", "properties": {"type": "mixed_use", "building:levels": "3", "id": 200902834}, "geometry": {"type": "Point", "coordinates": [85.297427, 27.6818427]}}, {"type": "Feature", "properties": {"type": "yes", "id": 200902837}, "geometry": {"type": "Point", "coordinates": [85.2969696, 27.680955]}}, {"type": "Feature", "properties": {"type": "yes", "id": 200902838}, "geometry": {"type": "Point", "coordinates": [85.297975, 27.6805622]}}, {"type": "Feature", "properties": {"type": "government", "building:levels": "3", "id": 201027573}, "geometry": {"type": "Point", "coordinates": [85.3050984, 27.6954151]}}, {"type": "Feature", "properties": {"type": "yes", "id": 201027575}, "geometry": {"type": "Point", "coordinates": [85.3126142, 27.6975258]}}, {"type": "Feature", "properties": {"type": "yes", "id": 201027576}, "geometry": {"type": "Point", "coordinates": [85.3117135, 27.6976654]}}, {"type": "Feature", "properties": {"type": "yes", "id": 201027577}, "geometry": {"type": "Point", "coordinates": [85.3101209, 27.6954494]}}, {"type": "Feature", "properties": {"type": "yes", "id": 201027578}, "geometry": {"type": "Point", "coordinates": [85.3119404, 27.6953831]}}, {"type": "Feature", "properties": {"type": "yes", "id": 201027579}, "geometry": {"type": "Point", "coordinates": [85.3121775, 27.6957222]}}, {"type": "Feature", "properties": {"type": "hospital", "building:levels": "2", "id": 201027582}, "geometry": {"type": "Point", "coordinates": [85.3064867, 27.6947951]}}, {"type": "Feature", "properties": {"type": "yes", "id": 201027583}, "geometry": {"type": "Point", "coordinates": [85.3107267, 27.6952708]}}, {"type": "Feature", "properties": {"type": "yes", "id": 201027584}, "geometry": {"type": "Point", "coordinates": [85.3118865, 27.697305]}}, {"type": "Feature", "properties": {"type": "yes", "id": 201027585}, "geometry": {"type": "Point", "coordinates": [85.3123774, 27.6971459]}}, {"type": "Feature", "properties": {"name": "Department of Industry", "type": "yes", "id": 201027587}, "geometry": {"type": "Point", "coordinates": [85.3121132, 27.6945241]}}, {"type": "Feature", "properties": {"type": "yes", "id": 201027591}, "geometry": {"type": "Point", "coordinates": [85.3106615, 27.6930605]}}, {"type": "Feature", "properties": {"type": "yes", "id": 201027592}, "geometry": {"type": "Point", "coordinates": [85.3104312, 27.6932918]}}, {"type": "Feature", "properties": {"type": "government", "building:levels": "1", "id": 201027596}, "geometry": {"type": "Point", "coordinates": [85.3047851, 27.6954206]}}, {"type": "Feature", "properties": {"type": "yes", "id": 201027597}, "geometry": {"type": "Point", "coordinates": [85.3122183, 27.6972614]}}, {"type": "Feature", "properties": {"type": "yes", "id": 201027598}, "geometry": {"type": "Point", "coordinates": [85.3129129, 27.6972483]}}, {"type": "Feature", "properties": {"type": "government", "building:levels": "3", "id": 201027600}, "geometry": {"type": "Point", "coordinates": [85.3057725, 27.6952247]}}, {"type": "Feature", "properties": {"type": "hospital", "building:levels": "2", "id": 201027602}, "geometry": {"type": "Point", "coordinates": [85.306894, 27.6946769]}}, {"type": "Feature", "properties": {"type": "government", "building:levels": "3", "id": 201027603}, "geometry": {"type": "Point", "coordinates": [85.3053126, 27.6956079]}}, {"type": "Feature", "properties": {"type": "government", "building:levels": "1", "id": 201027604}, "geometry": {"type": "Point", "coordinates": [85.3052176, 27.6960853]}}, {"type": "Feature", "properties": {"name": "Alliance Francaise", "type": "yes", "id": 201027605}, "geometry": {"type": "Point", "coordinates": [85.3101226, 27.6940123]}}, {"type": "Feature", "properties": {"type": "roof", "id": 201027606}, "geometry": {"type": "Point", "coordinates": [85.3116493, 27.6946179]}}, {"type": "Feature", "properties": {"type": "government", "building:levels": "3", "id": 201027607}, "geometry": {"type": "Point", "coordinates": [85.305127, 27.6951005]}}, {"type": "Feature", "properties": {"type": "yes", "id": 201027608}, "geometry": {"type": "Point", "coordinates": [85.31181, 27.6948733]}}, {"type": "Feature", "properties": {"type": "government", "building:levels": "4", "id": 201027609}, "geometry": {"type": "Point", "coordinates": [85.3061644, 27.6951943]}}, {"type": "Feature", "properties": {"type": "yes", "id": 201027610}, "geometry": {"type": "Point", "coordinates": [85.3108059, 27.693138]}}, {"type": "Feature", "properties": {"type": "government", "building:levels": "3", "id": 201027611}, "geometry": {"type": "Point", "coordinates": [85.3058878, 27.6953793]}}, {"type": "Feature", "properties": {"name": "Churchill Complex, Chinatown", "type": "yes", "building:levels": "4", "id": 201027612}, "geometry": {"type": "Point", "coordinates": [85.311432, 27.6982901]}}, {"type": "Feature", "properties": {"type": "yes", "id": 201122427}, "geometry": {"type": "Point", "coordinates": [85.2777819, 27.6711077]}}, {"type": "Feature", "properties": {"type": "yes", "id": 201236633}, "geometry": {"type": "Point", "coordinates": [85.2948153, 27.683771]}}, {"type": "Feature", "properties": {"type": "yes", "id": 201236634}, "geometry": {"type": "Point", "coordinates": [85.2949282, 27.683568]}}, {"type": "Feature", "properties": {"type": "yes", "id": 201239233}, "geometry": {"type": "Point", "coordinates": [85.2930181, 27.6803505]}}, {"type": "Feature", "properties": {"type": "yes", "id": 201239234}, "geometry": {"type": "Point", "coordinates": [85.2925281, 27.680326]}}, {"type": "Feature", "properties": {"type": "yes", "id": 201246934}, "geometry": {"type": "Point", "coordinates": [85.3019798, 27.6855399]}}, {"type": "Feature", "properties": {"type": "yes", "id": 201249278}, "geometry": {"type": "Point", "coordinates": [85.3119928, 27.6650954]}}, {"type": "Feature", "properties": {"type": "yes", "id": 201249279}, "geometry": {"type": "Point", "coordinates": [85.3113989, 27.6651815]}}, {"type": "Feature", "properties": {"type": "yes", "id": 201249280}, "geometry": {"type": "Point", "coordinates": [85.3112484, 27.6652303]}}, {"type": "Feature", "properties": {"type": "yes", "id": 201250140}, "geometry": {"type": "Point", "coordinates": [85.3081361, 27.6625045]}}, {"type": "Feature", "properties": {"type": "yes", "id": 201250141}, "geometry": {"type": "Point", "coordinates": [85.3085945, 27.6623436]}}, {"type": "Feature", "properties": {"type": "yes", "id": 201250142}, "geometry": {"type": "Point", "coordinates": [85.3086338, 27.6625661]}}, {"type": "Feature", "properties": {"type": "yes", "id": 201250143}, "geometry": {"type": "Point", "coordinates": [85.308301, 27.6624508]}}, {"type": "Feature", "properties": {"type": "yes", "id": 201250144}, "geometry": {"type": "Point", "coordinates": [85.3081058, 27.662747]}}, {"type": "Feature", "properties": {"type": "yes", "id": 201250145}, "geometry": {"type": "Point", "coordinates": [85.3087125, 27.662546]}}, {"type": "Feature", "properties": {"type": "yes", "id": 201250146}, "geometry": {"type": "Point", "coordinates": [85.3084253, 27.662269]}}, {"type": "Feature", "properties": {"type": "yes", "id": 201250147}, "geometry": {"type": "Point", "coordinates": [85.3079333, 27.6625661]}}, {"type": "Feature", "properties": {"type": "yes", "id": 201250148}, "geometry": {"type": "Point", "coordinates": [85.3084432, 27.662396]}}, {"type": "Feature", "properties": {"type": "yes", "id": 201250149}, "geometry": {"type": "Point", "coordinates": [85.3086701, 27.6623168]}}, {"type": "Feature", "properties": {"type": "yes", "id": 201250150}, "geometry": {"type": "Point", "coordinates": [85.3085551, 27.6625956]}}, {"type": "Feature", "properties": {"type": "yes", "id": 201250152}, "geometry": {"type": "Point", "coordinates": [85.3082616, 27.6626921]}}, {"type": "Feature", "properties": {"type": "yes", "id": 201250153}, "geometry": {"type": "Point", "coordinates": [85.3085173, 27.6623678]}}, {"type": "Feature", "properties": {"type": "yes", "id": 201250154}, "geometry": {"type": "Point", "coordinates": [85.3087866, 27.6625192]}}, {"type": "Feature", "properties": {"type": "yes", "id": 201250156}, "geometry": {"type": "Point", "coordinates": [85.3083328, 27.6626666]}}, {"type": "Feature", "properties": {"type": "yes", "id": 201250157}, "geometry": {"type": "Point", "coordinates": [85.3081921, 27.6627202]}}, {"type": "Feature", "properties": {"type": "yes", "id": 201250158}, "geometry": {"type": "Point", "coordinates": [85.3084038, 27.6626438]}}, {"type": "Feature", "properties": {"type": "yes", "id": 201250160}, "geometry": {"type": "Point", "coordinates": [85.3080135, 27.662542]}}, {"type": "Feature", "properties": {"type": "yes", "id": 201250162}, "geometry": {"type": "Point", "coordinates": [85.3084795, 27.6626184]}}, {"type": "Feature", "properties": {"type": "yes", "id": 201250163}, "geometry": {"type": "Point", "coordinates": [85.3080352, 27.6627747]}}, {"type": "Feature", "properties": {"type": "yes", "id": 201250164}, "geometry": {"type": "Point", "coordinates": [85.3083675, 27.6624228]}}, {"type": "Feature", "properties": {"type": "yes", "id": 201250165}, "geometry": {"type": "Point", "coordinates": [85.3082284, 27.6624709]}}, {"type": "Feature", "properties": {"type": "yes", "id": 201250166}, "geometry": {"type": "Point", "coordinates": [85.3082667, 27.6621598]}}, {"type": "Feature", "properties": {"type": "yes", "id": 201714746}, "geometry": {"type": "Point", "coordinates": [85.3070942, 27.6643844]}}, {"type": "Feature", "properties": {"type": "yes", "id": 201714747}, "geometry": {"type": "Point", "coordinates": [85.3074019, 27.6645104]}}, {"type": "Feature", "properties": {"type": "yes", "id": 202517245}, "geometry": {"type": "Point", "coordinates": [85.3274601, 27.6891503]}}, {"type": "Feature", "properties": {"name": "Action Media", "type": "residential", "id": 202517246}, "geometry": {"type": "Point", "coordinates": [85.327551, 27.6891518]}}, {"type": "Feature", "properties": {"type": "yes", "id": 202646412}, "geometry": {"type": "Point", "coordinates": [85.3203534, 27.6797789]}}, {"type": "Feature", "properties": {"type": "yes", "id": 202646413}, "geometry": {"type": "Point", "coordinates": [85.320409, 27.680102]}}, {"type": "Feature", "properties": {"type": "college", "id": 202646414}, "geometry": {"type": "Point", "coordinates": [85.3209559, 27.6798615]}}, {"type": "Feature", "properties": {"name": "Nepal Bhasa Central Department", "type": "college", "id": 202646415}, "geometry": {"type": "Point", "coordinates": [85.3216888, 27.6797588]}}, {"type": "Feature", "properties": {"type": "college", "id": 202646417}, "geometry": {"type": "Point", "coordinates": [85.3211159, 27.67998]}}, {"type": "Feature", "properties": {"name": "karmachari sanchya kosh", "type": "commercial", "id": 202918837}, "geometry": {"type": "Point", "coordinates": [85.3154113, 27.6796484]}}, {"type": "Feature", "properties": {"type": "yes", "id": 202918938}, "geometry": {"type": "Point", "coordinates": [85.316565, 27.6812762]}}, {"type": "Feature", "properties": {"type": "government", "building:levels": "4", "id": 202919432}, "geometry": {"type": "Point", "coordinates": [85.3137179, 27.6809241]}}, {"type": "Feature", "properties": {"type": "yes", "id": 202919436}, "geometry": {"type": "Point", "coordinates": [85.3164114, 27.6817836]}}, {"type": "Feature", "properties": {"name": "Embassy of the Democratic People's Republic of Korea", "type": "yes", "id": 202920267}, "geometry": {"type": "Point", "coordinates": [85.3137458, 27.6830864]}}, {"type": "Feature", "properties": {"type": "yes", "id": 202938277}, "geometry": {"type": "Point", "coordinates": [85.3134544, 27.6825519]}}, {"type": "Feature", "properties": {"type": "yes", "id": 202938278}, "geometry": {"type": "Point", "coordinates": [85.315196, 27.6835661]}}, {"type": "Feature", "properties": {"type": "yes", "id": 202938279}, "geometry": {"type": "Point", "coordinates": [85.3157553, 27.6818535]}}, {"type": "Feature", "properties": {"type": "yes", "building:levels": "3", "id": 202938280}, "geometry": {"type": "Point", "coordinates": [85.3198369, 27.6838552]}}, {"type": "Feature", "properties": {"type": "yes", "id": 202938281}, "geometry": {"type": "Point", "coordinates": [85.3137909, 27.6836425]}}, {"type": "Feature", "properties": {"type": "yes", "id": 202938282}, "geometry": {"type": "Point", "coordinates": [85.3159444, 27.6818634]}}, {"type": "Feature", "properties": {"type": "yes", "id": 202938284}, "geometry": {"type": "Point", "coordinates": [85.3130731, 27.6830422]}}, {"type": "Feature", "properties": {"type": "retail", "building:levels": "3", "id": 202938285}, "geometry": {"type": "Point", "coordinates": [85.3158731, 27.6820973]}}, {"type": "Feature", "properties": {"name": "Yamaha Showroom", "type": "commercial", "building:levels": "3", "id": 202983098}, "geometry": {"type": "Point", "coordinates": [85.3031072, 27.698465]}}, {"type": "Feature", "properties": {"type": "yes", "id": 202983103}, "geometry": {"type": "Point", "coordinates": [85.3002813, 27.69883]}}, {"type": "Feature", "properties": {"name": "Pasu Badhsala", "type": "yes", "id": 202983105}, "geometry": {"type": "Point", "coordinates": [85.3031624, 27.6995348]}}, {"type": "Feature", "properties": {"type": "residential", "id": 202998486}, "geometry": {"type": "Point", "coordinates": [85.3315532, 27.6816012]}}, {"type": "Feature", "properties": {"type": "residential", "id": 202998487}, "geometry": {"type": "Point", "coordinates": [85.3313021, 27.6815181]}}, {"type": "Feature", "properties": {"type": "residential", "id": 202998488}, "geometry": {"type": "Point", "coordinates": [85.3318274, 27.6816091]}}, {"type": "Feature", "properties": {"type": "yes", "id": 202998489}, "geometry": {"type": "Point", "coordinates": [85.3314634, 27.6811344]}}, {"type": "Feature", "properties": {"type": "residential", "id": 202998491}, "geometry": {"type": "Point", "coordinates": [85.3316311, 27.6818958]}}, {"type": "Feature", "properties": {"type": "residential", "id": 202998493}, "geometry": {"type": "Point", "coordinates": [85.3312236, 27.6819001]}}, {"type": "Feature", "properties": {"type": "residential", "id": 202998498}, "geometry": {"type": "Point", "coordinates": [85.3314227, 27.681568]}}, {"type": "Feature", "properties": {"type": "yes", "id": 202998500}, "geometry": {"type": "Point", "coordinates": [85.3319063, 27.681509]}}, {"type": "Feature", "properties": {"type": "residential", "id": 202998501}, "geometry": {"type": "Point", "coordinates": [85.3314803, 27.6814423]}}, {"type": "Feature", "properties": {"type": "residential", "id": 203071720}, "geometry": {"type": "Point", "coordinates": [85.3045344, 27.6523325]}}, {"type": "Feature", "properties": {"type": "residential", "id": 203101672}, "geometry": {"type": "Point", "coordinates": [85.3140208, 27.6826588]}}, {"type": "Feature", "properties": {"type": "residential", "id": 203142963}, "geometry": {"type": "Point", "coordinates": [85.3276991, 27.687219]}}, {"type": "Feature", "properties": {"type": "school", "building:levels": "1", "id": 203155888}, "geometry": {"type": "Point", "coordinates": [85.3287152, 27.6879499]}}, {"type": "Feature", "properties": {"type": "residential", "id": 203155890}, "geometry": {"type": "Point", "coordinates": [85.3321967, 27.686121]}}, {"type": "Feature", "properties": {"type": "residential", "id": 203155891}, "geometry": {"type": "Point", "coordinates": [85.3298406, 27.6830604]}}, {"type": "Feature", "properties": {"type": "residential", "id": 203155892}, "geometry": {"type": "Point", "coordinates": [85.332307, 27.680103]}}, {"type": "Feature", "properties": {"type": "yes", "id": 203155893}, "geometry": {"type": "Point", "coordinates": [85.3249209, 27.6809313]}}, {"type": "Feature", "properties": {"type": "residential", "id": 203155895}, "geometry": {"type": "Point", "coordinates": [85.3242652, 27.6836163]}}, {"type": "Feature", "properties": {"type": "yes", "id": 203155897}, "geometry": {"type": "Point", "coordinates": [85.3295579, 27.6794861]}}, {"type": "Feature", "properties": {"type": "residential", "id": 203155898}, "geometry": {"type": "Point", "coordinates": [85.3295634, 27.6793933]}}, {"type": "Feature", "properties": {"type": "residential", "id": 203155901}, "geometry": {"type": "Point", "coordinates": [85.3293169, 27.6794729]}}, {"type": "Feature", "properties": {"type": "residential", "id": 203155904}, "geometry": {"type": "Point", "coordinates": [85.3251594, 27.6810524]}}, {"type": "Feature", "properties": {"type": "residential", "id": 203155905}, "geometry": {"type": "Point", "coordinates": [85.3259703, 27.6830507]}}, {"type": "Feature", "properties": {"type": "residential", "id": 203155906}, "geometry": {"type": "Point", "coordinates": [85.3264774, 27.6816532]}}, {"type": "Feature", "properties": {"type": "yes", "id": 203155910}, "geometry": {"type": "Point", "coordinates": [85.328441, 27.6785438]}}, {"type": "Feature", "properties": {"type": "yes", "id": 203155911}, "geometry": {"type": "Point", "coordinates": [85.3281499, 27.6786109]}}, {"type": "Feature", "properties": {"type": "yes", "id": 203155912}, "geometry": {"type": "Point", "coordinates": [85.3283072, 27.6785655]}}, {"type": "Feature", "properties": {"type": "yes", "id": 203155913}, "geometry": {"type": "Point", "coordinates": [85.3286807, 27.6786265]}}, {"type": "Feature", "properties": {"type": "yes", "id": 203155914}, "geometry": {"type": "Point", "coordinates": [85.3273972, 27.6807903]}}, {"type": "Feature", "properties": {"type": "yes", "id": 203155915}, "geometry": {"type": "Point", "coordinates": [85.3285761, 27.6784166]}}, {"type": "Feature", "properties": {"type": "yes", "id": 203155916}, "geometry": {"type": "Point", "coordinates": [85.3286138, 27.6784925]}}, {"type": "Feature", "properties": {"type": "yes", "id": 203155919}, "geometry": {"type": "Point", "coordinates": [85.3288737, 27.6786745]}}, {"type": "Feature", "properties": {"type": "yes", "id": 203155920}, "geometry": {"type": "Point", "coordinates": [85.3287864, 27.6782634]}}, {"type": "Feature", "properties": {"type": "residential", "id": 203157945}, "geometry": {"type": "Point", "coordinates": [85.3254208, 27.6784108]}}, {"type": "Feature", "properties": {"type": "residential", "id": 203157948}, "geometry": {"type": "Point", "coordinates": [85.325404, 27.6783026]}}, {"type": "Feature", "properties": {"type": "greenhouse", "id": 203327124}, "geometry": {"type": "Point", "coordinates": [85.2901871, 27.6737444]}}, {"type": "Feature", "properties": {"name": "National Citrus Development Program", "type": "yes", "id": 203327126}, "geometry": {"type": "Point", "coordinates": [85.2898935, 27.6732727]}}, {"type": "Feature", "properties": {"name": "Coffee & Tea Development Section", "type": "yes", "id": 203327127}, "geometry": {"type": "Point", "coordinates": [85.2898639, 27.6734475]}}, {"type": "Feature", "properties": {"type": "greenhouse", "id": 203327128}, "geometry": {"type": "Point", "coordinates": [85.2902802, 27.6741906]}}, {"type": "Feature", "properties": {"type": "yes", "id": 203327129}, "geometry": {"type": "Point", "coordinates": [85.2910046, 27.673376]}}, {"type": "Feature", "properties": {"type": "greenhouse", "id": 203327130}, "geometry": {"type": "Point", "coordinates": [85.2902321, 27.6743008]}}, {"type": "Feature", "properties": {"type": "greenhouse", "id": 203327131}, "geometry": {"type": "Point", "coordinates": [85.2905037, 27.6738109]}}, {"type": "Feature", "properties": {"type": "greenhouse", "id": 203327132}, "geometry": {"type": "Point", "coordinates": [85.2903708, 27.6741265]}}, {"type": "Feature", "properties": {"type": "greenhouse", "id": 203327133}, "geometry": {"type": "Point", "coordinates": [85.2905274, 27.6743849]}}, {"type": "Feature", "properties": {"type": "greenhouse", "id": 203327134}, "geometry": {"type": "Point", "coordinates": [85.2905661, 27.6743115]}}, {"type": "Feature", "properties": {"type": "yes", "id": 203327135}, "geometry": {"type": "Point", "coordinates": [85.2911707, 27.6733631]}}, {"type": "Feature", "properties": {"type": "greenhouse", "id": 203327136}, "geometry": {"type": "Point", "coordinates": [85.2903777, 27.6743755]}}, {"type": "Feature", "properties": {"type": "yes", "id": 203327137}, "geometry": {"type": "Point", "coordinates": [85.288587, 27.6747812]}}, {"type": "Feature", "properties": {"type": "greenhouse", "id": 203327138}, "geometry": {"type": "Point", "coordinates": [85.2906808, 27.6742062]}}, {"type": "Feature", "properties": {"type": "greenhouse", "id": 203327139}, "geometry": {"type": "Point", "coordinates": [85.2899376, 27.673686]}}, {"type": "Feature", "properties": {"type": "greenhouse", "id": 203327140}, "geometry": {"type": "Point", "coordinates": [85.2900154, 27.6738365]}}, {"type": "Feature", "properties": {"type": "yes", "id": 203338177}, "geometry": {"type": "Point", "coordinates": [85.2964593, 27.6565145]}}, {"type": "Feature", "properties": {"type": "residential", "id": 203343720}, "geometry": {"type": "Point", "coordinates": [85.2967479, 27.656131]}}, {"type": "Feature", "properties": {"type": "residential", "id": 203345353}, "geometry": {"type": "Point", "coordinates": [85.3054721, 27.656331]}}, {"type": "Feature", "properties": {"type": "residential", "id": 203345710}, "geometry": {"type": "Point", "coordinates": [85.3055454, 27.6552183]}}, {"type": "Feature", "properties": {"type": "residential", "id": 203346904}, "geometry": {"type": "Point", "coordinates": [85.3059826, 27.6603286]}}, {"type": "Feature", "properties": {"type": "residential", "id": 203347440}, "geometry": {"type": "Point", "coordinates": [85.3053126, 27.6593447]}}, {"type": "Feature", "properties": {"type": "residential", "id": 203348216}, "geometry": {"type": "Point", "coordinates": [85.3063652, 27.6635528]}}, {"type": "Feature", "properties": {"type": "residential", "id": 203349705}, "geometry": {"type": "Point", "coordinates": [85.3089826, 27.6913319]}}, {"type": "Feature", "properties": {"type": "yes", "id": 203430767}, "geometry": {"type": "Point", "coordinates": [85.3105152, 27.6848107]}}, {"type": "Feature", "properties": {"type": "yes", "id": 203430768}, "geometry": {"type": "Point", "coordinates": [85.3099734, 27.6845466]}}, {"type": "Feature", "properties": {"type": "yes", "id": 203430769}, "geometry": {"type": "Point", "coordinates": [85.3094957, 27.684934]}}, {"type": "Feature", "properties": {"type": "yes", "id": 203430773}, "geometry": {"type": "Point", "coordinates": [85.3091845, 27.6849405]}}, {"type": "Feature", "properties": {"type": "yes", "id": 203430774}, "geometry": {"type": "Point", "coordinates": [85.3102458, 27.6837118]}}, {"type": "Feature", "properties": {"type": "yes", "id": 203430776}, "geometry": {"type": "Point", "coordinates": [85.3108619, 27.6846619]}}, {"type": "Feature", "properties": {"type": "yes", "id": 203430777}, "geometry": {"type": "Point", "coordinates": [85.3107576, 27.6859352]}}, {"type": "Feature", "properties": {"type": "yes", "id": 203430778}, "geometry": {"type": "Point", "coordinates": [85.3090423, 27.6850034]}}, {"type": "Feature", "properties": {"type": "yes", "id": 203430779}, "geometry": {"type": "Point", "coordinates": [85.3105563, 27.685021]}}, {"type": "Feature", "properties": {"type": "yes", "id": 203430780}, "geometry": {"type": "Point", "coordinates": [85.310215, 27.6836297]}}, {"type": "Feature", "properties": {"type": "yes", "id": 203430781}, "geometry": {"type": "Point", "coordinates": [85.3110174, 27.6837526]}}, {"type": "Feature", "properties": {"type": "yes", "id": 203430782}, "geometry": {"type": "Point", "coordinates": [85.3112132, 27.6845967]}}, {"type": "Feature", "properties": {"type": "yes", "id": 203430783}, "geometry": {"type": "Point", "coordinates": [85.3099475, 27.6838696]}}, {"type": "Feature", "properties": {"type": "yes", "id": 203430785}, "geometry": {"type": "Point", "coordinates": [85.3088989, 27.684903]}}, {"type": "Feature", "properties": {"type": "yes", "id": 203430786}, "geometry": {"type": "Point", "coordinates": [85.3112841, 27.6849184]}}, {"type": "Feature", "properties": {"type": "yes", "id": 203430787}, "geometry": {"type": "Point", "coordinates": [85.3090853, 27.6847444]}}, {"type": "Feature", "properties": {"type": "yes", "id": 203430788}, "geometry": {"type": "Point", "coordinates": [85.3110735, 27.6838605]}}, {"type": "Feature", "properties": {"type": "yes", "id": 203430789}, "geometry": {"type": "Point", "coordinates": [85.3108991, 27.6835675]}}, {"type": "Feature", "properties": {"type": "yes", "id": 203430790}, "geometry": {"type": "Point", "coordinates": [85.3113527, 27.6844483]}}, {"type": "Feature", "properties": {"type": "school", "building:levels": "1", "id": 203430791}, "geometry": {"type": "Point", "coordinates": [85.3098878, 27.6851461]}}, {"type": "Feature", "properties": {"type": "yes", "id": 203430792}, "geometry": {"type": "Point", "coordinates": [85.3110613, 27.684824]}}, {"type": "Feature", "properties": {"type": "yes", "id": 203430793}, "geometry": {"type": "Point", "coordinates": [85.3110921, 27.6839362]}}, {"type": "Feature", "properties": {"type": "yes", "id": 203430794}, "geometry": {"type": "Point", "coordinates": [85.3098773, 27.6843372]}}, {"type": "Feature", "properties": {"type": "yes", "id": 203430795}, "geometry": {"type": "Point", "coordinates": [85.3113437, 27.6843523]}}, {"type": "Feature", "properties": {"type": "yes", "id": 203430796}, "geometry": {"type": "Point", "coordinates": [85.3100707, 27.6835436]}}, {"type": "Feature", "properties": {"type": "yes", "id": 203430797}, "geometry": {"type": "Point", "coordinates": [85.3098376, 27.6846495]}}, {"type": "Feature", "properties": {"type": "yes", "id": 203430799}, "geometry": {"type": "Point", "coordinates": [85.3109146, 27.6848312]}}, {"type": "Feature", "properties": {"type": "yes", "id": 203430800}, "geometry": {"type": "Point", "coordinates": [85.3112838, 27.6840586]}}, {"type": "Feature", "properties": {"type": "yes", "id": 203430801}, "geometry": {"type": "Point", "coordinates": [85.3101475, 27.6842779]}}, {"type": "Feature", "properties": {"type": "yes", "id": 203430802}, "geometry": {"type": "Point", "coordinates": [85.311216, 27.6842259]}}, {"type": "Feature", "properties": {"type": "yes", "id": 203430803}, "geometry": {"type": "Point", "coordinates": [85.3103206, 27.6844666]}}, {"type": "Feature", "properties": {"type": "yes", "id": 203430804}, "geometry": {"type": "Point", "coordinates": [85.3096028, 27.6844737]}}, {"type": "Feature", "properties": {"type": "yes", "id": 203430805}, "geometry": {"type": "Point", "coordinates": [85.3095221, 27.6857183]}}, {"type": "Feature", "properties": {"type": "yes", "id": 203430806}, "geometry": {"type": "Point", "coordinates": [85.310359, 27.6837392]}}, {"type": "Feature", "properties": {"type": "yes", "id": 203430807}, "geometry": {"type": "Point", "coordinates": [85.3115088, 27.6851094]}}, {"type": "Feature", "properties": {"type": "yes", "id": 203430808}, "geometry": {"type": "Point", "coordinates": [85.3107584, 27.6835876]}}, {"type": "Feature", "properties": {"type": "kajii niwas", "id": 203430809}, "geometry": {"type": "Point", "coordinates": [85.3096454, 27.6849571]}}, {"type": "Feature", "properties": {"type": "yes", "id": 203430810}, "geometry": {"type": "Point", "coordinates": [85.3100352, 27.6839883]}}, {"type": "Feature", "properties": {"type": "yes", "id": 203430811}, "geometry": {"type": "Point", "coordinates": [85.3104302, 27.6857256]}}, {"type": "Feature", "properties": {"type": "yes", "id": 203430812}, "geometry": {"type": "Point", "coordinates": [85.3112335, 27.6844642]}}, {"type": "Feature", "properties": {"type": "yes", "id": 203430813}, "geometry": {"type": "Point", "coordinates": [85.3093528, 27.6848567]}}, {"type": "Feature", "properties": {"type": "yes", "id": 203430814}, "geometry": {"type": "Point", "coordinates": [85.3107382, 27.6846629]}}, {"type": "Feature", "properties": {"type": "yes", "id": 203430815}, "geometry": {"type": "Point", "coordinates": [85.3096451, 27.6839552]}}, {"type": "Feature", "properties": {"type": "yes", "id": 203430816}, "geometry": {"type": "Point", "coordinates": [85.3100697, 27.6858613]}}, {"type": "Feature", "properties": {"type": "yes", "id": 203430817}, "geometry": {"type": "Point", "coordinates": [85.3114424, 27.684021]}}, {"type": "Feature", "properties": {"type": "yes", "id": 203430818}, "geometry": {"type": "Point", "coordinates": [85.3093729, 27.6850167]}}, {"type": "Feature", "properties": {"type": "yes", "id": 203430819}, "geometry": {"type": "Point", "coordinates": [85.3092204, 27.6851787]}}, {"type": "Feature", "properties": {"name": "UBL R&D Center", "type": "yes", "id": 203430820}, "geometry": {"type": "Point", "coordinates": [85.3097008, 27.6837874]}}, {"type": "Feature", "properties": {"type": "school", "building:levels": "1", "id": 203430821}, "geometry": {"type": "Point", "coordinates": [85.3097567, 27.6855136]}}, {"type": "Feature", "properties": {"type": "yes", "id": 203430822}, "geometry": {"type": "Point", "coordinates": [85.3108788, 27.6839281]}}, {"type": "Feature", "properties": {"type": "yes", "id": 203430823}, "geometry": {"type": "Point", "coordinates": [85.3098979, 27.6841224]}}, {"type": "Feature", "properties": {"type": "yes", "id": 203430824}, "geometry": {"type": "Point", "coordinates": [85.3095, 27.6847773]}}, {"type": "Feature", "properties": {"type": "yes", "id": 203430825}, "geometry": {"type": "Point", "coordinates": [85.309152, 27.6847986]}}, {"type": "Feature", "properties": {"type": "yes", "id": 203430826}, "geometry": {"type": "Point", "coordinates": [85.3108981, 27.6840424]}}, {"type": "Feature", "properties": {"type": "yes", "id": 203430827}, "geometry": {"type": "Point", "coordinates": [85.3109886, 27.6846092]}}, {"type": "Feature", "properties": {"type": "yes", "id": 203430828}, "geometry": {"type": "Point", "coordinates": [85.309469, 27.6839649]}}, {"type": "Feature", "properties": {"type": "yes", "id": 203430829}, "geometry": {"type": "Point", "coordinates": [85.3107067, 27.6845017]}}, {"type": "Feature", "properties": {"type": "yes", "id": 203430830}, "geometry": {"type": "Point", "coordinates": [85.3103098, 27.6849222]}}, {"type": "Feature", "properties": {"type": "yes", "id": 203430831}, "geometry": {"type": "Point", "coordinates": [85.3090107, 27.6850998]}}, {"type": "Feature", "properties": {"type": "yes", "id": 203430832}, "geometry": {"type": "Point", "coordinates": [85.3101205, 27.6845896]}}, {"type": "Feature", "properties": {"type": "school", "building:levels": "2", "id": 203430834}, "geometry": {"type": "Point", "coordinates": [85.3094214, 27.6855394]}}, {"type": "Feature", "properties": {"type": "yes", "id": 203430836}, "geometry": {"type": "Point", "coordinates": [85.3102702, 27.68411]}}, {"type": "Feature", "properties": {"type": "yes", "id": 203430837}, "geometry": {"type": "Point", "coordinates": [85.3100444, 27.6842808]}}, {"type": "Feature", "properties": {"type": "yes", "id": 203430838}, "geometry": {"type": "Point", "coordinates": [85.3102573, 27.6850388]}}, {"type": "Feature", "properties": {"type": "yes", "id": 203430839}, "geometry": {"type": "Point", "coordinates": [85.3091902, 27.6846837]}}, {"type": "Feature", "properties": {"type": "yes", "id": 203430840}, "geometry": {"type": "Point", "coordinates": [85.3114098, 27.6841302]}}, {"type": "Feature", "properties": {"type": "yes", "id": 203430841}, "geometry": {"type": "Point", "coordinates": [85.3115542, 27.6848999]}}, {"type": "Feature", "properties": {"type": "yes", "id": 203430842}, "geometry": {"type": "Point", "coordinates": [85.3101034, 27.6837174]}}, {"type": "Feature", "properties": {"type": "yes", "id": 203430843}, "geometry": {"type": "Point", "coordinates": [85.3105176, 27.6843348]}}, {"type": "Feature", "properties": {"type": "school", "building:levels": "3", "id": 203430844}, "geometry": {"type": "Point", "coordinates": [85.31001, 27.6850194]}}, {"type": "Feature", "properties": {"type": "yes", "id": 203430845}, "geometry": {"type": "Point", "coordinates": [85.3113281, 27.684574]}}, {"type": "Feature", "properties": {"type": "yes", "id": 203430846}, "geometry": {"type": "Point", "coordinates": [85.3107079, 27.6844024]}}, {"type": "Feature", "properties": {"type": "yes", "id": 203430847}, "geometry": {"type": "Point", "coordinates": [85.3089212, 27.6854779]}}, {"type": "Feature", "properties": {"type": "yes", "id": 203430848}, "geometry": {"type": "Point", "coordinates": [85.3091332, 27.6840981]}}, {"type": "Feature", "properties": {"type": "yes", "id": 203430849}, "geometry": {"type": "Point", "coordinates": [85.3111625, 27.683645]}}, {"type": "Feature", "properties": {"type": "school", "building:levels": "2", "id": 203430850}, "geometry": {"type": "Point", "coordinates": [85.309133, 27.6854568]}}, {"type": "Feature", "properties": {"type": "yes", "id": 203430851}, "geometry": {"type": "Point", "coordinates": [85.3115242, 27.6841637]}}, {"type": "Feature", "properties": {"type": "yes", "id": 203430852}, "geometry": {"type": "Point", "coordinates": [85.3103284, 27.683969]}}, {"type": "Feature", "properties": {"type": "yes", "id": 203430853}, "geometry": {"type": "Point", "coordinates": [85.3092657, 27.6856447]}}, {"type": "Feature", "properties": {"type": "yes", "id": 203430854}, "geometry": {"type": "Point", "coordinates": [85.3101169, 27.6838645]}}, {"type": "Feature", "properties": {"type": "yes", "id": 203430855}, "geometry": {"type": "Point", "coordinates": [85.3089045, 27.6850179]}}, {"type": "Feature", "properties": {"type": "school", "building:levels": "1", "id": 203430856}, "geometry": {"type": "Point", "coordinates": [85.3098969, 27.6854335]}}, {"type": "Feature", "properties": {"type": "yes", "id": 203430857}, "geometry": {"type": "Point", "coordinates": [85.3111659, 27.6840646]}}, {"type": "Feature", "properties": {"type": "yes", "id": 203430858}, "geometry": {"type": "Point", "coordinates": [85.3101392, 27.6855791]}}, {"type": "Feature", "properties": {"type": "yes", "id": 203430859}, "geometry": {"type": "Point", "coordinates": [85.3110344, 27.6842211]}}, {"type": "Feature", "properties": {"type": "school", "building:levels": "1", "id": 203430860}, "geometry": {"type": "Point", "coordinates": [85.3093451, 27.6851653]}}, {"type": "Feature", "properties": {"type": "yes", "id": 203430862}, "geometry": {"type": "Point", "coordinates": [85.3095098, 27.6837324]}}, {"type": "Feature", "properties": {"type": "yes", "id": 203430863}, "geometry": {"type": "Point", "coordinates": [85.310712, 27.6839508]}}, {"type": "Feature", "properties": {"type": "yes", "id": 203430864}, "geometry": {"type": "Point", "coordinates": [85.3106509, 27.6837771]}}, {"type": "Feature", "properties": {"type": "yes", "id": 203430866}, "geometry": {"type": "Point", "coordinates": [85.3113245, 27.6842724]}}, {"type": "Feature", "properties": {"type": "yes", "id": 203430867}, "geometry": {"type": "Point", "coordinates": [85.3115543, 27.6845601]}}, {"type": "Feature", "properties": {"type": "yes", "id": 203430868}, "geometry": {"type": "Point", "coordinates": [85.3088422, 27.6847225]}}, {"type": "Feature", "properties": {"type": "yes", "id": 203430869}, "geometry": {"type": "Point", "coordinates": [85.3112476, 27.6847185]}}, {"type": "Feature", "properties": {"type": "yes", "id": 203430870}, "geometry": {"type": "Point", "coordinates": [85.3114657, 27.6857585]}}, {"type": "Feature", "properties": {"type": "yes", "id": 203430871}, "geometry": {"type": "Point", "coordinates": [85.3095243, 27.6846226]}}, {"type": "Feature", "properties": {"type": "yes", "id": 203430872}, "geometry": {"type": "Point", "coordinates": [85.3092649, 27.6843667]}}, {"type": "Feature", "properties": {"type": "yes", "id": 203430873}, "geometry": {"type": "Point", "coordinates": [85.3092985, 27.6836129]}}, {"type": "Feature", "properties": {"type": "yes", "id": 203430874}, "geometry": {"type": "Point", "coordinates": [85.311401, 27.685435]}}, {"type": "Feature", "properties": {"type": "yes", "id": 203430875}, "geometry": {"type": "Point", "coordinates": [85.3108392, 27.6837918]}}, {"type": "Feature", "properties": {"type": "yes", "id": 203430878}, "geometry": {"type": "Point", "coordinates": [85.3104151, 27.684076]}}, {"type": "Feature", "properties": {"type": "yes", "id": 203431010}, "geometry": {"type": "Point", "coordinates": [85.3134005, 27.6846573]}}, {"type": "Feature", "properties": {"type": "yes", "id": 203431011}, "geometry": {"type": "Point", "coordinates": [85.3117591, 27.6857785]}}, {"type": "Feature", "properties": {"type": "hotel", "building:levels": "4", "id": 203431012}, "geometry": {"type": "Point", "coordinates": [85.3122224, 27.6845668]}}, {"type": "Feature", "properties": {"type": "commercial", "building:levels": "3", "id": 203431013}, "geometry": {"type": "Point", "coordinates": [85.3124681, 27.6836437]}}, {"type": "Feature", "properties": {"type": "apartments", "building:levels": "4", "id": 203431014}, "geometry": {"type": "Point", "coordinates": [85.3127298, 27.6844813]}}, {"type": "Feature", "properties": {"type": "yes", "id": 203431015}, "geometry": {"type": "Point", "coordinates": [85.3129689, 27.684666]}}, {"type": "Feature", "properties": {"type": "yes", "id": 203431016}, "geometry": {"type": "Point", "coordinates": [85.3133708, 27.6859466]}}, {"type": "Feature", "properties": {"type": "yes", "id": 203431017}, "geometry": {"type": "Point", "coordinates": [85.3136388, 27.6856209]}}, {"type": "Feature", "properties": {"type": "yes", "id": 203431018}, "geometry": {"type": "Point", "coordinates": [85.3127238, 27.6840941]}}, {"type": "Feature", "properties": {"type": "yes", "id": 203431019}, "geometry": {"type": "Point", "coordinates": [85.3137963, 27.6854018]}}, {"type": "Feature", "properties": {"type": "yes", "id": 203431021}, "geometry": {"type": "Point", "coordinates": [85.3118116, 27.6847333]}}, {"type": "Feature", "properties": {"type": "apartments", "id": 203431022}, "geometry": {"type": "Point", "coordinates": [85.3128514, 27.6844111]}}, {"type": "Feature", "properties": {"type": "yes", "id": 203431023}, "geometry": {"type": "Point", "coordinates": [85.3132387, 27.6856867]}}, {"type": "Feature", "properties": {"type": "yes", "id": 203431024}, "geometry": {"type": "Point", "coordinates": [85.3117566, 27.6842201]}}, {"type": "Feature", "properties": {"type": "yes", "id": 203431025}, "geometry": {"type": "Point", "coordinates": [85.314109, 27.6843711]}}, {"type": "Feature", "properties": {"type": "yes", "id": 203431026}, "geometry": {"type": "Point", "coordinates": [85.312196, 27.6853075]}}, {"type": "Feature", "properties": {"type": "yes", "id": 203431027}, "geometry": {"type": "Point", "coordinates": [85.3139724, 27.6856775]}}, {"type": "Feature", "properties": {"type": "commercial", "building:levels": "3", "id": 203431028}, "geometry": {"type": "Point", "coordinates": [85.3128368, 27.6837108]}}, {"type": "Feature", "properties": {"type": "mixed_use", "building:levels": "4", "id": 203431030}, "geometry": {"type": "Point", "coordinates": [85.3122415, 27.6839235]}}, {"type": "Feature", "properties": {"type": "yes", "id": 203431031}, "geometry": {"type": "Point", "coordinates": [85.3130676, 27.6843048]}}, {"type": "Feature", "properties": {"type": "yes", "id": 203431032}, "geometry": {"type": "Point", "coordinates": [85.3121317, 27.684937]}}, {"type": "Feature", "properties": {"type": "retail", "id": 203431033}, "geometry": {"type": "Point", "coordinates": [85.3128005, 27.6849339]}}, {"type": "Feature", "properties": {"type": "yes", "id": 203431034}, "geometry": {"type": "Point", "coordinates": [85.3141931, 27.6841626]}}, {"type": "Feature", "properties": {"type": "yes", "id": 203431035}, "geometry": {"type": "Point", "coordinates": [85.3135401, 27.6856669]}}, {"type": "Feature", "properties": {"type": "yes", "id": 203431037}, "geometry": {"type": "Point", "coordinates": [85.3131992, 27.6839402]}}, {"type": "Feature", "properties": {"type": "yes", "id": 203431038}, "geometry": {"type": "Point", "coordinates": [85.313243, 27.6852661]}}, {"type": "Feature", "properties": {"type": "apartments", "building:levels": "4", "id": 203431039}, "geometry": {"type": "Point", "coordinates": [85.3121949, 27.6842525]}}, {"type": "Feature", "properties": {"type": "yes", "id": 203431040}, "geometry": {"type": "Point", "coordinates": [85.3131549, 27.6855676]}}, {"type": "Feature", "properties": {"type": "carport", "id": 203431041}, "geometry": {"type": "Point", "coordinates": [85.3126992, 27.6846017]}}, {"type": "Feature", "properties": {"type": "yes", "id": 203431042}, "geometry": {"type": "Point", "coordinates": [85.3127294, 27.6843603]}}, {"type": "Feature", "properties": {"type": "yes", "id": 203431043}, "geometry": {"type": "Point", "coordinates": [85.3124815, 27.6850028]}}, {"type": "Feature", "properties": {"type": "yes", "id": 203431044}, "geometry": {"type": "Point", "coordinates": [85.3128399, 27.6838672]}}, {"type": "Feature", "properties": {"type": "yes", "id": 203431045}, "geometry": {"type": "Point", "coordinates": [85.3128954, 27.6840816]}}, {"type": "Feature", "properties": {"type": "yes", "id": 203431046}, "geometry": {"type": "Point", "coordinates": [85.3139306, 27.6841833]}}, {"type": "Feature", "properties": {"type": "yes", "id": 203431047}, "geometry": {"type": "Point", "coordinates": [85.311514, 27.6837951]}}, {"type": "Feature", "properties": {"type": "yes", "id": 203431048}, "geometry": {"type": "Point", "coordinates": [85.3141087, 27.6855336]}}, {"type": "Feature", "properties": {"type": "yes", "id": 203431049}, "geometry": {"type": "Point", "coordinates": [85.3138206, 27.6856577]}}, {"type": "Feature", "properties": {"type": "residential", "building:levels": "3", "id": 203431050}, "geometry": {"type": "Point", "coordinates": [85.3127277, 27.683733]}}, {"type": "Feature", "properties": {"type": "yes", "id": 203431052}, "geometry": {"type": "Point", "coordinates": [85.3137178, 27.6844891]}}, {"type": "Feature", "properties": {"type": "apartments", "id": 203431053}, "geometry": {"type": "Point", "coordinates": [85.3123994, 27.6842374]}}, {"type": "Feature", "properties": {"type": "yes", "id": 203431054}, "geometry": {"type": "Point", "coordinates": [85.3117018, 27.684089]}}, {"type": "Feature", "properties": {"type": "apartments", "id": 203431056}, "geometry": {"type": "Point", "coordinates": [85.3135352, 27.6843951]}}, {"type": "Feature", "properties": {"type": "yes", "id": 203431057}, "geometry": {"type": "Point", "coordinates": [85.3122742, 27.6852235]}}, {"type": "Feature", "properties": {"type": "yes", "id": 203431058}, "geometry": {"type": "Point", "coordinates": [85.3139908, 27.6857376]}}, {"type": "Feature", "properties": {"type": "mixed_use", "building:levels": "4", "id": 203431059}, "geometry": {"type": "Point", "coordinates": [85.3123155, 27.6840779]}}, {"type": "Feature", "properties": {"type": "yes", "id": 203431060}, "geometry": {"type": "Point", "coordinates": [85.3140557, 27.6838277]}}, {"type": "Feature", "properties": {"type": "yes", "id": 203431061}, "geometry": {"type": "Point", "coordinates": [85.3131773, 27.6852236]}}, {"type": "Feature", "properties": {"type": "yes", "id": 203431062}, "geometry": {"type": "Point", "coordinates": [85.3132451, 27.685452]}}, {"type": "Feature", "properties": {"type": "apartments", "building:levels": "4", "id": 203431063}, "geometry": {"type": "Point", "coordinates": [85.3125466, 27.6845512]}}, {"type": "Feature", "properties": {"type": "yes", "id": 203431064}, "geometry": {"type": "Point", "coordinates": [85.313107, 27.6845129]}}, {"type": "Feature", "properties": {"type": "apartments", "building:levels": "4", "id": 203431065}, "geometry": {"type": "Point", "coordinates": [85.3127422, 27.6852363]}}, {"type": "Feature", "properties": {"type": "yes", "id": 203431066}, "geometry": {"type": "Point", "coordinates": [85.3120311, 27.6843578]}}, {"type": "Feature", "properties": {"type": "yes", "id": 203431067}, "geometry": {"type": "Point", "coordinates": [85.3140656, 27.6857826]}}, {"type": "Feature", "properties": {"type": "yes", "id": 203431068}, "geometry": {"type": "Point", "coordinates": [85.3133726, 27.6855477]}}, {"type": "Feature", "properties": {"type": "yes", "id": 203431069}, "geometry": {"type": "Point", "coordinates": [85.3137026, 27.6839385]}}, {"type": "Feature", "properties": {"type": "yes", "id": 203431070}, "geometry": {"type": "Point", "coordinates": [85.3133781, 27.6841011]}}, {"type": "Feature", "properties": {"type": "retail", "id": 203431071}, "geometry": {"type": "Point", "coordinates": [85.3125924, 27.6849605]}}, {"type": "Feature", "properties": {"type": "yes", "id": 203431072}, "geometry": {"type": "Point", "coordinates": [85.3118554, 27.6843274]}}, {"type": "Feature", "properties": {"type": "yes", "id": 203431073}, "geometry": {"type": "Point", "coordinates": [85.3121743, 27.6855418]}}, {"type": "Feature", "properties": {"type": "yes", "id": 203431074}, "geometry": {"type": "Point", "coordinates": [85.3141843, 27.6854563]}}, {"type": "Feature", "properties": {"type": "yes", "id": 203431075}, "geometry": {"type": "Point", "coordinates": [85.3137886, 27.6838987]}}, {"type": "Feature", "properties": {"type": "yes", "id": 203431076}, "geometry": {"type": "Point", "coordinates": [85.3136644, 27.6840449]}}, {"type": "Feature", "properties": {"type": "retail", "building:levels": "2", "id": 203431077}, "geometry": {"type": "Point", "coordinates": [85.3130963, 27.6858069]}}, {"type": "Feature", "properties": {"type": "hotel", "building:levels": "3", "id": 203431078}, "geometry": {"type": "Point", "coordinates": [85.3124734, 27.6848282]}}, {"type": "Feature", "properties": {"type": "yes", "id": 203431079}, "geometry": {"type": "Point", "coordinates": [85.311588, 27.6840427]}}, {"type": "Feature", "properties": {"type": "yes", "id": 203431080}, "geometry": {"type": "Point", "coordinates": [85.3132288, 27.6837574]}}, {"type": "Feature", "properties": {"type": "yes", "id": 203431083}, "geometry": {"type": "Point", "coordinates": [85.3134438, 27.6837557]}}, {"type": "Feature", "properties": {"type": "house", "id": 203431084}, "geometry": {"type": "Point", "coordinates": [85.3124964, 27.6857943]}}, {"type": "Feature", "properties": {"type": "yes", "id": 203431085}, "geometry": {"type": "Point", "coordinates": [85.3119181, 27.6849883]}}, {"type": "Feature", "properties": {"type": "yes", "id": 203431086}, "geometry": {"type": "Point", "coordinates": [85.3139054, 27.6854878]}}, {"type": "Feature", "properties": {"type": "yes", "id": 203431087}, "geometry": {"type": "Point", "coordinates": [85.3130891, 27.6836587]}}, {"type": "Feature", "properties": {"type": "yes", "id": 203431088}, "geometry": {"type": "Point", "coordinates": [85.3139767, 27.6855897]}}, {"type": "Feature", "properties": {"type": "yes", "id": 203431089}, "geometry": {"type": "Point", "coordinates": [85.3129603, 27.683587]}}, {"type": "Feature", "properties": {"type": "yes", "id": 203431090}, "geometry": {"type": "Point", "coordinates": [85.3134798, 27.6857263]}}, {"type": "Feature", "properties": {"type": "yes", "id": 203431091}, "geometry": {"type": "Point", "coordinates": [85.3118821, 27.6841203]}}, {"type": "Feature", "properties": {"type": "yes", "id": 203431092}, "geometry": {"type": "Point", "coordinates": [85.3128831, 27.6842596]}}, {"type": "Feature", "properties": {"type": "apartments", "id": 203431093}, "geometry": {"type": "Point", "coordinates": [85.3118413, 27.6836878]}}, {"type": "Feature", "properties": {"type": "residential", "id": 203438365}, "geometry": {"type": "Point", "coordinates": [85.305923, 27.667274]}}, {"type": "Feature", "properties": {"name": "Recol investment company pvt. ltd.", "type": "yes", "building:levels": "8", "id": 203445064}, "geometry": {"type": "Point", "coordinates": [85.3188182, 27.6716068]}}, {"type": "Feature", "properties": {"type": "yes", "id": 203445486}, "geometry": {"type": "Point", "coordinates": [85.3187965, 27.6712693]}}, {"type": "Feature", "properties": {"type": "yes", "id": 203446478}, "geometry": {"type": "Point", "coordinates": [85.3166204, 27.671267]}}, {"type": "Feature", "properties": {"name": "Earthquake 2015 damaged House", "type": "residential", "id": 203446798}, "geometry": {"type": "Point", "coordinates": [85.3164495, 27.6716143]}}, {"type": "Feature", "properties": {"type": "residential", "id": 203447248}, "geometry": {"type": "Point", "coordinates": [85.3163455, 27.6710887]}}, {"type": "Feature", "properties": {"type": "yes", "id": 203447391}, "geometry": {"type": "Point", "coordinates": [85.3164995, 27.6709674]}}, {"type": "Feature", "properties": {"type": "residential", "id": 203447673}, "geometry": {"type": "Point", "coordinates": [85.3158456, 27.6684101]}}, {"type": "Feature", "properties": {"type": "residential", "id": 203448290}, "geometry": {"type": "Point", "coordinates": [85.3174112, 27.6661064]}}, {"type": "Feature", "properties": {"type": "residential", "id": 203448421}, "geometry": {"type": "Point", "coordinates": [85.3149205, 27.6661259]}}, {"type": "Feature", "properties": {"type": "residential", "id": 203448724}, "geometry": {"type": "Point", "coordinates": [85.3193452, 27.6678032]}}, {"type": "Feature", "properties": {"name": "Yellow Building", "type": "yes", "id": 203449864}, "geometry": {"type": "Point", "coordinates": [85.3205715, 27.6703642]}}, {"type": "Feature", "properties": {"type": "school", "building:levels": "6", "id": 203450663}, "geometry": {"type": "Point", "coordinates": [85.3195685, 27.6702281]}}, {"type": "Feature", "properties": {"type": "residential", "id": 203450674}, "geometry": {"type": "Point", "coordinates": [85.3189469, 27.6672246]}}, {"type": "Feature", "properties": {"type": "yes", "id": 203547538}, "geometry": {"type": "Point", "coordinates": [85.3097318, 27.6908141]}}, {"type": "Feature", "properties": {"type": "yes", "id": 203547539}, "geometry": {"type": "Point", "coordinates": [85.3093589, 27.6908891]}}, {"type": "Feature", "properties": {"type": "yes", "id": 203547540}, "geometry": {"type": "Point", "coordinates": [85.3085049, 27.6905157]}}, {"type": "Feature", "properties": {"type": "yes", "id": 203547541}, "geometry": {"type": "Point", "coordinates": [85.3090483, 27.6903951]}}, {"type": "Feature", "properties": {"type": "yes", "id": 203547542}, "geometry": {"type": "Point", "coordinates": [85.3104278, 27.6910004]}}, {"type": "Feature", "properties": {"type": "yes", "id": 203547543}, "geometry": {"type": "Point", "coordinates": [85.3083636, 27.6903144]}}, {"type": "Feature", "properties": {"type": "yes", "id": 203547544}, "geometry": {"type": "Point", "coordinates": [85.3093035, 27.6911109]}}, {"type": "Feature", "properties": {"type": "yes", "id": 203547545}, "geometry": {"type": "Point", "coordinates": [85.3081083, 27.6905385]}}, {"type": "Feature", "properties": {"type": "yes", "id": 203547546}, "geometry": {"type": "Point", "coordinates": [85.309644, 27.6908378]}}, {"type": "Feature", "properties": {"type": "yes", "id": 203547547}, "geometry": {"type": "Point", "coordinates": [85.3084205, 27.6906119]}}, {"type": "Feature", "properties": {"type": "yes", "id": 203547548}, "geometry": {"type": "Point", "coordinates": [85.3085155, 27.6908031]}}, {"type": "Feature", "properties": {"type": "yes", "id": 203547549}, "geometry": {"type": "Point", "coordinates": [85.3093211, 27.6902689]}}, {"type": "Feature", "properties": {"type": "yes", "id": 203547550}, "geometry": {"type": "Point", "coordinates": [85.3092353, 27.6909343]}}, {"type": "Feature", "properties": {"type": "yes", "id": 203547551}, "geometry": {"type": "Point", "coordinates": [85.3084402, 27.6904095]}}, {"type": "Feature", "properties": {"type": "yes", "id": 203547552}, "geometry": {"type": "Point", "coordinates": [85.3091726, 27.6903079]}}, {"type": "Feature", "properties": {"type": "yes", "id": 203547553}, "geometry": {"type": "Point", "coordinates": [85.3082839, 27.6907603]}}, {"type": "Feature", "properties": {"type": "yes", "id": 203547554}, "geometry": {"type": "Point", "coordinates": [85.3093722, 27.6903573]}}, {"type": "Feature", "properties": {"type": "yes", "id": 203547555}, "geometry": {"type": "Point", "coordinates": [85.3082879, 27.6903932]}}, {"type": "Feature", "properties": {"type": "yes", "id": 203547556}, "geometry": {"type": "Point", "coordinates": [85.3088499, 27.6905332]}}, {"type": "Feature", "properties": {"type": "yes", "id": 203547557}, "geometry": {"type": "Point", "coordinates": [85.3095139, 27.6909017]}}, {"type": "Feature", "properties": {"type": "yes", "id": 203547558}, "geometry": {"type": "Point", "coordinates": [85.3089897, 27.6909682]}}, {"type": "Feature", "properties": {"type": "yes", "id": 203547559}, "geometry": {"type": "Point", "coordinates": [85.3094093, 27.6902149]}}, {"type": "Feature", "properties": {"type": "yes", "id": 203547560}, "geometry": {"type": "Point", "coordinates": [85.3083509, 27.6905143]}}, {"type": "Feature", "properties": {"type": "yes", "id": 203547561}, "geometry": {"type": "Point", "coordinates": [85.3087302, 27.6906689]}}, {"type": "Feature", "properties": {"type": "yes", "id": 203547562}, "geometry": {"type": "Point", "coordinates": [85.3098042, 27.6909847]}}, {"type": "Feature", "properties": {"type": "yes", "id": 203547977}, "geometry": {"type": "Point", "coordinates": [85.3124756, 27.6831401]}}, {"type": "Feature", "properties": {"type": "yes", "id": 203547978}, "geometry": {"type": "Point", "coordinates": [85.3137163, 27.6832731]}}, {"type": "Feature", "properties": {"type": "yes", "id": 203547979}, "geometry": {"type": "Point", "coordinates": [85.3128986, 27.6830552]}}, {"type": "Feature", "properties": {"type": "yes", "id": 203547981}, "geometry": {"type": "Point", "coordinates": [85.3125807, 27.6832874]}}, {"type": "Feature", "properties": {"type": "retail", "id": 203547984}, "geometry": {"type": "Point", "coordinates": [85.3121546, 27.6835409]}}, {"type": "Feature", "properties": {"type": "yes", "id": 203547985}, "geometry": {"type": "Point", "coordinates": [85.3133553, 27.6826608]}}, {"type": "Feature", "properties": {"type": "yes", "id": 203547987}, "geometry": {"type": "Point", "coordinates": [85.3128111, 27.6828191]}}, {"type": "Feature", "properties": {"type": "yes", "id": 203547990}, "geometry": {"type": "Point", "coordinates": [85.3131227, 27.6824002]}}, {"type": "Feature", "properties": {"type": "yes", "id": 203547993}, "geometry": {"type": "Point", "coordinates": [85.3125945, 27.6828597]}}, {"type": "Feature", "properties": {"type": "yes", "id": 203547994}, "geometry": {"type": "Point", "coordinates": [85.3127472, 27.6828599]}}, {"type": "Feature", "properties": {"type": "yes", "id": 203547995}, "geometry": {"type": "Point", "coordinates": [85.3125362, 27.682745]}}, {"type": "Feature", "properties": {"type": "yes", "id": 203547996}, "geometry": {"type": "Point", "coordinates": [85.3116527, 27.6831313]}}, {"type": "Feature", "properties": {"type": "yes", "id": 203548001}, "geometry": {"type": "Point", "coordinates": [85.312667, 27.6829448]}}, {"type": "Feature", "properties": {"type": "yes", "id": 203548002}, "geometry": {"type": "Point", "coordinates": [85.3132636, 27.6824747]}}, {"type": "Feature", "properties": {"type": "yes", "id": 203548003}, "geometry": {"type": "Point", "coordinates": [85.3131685, 27.682683]}}, {"type": "Feature", "properties": {"type": "yes", "id": 203548004}, "geometry": {"type": "Point", "coordinates": [85.3134205, 27.6828733]}}, {"type": "Feature", "properties": {"type": "yes", "id": 203548005}, "geometry": {"type": "Point", "coordinates": [85.3132566, 27.6826522]}}, {"type": "Feature", "properties": {"name": "Little Flower Public School", "type": "residential", "building:levels": "1", "id": 203561337}, "geometry": {"type": "Point", "coordinates": [85.3267446, 27.6792848]}}, {"type": "Feature", "properties": {"type": "yes", "id": 203561386}, "geometry": {"type": "Point", "coordinates": [85.3337673, 27.6797803]}}, {"type": "Feature", "properties": {"type": "yes", "id": 203561388}, "geometry": {"type": "Point", "coordinates": [85.3328154, 27.6818083]}}, {"type": "Feature", "properties": {"type": "yes", "id": 203561393}, "geometry": {"type": "Point", "coordinates": [85.3328825, 27.6818921]}}, {"type": "Feature", "properties": {"type": "yes", "id": 203561395}, "geometry": {"type": "Point", "coordinates": [85.3383108, 27.6731856]}}, {"type": "Feature", "properties": {"type": "yes", "id": 203561396}, "geometry": {"type": "Point", "coordinates": [85.3366568, 27.6820767]}}, {"type": "Feature", "properties": {"type": "yes", "id": 203561397}, "geometry": {"type": "Point", "coordinates": [85.3380524, 27.6812995]}}, {"type": "Feature", "properties": {"type": "yes", "id": 203561401}, "geometry": {"type": "Point", "coordinates": [85.337311, 27.6821474]}}, {"type": "Feature", "properties": {"type": "yes", "id": 203561406}, "geometry": {"type": "Point", "coordinates": [85.3325419, 27.6816437]}}, {"type": "Feature", "properties": {"type": "yes", "id": 203561407}, "geometry": {"type": "Point", "coordinates": [85.3379314, 27.6727099]}}, {"type": "Feature", "properties": {"type": "yes", "id": 203561408}, "geometry": {"type": "Point", "coordinates": [85.3353886, 27.6823438]}}, {"type": "Feature", "properties": {"type": "yes", "id": 203561410}, "geometry": {"type": "Point", "coordinates": [85.3326193, 27.681928]}}, {"type": "Feature", "properties": {"type": "yes", "id": 203561413}, "geometry": {"type": "Point", "coordinates": [85.3380441, 27.677695]}}, {"type": "Feature", "properties": {"type": "house", "id": 203561414}, "geometry": {"type": "Point", "coordinates": [85.3382265, 27.6725041]}}, {"type": "Feature", "properties": {"type": "yes", "id": 203561415}, "geometry": {"type": "Point", "coordinates": [85.338789, 27.677113]}}, {"type": "Feature", "properties": {"type": "yes", "id": 203561418}, "geometry": {"type": "Point", "coordinates": [85.3364319, 27.6811628]}}, {"type": "Feature", "properties": {"type": "yes", "id": 203561422}, "geometry": {"type": "Point", "coordinates": [85.3317201, 27.6801667]}}, {"type": "Feature", "properties": {"type": "yes", "id": 203561423}, "geometry": {"type": "Point", "coordinates": [85.3335689, 27.6793277]}}, {"type": "Feature", "properties": {"type": "yes", "id": 203561431}, "geometry": {"type": "Point", "coordinates": [85.331995, 27.6800946]}}, {"type": "Feature", "properties": {"type": "yes", "id": 203561432}, "geometry": {"type": "Point", "coordinates": [85.3375616, 27.6775102]}}, {"type": "Feature", "properties": {"type": "yes", "id": 203561433}, "geometry": {"type": "Point", "coordinates": [85.3308004, 27.6823661]}}, {"type": "Feature", "properties": {"type": "yes", "id": 203561435}, "geometry": {"type": "Point", "coordinates": [85.3331542, 27.6819189]}}, {"type": "Feature", "properties": {"type": "yes", "id": 203561437}, "geometry": {"type": "Point", "coordinates": [85.3365517, 27.681476]}}, {"type": "Feature", "properties": {"type": "yes", "id": 203561441}, "geometry": {"type": "Point", "coordinates": [85.336725, 27.681337]}}, {"type": "Feature", "properties": {"type": "yes", "id": 203561444}, "geometry": {"type": "Point", "coordinates": [85.3366975, 27.6824608]}}, {"type": "Feature", "properties": {"type": "yes", "id": 203561446}, "geometry": {"type": "Point", "coordinates": [85.33311, 27.6798545]}}, {"type": "Feature", "properties": {"type": "yes", "id": 203561447}, "geometry": {"type": "Point", "coordinates": [85.3340404, 27.6799222]}}, {"type": "Feature", "properties": {"type": "yes", "id": 203561449}, "geometry": {"type": "Point", "coordinates": [85.3390943, 27.6797149]}}, {"type": "Feature", "properties": {"name": "ADMC Engineering Pvt. Ltd.", "type": "yes", "id": 203561450}, "geometry": {"type": "Point", "coordinates": [85.3369171, 27.6825994]}}, {"type": "Feature", "properties": {"type": "house", "id": 203561451}, "geometry": {"type": "Point", "coordinates": [85.333128, 27.6822266]}}, {"type": "Feature", "properties": {"name": "WOREC Nepal", "type": "yes", "id": 203561452}, "geometry": {"type": "Point", "coordinates": [85.3380975, 27.6732744]}}, {"type": "Feature", "properties": {"type": "yes", "id": 203561457}, "geometry": {"type": "Point", "coordinates": [85.3329443, 27.6819143]}}, {"type": "Feature", "properties": {"type": "yes", "id": 203561459}, "geometry": {"type": "Point", "coordinates": [85.3316105, 27.6803218]}}, {"type": "Feature", "properties": {"type": "yes", "id": 203561464}, "geometry": {"type": "Point", "coordinates": [85.3336261, 27.6797522]}}, {"type": "Feature", "properties": {"type": "yes", "id": 203561466}, "geometry": {"type": "Point", "coordinates": [85.3329454, 27.6798081]}}, {"type": "Feature", "properties": {"type": "yes", "id": 203561468}, "geometry": {"type": "Point", "coordinates": [85.3358854, 27.6789348]}}, {"type": "Feature", "properties": {"type": "yes", "id": 203561469}, "geometry": {"type": "Point", "coordinates": [85.3316435, 27.6822419]}}, {"type": "Feature", "properties": {"type": "yes", "id": 203561472}, "geometry": {"type": "Point", "coordinates": [85.3337692, 27.6821236]}}, {"type": "Feature", "properties": {"type": "yes", "id": 203561475}, "geometry": {"type": "Point", "coordinates": [85.3372772, 27.6776921]}}, {"type": "Feature", "properties": {"type": "yes", "id": 203561476}, "geometry": {"type": "Point", "coordinates": [85.3323792, 27.6798549]}}, {"type": "Feature", "properties": {"type": "yes", "id": 203561481}, "geometry": {"type": "Point", "coordinates": [85.3307751, 27.6824648]}}, {"type": "Feature", "properties": {"type": "yes", "id": 203561483}, "geometry": {"type": "Point", "coordinates": [85.3367329, 27.6787046]}}, {"type": "Feature", "properties": {"type": "yes", "id": 203561491}, "geometry": {"type": "Point", "coordinates": [85.3340846, 27.6823268]}}, {"type": "Feature", "properties": {"type": "yes", "id": 203561493}, "geometry": {"type": "Point", "coordinates": [85.3313978, 27.6803558]}}, {"type": "Feature", "properties": {"type": "yes", "id": 203561494}, "geometry": {"type": "Point", "coordinates": [85.3334779, 27.6795679]}}, {"type": "Feature", "properties": {"type": "yes", "id": 203561497}, "geometry": {"type": "Point", "coordinates": [85.3331476, 27.682079]}}, {"type": "Feature", "properties": {"type": "yes", "id": 203561498}, "geometry": {"type": "Point", "coordinates": [85.3369106, 27.6772788]}}, {"type": "Feature", "properties": {"type": "yes", "id": 203561506}, "geometry": {"type": "Point", "coordinates": [85.3305547, 27.6822106]}}, {"type": "Feature", "properties": {"type": "yes", "id": 203561507}, "geometry": {"type": "Point", "coordinates": [85.3326374, 27.6801011]}}, {"type": "Feature", "properties": {"type": "yes", "id": 203561509}, "geometry": {"type": "Point", "coordinates": [85.3373944, 27.6787128]}}, {"type": "Feature", "properties": {"type": "yes", "id": 203561511}, "geometry": {"type": "Point", "coordinates": [85.3386938, 27.673195]}}, {"type": "Feature", "properties": {"type": "yes", "id": 203561512}, "geometry": {"type": "Point", "coordinates": [85.3365932, 27.681992]}}, {"type": "Feature", "properties": {"type": "yes", "id": 203561514}, "geometry": {"type": "Point", "coordinates": [85.3379483, 27.681346]}}, {"type": "Feature", "properties": {"type": "yes", "id": 203561518}, "geometry": {"type": "Point", "coordinates": [85.3313265, 27.6806402]}}, {"type": "Feature", "properties": {"type": "yes", "id": 203561520}, "geometry": {"type": "Point", "coordinates": [85.3382671, 27.6812544]}}, {"type": "Feature", "properties": {"type": "yes", "id": 203561526}, "geometry": {"type": "Point", "coordinates": [85.3375863, 27.6729786]}}, {"type": "Feature", "properties": {"type": "yes", "id": 203561527}, "geometry": {"type": "Point", "coordinates": [85.3334385, 27.6798147]}}, {"type": "Feature", "properties": {"type": "yes", "id": 203561528}, "geometry": {"type": "Point", "coordinates": [85.3327021, 27.6818359]}}, {"type": "Feature", "properties": {"type": "yes", "id": 203561530}, "geometry": {"type": "Point", "coordinates": [85.3375415, 27.6820545]}}, {"type": "Feature", "properties": {"type": "yes", "id": 203561540}, "geometry": {"type": "Point", "coordinates": [85.3376817, 27.6774681]}}, {"type": "Feature", "properties": {"type": "yes", "id": 203561544}, "geometry": {"type": "Point", "coordinates": [85.3308221, 27.682299]}}, {"type": "Feature", "properties": {"type": "yes", "id": 203561545}, "geometry": {"type": "Point", "coordinates": [85.3328616, 27.6818415]}}, {"type": "Feature", "properties": {"name": "Aangan Foundation", "type": "yes", "id": 203561546}, "geometry": {"type": "Point", "coordinates": [85.3377512, 27.6727339]}}, {"type": "Feature", "properties": {"type": "yes", "id": 203561555}, "geometry": {"type": "Point", "coordinates": [85.3374362, 27.6819765]}}, {"type": "Feature", "properties": {"type": "yes", "id": 203561556}, "geometry": {"type": "Point", "coordinates": [85.3365685, 27.6812729]}}, {"type": "Feature", "properties": {"type": "yes", "id": 203561559}, "geometry": {"type": "Point", "coordinates": [85.3316521, 27.6800974]}}, {"type": "Feature", "properties": {"type": "yes", "id": 203561560}, "geometry": {"type": "Point", "coordinates": [85.3367759, 27.682594]}}, {"type": "Feature", "properties": {"type": "yes", "id": 203561561}, "geometry": {"type": "Point", "coordinates": [85.3336954, 27.6794664]}}, {"type": "Feature", "properties": {"type": "yes", "id": 203561562}, "geometry": {"type": "Point", "coordinates": [85.338466, 27.6787075]}}, {"type": "Feature", "properties": {"type": "yes", "id": 203561566}, "geometry": {"type": "Point", "coordinates": [85.3317742, 27.6799864]}}, {"type": "Feature", "properties": {"type": "yes", "id": 203561567}, "geometry": {"type": "Point", "coordinates": [85.3368244, 27.6824389]}}, {"type": "Feature", "properties": {"type": "yes", "id": 203561569}, "geometry": {"type": "Point", "coordinates": [85.336113, 27.6784187]}}, {"type": "Feature", "properties": {"type": "yes", "id": 203561575}, "geometry": {"type": "Point", "coordinates": [85.3315545, 27.6805794]}}, {"type": "Feature", "properties": {"type": "yes", "id": 203561579}, "geometry": {"type": "Point", "coordinates": [85.336814, 27.6814002]}}, {"type": "Feature", "properties": {"type": "yes", "id": 203561581}, "geometry": {"type": "Point", "coordinates": [85.3335152, 27.679275]}}, {"type": "Feature", "properties": {"type": "yes", "id": 203561583}, "geometry": {"type": "Point", "coordinates": [85.3370169, 27.6774093]}}, {"type": "Feature", "properties": {"type": "yes", "id": 203561586}, "geometry": {"type": "Point", "coordinates": [85.3331247, 27.6797234]}}, {"type": "Feature", "properties": {"type": "yes", "id": 203561589}, "geometry": {"type": "Point", "coordinates": [85.3339292, 27.6801772]}}, {"type": "Feature", "properties": {"type": "yes", "id": 203561590}, "geometry": {"type": "Point", "coordinates": [85.3359748, 27.6788912]}}, {"type": "Feature", "properties": {"type": "yes", "id": 203561594}, "geometry": {"type": "Point", "coordinates": [85.3386498, 27.6726911]}}, {"type": "Feature", "properties": {"name": "Apostolic Church Balkumari, Kathmandu", "type": "church", "id": 203561599}, "geometry": {"type": "Point", "coordinates": [85.3379095, 27.6731641]}}, {"type": "Feature", "properties": {"type": "yes", "id": 203561600}, "geometry": {"type": "Point", "coordinates": [85.336131, 27.677866]}}, {"type": "Feature", "properties": {"type": "yes", "id": 203561601}, "geometry": {"type": "Point", "coordinates": [85.3316443, 27.680481]}}, {"type": "Feature", "properties": {"type": "yes", "id": 203561605}, "geometry": {"type": "Point", "coordinates": [85.3374129, 27.6824651]}}, {"type": "Feature", "properties": {"type": "yes", "id": 203561606}, "geometry": {"type": "Point", "coordinates": [85.3327287, 27.6795643]}}, {"type": "Feature", "properties": {"type": "yes", "id": 203561609}, "geometry": {"type": "Point", "coordinates": [85.3376141, 27.6725293]}}, {"type": "Feature", "properties": {"type": "yes", "id": 203561612}, "geometry": {"type": "Point", "coordinates": [85.331684, 27.6821338]}}, {"type": "Feature", "properties": {"type": "yes", "id": 203561618}, "geometry": {"type": "Point", "coordinates": [85.3329772, 27.6819415]}}, {"type": "Feature", "properties": {"type": "yes", "id": 203561619}, "geometry": {"type": "Point", "coordinates": [85.3340078, 27.6821638]}}, {"type": "Feature", "properties": {"type": "yes", "id": 203561622}, "geometry": {"type": "Point", "coordinates": [85.3375838, 27.6768637]}}, {"type": "Feature", "properties": {"type": "yes", "id": 203561623}, "geometry": {"type": "Point", "coordinates": [85.333589, 27.6795248]}}, {"type": "Feature", "properties": {"type": "yes", "id": 203561627}, "geometry": {"type": "Point", "coordinates": [85.3338494, 27.6821871]}}, {"type": "Feature", "properties": {"type": "yes", "id": 203561631}, "geometry": {"type": "Point", "coordinates": [85.3370818, 27.6780726]}}, {"type": "Feature", "properties": {"type": "yes", "id": 203561633}, "geometry": {"type": "Point", "coordinates": [85.3307373, 27.682141]}}, {"type": "Feature", "properties": {"type": "yes", "id": 203561634}, "geometry": {"type": "Point", "coordinates": [85.3335267, 27.6822002]}}, {"type": "Feature", "properties": {"type": "yes", "id": 203561638}, "geometry": {"type": "Point", "coordinates": [85.3374879, 27.6786814]}}, {"type": "Feature", "properties": {"type": "yes", "id": 203561645}, "geometry": {"type": "Point", "coordinates": [85.3314727, 27.6803167]}}, {"type": "Feature", "properties": {"type": "yes", "id": 203561646}, "geometry": {"type": "Point", "coordinates": [85.334261, 27.6801881]}}, {"type": "Feature", "properties": {"type": "yes", "id": 203561650}, "geometry": {"type": "Point", "coordinates": [85.3315104, 27.6800888]}}, {"type": "Feature", "properties": {"name": "Kathmandu Jazz Conservatory", "type": "school", "building:levels": "2", "id": 203706779}, "geometry": {"type": "Point", "coordinates": [85.3109861, 27.6775152]}}, {"type": "Feature", "properties": {"type": "yes", "id": 203706780}, "geometry": {"type": "Point", "coordinates": [85.3134452, 27.6766405]}}, {"type": "Feature", "properties": {"type": "yes", "id": 203706781}, "geometry": {"type": "Point", "coordinates": [85.312048, 27.6766584]}}, {"type": "Feature", "properties": {"type": "yes", "id": 203706782}, "geometry": {"type": "Point", "coordinates": [85.3134022, 27.6774425]}}, {"type": "Feature", "properties": {"type": "yes", "id": 203706783}, "geometry": {"type": "Point", "coordinates": [85.3136703, 27.677735]}}, {"type": "Feature", "properties": {"type": "yes", "id": 203706784}, "geometry": {"type": "Point", "coordinates": [85.3109393, 27.6760887]}}, {"type": "Feature", "properties": {"type": "yes", "id": 203706785}, "geometry": {"type": "Point", "coordinates": [85.3137924, 27.6765147]}}, {"type": "Feature", "properties": {"type": "yes", "id": 203706787}, "geometry": {"type": "Point", "coordinates": [85.3100632, 27.6763028]}}, {"type": "Feature", "properties": {"type": "office", "id": 203706788}, "geometry": {"type": "Point", "coordinates": [85.3111846, 27.677078]}}, {"type": "Feature", "properties": {"type": "yes", "id": 203706789}, "geometry": {"type": "Point", "coordinates": [85.3132042, 27.6772401]}}, {"type": "Feature", "properties": {"name": "Suzuki", "type": "yes", "id": 203706790}, "geometry": {"type": "Point", "coordinates": [85.3131401, 27.6786304]}}, {"type": "Feature", "properties": {"type": "yes", "id": 203706791}, "geometry": {"type": "Point", "coordinates": [85.3101999, 27.6766198]}}, {"type": "Feature", "properties": {"type": "yes", "id": 203706792}, "geometry": {"type": "Point", "coordinates": [85.3111722, 27.677939]}}, {"type": "Feature", "properties": {"type": "apartments", "building:levels": "3", "id": 203706793}, "geometry": {"type": "Point", "coordinates": [85.3107207, 27.6776652]}}, {"type": "Feature", "properties": {"type": "house", "id": 203706794}, "geometry": {"type": "Point", "coordinates": [85.3118425, 27.6775959]}}, {"type": "Feature", "properties": {"type": "yes", "id": 203706796}, "geometry": {"type": "Point", "coordinates": [85.3139135, 27.6778136]}}, {"type": "Feature", "properties": {"type": "yes", "id": 203706797}, "geometry": {"type": "Point", "coordinates": [85.3094806, 27.6761343]}}, {"type": "Feature", "properties": {"type": "yes", "id": 203706798}, "geometry": {"type": "Point", "coordinates": [85.3108041, 27.6759534]}}, {"type": "Feature", "properties": {"type": "yes", "id": 203706799}, "geometry": {"type": "Point", "coordinates": [85.3129052, 27.6787129]}}, {"type": "Feature", "properties": {"type": "yes", "id": 203706800}, "geometry": {"type": "Point", "coordinates": [85.3099451, 27.6766089]}}, {"type": "Feature", "properties": {"type": "house", "id": 203706801}, "geometry": {"type": "Point", "coordinates": [85.3118286, 27.6774639]}}, {"type": "Feature", "properties": {"type": "yes", "id": 203706803}, "geometry": {"type": "Point", "coordinates": [85.3135611, 27.6772443]}}, {"type": "Feature", "properties": {"name": "New Manandhar Store", "type": "yes", "id": 203706805}, "geometry": {"type": "Point", "coordinates": [85.312429, 27.6761293]}}, {"type": "Feature", "properties": {"type": "yes", "id": 203706806}, "geometry": {"type": "Point", "coordinates": [85.3106982, 27.678432]}}, {"type": "Feature", "properties": {"type": "yes", "id": 203706807}, "geometry": {"type": "Point", "coordinates": [85.3095307, 27.676635]}}, {"type": "Feature", "properties": {"type": "house", "building:levels": "4", "id": 203706808}, "geometry": {"type": "Point", "coordinates": [85.3121561, 27.6774099]}}, {"type": "Feature", "properties": {"type": "yes", "id": 203706809}, "geometry": {"type": "Point", "coordinates": [85.3132591, 27.6773435]}}, {"type": "Feature", "properties": {"type": "yes", "id": 203706810}, "geometry": {"type": "Point", "coordinates": [85.3136135, 27.6776477]}}, {"type": "Feature", "properties": {"type": "yes", "id": 203706811}, "geometry": {"type": "Point", "coordinates": [85.3133451, 27.6766662]}}, {"type": "Feature", "properties": {"type": "yes", "id": 203706812}, "geometry": {"type": "Point", "coordinates": [85.3096917, 27.6762074]}}, {"type": "Feature", "properties": {"type": "yes", "id": 203706814}, "geometry": {"type": "Point", "coordinates": [85.3135371, 27.6777711]}}, {"type": "Feature", "properties": {"type": "yes", "building:levels": "2", "id": 203706815}, "geometry": {"type": "Point", "coordinates": [85.3103398, 27.6766027]}}, {"type": "Feature", "properties": {"type": "yes", "id": 203706816}, "geometry": {"type": "Point", "coordinates": [85.3092647, 27.6764735]}}, {"type": "Feature", "properties": {"type": "yes", "id": 203706817}, "geometry": {"type": "Point", "coordinates": [85.3101362, 27.6764902]}}, {"type": "Feature", "properties": {"type": "yes", "id": 203706818}, "geometry": {"type": "Point", "coordinates": [85.3133663, 27.677304]}}, {"type": "Feature", "properties": {"type": "yes", "id": 203706820}, "geometry": {"type": "Point", "coordinates": [85.3110501, 27.6762013]}}, {"type": "Feature", "properties": {"type": "yes", "id": 203706821}, "geometry": {"type": "Point", "coordinates": [85.3134726, 27.6776702]}}, {"type": "Feature", "properties": {"type": "yes", "building:levels": "3", "id": 203706822}, "geometry": {"type": "Point", "coordinates": [85.3102769, 27.6764831]}}, {"type": "Feature", "properties": {"type": "yes", "id": 203706823}, "geometry": {"type": "Point", "coordinates": [85.3096589, 27.6765458]}}, {"type": "Feature", "properties": {"type": "yes", "id": 203706824}, "geometry": {"type": "Point", "coordinates": [85.3102089, 27.6761671]}}, {"type": "Feature", "properties": {"type": "yes", "id": 203706825}, "geometry": {"type": "Point", "coordinates": [85.3105433, 27.6766092]}}, {"type": "Feature", "properties": {"type": "retail", "building:levels": "3", "id": 203706826}, "geometry": {"type": "Point", "coordinates": [85.3119512, 27.6770519]}}, {"type": "Feature", "properties": {"type": "yes", "id": 203706827}, "geometry": {"type": "Point", "coordinates": [85.3129268, 27.6782156]}}, {"type": "Feature", "properties": {"type": "yes", "id": 203706828}, "geometry": {"type": "Point", "coordinates": [85.3105429, 27.6756638]}}, {"type": "Feature", "properties": {"type": "yes", "id": 203706829}, "geometry": {"type": "Point", "coordinates": [85.3135549, 27.6766298]}}, {"type": "Feature", "properties": {"type": "yes", "id": 203706830}, "geometry": {"type": "Point", "coordinates": [85.3093328, 27.6766053]}}, {"type": "Feature", "properties": {"type": "yes", "id": 203706831}, "geometry": {"type": "Point", "coordinates": [85.3131895, 27.6775816]}}, {"type": "Feature", "properties": {"type": "yes", "id": 203706832}, "geometry": {"type": "Point", "coordinates": [85.3104294, 27.6783161]}}, {"type": "Feature", "properties": {"type": "yes", "id": 203706833}, "geometry": {"type": "Point", "coordinates": [85.3105695, 27.6760137]}}, {"type": "Feature", "properties": {"type": "yes", "id": 203706834}, "geometry": {"type": "Point", "coordinates": [85.3096199, 27.6767221]}}, {"type": "Feature", "properties": {"type": "yes", "id": 203706835}, "geometry": {"type": "Point", "coordinates": [85.3104561, 27.6762855]}}, {"type": "Feature", "properties": {"type": "yes", "id": 203706836}, "geometry": {"type": "Point", "coordinates": [85.31145, 27.6780244]}}, {"type": "Feature", "properties": {"type": "yes", "id": 203706837}, "geometry": {"type": "Point", "coordinates": [85.3105819, 27.6754849]}}, {"type": "Feature", "properties": {"name": "Infoplus pvt ltd, Alka Chamber", "type": "yes", "id": 203706838}, "geometry": {"type": "Point", "coordinates": [85.313655, 27.6762875]}}, {"type": "Feature", "properties": {"type": "house", "building:levels": "2", "id": 203706839}, "geometry": {"type": "Point", "coordinates": [85.311526, 27.6776068]}}, {"type": "Feature", "properties": {"type": "yes", "id": 203706840}, "geometry": {"type": "Point", "coordinates": [85.3104872, 27.6781293]}}, {"type": "Feature", "properties": {"type": "yes", "id": 203706841}, "geometry": {"type": "Point", "coordinates": [85.3099749, 27.6764515]}}, {"type": "Feature", "properties": {"type": "yes", "id": 203706842}, "geometry": {"type": "Point", "coordinates": [85.3133653, 27.6777958]}}, {"type": "Feature", "properties": {"type": "house", "building:levels": "3", "id": 203706843}, "geometry": {"type": "Point", "coordinates": [85.3115984, 27.6778284]}}, {"type": "Feature", "properties": {"type": "yes", "id": 203706844}, "geometry": {"type": "Point", "coordinates": [85.3133153, 27.6772034]}}, {"type": "Feature", "properties": {"type": "yes", "id": 203706845}, "geometry": {"type": "Point", "coordinates": [85.3128779, 27.6775914]}}, {"type": "Feature", "properties": {"type": "yes", "id": 203706846}, "geometry": {"type": "Point", "coordinates": [85.313073, 27.6772757]}}, {"type": "Feature", "properties": {"type": "yes", "id": 203706847}, "geometry": {"type": "Point", "coordinates": [85.3105253, 27.6764044]}}, {"type": "Feature", "properties": {"type": "yes", "id": 203706848}, "geometry": {"type": "Point", "coordinates": [85.3101728, 27.6754984]}}, {"type": "Feature", "properties": {"type": "yes", "id": 203706849}, "geometry": {"type": "Point", "coordinates": [85.3127115, 27.6778099]}}, {"type": "Feature", "properties": {"type": "yes", "id": 203706850}, "geometry": {"type": "Point", "coordinates": [85.3097855, 27.6768103]}}, {"type": "Feature", "properties": {"type": "yes", "id": 203706851}, "geometry": {"type": "Point", "coordinates": [85.312771, 27.6776166]}}, {"type": "Feature", "properties": {"type": "yes", "id": 203706852}, "geometry": {"type": "Point", "coordinates": [85.3134789, 27.6767763]}}, {"type": "Feature", "properties": {"type": "yes", "id": 203706853}, "geometry": {"type": "Point", "coordinates": [85.3097742, 27.6756081]}}, {"type": "Feature", "properties": {"type": "yes", "id": 203706854}, "geometry": {"type": "Point", "coordinates": [85.3132888, 27.6774931]}}, {"type": "Feature", "properties": {"type": "yes", "id": 203706855}, "geometry": {"type": "Point", "coordinates": [85.3103868, 27.6755684]}}, {"type": "Feature", "properties": {"type": "yes", "id": 203706857}, "geometry": {"type": "Point", "coordinates": [85.3097933, 27.676409]}}, {"type": "Feature", "properties": {"type": "yes", "id": 203706858}, "geometry": {"type": "Point", "coordinates": [85.3104197, 27.6758545]}}, {"type": "Feature", "properties": {"name": "Dev Guest House", "type": "yes", "id": 203706859}, "geometry": {"type": "Point", "coordinates": [85.3114208, 27.6778832]}}, {"type": "Feature", "properties": {"type": "house", "id": 203706860}, "geometry": {"type": "Point", "coordinates": [85.3116572, 27.67751]}}, {"type": "Feature", "properties": {"type": "yes", "id": 203706861}, "geometry": {"type": "Point", "coordinates": [85.3138891, 27.676538]}}, {"type": "Feature", "properties": {"type": "house", "building:levels": "3", "id": 203706862}, "geometry": {"type": "Point", "coordinates": [85.3120354, 27.6772354]}}, {"type": "Feature", "properties": {"type": "house", "id": 203706863}, "geometry": {"type": "Point", "coordinates": [85.3137052, 27.6760923]}}, {"type": "Feature", "properties": {"type": "yes", "id": 203706864}, "geometry": {"type": "Point", "coordinates": [85.3135538, 27.676957]}}, {"type": "Feature", "properties": {"type": "yes", "id": 203706865}, "geometry": {"type": "Point", "coordinates": [85.3126817, 27.6776277]}}, {"type": "Feature", "properties": {"type": "yes", "id": 203706866}, "geometry": {"type": "Point", "coordinates": [85.3106873, 27.6765715]}}, {"type": "Feature", "properties": {"type": "yes", "id": 203706867}, "geometry": {"type": "Point", "coordinates": [85.31032, 27.6760914]}}, {"type": "Feature", "properties": {"type": "yes", "id": 203706868}, "geometry": {"type": "Point", "coordinates": [85.3125381, 27.6773482]}}, {"type": "Feature", "properties": {"type": "house", "building:levels": "4", "id": 203706869}, "geometry": {"type": "Point", "coordinates": [85.3105889, 27.6776735]}}, {"type": "Feature", "properties": {"type": "yes", "id": 203706870}, "geometry": {"type": "Point", "coordinates": [85.3128413, 27.6778374]}}, {"type": "Feature", "properties": {"type": "yes", "id": 203706871}, "geometry": {"type": "Point", "coordinates": [85.3108328, 27.6762786]}}, {"type": "Feature", "properties": {"type": "yes", "id": 203706872}, "geometry": {"type": "Point", "coordinates": [85.3112725, 27.6781348]}}, {"type": "Feature", "properties": {"type": "yes", "id": 203706873}, "geometry": {"type": "Point", "coordinates": [85.3090902, 27.676329]}}, {"type": "Feature", "properties": {"type": "house", "id": 203706874}, "geometry": {"type": "Point", "coordinates": [85.3117599, 27.6773499]}}, {"type": "Feature", "properties": {"type": "yes", "id": 203706875}, "geometry": {"type": "Point", "coordinates": [85.3138768, 27.6776659]}}, {"type": "Feature", "properties": {"type": "yes", "id": 203706876}, "geometry": {"type": "Point", "coordinates": [85.31023, 27.675576]}}, {"type": "Feature", "properties": {"type": "house", "building:levels": "3", "id": 203706877}, "geometry": {"type": "Point", "coordinates": [85.3103336, 27.677624]}}, {"type": "Feature", "properties": {"type": "yes", "id": 203706878}, "geometry": {"type": "Point", "coordinates": [85.3135322, 27.677489]}}, {"type": "Feature", "properties": {"name": "Himal Inn", "type": "apartments", "id": 203706879}, "geometry": {"type": "Point", "coordinates": [85.3133713, 27.6764654]}}, {"type": "Feature", "properties": {"type": "yes", "id": 203706880}, "geometry": {"type": "Point", "coordinates": [85.3110369, 27.6764589]}}, {"type": "Feature", "properties": {"type": "house", "building:levels": "3", "id": 203706881}, "geometry": {"type": "Point", "coordinates": [85.3110656, 27.677842]}}, {"type": "Feature", "properties": {"type": "yes", "id": 203706882}, "geometry": {"type": "Point", "coordinates": [85.309944, 27.676773]}}, {"type": "Feature", "properties": {"type": "yes", "id": 203706883}, "geometry": {"type": "Point", "coordinates": [85.3088135, 27.6759651]}}, {"type": "Feature", "properties": {"type": "yes", "id": 203706884}, "geometry": {"type": "Point", "coordinates": [85.3128545, 27.6774564]}}, {"type": "Feature", "properties": {"type": "yes", "id": 203706885}, "geometry": {"type": "Point", "coordinates": [85.3104546, 27.6784646]}}, {"type": "Feature", "properties": {"type": "yes", "id": 203706886}, "geometry": {"type": "Point", "coordinates": [85.3100194, 27.6757646]}}, {"type": "Feature", "properties": {"type": "yes", "id": 203706887}, "geometry": {"type": "Point", "coordinates": [85.3119351, 27.6768511]}}, {"type": "Feature", "properties": {"type": "yes", "id": 203706888}, "geometry": {"type": "Point", "coordinates": [85.3108582, 27.6765471]}}, {"type": "Feature", "properties": {"type": "yes", "id": 203706889}, "geometry": {"type": "Point", "coordinates": [85.3138143, 27.6768487]}}, {"type": "Feature", "properties": {"type": "house", "building:levels": "3", "id": 203706890}, "geometry": {"type": "Point", "coordinates": [85.311771, 27.6778865]}}, {"type": "Feature", "properties": {"type": "house", "building:levels": "2", "id": 203706891}, "geometry": {"type": "Point", "coordinates": [85.3113249, 27.677661]}}, {"type": "Feature", "properties": {"name": "Moksh Bar/Restaurant/Club", "type": "yes", "id": 203706892}, "geometry": {"type": "Point", "coordinates": [85.3114351, 27.6772607]}}, {"type": "Feature", "properties": {"type": "yes", "id": 203706893}, "geometry": {"type": "Point", "coordinates": [85.3128437, 27.6780749]}}, {"type": "Feature", "properties": {"type": "yes", "id": 203706894}, "geometry": {"type": "Point", "coordinates": [85.3107861, 27.6781685]}}, {"type": "Feature", "properties": {"name": "Chaudry Group", "type": "yes", "id": 203706895}, "geometry": {"type": "Point", "coordinates": [85.3126272, 27.6785395]}}, {"type": "Feature", "properties": {"name": "Suzuki", "type": "yes", "id": 203706896}, "geometry": {"type": "Point", "coordinates": [85.3132806, 27.67878]}}, {"type": "Feature", "properties": {"type": "yes", "id": 203707336}, "geometry": {"type": "Point", "coordinates": [85.3358478, 27.6997125]}}, {"type": "Feature", "properties": {"type": "yes", "id": 203707340}, "geometry": {"type": "Point", "coordinates": [85.3383984, 27.6945331]}}, {"type": "Feature", "properties": {"type": "yes", "id": 203707344}, "geometry": {"type": "Point", "coordinates": [85.3357844, 27.6988682]}}, {"type": "Feature", "properties": {"type": "yes", "id": 203707350}, "geometry": {"type": "Point", "coordinates": [85.3359603, 27.6972066]}}, {"type": "Feature", "properties": {"type": "yes", "id": 203707351}, "geometry": {"type": "Point", "coordinates": [85.3399037, 27.6937369]}}, {"type": "Feature", "properties": {"type": "yes", "id": 203707354}, "geometry": {"type": "Point", "coordinates": [85.3394891, 27.6922792]}}, {"type": "Feature", "properties": {"type": "yes", "id": 203707359}, "geometry": {"type": "Point", "coordinates": [85.3390751, 27.6916417]}}, {"type": "Feature", "properties": {"type": "yes", "id": 203707360}, "geometry": {"type": "Point", "coordinates": [85.3386888, 27.6947871]}}, {"type": "Feature", "properties": {"type": "yes", "id": 203707361}, "geometry": {"type": "Point", "coordinates": [85.3365665, 27.6969805]}}, {"type": "Feature", "properties": {"type": "yes", "id": 203707363}, "geometry": {"type": "Point", "coordinates": [85.3396378, 27.6960509]}}, {"type": "Feature", "properties": {"type": "yes", "id": 203707365}, "geometry": {"type": "Point", "coordinates": [85.336585, 27.6982598]}}, {"type": "Feature", "properties": {"name": "JM Lamsal and Company", "type": "yes", "id": 203707366}, "geometry": {"type": "Point", "coordinates": [85.3385225, 27.6974552]}}, {"type": "Feature", "properties": {"type": "yes", "id": 203707369}, "geometry": {"type": "Point", "coordinates": [85.3392655, 27.6917733]}}, {"type": "Feature", "properties": {"name": "Utsav Events", "type": "yes", "id": 203707370}, "geometry": {"type": "Point", "coordinates": [85.33869, 27.697833]}}, {"type": "Feature", "properties": {"type": "yes", "id": 203707374}, "geometry": {"type": "Point", "coordinates": [85.3391142, 27.6974854]}}, {"type": "Feature", "properties": {"type": "yes", "id": 203707376}, "geometry": {"type": "Point", "coordinates": [85.3363142, 27.6990982]}}, {"type": "Feature", "properties": {"type": "yes", "id": 203707378}, "geometry": {"type": "Point", "coordinates": [85.3361973, 27.6993596]}}, {"type": "Feature", "properties": {"type": "yes", "id": 203707381}, "geometry": {"type": "Point", "coordinates": [85.3359152, 27.6984234]}}, {"type": "Feature", "properties": {"type": "yes", "id": 203707384}, "geometry": {"type": "Point", "coordinates": [85.3384245, 27.6938703]}}, {"type": "Feature", "properties": {"type": "yes", "id": 203707387}, "geometry": {"type": "Point", "coordinates": [85.3386814, 27.6975989]}}, {"type": "Feature", "properties": {"type": "yes", "id": 203707388}, "geometry": {"type": "Point", "coordinates": [85.3389658, 27.6956039]}}, {"type": "Feature", "properties": {"type": "yes", "id": 203707390}, "geometry": {"type": "Point", "coordinates": [85.3386711, 27.6973576]}}, {"type": "Feature", "properties": {"type": "yes", "id": 203707391}, "geometry": {"type": "Point", "coordinates": [85.3390786, 27.6959154]}}, {"type": "Feature", "properties": {"type": "yes", "id": 203707392}, "geometry": {"type": "Point", "coordinates": [85.3388418, 27.6975525]}}, {"type": "Feature", "properties": {"type": "yes", "id": 203707395}, "geometry": {"type": "Point", "coordinates": [85.340016, 27.6947241]}}, {"type": "Feature", "properties": {"type": "yes", "id": 203707401}, "geometry": {"type": "Point", "coordinates": [85.3361174, 27.7000532]}}, {"type": "Feature", "properties": {"type": "yes", "id": 203707403}, "geometry": {"type": "Point", "coordinates": [85.3396575, 27.6956571]}}, {"type": "Feature", "properties": {"type": "yes", "id": 203707406}, "geometry": {"type": "Point", "coordinates": [85.3388353, 27.695766]}}, {"type": "Feature", "properties": {"type": "yes", "id": 203707410}, "geometry": {"type": "Point", "coordinates": [85.3350414, 27.699866]}}, {"type": "Feature", "properties": {"type": "yes", "id": 203707412}, "geometry": {"type": "Point", "coordinates": [85.3398115, 27.6940438]}}, {"type": "Feature", "properties": {"type": "yes", "id": 203707414}, "geometry": {"type": "Point", "coordinates": [85.3380473, 27.6956879]}}, {"type": "Feature", "properties": {"type": "yes", "id": 203707420}, "geometry": {"type": "Point", "coordinates": [85.339745, 27.6922743]}}, {"type": "Feature", "properties": {"type": "yes", "id": 203707421}, "geometry": {"type": "Point", "coordinates": [85.3398864, 27.6953776]}}, {"type": "Feature", "properties": {"type": "yes", "id": 203707422}, "geometry": {"type": "Point", "coordinates": [85.3394612, 27.6960113]}}, {"type": "Feature", "properties": {"type": "yes", "id": 203707425}, "geometry": {"type": "Point", "coordinates": [85.3385144, 27.6999854]}}, {"type": "Feature", "properties": {"type": "yes", "id": 203707428}, "geometry": {"type": "Point", "coordinates": [85.339593, 27.6927571]}}, {"type": "Feature", "properties": {"type": "yes", "id": 203707430}, "geometry": {"type": "Point", "coordinates": [85.3357637, 27.6997275]}}, {"type": "Feature", "properties": {"type": "yes", "id": 203707434}, "geometry": {"type": "Point", "coordinates": [85.3397251, 27.6959527]}}, {"type": "Feature", "properties": {"type": "yes", "id": 203707435}, "geometry": {"type": "Point", "coordinates": [85.3396639, 27.6928688]}}, {"type": "Feature", "properties": {"type": "yes", "id": 203707438}, "geometry": {"type": "Point", "coordinates": [85.3348253, 27.700036]}}, {"type": "Feature", "properties": {"type": "yes", "id": 203707439}, "geometry": {"type": "Point", "coordinates": [85.3392483, 27.6927696]}}, {"type": "Feature", "properties": {"type": "yes", "id": 203707446}, "geometry": {"type": "Point", "coordinates": [85.3390386, 27.6937141]}}, {"type": "Feature", "properties": {"type": "yes", "id": 203707450}, "geometry": {"type": "Point", "coordinates": [85.3384928, 27.6979817]}}, {"type": "Feature", "properties": {"type": "yes", "id": 203707453}, "geometry": {"type": "Point", "coordinates": [85.3397026, 27.6937928]}}, {"type": "Feature", "properties": {"type": "yes", "id": 203707455}, "geometry": {"type": "Point", "coordinates": [85.3390614, 27.6948725]}}, {"type": "Feature", "properties": {"type": "yes", "id": 203707457}, "geometry": {"type": "Point", "coordinates": [85.3356509, 27.6992755]}}, {"type": "Feature", "properties": {"type": "yes", "id": 203707461}, "geometry": {"type": "Point", "coordinates": [85.3384715, 27.6933583]}}, {"type": "Feature", "properties": {"type": "yes", "id": 203707462}, "geometry": {"type": "Point", "coordinates": [85.3361114, 27.697502]}}, {"type": "Feature", "properties": {"type": "yes", "id": 203707465}, "geometry": {"type": "Point", "coordinates": [85.339572, 27.692056]}}, {"type": "Feature", "properties": {"type": "yes", "id": 203707466}, "geometry": {"type": "Point", "coordinates": [85.337303, 27.6993648]}}, {"type": "Feature", "properties": {"type": "yes", "id": 203707467}, "geometry": {"type": "Point", "coordinates": [85.3368079, 27.6966799]}}, {"type": "Feature", "properties": {"type": "yes", "id": 203707468}, "geometry": {"type": "Point", "coordinates": [85.3381309, 27.6944085]}}, {"type": "Feature", "properties": {"type": "yes", "id": 203707469}, "geometry": {"type": "Point", "coordinates": [85.3391732, 27.6948387]}}, {"type": "Feature", "properties": {"type": "yes", "id": 203707472}, "geometry": {"type": "Point", "coordinates": [85.337176, 27.6998295]}}, {"type": "Feature", "properties": {"type": "yes", "id": 203707474}, "geometry": {"type": "Point", "coordinates": [85.3396769, 27.6924259]}}, {"type": "Feature", "properties": {"type": "yes", "id": 203707477}, "geometry": {"type": "Point", "coordinates": [85.3386596, 27.6974636]}}, {"type": "Feature", "properties": {"type": "yes", "id": 203707478}, "geometry": {"type": "Point", "coordinates": [85.3389215, 27.6959349]}}, {"type": "Feature", "properties": {"type": "yes", "id": 203707480}, "geometry": {"type": "Point", "coordinates": [85.338971, 27.6975495]}}, {"type": "Feature", "properties": {"type": "yes", "id": 203707481}, "geometry": {"type": "Point", "coordinates": [85.339463, 27.6929926]}}, {"type": "Feature", "properties": {"type": "yes", "id": 203707484}, "geometry": {"type": "Point", "coordinates": [85.3400072, 27.695383]}}, {"type": "Feature", "properties": {"type": "yes", "id": 203707485}, "geometry": {"type": "Point", "coordinates": [85.3397262, 27.6925521]}}, {"type": "Feature", "properties": {"type": "yes", "id": 203707491}, "geometry": {"type": "Point", "coordinates": [85.3397964, 27.6979857]}}, {"type": "Feature", "properties": {"type": "yes", "id": 203707496}, "geometry": {"type": "Point", "coordinates": [85.339737, 27.6955649]}}, {"type": "Feature", "properties": {"type": "yes", "id": 203707497}, "geometry": {"type": "Point", "coordinates": [85.3363042, 27.6983215]}}, {"type": "Feature", "properties": {"type": "yes", "id": 203707499}, "geometry": {"type": "Point", "coordinates": [85.3392106, 27.6958335]}}, {"type": "Feature", "properties": {"type": "yes", "id": 203707505}, "geometry": {"type": "Point", "coordinates": [85.3381591, 27.6952467]}}, {"type": "Feature", "properties": {"type": "yes", "id": 203707512}, "geometry": {"type": "Point", "coordinates": [85.3360628, 27.6987004]}}, {"type": "Feature", "properties": {"type": "yes", "id": 203707518}, "geometry": {"type": "Point", "coordinates": [85.3377016, 27.6974557]}}, {"type": "Feature", "properties": {"type": "yes", "id": 203707519}, "geometry": {"type": "Point", "coordinates": [85.3353898, 27.6998798]}}, {"type": "Feature", "properties": {"type": "yes", "id": 203707521}, "geometry": {"type": "Point", "coordinates": [85.3400415, 27.6941225]}}, {"type": "Feature", "properties": {"type": "yes", "id": 203707523}, "geometry": {"type": "Point", "coordinates": [85.3381158, 27.6958978]}}, {"type": "Feature", "properties": {"type": "yes", "id": 203707527}, "geometry": {"type": "Point", "coordinates": [85.3356559, 27.699702]}}, {"type": "Feature", "properties": {"type": "yes", "id": 203707529}, "geometry": {"type": "Point", "coordinates": [85.3395182, 27.6937689]}}, {"type": "Feature", "properties": {"type": "yes", "id": 203707531}, "geometry": {"type": "Point", "coordinates": [85.3382855, 27.6946677]}}, {"type": "Feature", "properties": {"type": "yes", "id": 203707532}, "geometry": {"type": "Point", "coordinates": [85.3393106, 27.6911267]}}, {"type": "Feature", "properties": {"type": "yes", "id": 203707533}, "geometry": {"type": "Point", "coordinates": [85.3388673, 27.6943985]}}, {"type": "Feature", "properties": {"type": "yes", "id": 203707535}, "geometry": {"type": "Point", "coordinates": [85.3364337, 27.699496]}}, {"type": "Feature", "properties": {"type": "yes", "id": 203707536}, "geometry": {"type": "Point", "coordinates": [85.3388397, 27.6948114]}}, {"type": "Feature", "properties": {"name": "Aviyaan Pvt. Ltd / Softwel Pvt. Ltd", "type": "office", "id": 203707537}, "geometry": {"type": "Point", "coordinates": [85.3393566, 27.6925778]}}, {"type": "Feature", "properties": {"type": "yes", "id": 203707539}, "geometry": {"type": "Point", "coordinates": [85.3348799, 27.6982817]}}, {"type": "Feature", "properties": {"type": "yes", "id": 203707540}, "geometry": {"type": "Point", "coordinates": [85.3364792, 27.6982561]}}, {"type": "Feature", "properties": {"type": "yes", "id": 203707543}, "geometry": {"type": "Point", "coordinates": [85.3361934, 27.6990602]}}, {"type": "Feature", "properties": {"type": "yes", "id": 203707550}, "geometry": {"type": "Point", "coordinates": [85.3367061, 27.6985419]}}, {"type": "Feature", "properties": {"type": "yes", "id": 203707558}, "geometry": {"type": "Point", "coordinates": [85.3373674, 27.6996995]}}, {"type": "Feature", "properties": {"name": "Caresoft Nepal Pvt. Ltd", "type": "yes", "id": 203707560}, "geometry": {"type": "Point", "coordinates": [85.3385694, 27.6978633]}}, {"type": "Feature", "properties": {"type": "yes", "id": 203707562}, "geometry": {"type": "Point", "coordinates": [85.3386263, 27.6954577]}}, {"type": "Feature", "properties": {"type": "yes", "id": 203707567}, "geometry": {"type": "Point", "coordinates": [85.3388885, 27.6979025]}}, {"type": "Feature", "properties": {"type": "yes", "id": 203707572}, "geometry": {"type": "Point", "coordinates": [85.3394283, 27.6919453]}}, {"type": "Feature", "properties": {"name": "Miteri girls hostel", "type": "yes", "building:levels": "3", "id": 203707573}, "geometry": {"type": "Point", "coordinates": [85.3392206, 27.697474]}}, {"type": "Feature", "properties": {"type": "yes", "id": 203707574}, "geometry": {"type": "Point", "coordinates": [85.3375683, 27.6999687]}}, {"type": "Feature", "properties": {"type": "yes", "id": 203707578}, "geometry": {"type": "Point", "coordinates": [85.3398222, 27.6949107]}}, {"type": "Feature", "properties": {"type": "yes", "id": 203707580}, "geometry": {"type": "Point", "coordinates": [85.3364399, 27.6998472]}}, {"type": "Feature", "properties": {"type": "yes", "id": 203707583}, "geometry": {"type": "Point", "coordinates": [85.3360346, 27.6994901]}}, {"type": "Feature", "properties": {"type": "yes", "id": 203707584}, "geometry": {"type": "Point", "coordinates": [85.3400858, 27.6955596]}}, {"type": "Feature", "properties": {"type": "yes", "id": 203707585}, "geometry": {"type": "Point", "coordinates": [85.3359459, 27.6985721]}}, {"type": "Feature", "properties": {"type": "yes", "id": 203707587}, "geometry": {"type": "Point", "coordinates": [85.3384738, 27.6940149]}}, {"type": "Feature", "properties": {"type": "yes", "id": 203707589}, "geometry": {"type": "Point", "coordinates": [85.3360128, 27.6998698]}}, {"type": "Feature", "properties": {"type": "yes", "id": 203707594}, "geometry": {"type": "Point", "coordinates": [85.3394121, 27.6978663]}}, {"type": "Feature", "properties": {"type": "yes", "id": 203707596}, "geometry": {"type": "Point", "coordinates": [85.3389939, 27.6957645]}}, {"type": "Feature", "properties": {"type": "yes", "id": 203707600}, "geometry": {"type": "Point", "coordinates": [85.3362919, 27.6984573]}}, {"type": "Feature", "properties": {"type": "yes", "id": 203707605}, "geometry": {"type": "Point", "coordinates": [85.3395466, 27.6934266]}}, {"type": "Feature", "properties": {"type": "yes", "id": 203707610}, "geometry": {"type": "Point", "coordinates": [85.3381756, 27.6951229]}}, {"type": "Feature", "properties": {"type": "yes", "id": 203707611}, "geometry": {"type": "Point", "coordinates": [85.3395152, 27.693087]}}, {"type": "Feature", "properties": {"type": "yes", "id": 203707615}, "geometry": {"type": "Point", "coordinates": [85.3396912, 27.692721]}}, {"type": "Feature", "properties": {"type": "yes", "id": 203707617}, "geometry": {"type": "Point", "coordinates": [85.3393208, 27.692417]}}, {"type": "Feature", "properties": {"type": "yes", "id": 203707618}, "geometry": {"type": "Point", "coordinates": [85.3349706, 27.6996914]}}, {"type": "Feature", "properties": {"type": "yes", "id": 203707621}, "geometry": {"type": "Point", "coordinates": [85.3397685, 27.6956733]}}, {"type": "Feature", "properties": {"type": "yes", "id": 203707624}, "geometry": {"type": "Point", "coordinates": [85.3400072, 27.6951764]}}, {"type": "Feature", "properties": {"name": "D&D girls hostel", "type": "yes", "id": 203707626}, "geometry": {"type": "Point", "coordinates": [85.3383981, 27.6929216]}}, {"type": "Feature", "properties": {"type": "yes", "id": 203707628}, "geometry": {"type": "Point", "coordinates": [85.3395869, 27.6959385]}}, {"type": "Feature", "properties": {"name": "Kathmandu Boys hostel", "type": "yes", "id": 203707629}, "geometry": {"type": "Point", "coordinates": [85.3386287, 27.6926859]}}, {"type": "Feature", "properties": {"type": "yes", "id": 203707630}, "geometry": {"type": "Point", "coordinates": [85.3392601, 27.6915177]}}, {"type": "Feature", "properties": {"type": "yes", "id": 203707639}, "geometry": {"type": "Point", "coordinates": [85.3398106, 27.6961465]}}, {"type": "Feature", "properties": {"type": "yes", "id": 203707642}, "geometry": {"type": "Point", "coordinates": [85.3363901, 27.6993]}}, {"type": "Feature", "properties": {"type": "yes", "id": 203707643}, "geometry": {"type": "Point", "coordinates": [85.3389086, 27.6937087]}}, {"type": "Feature", "properties": {"type": "yes", "id": 203707646}, "geometry": {"type": "Point", "coordinates": [85.336438, 27.6968033]}}, {"type": "Feature", "properties": {"type": "yes", "id": 203707652}, "geometry": {"type": "Point", "coordinates": [85.3382166, 27.6945837]}}, {"type": "Feature", "properties": {"type": "yes", "id": 203707656}, "geometry": {"type": "Point", "coordinates": [85.3393636, 27.6938075]}}, {"type": "Feature", "properties": {"type": "yes", "id": 203707658}, "geometry": {"type": "Point", "coordinates": [85.339298, 27.6918579]}}, {"type": "Feature", "properties": {"type": "yes", "id": 203707659}, "geometry": {"type": "Point", "coordinates": [85.339939, 27.6948661]}}, {"type": "Feature", "properties": {"name": "Sodhpuch", "type": "house", "id": 203707664}, "geometry": {"type": "Point", "coordinates": [85.3364417, 27.6991197]}}, {"type": "Feature", "properties": {"type": "yes", "id": 203707667}, "geometry": {"type": "Point", "coordinates": [85.3394603, 27.6920995]}}, {"type": "Feature", "properties": {"name": "Sagar Boys Hostel", "type": "yes", "id": 203707669}, "geometry": {"type": "Point", "coordinates": [85.3375794, 27.6996001]}}, {"type": "Feature", "properties": {"type": "yes", "id": 203707673}, "geometry": {"type": "Point", "coordinates": [85.3395779, 27.6925984]}}, {"type": "Feature", "properties": {"type": "yes", "id": 203707679}, "geometry": {"type": "Point", "coordinates": [85.3398627, 27.6922507]}}, {"type": "Feature", "properties": {"type": "yes", "id": 203707683}, "geometry": {"type": "Point", "coordinates": [85.3395153, 27.6961191]}}, {"type": "Feature", "properties": {"type": "yes", "id": 203707686}, "geometry": {"type": "Point", "coordinates": [85.3400124, 27.6964473]}}, {"type": "Feature", "properties": {"type": "yes", "id": 203707691}, "geometry": {"type": "Point", "coordinates": [85.3360409, 27.6999589]}}, {"type": "Feature", "properties": {"type": "yes", "id": 203707705}, "geometry": {"type": "Point", "coordinates": [85.3360557, 27.6985443]}}, {"type": "Feature", "properties": {"type": "yes", "id": 203707714}, "geometry": {"type": "Point", "coordinates": [85.3350041, 27.6997761]}}, {"type": "Feature", "properties": {"type": "yes", "id": 203707717}, "geometry": {"type": "Point", "coordinates": [85.3399677, 27.6956127]}}, {"type": "Feature", "properties": {"type": "yes", "id": 203709093}, "geometry": {"type": "Point", "coordinates": [85.3116945, 27.6786173]}}, {"type": "Feature", "properties": {"type": "yes", "id": 203968861}, "geometry": {"type": "Point", "coordinates": [85.3387967, 27.6977821]}}, {"type": "Feature", "properties": {"type": "yes", "id": 203968864}, "geometry": {"type": "Point", "coordinates": [85.3390873, 27.6978819]}}, {"type": "Feature", "properties": {"type": "yes", "id": 203968865}, "geometry": {"type": "Point", "coordinates": [85.3392234, 27.6976758]}}, {"type": "Feature", "properties": {"type": "yes", "id": 203968866}, "geometry": {"type": "Point", "coordinates": [85.3384989, 27.6961518]}}, {"type": "Feature", "properties": {"type": "yes", "id": 203968873}, "geometry": {"type": "Point", "coordinates": [85.3387282, 27.6959791]}}, {"type": "Feature", "properties": {"type": "yes", "id": 203968879}, "geometry": {"type": "Point", "coordinates": [85.3396282, 27.6962265]}}, {"type": "Feature", "properties": {"type": "yes", "id": 203968885}, "geometry": {"type": "Point", "coordinates": [85.3392426, 27.6979027]}}, {"type": "Feature", "properties": {"name": "The Burger and Crunchy Friend Restaurant", "type": "yes", "id": 203968895}, "geometry": {"type": "Point", "coordinates": [85.3378157, 27.6981929]}}, {"type": "Feature", "properties": {"type": "yes", "id": 203968897}, "geometry": {"type": "Point", "coordinates": [85.3392757, 27.6969431]}}, {"type": "Feature", "properties": {"type": "yes", "id": 203968898}, "geometry": {"type": "Point", "coordinates": [85.3394258, 27.693646]}}, {"type": "Feature", "properties": {"type": "yes", "id": 203968899}, "geometry": {"type": "Point", "coordinates": [85.3397466, 27.6958519]}}, {"type": "Feature", "properties": {"type": "yes", "id": 203968900}, "geometry": {"type": "Point", "coordinates": [85.3391319, 27.6956523]}}, {"type": "Feature", "properties": {"type": "yes", "id": 203968901}, "geometry": {"type": "Point", "coordinates": [85.3385803, 27.696019]}}, {"type": "Feature", "properties": {"type": "yes", "id": 203968903}, "geometry": {"type": "Point", "coordinates": [85.338467, 27.6966796]}}, {"type": "Feature", "properties": {"type": "yes", "id": 203968909}, "geometry": {"type": "Point", "coordinates": [85.3383291, 27.6943317]}}, {"type": "Feature", "properties": {"type": "yes", "id": 203968911}, "geometry": {"type": "Point", "coordinates": [85.3384792, 27.6981568]}}, {"type": "Feature", "properties": {"type": "yes", "id": 203968912}, "geometry": {"type": "Point", "coordinates": [85.3400637, 27.6967444]}}, {"type": "Feature", "properties": {"type": "yes", "id": 203968915}, "geometry": {"type": "Point", "coordinates": [85.3393586, 27.6933585]}}, {"type": "Feature", "properties": {"type": "yes", "id": 203968917}, "geometry": {"type": "Point", "coordinates": [85.3398165, 27.6962936]}}, {"type": "Feature", "properties": {"type": "yes", "id": 203968918}, "geometry": {"type": "Point", "coordinates": [85.3392674, 27.6955437]}}, {"type": "Feature", "properties": {"type": "yes", "id": 203968920}, "geometry": {"type": "Point", "coordinates": [85.3383287, 27.695694]}}, {"type": "Feature", "properties": {"type": "yes", "id": 203968922}, "geometry": {"type": "Point", "coordinates": [85.3386626, 27.6965894]}}, {"type": "Feature", "properties": {"type": "yes", "id": 203968926}, "geometry": {"type": "Point", "coordinates": [85.3383288, 27.6958287]}}, {"type": "Feature", "properties": {"type": "yes", "id": 203968927}, "geometry": {"type": "Point", "coordinates": [85.3374075, 27.6962725]}}, {"type": "Feature", "properties": {"type": "yes", "id": 203968930}, "geometry": {"type": "Point", "coordinates": [85.340017, 27.6971763]}}, {"type": "Feature", "properties": {"type": "school", "building:levels": "2", "id": 203968932}, "geometry": {"type": "Point", "coordinates": [85.3387744, 27.6964427]}}, {"type": "Feature", "properties": {"type": "college", "building:levels": "1", "id": 203968933}, "geometry": {"type": "Point", "coordinates": [85.3399727, 27.6932633]}}, {"type": "Feature", "properties": {"type": "yes", "id": 203968934}, "geometry": {"type": "Point", "coordinates": [85.3384545, 27.6947362]}}, {"type": "Feature", "properties": {"type": "yes", "id": 203968936}, "geometry": {"type": "Point", "coordinates": [85.3396733, 27.6963347]}}, {"type": "Feature", "properties": {"type": "yes", "id": 203968937}, "geometry": {"type": "Point", "coordinates": [85.3376031, 27.6945878]}}, {"type": "Feature", "properties": {"type": "yes", "id": 203968938}, "geometry": {"type": "Point", "coordinates": [85.3379815, 27.694523]}}, {"type": "Feature", "properties": {"type": "yes", "id": 203968944}, "geometry": {"type": "Point", "coordinates": [85.3400522, 27.6965802]}}, {"type": "Feature", "properties": {"type": "school", "building:levels": "3", "id": 203968946}, "geometry": {"type": "Point", "coordinates": [85.3392128, 27.6963566]}}, {"type": "Feature", "properties": {"type": "yes", "id": 203968950}, "geometry": {"type": "Point", "coordinates": [85.3380351, 27.6969822]}}, {"type": "Feature", "properties": {"type": "yes", "id": 203968952}, "geometry": {"type": "Point", "coordinates": [85.3384515, 27.6956572]}}, {"type": "Feature", "properties": {"type": "school", "building:levels": "4", "id": 203968959}, "geometry": {"type": "Point", "coordinates": [85.3395254, 27.6967036]}}, {"type": "Feature", "properties": {"type": "yes", "id": 203968961}, "geometry": {"type": "Point", "coordinates": [85.3388178, 27.6940636]}}, {"type": "Feature", "properties": {"type": "yes", "id": 203968965}, "geometry": {"type": "Point", "coordinates": [85.3383762, 27.6963563]}}, {"type": "Feature", "properties": {"type": "yes", "id": 203968966}, "geometry": {"type": "Point", "coordinates": [85.3375878, 27.6949113]}}, {"type": "Feature", "properties": {"type": "yes", "id": 203968967}, "geometry": {"type": "Point", "coordinates": [85.3378679, 27.6945398]}}, {"type": "Feature", "properties": {"type": "yes", "id": 203968969}, "geometry": {"type": "Point", "coordinates": [85.3387036, 27.6958329]}}, {"type": "Feature", "properties": {"name": "Sodhpuch Pvt. Ltd", "type": "yes", "id": 203968974}, "geometry": {"type": "Point", "coordinates": [85.3378718, 27.6942486]}}, {"type": "Feature", "properties": {"type": "yes", "id": 203968976}, "geometry": {"type": "Point", "coordinates": [85.3395123, 27.6978576]}}, {"type": "Feature", "properties": {"type": "yes", "id": 203968984}, "geometry": {"type": "Point", "coordinates": [85.3397509, 27.6930922]}}, {"type": "Feature", "properties": {"type": "yes", "id": 203968987}, "geometry": {"type": "Point", "coordinates": [85.33895, 27.6941023]}}, {"type": "Feature", "properties": {"type": "school", "building:levels": "3", "id": 203968991}, "geometry": {"type": "Point", "coordinates": [85.3387175, 27.6963308]}}, {"type": "Feature", "properties": {"type": "yes", "id": 203968992}, "geometry": {"type": "Point", "coordinates": [85.3383277, 27.6962381]}}, {"type": "Feature", "properties": {"type": "college", "building:levels": "4", "id": 203968993}, "geometry": {"type": "Point", "coordinates": [85.3383473, 27.6959191]}}, {"type": "Feature", "properties": {"name": "Seasons Academic Boarding School", "type": "yes", "id": 203968995}, "geometry": {"type": "Point", "coordinates": [85.3387171, 27.6941456]}}, {"type": "Feature", "properties": {"type": "yes", "id": 203968997}, "geometry": {"type": "Point", "coordinates": [85.3384881, 27.6957777]}}, {"type": "Feature", "properties": {"type": "yes", "id": 203968998}, "geometry": {"type": "Point", "coordinates": [85.3388068, 27.6971725]}}, {"type": "Feature", "properties": {"type": "yes", "id": 203968999}, "geometry": {"type": "Point", "coordinates": [85.3386022, 27.6963833]}}, {"type": "Feature", "properties": {"type": "yes", "id": 203969001}, "geometry": {"type": "Point", "coordinates": [85.3376928, 27.6943149]}}, {"type": "Feature", "properties": {"name": "Sigma Con. (P) Ltd", "type": "yes", "id": 203969005}, "geometry": {"type": "Point", "coordinates": [85.3394021, 27.6977041]}}, {"type": "Feature", "properties": {"type": "yes", "id": 203969006}, "geometry": {"type": "Point", "coordinates": [85.3396487, 27.6930746]}}, {"type": "Feature", "properties": {"type": "yes", "id": 203969007}, "geometry": {"type": "Point", "coordinates": [85.3380128, 27.6946253]}}, {"type": "Feature", "properties": {"type": "yes", "id": 203969009}, "geometry": {"type": "Point", "coordinates": [85.3385062, 27.6959163]}}, {"type": "Feature", "properties": {"type": "yes", "id": 203969010}, "geometry": {"type": "Point", "coordinates": [85.3386655, 27.6962165]}}, {"type": "Feature", "properties": {"type": "yes", "id": 203969013}, "geometry": {"type": "Point", "coordinates": [85.3382194, 27.6957343]}}, {"type": "Feature", "properties": {"type": "yes", "id": 203969019}, "geometry": {"type": "Point", "coordinates": [85.338124, 27.696367]}}, {"type": "Feature", "properties": {"type": "yes", "id": 203969022}, "geometry": {"type": "Point", "coordinates": [85.3378427, 27.6951005]}}, {"type": "Feature", "properties": {"type": "yes", "id": 203969024}, "geometry": {"type": "Point", "coordinates": [85.3392352, 27.6978193]}}, {"type": "Feature", "properties": {"type": "yes", "id": 203969025}, "geometry": {"type": "Point", "coordinates": [85.3400129, 27.6974658]}}, {"type": "Feature", "properties": {"type": "yes", "id": 203969027}, "geometry": {"type": "Point", "coordinates": [85.3384161, 27.6965655]}}, {"type": "Feature", "properties": {"type": "yes", "id": 203969029}, "geometry": {"type": "Point", "coordinates": [85.3392702, 27.6968134]}}, {"type": "Feature", "properties": {"type": "yes", "id": 203969030}, "geometry": {"type": "Point", "coordinates": [85.3390438, 27.6965697]}}, {"type": "Feature", "properties": {"type": "yes", "id": 203969031}, "geometry": {"type": "Point", "coordinates": [85.340051, 27.6936566]}}, {"type": "Feature", "properties": {"type": "yes", "id": 203969032}, "geometry": {"type": "Point", "coordinates": [85.3399997, 27.6938562]}}, {"type": "Feature", "properties": {"type": "yes", "id": 204099130}, "geometry": {"type": "Point", "coordinates": [85.3328511, 27.6831249]}}, {"type": "Feature", "properties": {"type": "yes", "id": 204099134}, "geometry": {"type": "Point", "coordinates": [85.3324164, 27.6827551]}}, {"type": "Feature", "properties": {"type": "yes", "id": 204099142}, "geometry": {"type": "Point", "coordinates": [85.3322881, 27.6829861]}}, {"type": "Feature", "properties": {"type": "yes", "id": 204099151}, "geometry": {"type": "Point", "coordinates": [85.3318365, 27.6834532]}}, {"type": "Feature", "properties": {"type": "mixed_use", "building:levels": "3", "id": 204099156}, "geometry": {"type": "Point", "coordinates": [85.331299, 27.6867786]}}, {"type": "Feature", "properties": {"type": "yes", "id": 204099157}, "geometry": {"type": "Point", "coordinates": [85.3345017, 27.6833604]}}, {"type": "Feature", "properties": {"type": "yes", "id": 204099168}, "geometry": {"type": "Point", "coordinates": [85.3320586, 27.6833105]}}, {"type": "Feature", "properties": {"type": "yes", "id": 204099174}, "geometry": {"type": "Point", "coordinates": [85.3319581, 27.68324]}}, {"type": "Feature", "properties": {"type": "residential", "building:levels": "4", "id": 204099179}, "geometry": {"type": "Point", "coordinates": [85.3310058, 27.6867926]}}, {"type": "Feature", "properties": {"type": "yes", "id": 204099187}, "geometry": {"type": "Point", "coordinates": [85.3355374, 27.6834404]}}, {"type": "Feature", "properties": {"type": "yes", "id": 204099189}, "geometry": {"type": "Point", "coordinates": [85.3322198, 27.6830694]}}, {"type": "Feature", "properties": {"type": "yes", "id": 204099202}, "geometry": {"type": "Point", "coordinates": [85.3328642, 27.6833026]}}, {"type": "Feature", "properties": {"type": "school", "building:levels": "4", "id": 204099206}, "geometry": {"type": "Point", "coordinates": [85.3355062, 27.6852146]}}, {"type": "Feature", "properties": {"name": "niroj's house", "type": "house", "building:levels": "4", "id": 204099207}, "geometry": {"type": "Point", "coordinates": [85.3325463, 27.686741]}}, {"type": "Feature", "properties": {"name": "Columbus School", "type": "school", "building:levels": "1", "id": 204099236}, "geometry": {"type": "Point", "coordinates": [85.331193, 27.6872777]}}, {"type": "Feature", "properties": {"type": "residential", "building:levels": "4", "id": 204099240}, "geometry": {"type": "Point", "coordinates": [85.3311013, 27.6867568]}}, {"type": "Feature", "properties": {"type": "yes", "id": 204099242}, "geometry": {"type": "Point", "coordinates": [85.3318153, 27.683333]}}, {"type": "Feature", "properties": {"type": "yes", "id": 204099255}, "geometry": {"type": "Point", "coordinates": [85.3321648, 27.6831442]}}, {"type": "Feature", "properties": {"type": "yes", "id": 204099272}, "geometry": {"type": "Point", "coordinates": [85.3354068, 27.6834465]}}, {"type": "Feature", "properties": {"name": "Bhat-Bhateni Super Market", "type": "commercial", "id": 204256762}, "geometry": {"type": "Point", "coordinates": [85.3194651, 27.6794751]}}, {"type": "Feature", "properties": {"type": "yes", "id": 204346659}, "geometry": {"type": "Point", "coordinates": [85.3048161, 27.6546881]}}, {"type": "Feature", "properties": {"type": "yes", "id": 204346660}, "geometry": {"type": "Point", "coordinates": [85.3033644, 27.6540933]}}, {"type": "Feature", "properties": {"type": "yes", "id": 204346661}, "geometry": {"type": "Point", "coordinates": [85.2996472, 27.6558196]}}, {"type": "Feature", "properties": {"type": "yes", "id": 204346662}, "geometry": {"type": "Point", "coordinates": [85.303553, 27.6567485]}}, {"type": "Feature", "properties": {"type": "yes", "id": 204346663}, "geometry": {"type": "Point", "coordinates": [85.3049793, 27.6572643]}}, {"type": "Feature", "properties": {"type": "yes", "id": 204346664}, "geometry": {"type": "Point", "coordinates": [85.304299, 27.6573247]}}, {"type": "Feature", "properties": {"type": "yes", "id": 204346666}, "geometry": {"type": "Point", "coordinates": [85.3050907, 27.6569516]}}, {"type": "Feature", "properties": {"type": "yes", "id": 204346667}, "geometry": {"type": "Point", "coordinates": [85.3049128, 27.654868]}}, {"type": "Feature", "properties": {"type": "yes", "id": 204346668}, "geometry": {"type": "Point", "coordinates": [85.3019479, 27.6576516]}}, {"type": "Feature", "properties": {"type": "yes", "id": 204346669}, "geometry": {"type": "Point", "coordinates": [85.3045417, 27.6573064]}}, {"type": "Feature", "properties": {"type": "yes", "id": 204346670}, "geometry": {"type": "Point", "coordinates": [85.3044873, 27.6558332]}}, {"type": "Feature", "properties": {"type": "yes", "id": 204346671}, "geometry": {"type": "Point", "coordinates": [85.3017546, 27.6557674]}}, {"type": "Feature", "properties": {"type": "yes", "id": 204346672}, "geometry": {"type": "Point", "coordinates": [85.3048655, 27.657147]}}, {"type": "Feature", "properties": {"type": "yes", "id": 204346673}, "geometry": {"type": "Point", "coordinates": [85.3052777, 27.6548046]}}, {"type": "Feature", "properties": {"type": "yes", "id": 204346674}, "geometry": {"type": "Point", "coordinates": [85.3019446, 27.6573929]}}, {"type": "Feature", "properties": {"type": "yes", "id": 204346675}, "geometry": {"type": "Point", "coordinates": [85.3050153, 27.6568566]}}, {"type": "Feature", "properties": {"type": "yes", "id": 204346676}, "geometry": {"type": "Point", "coordinates": [85.2993893, 27.6557209]}}, {"type": "Feature", "properties": {"type": "yes", "id": 204346677}, "geometry": {"type": "Point", "coordinates": [85.3046919, 27.6572792]}}, {"type": "Feature", "properties": {"type": "yes", "id": 204346678}, "geometry": {"type": "Point", "coordinates": [85.3054252, 27.6565579]}}, {"type": "Feature", "properties": {"type": "yes", "id": 204346679}, "geometry": {"type": "Point", "coordinates": [85.3010336, 27.6555037]}}, {"type": "Feature", "properties": {"type": "yes", "id": 204346680}, "geometry": {"type": "Point", "coordinates": [85.3047012, 27.656822]}}, {"type": "Feature", "properties": {"type": "yes", "id": 204346681}, "geometry": {"type": "Point", "coordinates": [85.2990534, 27.6555996]}}, {"type": "Feature", "properties": {"type": "yes", "id": 204346682}, "geometry": {"type": "Point", "coordinates": [85.3009421, 27.6573391]}}, {"type": "Feature", "properties": {"type": "yes", "id": 204346683}, "geometry": {"type": "Point", "coordinates": [85.3048615, 27.6566892]}}, {"type": "Feature", "properties": {"type": "yes", "id": 204346684}, "geometry": {"type": "Point", "coordinates": [85.2992317, 27.6556588]}}, {"type": "Feature", "properties": {"type": "yes", "id": 204346685}, "geometry": {"type": "Point", "coordinates": [85.2995246, 27.6559521]}}, {"type": "Feature", "properties": {"type": "yes", "id": 204346686}, "geometry": {"type": "Point", "coordinates": [85.3048568, 27.6573968]}}, {"type": "Feature", "properties": {"type": "yes", "id": 204346687}, "geometry": {"type": "Point", "coordinates": [85.305392, 27.6564437]}}, {"type": "Feature", "properties": {"type": "yes", "id": 204346688}, "geometry": {"type": "Point", "coordinates": [85.3011749, 27.6556419]}}, {"type": "Feature", "properties": {"type": "yes", "id": 204346689}, "geometry": {"type": "Point", "coordinates": [85.3012949, 27.6566402]}}, {"type": "Feature", "properties": {"type": "yes", "id": 204346690}, "geometry": {"type": "Point", "coordinates": [85.3045393, 27.6568094]}}, {"type": "Feature", "properties": {"type": "yes", "id": 204346691}, "geometry": {"type": "Point", "coordinates": [85.3039912, 27.6537522]}}, {"type": "Feature", "properties": {"type": "yes", "id": 204346692}, "geometry": {"type": "Point", "coordinates": [85.2993511, 27.6558929]}}, {"type": "Feature", "properties": {"type": "yes", "id": 204346693}, "geometry": {"type": "Point", "coordinates": [85.3059201, 27.6566813]}}, {"type": "Feature", "properties": {"type": "yes", "id": 204346694}, "geometry": {"type": "Point", "coordinates": [85.3014764, 27.6563201]}}, {"type": "Feature", "properties": {"type": "yes", "id": 204346695}, "geometry": {"type": "Point", "coordinates": [85.3045787, 27.6569016]}}, {"type": "Feature", "properties": {"type": "yes", "id": 204346696}, "geometry": {"type": "Point", "coordinates": [85.3056657, 27.6541484]}}, {"type": "Feature", "properties": {"type": "yes", "id": 204346697}, "geometry": {"type": "Point", "coordinates": [85.3051165, 27.6568032]}}, {"type": "Feature", "properties": {"type": "yes", "id": 204346698}, "geometry": {"type": "Point", "coordinates": [85.3011441, 27.6569519]}}, {"type": "Feature", "properties": {"type": "yes", "id": 204346699}, "geometry": {"type": "Point", "coordinates": [85.3053287, 27.657734]}}, {"type": "Feature", "properties": {"type": "yes", "id": 204346700}, "geometry": {"type": "Point", "coordinates": [85.2991807, 27.6558351]}}, {"type": "Feature", "properties": {"type": "yes", "id": 204346701}, "geometry": {"type": "Point", "coordinates": [85.2994736, 27.6557505]}}, {"type": "Feature", "properties": {"type": "yes", "id": 204346702}, "geometry": {"type": "Point", "coordinates": [85.3045675, 27.6566552]}}, {"type": "Feature", "properties": {"type": "yes", "id": 204346703}, "geometry": {"type": "Point", "coordinates": [85.3045642, 27.6571565]}}, {"type": "Feature", "properties": {"type": "yes", "id": 204346704}, "geometry": {"type": "Point", "coordinates": [85.3053396, 27.6543149]}}, {"type": "Feature", "properties": {"type": "yes", "id": 204346705}, "geometry": {"type": "Point", "coordinates": [85.3031295, 27.6568246]}}, {"type": "Feature", "properties": {"type": "yes", "id": 204346706}, "geometry": {"type": "Point", "coordinates": [85.3050299, 27.6576633]}}, {"type": "Feature", "properties": {"type": "yes", "id": 204346707}, "geometry": {"type": "Point", "coordinates": [85.3048002, 27.6570952]}}, {"type": "Feature", "properties": {"type": "yes", "id": 204346708}, "geometry": {"type": "Point", "coordinates": [85.3039372, 27.6569739]}}, {"type": "Feature", "properties": {"type": "yes", "id": 204346709}, "geometry": {"type": "Point", "coordinates": [85.3044872, 27.6578285]}}, {"type": "Feature", "properties": {"type": "yes", "id": 204346710}, "geometry": {"type": "Point", "coordinates": [85.3049623, 27.6570832]}}, {"type": "Feature", "properties": {"type": "yes", "id": 204346711}, "geometry": {"type": "Point", "coordinates": [85.3045554, 27.6546654]}}, {"type": "Feature", "properties": {"type": "yes", "id": 204346712}, "geometry": {"type": "Point", "coordinates": [85.3035677, 27.6541272]}}, {"type": "Feature", "properties": {"type": "yes", "id": 204346713}, "geometry": {"type": "Point", "coordinates": [85.3033978, 27.6567569]}}, {"type": "Feature", "properties": {"type": "yes", "id": 204346714}, "geometry": {"type": "Point", "coordinates": [85.3050315, 27.657329]}}, {"type": "Feature", "properties": {"type": "yes", "id": 204346715}, "geometry": {"type": "Point", "coordinates": [85.3043866, 27.657399]}}, {"type": "Feature", "properties": {"type": "yes", "id": 204346716}, "geometry": {"type": "Point", "coordinates": [85.305174, 27.6570294]}}, {"type": "Feature", "properties": {"type": "yes", "id": 204346717}, "geometry": {"type": "Point", "coordinates": [85.3055251, 27.6550828]}}, {"type": "Feature", "properties": {"type": "yes", "id": 204346718}, "geometry": {"type": "Point", "coordinates": [85.3032445, 27.6569382]}}, {"type": "Feature", "properties": {"type": "yes", "id": 204346719}, "geometry": {"type": "Point", "coordinates": [85.3056042, 27.6578321]}}, {"type": "Feature", "properties": {"type": "yes", "id": 204346720}, "geometry": {"type": "Point", "coordinates": [85.3051177, 27.6572248]}}, {"type": "Feature", "properties": {"type": "yes", "id": 204346721}, "geometry": {"type": "Point", "coordinates": [85.3048103, 27.6548661]}}, {"type": "Feature", "properties": {"type": "yes", "id": 204346722}, "geometry": {"type": "Point", "coordinates": [85.3032791, 27.6540019]}}, {"type": "Feature", "properties": {"type": "yes", "id": 204346723}, "geometry": {"type": "Point", "coordinates": [85.3025363, 27.6569528]}}, {"type": "Feature", "properties": {"type": "yes", "id": 204346724}, "geometry": {"type": "Point", "coordinates": [85.30446, 27.6572315]}}, {"type": "Feature", "properties": {"type": "yes", "id": 204346725}, "geometry": {"type": "Point", "coordinates": [85.2990136, 27.6557857]}}, {"type": "Feature", "properties": {"type": "yes", "id": 204346726}, "geometry": {"type": "Point", "coordinates": [85.3047029, 27.6557079]}}, {"type": "Feature", "properties": {"type": "yes", "id": 204346727}, "geometry": {"type": "Point", "coordinates": [85.3049263, 27.6572078]}}, {"type": "Feature", "properties": {"type": "yes", "id": 204346728}, "geometry": {"type": "Point", "coordinates": [85.3050533, 27.6548464]}}, {"type": "Feature", "properties": {"type": "yes", "id": 204346729}, "geometry": {"type": "Point", "coordinates": [85.3021413, 27.6575676]}}, {"type": "Feature", "properties": {"type": "yes", "id": 204346730}, "geometry": {"type": "Point", "coordinates": [85.3046036, 27.6573695]}}, {"type": "Feature", "properties": {"type": "yes", "id": 204346731}, "geometry": {"type": "Point", "coordinates": [85.3056715, 27.6557654]}}, {"type": "Feature", "properties": {"type": "yes", "id": 204346732}, "geometry": {"type": "Point", "coordinates": [85.3012107, 27.6551306]}}, {"type": "Feature", "properties": {"type": "yes", "id": 204346733}, "geometry": {"type": "Point", "coordinates": [85.3047687, 27.6568997]}}, {"type": "Feature", "properties": {"type": "yes", "id": 204346734}, "geometry": {"type": "Point", "coordinates": [85.2992651, 27.6558619]}}, {"type": "Feature", "properties": {"type": "yes", "id": 204346735}, "geometry": {"type": "Point", "coordinates": [85.3054997, 27.6548603]}}, {"type": "Feature", "properties": {"type": "yes", "id": 204346736}, "geometry": {"type": "Point", "coordinates": [85.3016077, 27.6575564]}}, {"type": "Feature", "properties": {"type": "yes", "id": 204346737}, "geometry": {"type": "Point", "coordinates": [85.305098, 27.6566247]}}, {"type": "Feature", "properties": {"type": "yes", "id": 204346738}, "geometry": {"type": "Point", "coordinates": [85.2993081, 27.6556898]}}, {"type": "Feature", "properties": {"type": "yes", "id": 204346739}, "geometry": {"type": "Point", "coordinates": [85.304773, 27.6574777]}}, {"type": "Feature", "properties": {"type": "yes", "id": 204346740}, "geometry": {"type": "Point", "coordinates": [85.3054759, 27.6564256]}}, {"type": "Feature", "properties": {"type": "yes", "id": 204346741}, "geometry": {"type": "Point", "coordinates": [85.3009917, 27.6556695]}}, {"type": "Feature", "properties": {"type": "yes", "id": 204346742}, "geometry": {"type": "Point", "coordinates": [85.3046426, 27.6567462]}}, {"type": "Feature", "properties": {"type": "yes", "id": 204346743}, "geometry": {"type": "Point", "coordinates": [85.3013508, 27.6571133]}}, {"type": "Feature", "properties": {"type": "yes", "id": 204346744}, "geometry": {"type": "Point", "coordinates": [85.3044667, 27.6567437]}}, {"type": "Feature", "properties": {"type": "yes", "id": 204346745}, "geometry": {"type": "Point", "coordinates": [85.2991378, 27.6556264]}}, {"type": "Feature", "properties": {"type": "yes", "id": 204346746}, "geometry": {"type": "Point", "coordinates": [85.2994402, 27.6559267]}}, {"type": "Feature", "properties": {"type": "yes", "id": 204346748}, "geometry": {"type": "Point", "coordinates": [85.3011747, 27.6557636]}}, {"type": "Feature", "properties": {"type": "yes", "id": 204346749}, "geometry": {"type": "Point", "coordinates": [85.3009184, 27.6568025]}}, {"type": "Feature", "properties": {"type": "yes", "id": 204346750}, "geometry": {"type": "Point", "coordinates": [85.304375, 27.6569156]}}, {"type": "Feature", "properties": {"type": "yes", "id": 204346751}, "geometry": {"type": "Point", "coordinates": [85.30582, 27.6540254]}}, {"type": "Feature", "properties": {"type": "yes", "id": 204346752}, "geometry": {"type": "Point", "coordinates": [85.3045706, 27.6565128]}}, {"type": "Feature", "properties": {"type": "yes", "id": 204346753}, "geometry": {"type": "Point", "coordinates": [85.3015563, 27.6566215]}}, {"type": "Feature", "properties": {"type": "yes", "id": 204346754}, "geometry": {"type": "Point", "coordinates": [85.3054197, 27.6577853]}}, {"type": "Feature", "properties": {"type": "yes", "id": 204346755}, "geometry": {"type": "Point", "coordinates": [85.2995628, 27.6557829]}}, {"type": "Feature", "properties": {"type": "yes", "id": 204346756}, "geometry": {"type": "Point", "coordinates": [85.304417, 27.6570566]}}, {"type": "Feature", "properties": {"type": "yes", "id": 204346757}, "geometry": {"type": "Point", "coordinates": [85.3050135, 27.6541008]}}, {"type": "Feature", "properties": {"type": "yes", "id": 204346758}, "geometry": {"type": "Point", "coordinates": [85.3005866, 27.6567441]}}, {"type": "Feature", "properties": {"type": "yes", "id": 204346759}, "geometry": {"type": "Point", "coordinates": [85.305176, 27.6577023]}}, {"type": "Feature", "properties": {"type": "yes", "id": 204346760}, "geometry": {"type": "Point", "coordinates": [85.3040179, 27.6570102]}}, {"type": "Feature", "properties": {"type": "yes", "id": 204346761}, "geometry": {"type": "Point", "coordinates": [85.3044871, 27.6575044]}}, {"type": "Feature", "properties": {"type": "yes", "id": 204346762}, "geometry": {"type": "Point", "coordinates": [85.2990995, 27.6558153]}}, {"type": "Feature", "properties": {"type": "yes", "id": 204346763}, "geometry": {"type": "Point", "coordinates": [85.3048948, 27.6570194]}}, {"type": "Feature", "properties": {"type": "yes", "id": 204346764}, "geometry": {"type": "Point", "coordinates": [85.304675, 27.6544342]}}, {"type": "Feature", "properties": {"type": "yes", "id": 204346765}, "geometry": {"type": "Point", "coordinates": [85.303015, 27.6543654]}}, {"type": "Feature", "properties": {"type": "yes", "id": 204346766}, "geometry": {"type": "Point", "coordinates": [85.3032556, 27.6567761]}}, {"type": "Feature", "properties": {"type": "yes", "id": 204346767}, "geometry": {"type": "Point", "coordinates": [85.3049087, 27.6574904]}}, {"type": "Feature", "properties": {"type": "yes", "id": 204346768}, "geometry": {"type": "Point", "coordinates": [85.3048465, 27.657665]}}, {"type": "Feature", "properties": {"type": "yes", "id": 204346769}, "geometry": {"type": "Point", "coordinates": [85.3052573, 27.6571091]}}, {"type": "Feature", "properties": {"type": "yes", "id": 204346770}, "geometry": {"type": "Point", "coordinates": [85.3056402, 27.654899]}}, {"type": "Feature", "properties": {"type": "yes", "id": 204346771}, "geometry": {"type": "Point", "coordinates": [85.3037764, 27.6565787]}}, {"type": "Feature", "properties": {"type": "yes", "id": 204346772}, "geometry": {"type": "Point", "coordinates": [85.3046528, 27.6578221]}}, {"type": "Feature", "properties": {"type": "yes", "id": 204346773}, "geometry": {"type": "Point", "coordinates": [85.3050434, 27.657157]}}, {"type": "Feature", "properties": {"type": "yes", "id": 204498435}, "geometry": {"type": "Point", "coordinates": [85.2884294, 27.6733941]}}, {"type": "Feature", "properties": {"type": "yes", "id": 204498436}, "geometry": {"type": "Point", "coordinates": [85.2881483, 27.6734596]}}, {"type": "Feature", "properties": {"type": "yes", "id": 204498437}, "geometry": {"type": "Point", "coordinates": [85.2877752, 27.6746228]}}, {"type": "Feature", "properties": {"type": "yes", "id": 204498438}, "geometry": {"type": "Point", "coordinates": [85.2883196, 27.673428]}}, {"type": "Feature", "properties": {"type": "yes", "id": 204498439}, "geometry": {"type": "Point", "coordinates": [85.2883929, 27.6732704]}}, {"type": "Feature", "properties": {"type": "yes", "id": 204498440}, "geometry": {"type": "Point", "coordinates": [85.2876617, 27.6746864]}}, {"type": "Feature", "properties": {"type": "yes", "id": 204498441}, "geometry": {"type": "Point", "coordinates": [85.2877318, 27.6743877]}}, {"type": "Feature", "properties": {"name": "Fruit Development Directorate", "type": "yes", "id": 204498442}, "geometry": {"type": "Point", "coordinates": [85.2880138, 27.6743767]}}, {"type": "Feature", "properties": {"type": "yes", "id": 204509570}, "geometry": {"type": "Point", "coordinates": [85.2886883, 27.6746561]}}, {"type": "Feature", "properties": {"type": "yes", "id": 204509571}, "geometry": {"type": "Point", "coordinates": [85.2889465, 27.6749599]}}, {"type": "Feature", "properties": {"type": "yes", "id": 204509572}, "geometry": {"type": "Point", "coordinates": [85.288076, 27.6746445]}}, {"type": "Feature", "properties": {"type": "yes", "id": 204509573}, "geometry": {"type": "Point", "coordinates": [85.2880297, 27.675215]}}, {"type": "Feature", "properties": {"type": "yes", "id": 204509574}, "geometry": {"type": "Point", "coordinates": [85.2887515, 27.6748567]}}, {"type": "Feature", "properties": {"type": "yes", "id": 204509575}, "geometry": {"type": "Point", "coordinates": [85.2879938, 27.6745736]}}, {"type": "Feature", "properties": {"type": "yes", "id": 204509576}, "geometry": {"type": "Point", "coordinates": [85.2879119, 27.6751277]}}, {"type": "Feature", "properties": {"type": "yes", "id": 204509577}, "geometry": {"type": "Point", "coordinates": [85.2877841, 27.6750243]}}, {"type": "Feature", "properties": {"type": "yes", "id": 204509578}, "geometry": {"type": "Point", "coordinates": [85.287864, 27.6752171]}}, {"type": "Feature", "properties": {"type": "yes", "id": 204509579}, "geometry": {"type": "Point", "coordinates": [85.2880365, 27.6748457]}}, {"type": "Feature", "properties": {"type": "yes", "id": 204519959}, "geometry": {"type": "Point", "coordinates": [85.2828808, 27.6720776]}}, {"type": "Feature", "properties": {"type": "yes", "id": 204519961}, "geometry": {"type": "Point", "coordinates": [85.2829806, 27.6723767]}}, {"type": "Feature", "properties": {"type": "yes", "id": 204519963}, "geometry": {"type": "Point", "coordinates": [85.2828228, 27.6721096]}}, {"type": "Feature", "properties": {"type": "yes", "id": 204519967}, "geometry": {"type": "Point", "coordinates": [85.2833404, 27.6721235]}}, {"type": "Feature", "properties": {"type": "yes", "id": 204519974}, "geometry": {"type": "Point", "coordinates": [85.2819078, 27.6717915]}}, {"type": "Feature", "properties": {"type": "yes", "id": 204519978}, "geometry": {"type": "Point", "coordinates": [85.2832865, 27.6717678]}}, {"type": "Feature", "properties": {"type": "yes", "id": 204519984}, "geometry": {"type": "Point", "coordinates": [85.283259, 27.6716981]}}, {"type": "Feature", "properties": {"type": "yes", "id": 204519987}, "geometry": {"type": "Point", "coordinates": [85.2832086, 27.6715964]}}, {"type": "Feature", "properties": {"type": "yes", "id": 204519989}, "geometry": {"type": "Point", "coordinates": [85.283134, 27.6714824]}}, {"type": "Feature", "properties": {"type": "yes", "id": 204519994}, "geometry": {"type": "Point", "coordinates": [85.282552, 27.6723738]}}, {"type": "Feature", "properties": {"type": "yes", "id": 204519996}, "geometry": {"type": "Point", "coordinates": [85.2833119, 27.6719544]}}, {"type": "Feature", "properties": {"type": "yes", "id": 204520000}, "geometry": {"type": "Point", "coordinates": [85.2834251, 27.6723648]}}, {"type": "Feature", "properties": {"type": "yes", "id": 204520002}, "geometry": {"type": "Point", "coordinates": [85.2830098, 27.6721641]}}, {"type": "Feature", "properties": {"type": "yes", "id": 204520004}, "geometry": {"type": "Point", "coordinates": [85.2834015, 27.6727005]}}, {"type": "Feature", "properties": {"type": "yes", "id": 204520007}, "geometry": {"type": "Point", "coordinates": [85.2827718, 27.6721913]}}, {"type": "Feature", "properties": {"type": "yes", "id": 204520011}, "geometry": {"type": "Point", "coordinates": [85.2824322, 27.6723417]}}, {"type": "Feature", "properties": {"type": "yes", "id": 204520013}, "geometry": {"type": "Point", "coordinates": [85.283294, 27.671857]}}, {"type": "Feature", "properties": {"type": "yes", "id": 204520015}, "geometry": {"type": "Point", "coordinates": [85.2836241, 27.6719669]}}, {"type": "Feature", "properties": {"type": "yes", "id": 204890592}, "geometry": {"type": "Point", "coordinates": [85.3018163, 27.681764]}}, {"type": "Feature", "properties": {"type": "yes", "id": 204890593}, "geometry": {"type": "Point", "coordinates": [85.3015758, 27.6817537]}}, {"type": "Feature", "properties": {"type": "residential", "building:levels": "3", "id": 204890594}, "geometry": {"type": "Point", "coordinates": [85.3008782, 27.6823907]}}, {"type": "Feature", "properties": {"type": "yes", "id": 204890596}, "geometry": {"type": "Point", "coordinates": [85.3011604, 27.682196]}}, {"type": "Feature", "properties": {"type": "yes", "id": 204890597}, "geometry": {"type": "Point", "coordinates": [85.3001618, 27.6829323]}}, {"type": "Feature", "properties": {"type": "yes", "id": 204890598}, "geometry": {"type": "Point", "coordinates": [85.3016973, 27.6822587]}}, {"type": "Feature", "properties": {"type": "yes", "id": 204890599}, "geometry": {"type": "Point", "coordinates": [85.30178, 27.6823592]}}, {"type": "Feature", "properties": {"type": "residential", "building:levels": "3", "id": 204890600}, "geometry": {"type": "Point", "coordinates": [85.3004699, 27.6822952]}}, {"type": "Feature", "properties": {"type": "yes", "id": 204890601}, "geometry": {"type": "Point", "coordinates": [85.3002032, 27.6823118]}}, {"type": "Feature", "properties": {"type": "yes", "id": 204890602}, "geometry": {"type": "Point", "coordinates": [85.3007408, 27.6824722]}}, {"type": "Feature", "properties": {"type": "yes", "id": 204890603}, "geometry": {"type": "Point", "coordinates": [85.3016585, 27.6824102]}}, {"type": "Feature", "properties": {"type": "residential", "building:levels": "3", "id": 204890605}, "geometry": {"type": "Point", "coordinates": [85.3002431, 27.682162]}}, {"type": "Feature", "properties": {"type": "yes", "id": 204890606}, "geometry": {"type": "Point", "coordinates": [85.3016107, 27.6822983]}}, {"type": "Feature", "properties": {"type": "yes", "id": 204890607}, "geometry": {"type": "Point", "coordinates": [85.3006316, 27.6823212]}}, {"type": "Feature", "properties": {"type": "yes", "id": 204890608}, "geometry": {"type": "Point", "coordinates": [85.301167, 27.6819915]}}, {"type": "Feature", "properties": {"type": "yes", "id": 204890609}, "geometry": {"type": "Point", "coordinates": [85.3003084, 27.6823275]}}, {"type": "Feature", "properties": {"type": "residential", "building:levels": "3", "id": 204890610}, "geometry": {"type": "Point", "coordinates": [85.3005311, 27.6824549]}}, {"type": "Feature", "properties": {"type": "yes", "id": 204890611}, "geometry": {"type": "Point", "coordinates": [85.3010615, 27.6823672]}}, {"type": "Feature", "properties": {"type": "government", "building:levels": "2", "id": 204890613}, "geometry": {"type": "Point", "coordinates": [85.3007391, 27.6818239]}}, {"type": "Feature", "properties": {"type": "yes", "id": 204890614}, "geometry": {"type": "Point", "coordinates": [85.3014182, 27.6823978]}}, {"type": "Feature", "properties": {"type": "yes", "id": 204890615}, "geometry": {"type": "Point", "coordinates": [85.300801, 27.6822109]}}, {"type": "Feature", "properties": {"type": "yes", "id": 204890616}, "geometry": {"type": "Point", "coordinates": [85.3019163, 27.6813753]}}, {"type": "Feature", "properties": {"type": "yes", "id": 204890618}, "geometry": {"type": "Point", "coordinates": [85.300402, 27.6827224]}}, {"type": "Feature", "properties": {"type": "yes", "id": 204890621}, "geometry": {"type": "Point", "coordinates": [85.3004609, 27.6830876]}}, {"type": "Feature", "properties": {"type": "yes", "id": 204894639}, "geometry": {"type": "Point", "coordinates": [85.3035011, 27.6837529]}}, {"type": "Feature", "properties": {"type": "yes", "id": 204894640}, "geometry": {"type": "Point", "coordinates": [85.3042614, 27.6815322]}}, {"type": "Feature", "properties": {"type": "yes", "id": 204894641}, "geometry": {"type": "Point", "coordinates": [85.3009859, 27.6800172]}}, {"type": "Feature", "properties": {"type": "yes", "id": 204894642}, "geometry": {"type": "Point", "coordinates": [85.3038796, 27.6828795]}}, {"type": "Feature", "properties": {"type": "yes", "id": 204894643}, "geometry": {"type": "Point", "coordinates": [85.3003597, 27.680718]}}, {"type": "Feature", "properties": {"type": "yes", "id": 204894644}, "geometry": {"type": "Point", "coordinates": [85.303815, 27.6809053]}}, {"type": "Feature", "properties": {"type": "yes", "id": 204894645}, "geometry": {"type": "Point", "coordinates": [85.3012748, 27.6806435]}}, {"type": "Feature", "properties": {"type": "yes", "id": 204894646}, "geometry": {"type": "Point", "coordinates": [85.3048158, 27.6819078]}}, {"type": "Feature", "properties": {"type": "yes", "id": 204894647}, "geometry": {"type": "Point", "coordinates": [85.304335, 27.6814921]}}, {"type": "Feature", "properties": {"type": "yes", "id": 204894648}, "geometry": {"type": "Point", "coordinates": [85.3002567, 27.6799138]}}, {"type": "Feature", "properties": {"type": "yes", "id": 204894649}, "geometry": {"type": "Point", "coordinates": [85.3015659, 27.6797258]}}, {"type": "Feature", "properties": {"type": "yes", "id": 204894650}, "geometry": {"type": "Point", "coordinates": [85.3044699, 27.6821216]}}, {"type": "Feature", "properties": {"type": "yes", "id": 204894651}, "geometry": {"type": "Point", "coordinates": [85.3042726, 27.6824161]}}, {"type": "Feature", "properties": {"type": "yes", "id": 204894653}, "geometry": {"type": "Point", "coordinates": [85.3001488, 27.6799147]}}, {"type": "Feature", "properties": {"type": "residential", "building:levels": "3", "id": 204894654}, "geometry": {"type": "Point", "coordinates": [85.3033192, 27.6800356]}}, {"type": "Feature", "properties": {"type": "yes", "id": 204894655}, "geometry": {"type": "Point", "coordinates": [85.3046441, 27.6818435]}}, {"type": "Feature", "properties": {"type": "residential", "building:levels": "3", "id": 204894656}, "geometry": {"type": "Point", "coordinates": [85.3038678, 27.6800212]}}, {"type": "Feature", "properties": {"type": "yes", "id": 204894657}, "geometry": {"type": "Point", "coordinates": [85.3047304, 27.6826795]}}, {"type": "Feature", "properties": {"type": "yes", "id": 204894658}, "geometry": {"type": "Point", "coordinates": [85.3008726, 27.6811]}}, {"type": "Feature", "properties": {"type": "yes", "id": 204894659}, "geometry": {"type": "Point", "coordinates": [85.3049128, 27.6818528]}}, {"type": "Feature", "properties": {"type": "residential", "building:levels": "3", "id": 204894660}, "geometry": {"type": "Point", "coordinates": [85.3031429, 27.680104]}}, {"type": "Feature", "properties": {"type": "residential", "building:levels": "3", "id": 204894661}, "geometry": {"type": "Point", "coordinates": [85.3037552, 27.6805566]}}, {"type": "Feature", "properties": {"type": "yes", "id": 204894662}, "geometry": {"type": "Point", "coordinates": [85.3009369, 27.6797459]}}, {"type": "Feature", "properties": {"type": "yes", "id": 204894664}, "geometry": {"type": "Point", "coordinates": [85.3047916, 27.6828224]}}, {"type": "Feature", "properties": {"type": "yes", "id": 204894666}, "geometry": {"type": "Point", "coordinates": [85.3030041, 27.6801705]}}, {"type": "Feature", "properties": {"type": "yes", "id": 204894667}, "geometry": {"type": "Point", "coordinates": [85.3039031, 27.6830827]}}, {"type": "Feature", "properties": {"type": "yes", "id": 204894668}, "geometry": {"type": "Point", "coordinates": [85.3008431, 27.6796624]}}, {"type": "Feature", "properties": {"type": "yes", "id": 204894669}, "geometry": {"type": "Point", "coordinates": [85.3047568, 27.6827531]}}, {"type": "Feature", "properties": {"type": "yes", "id": 204894671}, "geometry": {"type": "Point", "coordinates": [85.301833, 27.6798772]}}, {"type": "Feature", "properties": {"type": "yes", "id": 204894672}, "geometry": {"type": "Point", "coordinates": [85.3017993, 27.6804085]}}, {"type": "Feature", "properties": {"type": "yes", "id": 204894673}, "geometry": {"type": "Point", "coordinates": [85.3006219, 27.6806979]}}, {"type": "Feature", "properties": {"type": "yes", "id": 204894675}, "geometry": {"type": "Point", "coordinates": [85.3012109, 27.6802734]}}, {"type": "Feature", "properties": {"type": "yes", "id": 204894676}, "geometry": {"type": "Point", "coordinates": [85.3003649, 27.679967]}}, {"type": "Feature", "properties": {"type": "yes", "id": 204894677}, "geometry": {"type": "Point", "coordinates": [85.2997972, 27.6797708]}}, {"type": "Feature", "properties": {"type": "yes", "id": 204894680}, "geometry": {"type": "Point", "coordinates": [85.3040591, 27.6798204]}}, {"type": "Feature", "properties": {"type": "yes", "id": 204894681}, "geometry": {"type": "Point", "coordinates": [85.3041704, 27.6832376]}}, {"type": "Feature", "properties": {"type": "yes", "id": 204894686}, "geometry": {"type": "Point", "coordinates": [85.3013705, 27.6802921]}}, {"type": "Feature", "properties": {"type": "yes", "id": 204894687}, "geometry": {"type": "Point", "coordinates": [85.3013024, 27.6804822]}}, {"type": "Feature", "properties": {"type": "yes", "id": 204894688}, "geometry": {"type": "Point", "coordinates": [85.3006411, 27.681641]}}, {"type": "Feature", "properties": {"type": "yes", "id": 204894690}, "geometry": {"type": "Point", "coordinates": [85.3012279, 27.6807533]}}, {"type": "Feature", "properties": {"type": "yes", "id": 204894692}, "geometry": {"type": "Point", "coordinates": [85.3045903, 27.6819529]}}, {"type": "Feature", "properties": {"type": "yes", "id": 204894693}, "geometry": {"type": "Point", "coordinates": [85.3015617, 27.6802468]}}, {"type": "Feature", "properties": {"type": "yes", "id": 204894694}, "geometry": {"type": "Point", "coordinates": [85.3036999, 27.6836809]}}, {"type": "Feature", "properties": {"type": "yes", "id": 204894695}, "geometry": {"type": "Point", "coordinates": [85.3012431, 27.6803811]}}, {"type": "Feature", "properties": {"type": "yes", "id": 204894696}, "geometry": {"type": "Point", "coordinates": [85.3000737, 27.6808969]}}, {"type": "Feature", "properties": {"type": "yes", "id": 204894697}, "geometry": {"type": "Point", "coordinates": [85.3018685, 27.6807267]}}, {"type": "Feature", "properties": {"type": "yes", "id": 204894698}, "geometry": {"type": "Point", "coordinates": [85.3000784, 27.6812677]}}, {"type": "Feature", "properties": {"type": "yes", "id": 204894700}, "geometry": {"type": "Point", "coordinates": [85.3004178, 27.6812775]}}, {"type": "Feature", "properties": {"type": "yes", "id": 204894701}, "geometry": {"type": "Point", "coordinates": [85.3040797, 27.6811351]}}, {"type": "Feature", "properties": {"type": "yes", "id": 204894702}, "geometry": {"type": "Point", "coordinates": [85.3029225, 27.6803527]}}, {"type": "Feature", "properties": {"type": "yes", "id": 204894703}, "geometry": {"type": "Point", "coordinates": [85.3014852, 27.6809068]}}, {"type": "Feature", "properties": {"type": "yes", "id": 204894705}, "geometry": {"type": "Point", "coordinates": [85.304337, 27.6808717]}}, {"type": "Feature", "properties": {"type": "yes", "id": 204894708}, "geometry": {"type": "Point", "coordinates": [85.300238, 27.6797836]}}, {"type": "Feature", "properties": {"type": "yes", "id": 204901230}, "geometry": {"type": "Point", "coordinates": [85.3038595, 27.6835394]}}, {"type": "Feature", "properties": {"type": "yes", "id": 204901232}, "geometry": {"type": "Point", "coordinates": [85.305541, 27.6840152]}}, {"type": "Feature", "properties": {"type": "yes", "id": 204901233}, "geometry": {"type": "Point", "coordinates": [85.3079608, 27.681011]}}, {"type": "Feature", "properties": {"type": "yes", "id": 204901234}, "geometry": {"type": "Point", "coordinates": [85.3079072, 27.6807529]}}, {"type": "Feature", "properties": {"name": "Kabir Colony", "type": "yes", "building:levels": "3", "id": 204901235}, "geometry": {"type": "Point", "coordinates": [85.3101155, 27.680417]}}, {"type": "Feature", "properties": {"type": "yes", "id": 204901236}, "geometry": {"type": "Point", "coordinates": [85.3081138, 27.6842053]}}, {"type": "Feature", "properties": {"type": "yes", "id": 204901238}, "geometry": {"type": "Point", "coordinates": [85.307787, 27.6831027]}}, {"type": "Feature", "properties": {"type": "yes", "id": 204901239}, "geometry": {"type": "Point", "coordinates": [85.3064945, 27.6843126]}}, {"type": "Feature", "properties": {"type": "yes", "id": 204901240}, "geometry": {"type": "Point", "coordinates": [85.3087656, 27.6833789]}}, {"type": "Feature", "properties": {"type": "yes", "id": 204901241}, "geometry": {"type": "Point", "coordinates": [85.3081026, 27.681071]}}, {"type": "Feature", "properties": {"type": "yes", "id": 204901242}, "geometry": {"type": "Point", "coordinates": [85.3085346, 27.6836159]}}, {"type": "Feature", "properties": {"type": "yes", "id": 204901243}, "geometry": {"type": "Point", "coordinates": [85.3088885, 27.6833347]}}, {"type": "Feature", "properties": {"type": "yes", "id": 204901245}, "geometry": {"type": "Point", "coordinates": [85.3083747, 27.6837212]}}, {"type": "Feature", "properties": {"type": "yes", "id": 204901246}, "geometry": {"type": "Point", "coordinates": [85.3043555, 27.68361]}}, {"type": "Feature", "properties": {"type": "yes", "id": 204901248}, "geometry": {"type": "Point", "coordinates": [85.3058249, 27.6798681]}}, {"type": "Feature", "properties": {"type": "yes", "id": 204901249}, "geometry": {"type": "Point", "coordinates": [85.3083616, 27.6836421]}}, {"type": "Feature", "properties": {"type": "yes", "id": 204901250}, "geometry": {"type": "Point", "coordinates": [85.3087926, 27.6818249]}}, {"type": "Feature", "properties": {"type": "yes", "id": 204901252}, "geometry": {"type": "Point", "coordinates": [85.3058192, 27.6840854]}}, {"type": "Feature", "properties": {"type": "yes", "id": 204901253}, "geometry": {"type": "Point", "coordinates": [85.3073103, 27.6844798]}}, {"type": "Feature", "properties": {"type": "yes", "id": 204901254}, "geometry": {"type": "Point", "coordinates": [85.3084432, 27.6837906]}}, {"type": "Feature", "properties": {"type": "yes", "id": 204901255}, "geometry": {"type": "Point", "coordinates": [85.3080675, 27.6808957]}}, {"type": "Feature", "properties": {"type": "yes", "id": 204901256}, "geometry": {"type": "Point", "coordinates": [85.3009681, 27.6847738]}}, {"type": "Feature", "properties": {"type": "yes", "id": 204901257}, "geometry": {"type": "Point", "coordinates": [85.3084497, 27.6836213]}}, {"type": "Feature", "properties": {"type": "yes", "id": 204901258}, "geometry": {"type": "Point", "coordinates": [85.3021906, 27.6846835]}}, {"type": "Feature", "properties": {"type": "yes", "id": 204901259}, "geometry": {"type": "Point", "coordinates": [85.3056549, 27.6796797]}}, {"type": "Feature", "properties": {"type": "yes", "id": 204901260}, "geometry": {"type": "Point", "coordinates": [85.3100099, 27.6804453]}}, {"type": "Feature", "properties": {"type": "yes", "id": 204901261}, "geometry": {"type": "Point", "coordinates": [85.3077171, 27.6820845]}}, {"type": "Feature", "properties": {"type": "retail", "id": 204901262}, "geometry": {"type": "Point", "coordinates": [85.3101317, 27.6804945]}}, {"type": "Feature", "properties": {"type": "yes", "id": 204901263}, "geometry": {"type": "Point", "coordinates": [85.3083416, 27.6824019]}}, {"type": "Feature", "properties": {"type": "yes", "id": 204901264}, "geometry": {"type": "Point", "coordinates": [85.3057254, 27.6796335]}}, {"type": "Feature", "properties": {"type": "yes", "id": 204901265}, "geometry": {"type": "Point", "coordinates": [85.30652, 27.6814797]}}, {"type": "Feature", "properties": {"type": "yes", "id": 204901266}, "geometry": {"type": "Point", "coordinates": [85.3089139, 27.6829074]}}, {"type": "Feature", "properties": {"type": "yes", "id": 204901267}, "geometry": {"type": "Point", "coordinates": [85.3055763, 27.6800714]}}, {"type": "Feature", "properties": {"type": "yes", "id": 204901268}, "geometry": {"type": "Point", "coordinates": [85.3100536, 27.6805259]}}, {"type": "Feature", "properties": {"name": "Chaudhary Group", "type": "commercial", "id": 204901270}, "geometry": {"type": "Point", "coordinates": [85.3069481, 27.682491]}}, {"type": "Feature", "properties": {"type": "yes", "id": 204901272}, "geometry": {"type": "Point", "coordinates": [85.3055977, 27.6797102]}}, {"type": "Feature", "properties": {"type": "yes", "id": 204901273}, "geometry": {"type": "Point", "coordinates": [85.3090475, 27.6817917]}}, {"type": "Feature", "properties": {"type": "school", "building:levels": "4", "id": 204901274}, "geometry": {"type": "Point", "coordinates": [85.3058448, 27.6836658]}}, {"type": "Feature", "properties": {"type": "residential", "building:levels": "3", "id": 204901275}, "geometry": {"type": "Point", "coordinates": [85.3025456, 27.6840433]}}, {"type": "Feature", "properties": {"type": "yes", "id": 204901276}, "geometry": {"type": "Point", "coordinates": [85.3082881, 27.6821926]}}, {"type": "Feature", "properties": {"type": "yes", "id": 204901277}, "geometry": {"type": "Point", "coordinates": [85.3059084, 27.6798319]}}, {"type": "Feature", "properties": {"type": "yes", "id": 204901278}, "geometry": {"type": "Point", "coordinates": [85.3092687, 27.6813872]}}, {"type": "Feature", "properties": {"type": "yes", "id": 204901279}, "geometry": {"type": "Point", "coordinates": [85.304182, 27.6842007]}}, {"type": "Feature", "properties": {"type": "yes", "id": 204901281}, "geometry": {"type": "Point", "coordinates": [85.3083861, 27.6815364]}}, {"type": "Feature", "properties": {"type": "yes", "id": 204901282}, "geometry": {"type": "Point", "coordinates": [85.3033613, 27.6841897]}}, {"type": "Feature", "properties": {"type": "yes", "id": 204901283}, "geometry": {"type": "Point", "coordinates": [85.3081607, 27.6827725]}}, {"type": "Feature", "properties": {"type": "yes", "id": 204901284}, "geometry": {"type": "Point", "coordinates": [85.3065943, 27.6821723]}}, {"type": "Feature", "properties": {"type": "yes", "id": 204901286}, "geometry": {"type": "Point", "coordinates": [85.3081923, 27.6837424]}}, {"type": "Feature", "properties": {"type": "yes", "id": 204901287}, "geometry": {"type": "Point", "coordinates": [85.3039165, 27.6847617]}}, {"type": "Feature", "properties": {"type": "yes", "id": 204901289}, "geometry": {"type": "Point", "coordinates": [85.3057489, 27.679905]}}, {"type": "Feature", "properties": {"type": "yes", "id": 204901290}, "geometry": {"type": "Point", "coordinates": [85.304301, 27.6846574]}}, {"type": "Feature", "properties": {"type": "yes", "id": 204901291}, "geometry": {"type": "Point", "coordinates": [85.3051093, 27.6846917]}}, {"type": "Feature", "properties": {"type": "yes", "id": 204901292}, "geometry": {"type": "Point", "coordinates": [85.3054209, 27.6831794]}}, {"type": "Feature", "properties": {"type": "yes", "id": 204901293}, "geometry": {"type": "Point", "coordinates": [85.3056095, 27.6841652]}}, {"type": "Feature", "properties": {"type": "yes", "id": 204901294}, "geometry": {"type": "Point", "coordinates": [85.307203, 27.6841221]}}, {"type": "Feature", "properties": {"type": "yes", "id": 204901295}, "geometry": {"type": "Point", "coordinates": [85.3083624, 27.6837943]}}, {"type": "Feature", "properties": {"type": "yes", "id": 204901296}, "geometry": {"type": "Point", "coordinates": [85.306502, 27.682418]}}, {"type": "Feature", "properties": {"type": "yes", "id": 204901297}, "geometry": {"type": "Point", "coordinates": [85.3050932, 27.6844997]}}, {"type": "Feature", "properties": {"type": "yes", "id": 204901298}, "geometry": {"type": "Point", "coordinates": [85.3067102, 27.6822844]}}, {"type": "Feature", "properties": {"type": "yes", "id": 204901299}, "geometry": {"type": "Point", "coordinates": [85.3057735, 27.6845658]}}, {"type": "Feature", "properties": {"type": "yes", "id": 204901300}, "geometry": {"type": "Point", "coordinates": [85.3087668, 27.6843154]}}, {"type": "Feature", "properties": {"type": "yes", "id": 204901301}, "geometry": {"type": "Point", "coordinates": [85.3098952, 27.6804866]}}, {"type": "Feature", "properties": {"type": "yes", "id": 204901302}, "geometry": {"type": "Point", "coordinates": [85.3074956, 27.6819975]}}, {"type": "Feature", "properties": {"type": "residential", "building:levels": "2", "id": 204901303}, "geometry": {"type": "Point", "coordinates": [85.3020124, 27.6847094]}}, {"type": "Feature", "properties": {"type": "yes", "id": 204901304}, "geometry": {"type": "Point", "coordinates": [85.3085264, 27.6837331]}}, {"type": "Feature", "properties": {"type": "yes", "id": 204901305}, "geometry": {"type": "Point", "coordinates": [85.3085868, 27.6842808]}}, {"type": "Feature", "properties": {"type": "yes", "id": 204901308}, "geometry": {"type": "Point", "coordinates": [85.304254, 27.6844707]}}, {"type": "Feature", "properties": {"type": "yes", "id": 204901309}, "geometry": {"type": "Point", "coordinates": [85.3084271, 27.6847665]}}, {"type": "Feature", "properties": {"type": "yes", "id": 204901311}, "geometry": {"type": "Point", "coordinates": [85.3055356, 27.6797415]}}, {"type": "Feature", "properties": {"type": "yes", "id": 204901312}, "geometry": {"type": "Point", "coordinates": [85.3033885, 27.6845503]}}, {"type": "Feature", "properties": {"type": "yes", "id": 204901313}, "geometry": {"type": "Point", "coordinates": [85.3038797, 27.6840907]}}, {"type": "Feature", "properties": {"type": "yes", "id": 204901314}, "geometry": {"type": "Point", "coordinates": [85.3083934, 27.684605]}}, {"type": "Feature", "properties": {"type": "yes", "id": 204901315}, "geometry": {"type": "Point", "coordinates": [85.3017871, 27.6846501]}}, {"type": "Feature", "properties": {"type": "yes", "id": 204901316}, "geometry": {"type": "Point", "coordinates": [85.3065668, 27.6797335]}}, {"type": "Feature", "properties": {"type": "yes", "id": 204901318}, "geometry": {"type": "Point", "coordinates": [85.3057479, 27.6797771]}}, {"type": "Feature", "properties": {"type": "yes", "id": 204901319}, "geometry": {"type": "Point", "coordinates": [85.3080875, 27.6812123]}}, {"type": "Feature", "properties": {"type": "yes", "id": 204901320}, "geometry": {"type": "Point", "coordinates": [85.3056865, 27.679808]}}, {"type": "Feature", "properties": {"type": "yes", "id": 204901321}, "geometry": {"type": "Point", "coordinates": [85.3058104, 27.6797454]}}, {"type": "Feature", "properties": {"type": "office", "building:levels": "3", "id": 204901322}, "geometry": {"type": "Point", "coordinates": [85.3028401, 27.6845301]}}, {"type": "Feature", "properties": {"type": "yes", "id": 204901323}, "geometry": {"type": "Point", "coordinates": [85.3082471, 27.6845121]}}, {"type": "Feature", "properties": {"type": "yes", "id": 204901325}, "geometry": {"type": "Point", "coordinates": [85.3055533, 27.6831682]}}, {"type": "Feature", "properties": {"type": "yes", "id": 204901327}, "geometry": {"type": "Point", "coordinates": [85.3082327, 27.6812016]}}, {"type": "Feature", "properties": {"type": "yes", "id": 204901328}, "geometry": {"type": "Point", "coordinates": [85.3045938, 27.683892]}}, {"type": "Feature", "properties": {"type": "yes", "id": 204901329}, "geometry": {"type": "Point", "coordinates": [85.3023151, 27.6845619]}}, {"type": "Feature", "properties": {"type": "yes", "id": 204902524}, "geometry": {"type": "Point", "coordinates": [85.3094969, 27.6816024]}}, {"type": "Feature", "properties": {"type": "yes", "id": 204902525}, "geometry": {"type": "Point", "coordinates": [85.308077, 27.6818726]}}, {"type": "Feature", "properties": {"type": "yes", "id": 204902526}, "geometry": {"type": "Point", "coordinates": [85.3095838, 27.6813872]}}, {"type": "Feature", "properties": {"type": "yes", "id": 204902527}, "geometry": {"type": "Point", "coordinates": [85.3087976, 27.6820673]}}, {"type": "Feature", "properties": {"type": "yes", "id": 204902529}, "geometry": {"type": "Point", "coordinates": [85.3098151, 27.6815566]}}, {"type": "Feature", "properties": {"name": "Nepal Television", "type": "yes", "id": 204906181}, "geometry": {"type": "Point", "coordinates": [85.327274, 27.6963676]}}, {"type": "Feature", "properties": {"type": "yes", "id": 204906183}, "geometry": {"type": "Point", "coordinates": [85.33188, 27.6962779]}}, {"type": "Feature", "properties": {"type": "yes", "id": 204906186}, "geometry": {"type": "Point", "coordinates": [85.3345433, 27.6949749]}}, {"type": "Feature", "properties": {"type": "yes", "id": 204906188}, "geometry": {"type": "Point", "coordinates": [85.3282421, 27.6930153]}}, {"type": "Feature", "properties": {"type": "yes", "id": 204906191}, "geometry": {"type": "Point", "coordinates": [85.335781, 27.6954836]}}, {"type": "Feature", "properties": {"type": "yes", "id": 204906193}, "geometry": {"type": "Point", "coordinates": [85.3339703, 27.6961583]}}, {"type": "Feature", "properties": {"type": "yes", "id": 204906196}, "geometry": {"type": "Point", "coordinates": [85.3323129, 27.6906349]}}, {"type": "Feature", "properties": {"name": "Twenty first Communication Pvt. Ltd.", "type": "yes", "id": 204906199}, "geometry": {"type": "Point", "coordinates": [85.3309343, 27.6905732]}}, {"type": "Feature", "properties": {"type": "yes", "id": 204906200}, "geometry": {"type": "Point", "coordinates": [85.3303866, 27.6952438]}}, {"type": "Feature", "properties": {"type": "yes", "id": 204906201}, "geometry": {"type": "Point", "coordinates": [85.3238145, 27.6838732]}}, {"type": "Feature", "properties": {"type": "yes", "id": 204906202}, "geometry": {"type": "Point", "coordinates": [85.3342258, 27.6937602]}}, {"type": "Feature", "properties": {"type": "yes", "id": 204906203}, "geometry": {"type": "Point", "coordinates": [85.3354231, 27.6951977]}}, {"type": "Feature", "properties": {"type": "yes", "id": 204906204}, "geometry": {"type": "Point", "coordinates": [85.3295019, 27.6888356]}}, {"type": "Feature", "properties": {"type": "yes", "id": 204906205}, "geometry": {"type": "Point", "coordinates": [85.3318318, 27.6942286]}}, {"type": "Feature", "properties": {"type": "yes", "id": 204906206}, "geometry": {"type": "Point", "coordinates": [85.3220154, 27.6851767]}}, {"type": "Feature", "properties": {"type": "yes", "id": 204906207}, "geometry": {"type": "Point", "coordinates": [85.3356634, 27.6943551]}}, {"type": "Feature", "properties": {"type": "yes", "id": 204906208}, "geometry": {"type": "Point", "coordinates": [85.329564, 27.6888831]}}, {"type": "Feature", "properties": {"type": "yes", "id": 204906209}, "geometry": {"type": "Point", "coordinates": [85.3334185, 27.6946248]}}, {"type": "Feature", "properties": {"type": "yes", "id": 204906210}, "geometry": {"type": "Point", "coordinates": [85.3352422, 27.6940109]}}, {"type": "Feature", "properties": {"type": "mixed_use", "building:levels": "4", "id": 204906212}, "geometry": {"type": "Point", "coordinates": [85.3344765, 27.6927217]}}, {"type": "Feature", "properties": {"type": "yes", "id": 204906213}, "geometry": {"type": "Point", "coordinates": [85.3355484, 27.693454]}}, {"type": "Feature", "properties": {"type": "yes", "id": 204906214}, "geometry": {"type": "Point", "coordinates": [85.330533, 27.6954665]}}, {"type": "Feature", "properties": {"type": "yes", "id": 204906215}, "geometry": {"type": "Point", "coordinates": [85.3244122, 27.6837698]}}, {"type": "Feature", "properties": {"type": "yes", "id": 204906216}, "geometry": {"type": "Point", "coordinates": [85.3312461, 27.6946124]}}, {"type": "Feature", "properties": {"type": "yes", "id": 204906217}, "geometry": {"type": "Point", "coordinates": [85.3337812, 27.6965032]}}, {"type": "Feature", "properties": {"type": "residential", "building:levels": "4", "id": 204906218}, "geometry": {"type": "Point", "coordinates": [85.3373483, 27.6917855]}}, {"type": "Feature", "properties": {"type": "yes", "id": 204906219}, "geometry": {"type": "Point", "coordinates": [85.3330565, 27.6949186]}}, {"type": "Feature", "properties": {"type": "yes", "id": 204906220}, "geometry": {"type": "Point", "coordinates": [85.3320797, 27.6934006]}}, {"type": "Feature", "properties": {"type": "yes", "id": 204906221}, "geometry": {"type": "Point", "coordinates": [85.3256197, 27.6838206]}}, {"type": "Feature", "properties": {"type": "yes", "id": 204906222}, "geometry": {"type": "Point", "coordinates": [85.3358001, 27.6936926]}}, {"type": "Feature", "properties": {"type": "yes", "id": 204906223}, "geometry": {"type": "Point", "coordinates": [85.3354071, 27.6955546]}}, {"type": "Feature", "properties": {"type": "yes", "id": 204906226}, "geometry": {"type": "Point", "coordinates": [85.3337059, 27.6934024]}}, {"type": "Feature", "properties": {"type": "yes", "id": 204906227}, "geometry": {"type": "Point", "coordinates": [85.3264619, 27.6845565]}}, {"type": "Feature", "properties": {"type": "yes", "id": 204906228}, "geometry": {"type": "Point", "coordinates": [85.337167, 27.6949628]}}, {"type": "Feature", "properties": {"type": "yes", "id": 204906231}, "geometry": {"type": "Point", "coordinates": [85.3274291, 27.6927914]}}, {"type": "Feature", "properties": {"type": "yes", "id": 204906232}, "geometry": {"type": "Point", "coordinates": [85.3303191, 27.6951416]}}, {"type": "Feature", "properties": {"type": "yes", "height": "4", "id": 204906233}, "geometry": {"type": "Point", "coordinates": [85.3374513, 27.6904558]}}, {"type": "Feature", "properties": {"type": "yes", "id": 204906234}, "geometry": {"type": "Point", "coordinates": [85.3334953, 27.693292]}}, {"type": "Feature", "properties": {"type": "yes", "id": 204906235}, "geometry": {"type": "Point", "coordinates": [85.3330503, 27.6947015]}}, {"type": "Feature", "properties": {"type": "yes", "id": 204906236}, "geometry": {"type": "Point", "coordinates": [85.3328519, 27.6950691]}}, {"type": "Feature", "properties": {"type": "yes", "id": 204906238}, "geometry": {"type": "Point", "coordinates": [85.3308846, 27.6965199]}}, {"type": "Feature", "properties": {"type": "yes", "id": 204906239}, "geometry": {"type": "Point", "coordinates": [85.3236082, 27.6841669]}}, {"type": "Feature", "properties": {"type": "yes", "id": 204906240}, "geometry": {"type": "Point", "coordinates": [85.3273698, 27.6926763]}}, {"type": "Feature", "properties": {"type": "yes", "id": 204906241}, "geometry": {"type": "Point", "coordinates": [85.3347564, 27.695232]}}, {"type": "Feature", "properties": {"type": "yes", "id": 204906242}, "geometry": {"type": "Point", "coordinates": [85.3345695, 27.6947778]}}, {"type": "Feature", "properties": {"type": "yes", "id": 204906243}, "geometry": {"type": "Point", "coordinates": [85.3378723, 27.6904338]}}, {"type": "Feature", "properties": {"type": "yes", "id": 204906246}, "geometry": {"type": "Point", "coordinates": [85.3305735, 27.688834]}}, {"type": "Feature", "properties": {"type": "yes", "id": 204906247}, "geometry": {"type": "Point", "coordinates": [85.3319905, 27.6938459]}}, {"type": "Feature", "properties": {"type": "yes", "id": 204906248}, "geometry": {"type": "Point", "coordinates": [85.3303423, 27.6951913]}}, {"type": "Feature", "properties": {"type": "yes", "id": 204906249}, "geometry": {"type": "Point", "coordinates": [85.323721, 27.6839227]}}, {"type": "Feature", "properties": {"type": "yes", "id": 204906250}, "geometry": {"type": "Point", "coordinates": [85.3336266, 27.6957442]}}, {"type": "Feature", "properties": {"type": "yes", "id": 204906251}, "geometry": {"type": "Point", "coordinates": [85.3272911, 27.6927745]}}, {"type": "Feature", "properties": {"type": "yes", "id": 204906252}, "geometry": {"type": "Point", "coordinates": [85.3354251, 27.6952767]}}, {"type": "Feature", "properties": {"type": "yes", "id": 204906253}, "geometry": {"type": "Point", "coordinates": [85.3336077, 27.6961098]}}, {"type": "Feature", "properties": {"type": "yes", "id": 204906254}, "geometry": {"type": "Point", "coordinates": [85.3316519, 27.6937262]}}, {"type": "Feature", "properties": {"type": "yes", "id": 204906255}, "geometry": {"type": "Point", "coordinates": [85.322099, 27.6850697]}}, {"type": "Feature", "properties": {"type": "yes", "id": 204906258}, "geometry": {"type": "Point", "coordinates": [85.3240827, 27.6845349]}}, {"type": "Feature", "properties": {"type": "yes", "id": 204906261}, "geometry": {"type": "Point", "coordinates": [85.3356584, 27.693422]}}, {"type": "Feature", "properties": {"type": "yes", "id": 204906262}, "geometry": {"type": "Point", "coordinates": [85.3304657, 27.6953634]}}, {"type": "Feature", "properties": {"type": "yes", "id": 204906263}, "geometry": {"type": "Point", "coordinates": [85.3243806, 27.6836687]}}, {"type": "Feature", "properties": {"type": "yes", "id": 204906264}, "geometry": {"type": "Point", "coordinates": [85.3301973, 27.6937275]}}, {"type": "Feature", "properties": {"type": "yes", "id": 204906265}, "geometry": {"type": "Point", "coordinates": [85.3292816, 27.6952127]}}, {"type": "Feature", "properties": {"type": "residential", "building:levels": "3", "id": 204906266}, "geometry": {"type": "Point", "coordinates": [85.3344963, 27.6930492]}}, {"type": "Feature", "properties": {"type": "yes", "id": 204906269}, "geometry": {"type": "Point", "coordinates": [85.324117, 27.6852473]}}, {"type": "Feature", "properties": {"type": "yes", "id": 204906270}, "geometry": {"type": "Point", "coordinates": [85.3314343, 27.6940636]}}, {"type": "Feature", "properties": {"type": "school", "building:levels": "3", "id": 204906272}, "geometry": {"type": "Point", "coordinates": [85.3347692, 27.6945976]}}, {"type": "Feature", "properties": {"type": "residential", "building:levels": "1", "id": 204906273}, "geometry": {"type": "Point", "coordinates": [85.3374855, 27.6918946]}}, {"type": "Feature", "properties": {"type": "yes", "id": 204906275}, "geometry": {"type": "Point", "coordinates": [85.3337415, 27.6935238]}}, {"type": "Feature", "properties": {"type": "yes", "id": 204906276}, "geometry": {"type": "Point", "coordinates": [85.3303833, 27.6954664]}}, {"type": "Feature", "properties": {"type": "yes", "id": 204906277}, "geometry": {"type": "Point", "coordinates": [85.3243394, 27.685409]}}, {"type": "Feature", "properties": {"type": "yes", "id": 204906278}, "geometry": {"type": "Point", "coordinates": [85.3365894, 27.6962989]}}, {"type": "Feature", "properties": {"type": "yes", "id": 204906279}, "geometry": {"type": "Point", "coordinates": [85.3333614, 27.6925477]}}, {"type": "Feature", "properties": {"type": "yes", "id": 204906280}, "geometry": {"type": "Point", "coordinates": [85.3305485, 27.6935894]}}, {"type": "Feature", "properties": {"type": "yes", "id": 204906281}, "geometry": {"type": "Point", "coordinates": [85.327215, 27.6925839]}}, {"type": "Feature", "properties": {"type": "yes", "id": 204906282}, "geometry": {"type": "Point", "coordinates": [85.330056, 27.6951709]}}, {"type": "Feature", "properties": {"type": "yes", "height": "4", "id": 204906283}, "geometry": {"type": "Point", "coordinates": [85.3374956, 27.6903258]}}, {"type": "Feature", "properties": {"type": "yes", "id": 204906284}, "geometry": {"type": "Point", "coordinates": [85.3348961, 27.6937279]}}, {"type": "Feature", "properties": {"type": "school", "building:levels": "4", "id": 204906285}, "geometry": {"type": "Point", "coordinates": [85.3329474, 27.6948238]}}, {"type": "Feature", "properties": {"type": "yes", "id": 204906286}, "geometry": {"type": "Point", "coordinates": [85.3319924, 27.6927884]}}, {"type": "Feature", "properties": {"type": "residential", "building:levels": "3", "id": 204906287}, "geometry": {"type": "Point", "coordinates": [85.3347328, 27.6928193]}}, {"type": "Feature", "properties": {"type": "yes", "id": 204906289}, "geometry": {"type": "Point", "coordinates": [85.3349716, 27.6949386]}}, {"type": "Feature", "properties": {"type": "yes", "id": 204906291}, "geometry": {"type": "Point", "coordinates": [85.3355454, 27.6951847]}}, {"type": "Feature", "properties": {"type": "yes", "id": 204906293}, "geometry": {"type": "Point", "coordinates": [85.335679, 27.6936226]}}, {"type": "Feature", "properties": {"type": "yes", "id": 204906294}, "geometry": {"type": "Point", "coordinates": [85.3341937, 27.6941185]}}, {"type": "Feature", "properties": {"type": "yes", "id": 204906295}, "geometry": {"type": "Point", "coordinates": [85.3304433, 27.6948103]}}, {"type": "Feature", "properties": {"type": "yes", "height": "4", "id": 204906296}, "geometry": {"type": "Point", "coordinates": [85.3378565, 27.6905907]}}, {"type": "Feature", "properties": {"type": "yes", "id": 204906297}, "geometry": {"type": "Point", "coordinates": [85.3325732, 27.6954858]}}, {"type": "Feature", "properties": {"type": "yes", "id": 204906298}, "geometry": {"type": "Point", "coordinates": [85.3307056, 27.6886684]}}, {"type": "Feature", "properties": {"type": "yes", "id": 204906299}, "geometry": {"type": "Point", "coordinates": [85.3330673, 27.6930088]}}, {"type": "Feature", "properties": {"type": "yes", "id": 204906300}, "geometry": {"type": "Point", "coordinates": [85.3302169, 27.6952242]}}, {"type": "Feature", "properties": {"type": "yes", "id": 204906302}, "geometry": {"type": "Point", "coordinates": [85.3358818, 27.6935093]}}, {"type": "Feature", "properties": {"type": "yes", "id": 204906303}, "geometry": {"type": "Point", "coordinates": [85.333258, 27.6961114]}}, {"type": "Feature", "properties": {"type": "school", "building:levels": "3", "id": 204906304}, "geometry": {"type": "Point", "coordinates": [85.3354914, 27.6946424]}}, {"type": "Feature", "properties": {"type": "yes", "id": 204906305}, "geometry": {"type": "Point", "coordinates": [85.3337006, 27.6960766]}}, {"type": "Feature", "properties": {"type": "yes", "id": 204906306}, "geometry": {"type": "Point", "coordinates": [85.3313915, 27.6938739]}}, {"type": "Feature", "properties": {"type": "yes", "id": 204906307}, "geometry": {"type": "Point", "coordinates": [85.3349464, 27.6962592]}}, {"type": "Feature", "properties": {"type": "yes", "id": 204906309}, "geometry": {"type": "Point", "coordinates": [85.3241195, 27.684696]}}, {"type": "Feature", "properties": {"type": "yes", "id": 204906312}, "geometry": {"type": "Point", "coordinates": [85.3357483, 27.6933854]}}, {"type": "Feature", "properties": {"type": "yes", "id": 204906313}, "geometry": {"type": "Point", "coordinates": [85.3302667, 27.6953143]}}, {"type": "Feature", "properties": {"type": "yes", "id": 204906314}, "geometry": {"type": "Point", "coordinates": [85.3241983, 27.6836671]}}, {"type": "Feature", "properties": {"type": "yes", "id": 204906315}, "geometry": {"type": "Point", "coordinates": [85.3303411, 27.6937315]}}, {"type": "Feature", "properties": {"type": "yes", "id": 204906317}, "geometry": {"type": "Point", "coordinates": [85.3347644, 27.6957728]}}, {"type": "Feature", "properties": {"type": "yes", "id": 204906318}, "geometry": {"type": "Point", "coordinates": [85.3319837, 27.6931622]}}, {"type": "Feature", "properties": {"type": "yes", "id": 204906320}, "geometry": {"type": "Point", "coordinates": [85.3320665, 27.6958528]}}, {"type": "Feature", "properties": {"type": "yes", "id": 204906321}, "geometry": {"type": "Point", "coordinates": [85.3242287, 27.6851988]}}, {"type": "Feature", "properties": {"type": "yes", "id": 204906330}, "geometry": {"type": "Point", "coordinates": [85.3303123, 27.6953938]}}, {"type": "Feature", "properties": {"name": "Adhikari Niwas", "type": "residential", "building:levels": "2", "id": 204906333}, "geometry": {"type": "Point", "coordinates": [85.3363124, 27.6963017]}}, {"type": "Feature", "properties": {"type": "yes", "id": 204906334}, "geometry": {"type": "Point", "coordinates": [85.3334257, 27.6926744]}}, {"type": "Feature", "properties": {"type": "yes", "height": "4", "id": 204906337}, "geometry": {"type": "Point", "coordinates": [85.3378144, 27.6902801]}}, {"type": "Feature", "properties": {"type": "yes", "id": 204906340}, "geometry": {"type": "Point", "coordinates": [85.3348082, 27.6936248]}}, {"type": "Feature", "properties": {"name": "CMS Nepal (P) Ltd", "type": "yes", "id": 204906344}, "geometry": {"type": "Point", "coordinates": [85.3316645, 27.6924602]}}, {"type": "Feature", "properties": {"type": "yes", "id": 204906348}, "geometry": {"type": "Point", "coordinates": [85.3251753, 27.6846584]}}, {"type": "Feature", "properties": {"type": "school", "building:levels": "4", "id": 204906349}, "geometry": {"type": "Point", "coordinates": [85.3343953, 27.6948512]}}, {"type": "Feature", "properties": {"type": "yes", "id": 204906350}, "geometry": {"type": "Point", "coordinates": [85.3356247, 27.6933105]}}, {"type": "Feature", "properties": {"type": "yes", "id": 204906352}, "geometry": {"type": "Point", "coordinates": [85.3356687, 27.6952205]}}, {"type": "Feature", "properties": {"type": "yes", "id": 204906354}, "geometry": {"type": "Point", "coordinates": [85.3334085, 27.6939755]}}, {"type": "Feature", "properties": {"type": "yes", "id": 204906355}, "geometry": {"type": "Point", "coordinates": [85.330788, 27.6938746]}}, {"type": "Feature", "properties": {"type": "yes", "id": 204906356}, "geometry": {"type": "Point", "coordinates": [85.3251235, 27.685091]}}, {"type": "Feature", "properties": {"type": "yes", "id": 204906357}, "geometry": {"type": "Point", "coordinates": [85.3273418, 27.6924178]}}, {"type": "Feature", "properties": {"type": "yes", "height": "4", "id": 204906358}, "geometry": {"type": "Point", "coordinates": [85.3376459, 27.6906111]}}, {"type": "Feature", "properties": {"type": "yes", "id": 204906359}, "geometry": {"type": "Point", "coordinates": [85.3330118, 27.6962331]}}, {"type": "Feature", "properties": {"type": "school", "building:levels": "4", "id": 204906362}, "geometry": {"type": "Point", "coordinates": [85.3268833, 27.6922074]}}, {"type": "Feature", "properties": {"type": "yes", "id": 204906363}, "geometry": {"type": "Point", "coordinates": [85.3358528, 27.6947022]}}, {"type": "Feature", "properties": {"type": "yes", "id": 204906364}, "geometry": {"type": "Point", "coordinates": [85.3337889, 27.6960368]}}, {"type": "Feature", "properties": {"type": "yes", "id": 204906370}, "geometry": {"type": "Point", "coordinates": [85.3304282, 27.695304]}}, {"type": "Feature", "properties": {"type": "yes", "id": 204906373}, "geometry": {"type": "Point", "coordinates": [85.3352557, 27.695651]}}, {"type": "Feature", "properties": {"type": "yes", "id": 204906374}, "geometry": {"type": "Point", "coordinates": [85.3318309, 27.6941385]}}, {"type": "Feature", "properties": {"type": "yes", "id": 204906375}, "geometry": {"type": "Point", "coordinates": [85.3231907, 27.6853386]}}, {"type": "Feature", "properties": {"type": "yes", "id": 204906377}, "geometry": {"type": "Point", "coordinates": [85.3346768, 27.6933642]}}, {"type": "Feature", "properties": {"type": "school", "id": 204906378}, "geometry": {"type": "Point", "coordinates": [85.3334037, 27.6949515]}}, {"type": "Feature", "properties": {"type": "yes", "id": 204906379}, "geometry": {"type": "Point", "coordinates": [85.3352693, 27.6941087]}}, {"type": "Feature", "properties": {"type": "residential", "building:levels": "5", "id": 204906381}, "geometry": {"type": "Point", "coordinates": [85.3342548, 27.6929467]}}, {"type": "Feature", "properties": {"type": "yes", "id": 204906382}, "geometry": {"type": "Point", "coordinates": [85.3354433, 27.6934639]}}, {"type": "Feature", "properties": {"type": "yes", "id": 204906383}, "geometry": {"type": "Point", "coordinates": [85.3301463, 27.6953547]}}, {"type": "Feature", "properties": {"type": "yes", "id": 204906385}, "geometry": {"type": "Point", "coordinates": [85.3239903, 27.6845758]}}, {"type": "Feature", "properties": {"type": "yes", "id": 204906386}, "geometry": {"type": "Point", "coordinates": [85.3347553, 27.6955337]}}, {"type": "Feature", "properties": {"type": "yes", "id": 204906387}, "geometry": {"type": "Point", "coordinates": [85.3334768, 27.6927667]}}, {"type": "Feature", "properties": {"type": "yes", "id": 204906389}, "geometry": {"type": "Point", "coordinates": [85.3295683, 27.6933373]}}, {"type": "Feature", "properties": {"type": "yes", "id": 204906392}, "geometry": {"type": "Point", "coordinates": [85.3363449, 27.6940384]}}, {"type": "Feature", "properties": {"type": "yes", "id": 204906394}, "geometry": {"type": "Point", "coordinates": [85.3330744, 27.6948025]}}, {"type": "Feature", "properties": {"type": "yes", "id": 204906395}, "geometry": {"type": "Point", "coordinates": [85.3319834, 27.6934452]}}, {"type": "Feature", "properties": {"type": "school", "building:levels": "3", "id": 204906398}, "geometry": {"type": "Point", "coordinates": [85.3357702, 27.6938725]}}, {"type": "Feature", "properties": {"type": "yes", "id": 204906400}, "geometry": {"type": "Point", "coordinates": [85.3351856, 27.69545]}}, {"type": "Feature", "properties": {"type": "school", "building:levels": "3", "id": 204906403}, "geometry": {"type": "Point", "coordinates": [85.3342261, 27.6945114]}}, {"type": "Feature", "properties": {"type": "yes", "id": 204906405}, "geometry": {"type": "Point", "coordinates": [85.3353078, 27.6934649]}}, {"type": "Feature", "properties": {"type": "yes", "id": 204906406}, "geometry": {"type": "Point", "coordinates": [85.3261264, 27.6842319]}}, {"type": "Feature", "properties": {"type": "yes", "id": 204906409}, "geometry": {"type": "Point", "coordinates": [85.3324086, 27.6924027]}}, {"type": "Feature", "properties": {"type": "yes", "id": 204906411}, "geometry": {"type": "Point", "coordinates": [85.3307214, 27.6938039]}}, {"type": "Feature", "properties": {"type": "yes", "id": 204906414}, "geometry": {"type": "Point", "coordinates": [85.3301792, 27.6951416]}}, {"type": "Feature", "properties": {"type": "yes", "id": 204906415}, "geometry": {"type": "Point", "coordinates": [85.3374804, 27.6906021]}}, {"type": "Feature", "properties": {"type": "yes", "id": 204906416}, "geometry": {"type": "Point", "coordinates": [85.331689, 27.693426]}}, {"type": "Feature", "properties": {"type": "yes", "id": 204906418}, "geometry": {"type": "Point", "coordinates": [85.3334103, 27.6931472]}}, {"type": "Feature", "properties": {"type": "yes", "id": 204906419}, "geometry": {"type": "Point", "coordinates": [85.3330471, 27.6950537]}}, {"type": "Feature", "properties": {"type": "residential", "building:levels": "1", "id": 204906421}, "geometry": {"type": "Point", "coordinates": [85.3347261, 27.6930337]}}, {"type": "Feature", "properties": {"type": "yes", "id": 204906422}, "geometry": {"type": "Point", "coordinates": [85.3235661, 27.6840648]}}, {"type": "Feature", "properties": {"type": "yes", "id": 204906426}, "geometry": {"type": "Point", "coordinates": [85.3338351, 27.696324]}}, {"type": "Feature", "properties": {"type": "yes", "id": 204906430}, "geometry": {"type": "Point", "coordinates": [85.3359712, 27.6961766]}}, {"type": "Feature", "properties": {"type": "yes", "id": 204906432}, "geometry": {"type": "Point", "coordinates": [85.3267048, 27.682854]}}, {"type": "Feature", "properties": {"type": "yes", "id": 204906436}, "geometry": {"type": "Point", "coordinates": [85.3327967, 27.6940577]}}, {"type": "Feature", "properties": {"type": "yes", "id": 204906439}, "geometry": {"type": "Point", "coordinates": [85.329997, 27.689116]}}, {"type": "Feature", "properties": {"type": "yes", "id": 204906442}, "geometry": {"type": "Point", "coordinates": [85.3328128, 27.69496]}}, {"type": "Feature", "properties": {"type": "yes", "id": 204906445}, "geometry": {"type": "Point", "coordinates": [85.3357429, 27.6935339]}}, {"type": "Feature", "properties": {"type": "yes", "id": 204906446}, "geometry": {"type": "Point", "coordinates": [85.3321744, 27.6957982]}}, {"type": "Feature", "properties": {"type": "yes", "id": 204906451}, "geometry": {"type": "Point", "coordinates": [85.335892, 27.6939651]}}, {"type": "Feature", "properties": {"type": "yes", "id": 204906453}, "geometry": {"type": "Point", "coordinates": [85.3365948, 27.6942149]}}, {"type": "Feature", "properties": {"type": "school", "building:levels": "4", "id": 204906455}, "geometry": {"type": "Point", "coordinates": [85.3330104, 27.6945905]}}, {"type": "Feature", "properties": {"type": "yes", "id": 204906456}, "geometry": {"type": "Point", "coordinates": [85.3318864, 27.6949323]}}, {"type": "Feature", "properties": {"type": "school", "building:levels": "1", "id": 204906458}, "geometry": {"type": "Point", "coordinates": [85.3306654, 27.6963311]}}, {"type": "Feature", "properties": {"type": "yes", "id": 204906459}, "geometry": {"type": "Point", "coordinates": [85.3332563, 27.6949933]}}, {"type": "Feature", "properties": {"type": "yes", "id": 204906461}, "geometry": {"type": "Point", "coordinates": [85.3238753, 27.6855665]}}, {"type": "Feature", "properties": {"type": "yes", "id": 204906469}, "geometry": {"type": "Point", "coordinates": [85.3256297, 27.6923768]}}, {"type": "Feature", "properties": {"type": "yes", "id": 204907224}, "geometry": {"type": "Point", "coordinates": [85.3265093, 27.6886182]}}, {"type": "Feature", "properties": {"type": "yes", "id": 205072407}, "geometry": {"type": "Point", "coordinates": [85.3214159, 27.681632]}}, {"type": "Feature", "properties": {"type": "yes", "id": 205072408}, "geometry": {"type": "Point", "coordinates": [85.3262386, 27.6820211]}}, {"type": "Feature", "properties": {"type": "yes", "id": 205072409}, "geometry": {"type": "Point", "coordinates": [85.3253546, 27.6823991]}}, {"type": "Feature", "properties": {"type": "yes", "id": 205072410}, "geometry": {"type": "Point", "coordinates": [85.3231193, 27.6803806]}}, {"type": "Feature", "properties": {"type": "yes", "id": 205072411}, "geometry": {"type": "Point", "coordinates": [85.325373, 27.6828959]}}, {"type": "Feature", "properties": {"type": "yes", "id": 205072412}, "geometry": {"type": "Point", "coordinates": [85.3266684, 27.6823909]}}, {"type": "Feature", "properties": {"type": "yes", "id": 205072413}, "geometry": {"type": "Point", "coordinates": [85.3226679, 27.6807025]}}, {"type": "Feature", "properties": {"type": "yes", "id": 205072414}, "geometry": {"type": "Point", "coordinates": [85.3217263, 27.6817526]}}, {"type": "Feature", "properties": {"type": "yes", "id": 205072416}, "geometry": {"type": "Point", "coordinates": [85.3254338, 27.6828973]}}, {"type": "Feature", "properties": {"type": "yes", "id": 205072418}, "geometry": {"type": "Point", "coordinates": [85.3231308, 27.6787857]}}, {"type": "Feature", "properties": {"type": "yes", "id": 205072419}, "geometry": {"type": "Point", "coordinates": [85.3276198, 27.6786912]}}, {"type": "Feature", "properties": {"type": "yes", "id": 205072420}, "geometry": {"type": "Point", "coordinates": [85.3277528, 27.6833614]}}, {"type": "Feature", "properties": {"type": "yes", "id": 205072421}, "geometry": {"type": "Point", "coordinates": [85.3252382, 27.6786645]}}, {"type": "Feature", "properties": {"name": "Planete Enfants", "type": "yes", "id": 205072422}, "geometry": {"type": "Point", "coordinates": [85.322017, 27.6809568]}}, {"type": "Feature", "properties": {"type": "yes", "id": 205072423}, "geometry": {"type": "Point", "coordinates": [85.3236874, 27.6809918]}}, {"type": "Feature", "properties": {"type": "yes", "id": 205072424}, "geometry": {"type": "Point", "coordinates": [85.3234133, 27.6809404]}}, {"type": "Feature", "properties": {"type": "yes", "id": 205072426}, "geometry": {"type": "Point", "coordinates": [85.3269435, 27.6795655]}}, {"type": "Feature", "properties": {"type": "yes", "id": 205072427}, "geometry": {"type": "Point", "coordinates": [85.3209885, 27.6815267]}}, {"type": "Feature", "properties": {"type": "yes", "id": 205072428}, "geometry": {"type": "Point", "coordinates": [85.32277, 27.680623]}}, {"type": "Feature", "properties": {"type": "mixed_use", "building:levels": "5", "id": 205072429}, "geometry": {"type": "Point", "coordinates": [85.3269103, 27.6794905]}}, {"type": "Feature", "properties": {"type": "yes", "id": 205072430}, "geometry": {"type": "Point", "coordinates": [85.3267929, 27.6823581]}}, {"type": "Feature", "properties": {"type": "yes", "id": 205072431}, "geometry": {"type": "Point", "coordinates": [85.3227408, 27.6810673]}}, {"type": "Feature", "properties": {"type": "yes", "id": 205072432}, "geometry": {"type": "Point", "coordinates": [85.3284855, 27.6793829]}}, {"type": "Feature", "properties": {"type": "yes", "id": 205072433}, "geometry": {"type": "Point", "coordinates": [85.3280519, 27.6806686]}}, {"type": "Feature", "properties": {"type": "yes", "id": 205072434}, "geometry": {"type": "Point", "coordinates": [85.3278713, 27.6829902]}}, {"type": "Feature", "properties": {"type": "yes", "id": 205072435}, "geometry": {"type": "Point", "coordinates": [85.3273441, 27.6815817]}}, {"type": "Feature", "properties": {"type": "yes", "id": 205072436}, "geometry": {"type": "Point", "coordinates": [85.3269598, 27.6807323]}}, {"type": "Feature", "properties": {"type": "yes", "id": 205072437}, "geometry": {"type": "Point", "coordinates": [85.3254238, 27.6824029]}}, {"type": "Feature", "properties": {"type": "yes", "id": 205072439}, "geometry": {"type": "Point", "coordinates": [85.3247633, 27.6789344]}}, {"type": "Feature", "properties": {"type": "yes", "id": 205072440}, "geometry": {"type": "Point", "coordinates": [85.3208673, 27.681083]}}, {"type": "Feature", "properties": {"type": "yes", "id": 205072441}, "geometry": {"type": "Point", "coordinates": [85.3275416, 27.6800346]}}, {"type": "Feature", "properties": {"type": "yes", "id": 205072442}, "geometry": {"type": "Point", "coordinates": [85.3231625, 27.6786808]}}, {"type": "Feature", "properties": {"type": "yes", "id": 205072443}, "geometry": {"type": "Point", "coordinates": [85.3257635, 27.6825041]}}, {"type": "Feature", "properties": {"type": "yes", "id": 205072444}, "geometry": {"type": "Point", "coordinates": [85.3254901, 27.6824009]}}, {"type": "Feature", "properties": {"type": "yes", "id": 205072445}, "geometry": {"type": "Point", "coordinates": [85.3261336, 27.67955]}}, {"type": "Feature", "properties": {"type": "yes", "id": 205072446}, "geometry": {"type": "Point", "coordinates": [85.3254955, 27.6828911]}}, {"type": "Feature", "properties": {"type": "yes", "id": 205072447}, "geometry": {"type": "Point", "coordinates": [85.3277309, 27.6812148]}}, {"type": "Feature", "properties": {"type": "yes", "id": 205072449}, "geometry": {"type": "Point", "coordinates": [85.3275734, 27.6826898]}}, {"type": "Feature", "properties": {"type": "yes", "id": 205072452}, "geometry": {"type": "Point", "coordinates": [85.3282293, 27.681069]}}, {"type": "Feature", "properties": {"type": "yes", "id": 205072453}, "geometry": {"type": "Point", "coordinates": [85.3283795, 27.6795032]}}, {"type": "Feature", "properties": {"type": "yes", "id": 205072454}, "geometry": {"type": "Point", "coordinates": [85.3272982, 27.6817445]}}, {"type": "Feature", "properties": {"type": "yes", "id": 205072456}, "geometry": {"type": "Point", "coordinates": [85.3258894, 27.6790554]}}, {"type": "Feature", "properties": {"type": "school", "building:levels": "3", "id": 205072457}, "geometry": {"type": "Point", "coordinates": [85.3237608, 27.6805796]}}, {"type": "Feature", "properties": {"type": "yes", "id": 205072458}, "geometry": {"type": "Point", "coordinates": [85.325144, 27.6786722]}}, {"type": "Feature", "properties": {"type": "yes", "id": 205072459}, "geometry": {"type": "Point", "coordinates": [85.3213943, 27.6812588]}}, {"type": "Feature", "properties": {"type": "yes", "id": 205072460}, "geometry": {"type": "Point", "coordinates": [85.3200143, 27.6820273]}}, {"type": "Feature", "properties": {"type": "yes", "id": 205072463}, "geometry": {"type": "Point", "coordinates": [85.323071, 27.6786266]}}, {"type": "Feature", "properties": {"type": "yes", "id": 205072464}, "geometry": {"type": "Point", "coordinates": [85.3232072, 27.6806704]}}, {"type": "Feature", "properties": {"type": "yes", "id": 205072465}, "geometry": {"type": "Point", "coordinates": [85.3257954, 27.6792031]}}, {"type": "Feature", "properties": {"type": "yes", "id": 205072466}, "geometry": {"type": "Point", "coordinates": [85.327557, 27.6801983]}}, {"type": "Feature", "properties": {"type": "yes", "id": 205072467}, "geometry": {"type": "Point", "coordinates": [85.3230569, 27.6798877]}}, {"type": "Feature", "properties": {"type": "yes", "id": 205072468}, "geometry": {"type": "Point", "coordinates": [85.3265196, 27.6824215]}}, {"type": "Feature", "properties": {"type": "yes", "id": 205072469}, "geometry": {"type": "Point", "coordinates": [85.3260594, 27.6813772]}}, {"type": "Feature", "properties": {"type": "yes", "id": 205072471}, "geometry": {"type": "Point", "coordinates": [85.3208961, 27.6821589]}}, {"type": "Feature", "properties": {"type": "yes", "id": 205072472}, "geometry": {"type": "Point", "coordinates": [85.3235586, 27.6778032]}}, {"type": "Feature", "properties": {"type": "yes", "id": 205072473}, "geometry": {"type": "Point", "coordinates": [85.3252805, 27.6828931]}}, {"type": "Feature", "properties": {"type": "yes", "id": 205072474}, "geometry": {"type": "Point", "coordinates": [85.3226437, 27.680241]}}, {"type": "Feature", "properties": {"type": "yes", "id": 205072475}, "geometry": {"type": "Point", "coordinates": [85.325615, 27.6813746]}}, {"type": "Feature", "properties": {"type": "yes", "id": 205072476}, "geometry": {"type": "Point", "coordinates": [85.3280009, 27.6810327]}}, {"type": "Feature", "properties": {"type": "yes", "id": 205072477}, "geometry": {"type": "Point", "coordinates": [85.3222736, 27.6810357]}}, {"type": "Feature", "properties": {"type": "yes", "id": 205072478}, "geometry": {"type": "Point", "coordinates": [85.3280437, 27.6791664]}}, {"type": "Feature", "properties": {"type": "yes", "id": 205072480}, "geometry": {"type": "Point", "coordinates": [85.3275359, 27.6825898]}}, {"type": "Feature", "properties": {"type": "yes", "id": 205072482}, "geometry": {"type": "Point", "coordinates": [85.3265014, 27.6812062]}}, {"type": "Feature", "properties": {"type": "yes", "id": 205072483}, "geometry": {"type": "Point", "coordinates": [85.32565, 27.678958]}}, {"type": "Feature", "properties": {"type": "yes", "id": 205072484}, "geometry": {"type": "Point", "coordinates": [85.3235265, 27.6780983]}}, {"type": "Feature", "properties": {"type": "yes", "id": 205072485}, "geometry": {"type": "Point", "coordinates": [85.3218054, 27.6807737]}}, {"type": "Feature", "properties": {"type": "yes", "id": 205072486}, "geometry": {"type": "Point", "coordinates": [85.3279552, 27.6821348]}}, {"type": "Feature", "properties": {"type": "yes", "id": 205072487}, "geometry": {"type": "Point", "coordinates": [85.3246496, 27.6792157]}}, {"type": "Feature", "properties": {"type": "yes", "id": 205072488}, "geometry": {"type": "Point", "coordinates": [85.3213557, 27.6806134]}}, {"type": "Feature", "properties": {"type": "yes", "id": 205072489}, "geometry": {"type": "Point", "coordinates": [85.3208367, 27.681542]}}, {"type": "Feature", "properties": {"type": "yes", "id": 205072490}, "geometry": {"type": "Point", "coordinates": [85.3278299, 27.6785029]}}, {"type": "Feature", "properties": {"name": "Newari Khaja Ghar", "type": "yes", "id": 205072491}, "geometry": {"type": "Point", "coordinates": [85.3257537, 27.6831115]}}, {"type": "Feature", "properties": {"type": "yes", "id": 205072492}, "geometry": {"type": "Point", "coordinates": [85.3235296, 27.6802488]}}, {"type": "Feature", "properties": {"type": "yes", "id": 205072493}, "geometry": {"type": "Point", "coordinates": [85.3222189, 27.6809384]}}, {"type": "Feature", "properties": {"type": "yes", "id": 205072494}, "geometry": {"type": "Point", "coordinates": [85.3270424, 27.6796613]}}, {"type": "Feature", "properties": {"type": "yes", "id": 205072495}, "geometry": {"type": "Point", "coordinates": [85.3264118, 27.6818668]}}, {"type": "Feature", "properties": {"type": "yes", "id": 205072496}, "geometry": {"type": "Point", "coordinates": [85.3226674, 27.6804638]}}, {"type": "Feature", "properties": {"type": "yes", "id": 205072497}, "geometry": {"type": "Point", "coordinates": [85.3284082, 27.6793989]}}, {"type": "Feature", "properties": {"type": "yes", "id": 205072498}, "geometry": {"type": "Point", "coordinates": [85.3253376, 27.6820394]}}, {"type": "Feature", "properties": {"type": "yes", "id": 205072499}, "geometry": {"type": "Point", "coordinates": [85.3269092, 27.6823016]}}, {"type": "Feature", "properties": {"type": "yes", "id": 205072500}, "geometry": {"type": "Point", "coordinates": [85.3280565, 27.6812811]}}, {"type": "Feature", "properties": {"type": "yes", "id": 205072501}, "geometry": {"type": "Point", "coordinates": [85.3279005, 27.6813121]}}, {"type": "Feature", "properties": {"type": "yes", "id": 205072502}, "geometry": {"type": "Point", "coordinates": [85.3267556, 27.6810775]}}, {"type": "Feature", "properties": {"type": "yes", "id": 205072503}, "geometry": {"type": "Point", "coordinates": [85.3237447, 27.6779333]}}, {"type": "Feature", "properties": {"type": "yes", "id": 205072504}, "geometry": {"type": "Point", "coordinates": [85.3223374, 27.680893]}}, {"type": "Feature", "properties": {"type": "yes", "id": 205072505}, "geometry": {"type": "Point", "coordinates": [85.3255472, 27.6818727]}}, {"type": "Feature", "properties": {"type": "yes", "id": 205072506}, "geometry": {"type": "Point", "coordinates": [85.3230142, 27.6813352]}}, {"type": "Feature", "properties": {"type": "yes", "id": 205072507}, "geometry": {"type": "Point", "coordinates": [85.3207564, 27.6811073]}}, {"type": "Feature", "properties": {"type": "yes", "id": 205072508}, "geometry": {"type": "Point", "coordinates": [85.3221746, 27.6804486]}}, {"type": "Feature", "properties": {"type": "yes", "id": 205072510}, "geometry": {"type": "Point", "coordinates": [85.3239062, 27.677741]}}, {"type": "Feature", "properties": {"type": "yes", "id": 205072511}, "geometry": {"type": "Point", "coordinates": [85.3231418, 27.6813057]}}, {"type": "Feature", "properties": {"type": "school", "building:levels": "5", "id": 205072512}, "geometry": {"type": "Point", "coordinates": [85.3264733, 27.6798126]}}, {"type": "Feature", "properties": {"type": "yes", "id": 205072513}, "geometry": {"type": "Point", "coordinates": [85.3276609, 27.6799806]}}, {"type": "Feature", "properties": {"type": "yes", "id": 205072514}, "geometry": {"type": "Point", "coordinates": [85.3256884, 27.6809426]}}, {"type": "Feature", "properties": {"type": "yes", "id": 205072515}, "geometry": {"type": "Point", "coordinates": [85.3216226, 27.6813006]}}, {"type": "Feature", "properties": {"type": "yes", "id": 205072516}, "geometry": {"type": "Point", "coordinates": [85.3238932, 27.6776004]}}, {"type": "Feature", "properties": {"type": "mixed_use", "building:levels": "5", "id": 205072517}, "geometry": {"type": "Point", "coordinates": [85.3266295, 27.679529]}}, {"type": "Feature", "properties": {"type": "yes", "id": 205072518}, "geometry": {"type": "Point", "coordinates": [85.3262428, 27.6832944]}}, {"type": "Feature", "properties": {"type": "yes", "id": 205072519}, "geometry": {"type": "Point", "coordinates": [85.3225876, 27.6808108]}}, {"type": "Feature", "properties": {"type": "yes", "id": 205072520}, "geometry": {"type": "Point", "coordinates": [85.3219939, 27.6816263]}}, {"type": "Feature", "properties": {"type": "yes", "id": 205072521}, "geometry": {"type": "Point", "coordinates": [85.3256838, 27.6810383]}}, {"type": "Feature", "properties": {"type": "yes", "id": 205072522}, "geometry": {"type": "Point", "coordinates": [85.3218383, 27.6816841]}}, {"type": "Feature", "properties": {"type": "yes", "id": 205072523}, "geometry": {"type": "Point", "coordinates": [85.3284033, 27.6798811]}}, {"type": "Feature", "properties": {"type": "yes", "id": 205072525}, "geometry": {"type": "Point", "coordinates": [85.3226221, 27.6807545]}}, {"type": "Feature", "properties": {"type": "yes", "id": 205072526}, "geometry": {"type": "Point", "coordinates": [85.3224814, 27.6803977]}}, {"type": "Feature", "properties": {"type": "yes", "id": 205072527}, "geometry": {"type": "Point", "coordinates": [85.3219179, 27.6817732]}}, {"type": "Feature", "properties": {"type": "yes", "id": 205072528}, "geometry": {"type": "Point", "coordinates": [85.3276305, 27.6817523]}}, {"type": "Feature", "properties": {"type": "yes", "id": 205072529}, "geometry": {"type": "Point", "coordinates": [85.3270428, 27.6798606]}}, {"type": "Feature", "properties": {"type": "yes", "id": 205072530}, "geometry": {"type": "Point", "coordinates": [85.3210038, 27.6819176]}}, {"type": "Feature", "properties": {"type": "yes", "id": 205072531}, "geometry": {"type": "Point", "coordinates": [85.3252709, 27.6823993]}}, {"type": "Feature", "properties": {"type": "yes", "id": 205072532}, "geometry": {"type": "Point", "coordinates": [85.3226635, 27.6815057]}}, {"type": "Feature", "properties": {"type": "yes", "id": 205072533}, "geometry": {"type": "Point", "coordinates": [85.3208164, 27.6814339]}}, {"type": "Feature", "properties": {"type": "yes", "id": 205072534}, "geometry": {"type": "Point", "coordinates": [85.3273981, 27.6801806]}}, {"type": "Feature", "properties": {"name": "Pasa Yard", "type": "yes", "building:levels": "2", "id": 205072535}, "geometry": {"type": "Point", "coordinates": [85.3225651, 27.6805802]}}, {"type": "Feature", "properties": {"type": "yes", "id": 205072536}, "geometry": {"type": "Point", "coordinates": [85.3285458, 27.6793719]}}, {"type": "Feature", "properties": {"type": "yes", "id": 205072537}, "geometry": {"type": "Point", "coordinates": [85.3215973, 27.6818525]}}, {"type": "Feature", "properties": {"type": "yes", "id": 205072538}, "geometry": {"type": "Point", "coordinates": [85.3210263, 27.682159]}}, {"type": "Feature", "properties": {"name": "Association of Community Radio Broadcasters Nepal", "type": "office", "id": 205072539}, "geometry": {"type": "Point", "coordinates": [85.3219108, 27.6805234]}}, {"type": "Feature", "properties": {"type": "yes", "id": 205160982}, "geometry": {"type": "Point", "coordinates": [85.2880474, 27.6749955]}}, {"type": "Feature", "properties": {"type": "yes", "id": 205160985}, "geometry": {"type": "Point", "coordinates": [85.2884438, 27.6750618]}}, {"type": "Feature", "properties": {"type": "yes", "id": 205160986}, "geometry": {"type": "Point", "coordinates": [85.2883468, 27.6751227]}}, {"type": "Feature", "properties": {"type": "yes", "id": 205175728}, "geometry": {"type": "Point", "coordinates": [85.3232299, 27.6887483]}}, {"type": "Feature", "properties": {"type": "yes", "id": 205175730}, "geometry": {"type": "Point", "coordinates": [85.3231544, 27.6885931]}}, {"type": "Feature", "properties": {"type": "yes", "id": 205175731}, "geometry": {"type": "Point", "coordinates": [85.3229962, 27.6886503]}}, {"type": "Feature", "properties": {"type": "yes", "id": 205175732}, "geometry": {"type": "Point", "coordinates": [85.3224165, 27.6886594]}}, {"type": "Feature", "properties": {"type": "yes", "id": 205175733}, "geometry": {"type": "Point", "coordinates": [85.3234497, 27.6885448]}}, {"type": "Feature", "properties": {"type": "yes", "id": 205175734}, "geometry": {"type": "Point", "coordinates": [85.3225171, 27.6886228]}}, {"type": "Feature", "properties": {"type": "yes", "id": 205175735}, "geometry": {"type": "Point", "coordinates": [85.3235424, 27.6885136]}}, {"type": "Feature", "properties": {"type": "yes", "id": 205175736}, "geometry": {"type": "Point", "coordinates": [85.3230948, 27.6887418]}}, {"type": "Feature", "properties": {"type": "yes", "building:levels": "4", "id": 205175737}, "geometry": {"type": "Point", "coordinates": [85.3222179, 27.6887609]}}, {"type": "Feature", "properties": {"type": "yes", "id": 205175738}, "geometry": {"type": "Point", "coordinates": [85.3233454, 27.6885542]}}, {"type": "Feature", "properties": {"type": "residential", "building:levels": "3", "id": 205183172}, "geometry": {"type": "Point", "coordinates": [85.3098383, 27.6999744]}}, {"type": "Feature", "properties": {"type": "yes", "id": 205183173}, "geometry": {"type": "Point", "coordinates": [85.310407, 27.6996881]}}, {"type": "Feature", "properties": {"name": "Hotel Central Park", "type": "hotel", "building:levels": "9", "id": 205183175}, "geometry": {"type": "Point", "coordinates": [85.3125029, 27.6995959]}}, {"type": "Feature", "properties": {"name": "Hotel Isan", "type": "yes", "id": 205183176}, "geometry": {"type": "Point", "coordinates": [85.3128479, 27.6983884]}}, {"type": "Feature", "properties": {"type": "yes", "id": 205183177}, "geometry": {"type": "Point", "coordinates": [85.309603, 27.6978023]}}, {"type": "Feature", "properties": {"name": "Nepal Army Signals Directorate", "type": "mixed_use", "building:levels": "3", "id": 205183181}, "geometry": {"type": "Point", "coordinates": [85.3119873, 27.7000834]}}, {"type": "Feature", "properties": {"name": "New Namaste Guest House", "type": "yes", "id": 205183183}, "geometry": {"type": "Point", "coordinates": [85.3117098, 27.6992773]}}, {"type": "Feature", "properties": {"type": "yes", "id": 205183184}, "geometry": {"type": "Point", "coordinates": [85.3094013, 27.6977744]}}, {"type": "Feature", "properties": {"type": "yes", "id": 205183185}, "geometry": {"type": "Point", "coordinates": [85.3111565, 27.6996171]}}, {"type": "Feature", "properties": {"type": "yes", "id": 205183187}, "geometry": {"type": "Point", "coordinates": [85.3102597, 27.697902]}}, {"type": "Feature", "properties": {"type": "yes", "id": 205183189}, "geometry": {"type": "Point", "coordinates": [85.3105161, 27.6981384]}}, {"type": "Feature", "properties": {"type": "yes", "id": 205183190}, "geometry": {"type": "Point", "coordinates": [85.3106479, 27.6972917]}}, {"type": "Feature", "properties": {"type": "yes", "id": 205183191}, "geometry": {"type": "Point", "coordinates": [85.3093556, 27.6981217]}}, {"type": "Feature", "properties": {"name": "Juneli Guest House", "type": "hotel", "building:levels": "5", "id": 205183195}, "geometry": {"type": "Point", "coordinates": [85.3119039, 27.6998561]}}, {"type": "Feature", "properties": {"name": "Yetichem Medicine Distributors Pvt. Ltd.", "type": "yes", "id": 205183197}, "geometry": {"type": "Point", "coordinates": [85.3111203, 27.6999066]}}, {"type": "Feature", "properties": {"name": "Jomsom Guest House & Thakali Khana", "type": "yes", "id": 205183198}, "geometry": {"type": "Point", "coordinates": [85.312461, 27.6998316]}}, {"type": "Feature", "properties": {"type": "mixed_use", "building:levels": "3", "id": 205183200}, "geometry": {"type": "Point", "coordinates": [85.3097779, 27.6980741]}}, {"type": "Feature", "properties": {"name": "Nepal Telecom Sundhara Exchange", "type": "yes", "id": 205183202}, "geometry": {"type": "Point", "coordinates": [85.3122368, 27.7000115]}}, {"type": "Feature", "properties": {"name": "Lali Gurans Guest House", "type": "yes", "id": 205183203}, "geometry": {"type": "Point", "coordinates": [85.3119985, 27.6992758]}}, {"type": "Feature", "properties": {"type": "school", "building:levels": "3", "id": 205183210}, "geometry": {"type": "Point", "coordinates": [85.3096415, 27.6973343]}}, {"type": "Feature", "properties": {"name": "Hotel Mount Dhaulagiri", "type": "hotel", "building:levels": "5", "id": 205183212}, "geometry": {"type": "Point", "coordinates": [85.3125373, 27.6997991]}}, {"type": "Feature", "properties": {"type": "yes", "id": 205183216}, "geometry": {"type": "Point", "coordinates": [85.31116, 27.6991713]}}, {"type": "Feature", "properties": {"name": "Hotel Krishna Palace", "type": "yes", "id": 205183217}, "geometry": {"type": "Point", "coordinates": [85.3125466, 27.6984948]}}, {"type": "Feature", "properties": {"type": "commercial", "building:levels": "7", "id": 205183220}, "geometry": {"type": "Point", "coordinates": [85.3099632, 27.6996966]}}, {"type": "Feature", "properties": {"type": "residential", "building:levels": "3", "id": 205183221}, "geometry": {"type": "Point", "coordinates": [85.3093655, 27.6984264]}}, {"type": "Feature", "properties": {"type": "yes", "id": 205183225}, "geometry": {"type": "Point", "coordinates": [85.3101142, 27.7000256]}}, {"type": "Feature", "properties": {"name": "The Himanchal Lodge & Hotel", "type": "hotel", "id": 205183226}, "geometry": {"type": "Point", "coordinates": [85.3116292, 27.6994446]}}, {"type": "Feature", "properties": {"name": "Hotel Majesty", "type": "mixed_use", "building:levels": "6", "id": 205183227}, "geometry": {"type": "Point", "coordinates": [85.3117921, 27.6998607]}}, {"type": "Feature", "properties": {"type": "yes", "id": 205183228}, "geometry": {"type": "Point", "coordinates": [85.3108785, 27.6992304]}}, {"type": "Feature", "properties": {"name": "Imperial Hotel", "type": "hotel", "id": 205183229}, "geometry": {"type": "Point", "coordinates": [85.311854, 27.6993008]}}, {"type": "Feature", "properties": {"type": "mixed_use", "building:levels": "5", "id": 205183231}, "geometry": {"type": "Point", "coordinates": [85.3105106, 27.6983946]}}, {"type": "Feature", "properties": {"type": "yes", "id": 205183232}, "geometry": {"type": "Point", "coordinates": [85.3095261, 27.6985729]}}, {"type": "Feature", "properties": {"type": "yes", "id": 205183233}, "geometry": {"type": "Point", "coordinates": [85.3104127, 27.6978725]}}, {"type": "Feature", "properties": {"type": "yes", "id": 205183235}, "geometry": {"type": "Point", "coordinates": [85.3093851, 27.6983106]}}, {"type": "Feature", "properties": {"type": "yes", "id": 205183236}, "geometry": {"type": "Point", "coordinates": [85.3096933, 27.6994567]}}, {"type": "Feature", "properties": {"type": "mixed_use", "building:levels": "7", "id": 205183238}, "geometry": {"type": "Point", "coordinates": [85.3100085, 27.7000354]}}, {"type": "Feature", "properties": {"name": "Hotel Aangan", "type": "yes", "id": 205183239}, "geometry": {"type": "Point", "coordinates": [85.3117174, 27.6994195]}}, {"type": "Feature", "properties": {"type": "yes", "id": 205183240}, "geometry": {"type": "Point", "coordinates": [85.3108579, 27.6976156]}}, {"type": "Feature", "properties": {"name": "Subidha Guest House", "type": "yes", "building:levels": "9", "id": 205183243}, "geometry": {"type": "Point", "coordinates": [85.3123588, 27.6998176]}}, {"type": "Feature", "properties": {"type": "yes", "id": 205183244}, "geometry": {"type": "Point", "coordinates": [85.3096995, 27.6980863]}}, {"type": "Feature", "properties": {"name": "Sony Guest House", "type": "hotel", "building:levels": "7", "id": 205183245}, "geometry": {"type": "Point", "coordinates": [85.3120782, 27.6998404]}}, {"type": "Feature", "properties": {"type": "residential", "building:levels": "4", "id": 205183246}, "geometry": {"type": "Point", "coordinates": [85.3105774, 27.6983093]}}, {"type": "Feature", "properties": {"type": "mixed_use", "building:levels": "3", "id": 205183247}, "geometry": {"type": "Point", "coordinates": [85.309843, 27.6984225]}}, {"type": "Feature", "properties": {"type": "yes", "id": 205183249}, "geometry": {"type": "Point", "coordinates": [85.311553, 27.6975567]}}, {"type": "Feature", "properties": {"type": "yes", "id": 205183250}, "geometry": {"type": "Point", "coordinates": [85.3106147, 27.6996433]}}, {"type": "Feature", "properties": {"type": "mixed_use", "building:levels": "7", "id": 205183251}, "geometry": {"type": "Point", "coordinates": [85.3096551, 27.7000094]}}, {"type": "Feature", "properties": {"type": "yes", "id": 205183253}, "geometry": {"type": "Point", "coordinates": [85.3099538, 27.6984243]}}, {"type": "Feature", "properties": {"type": "yes", "id": 205183255}, "geometry": {"type": "Point", "coordinates": [85.3113622, 27.6997087]}}, {"type": "Feature", "properties": {"name": "Hotel Dudhpokhari & Lodge", "type": "hotel", "building:levels": "5", "id": 205183258}, "geometry": {"type": "Point", "coordinates": [85.3126314, 27.6996586]}}, {"type": "Feature", "properties": {"type": "yes", "id": 205183260}, "geometry": {"type": "Point", "coordinates": [85.3095477, 27.6990444]}}, {"type": "Feature", "properties": {"type": "yes", "id": 205183261}, "geometry": {"type": "Point", "coordinates": [85.3112662, 27.6990484]}}, {"type": "Feature", "properties": {"type": "school", "building:levels": "3", "id": 205183263}, "geometry": {"type": "Point", "coordinates": [85.3101788, 27.6981179]}}, {"type": "Feature", "properties": {"type": "yes", "id": 205183265}, "geometry": {"type": "Point", "coordinates": [85.3108725, 27.6972324]}}, {"type": "Feature", "properties": {"type": "yes", "id": 205183266}, "geometry": {"type": "Point", "coordinates": [85.3111715, 27.6973405]}}, {"type": "Feature", "properties": {"type": "mixed_use", "building:levels": "5", "id": 205183268}, "geometry": {"type": "Point", "coordinates": [85.3095728, 27.6997242]}}, {"type": "Feature", "properties": {"type": "yes", "id": 205183269}, "geometry": {"type": "Point", "coordinates": [85.3108673, 27.7000133]}}, {"type": "Feature", "properties": {"type": "commercial", "building:levels": "4", "id": 205183270}, "geometry": {"type": "Point", "coordinates": [85.3099228, 27.6982156]}}, {"type": "Feature", "properties": {"type": "yes", "id": 205183271}, "geometry": {"type": "Point", "coordinates": [85.3107306, 27.6997447]}}, {"type": "Feature", "properties": {"type": "yes", "id": 205437253}, "geometry": {"type": "Point", "coordinates": [85.3012968, 27.6702571]}}, {"type": "Feature", "properties": {"type": "yes", "id": 205438151}, "geometry": {"type": "Point", "coordinates": [85.2858726, 27.6779944]}}, {"type": "Feature", "properties": {"name": "Ayurvedic Hospital", "type": "yes", "id": 205438152}, "geometry": {"type": "Point", "coordinates": [85.289853, 27.6759721]}}, {"type": "Feature", "properties": {"type": "yes", "id": 205441130}, "geometry": {"type": "Point", "coordinates": [85.2813798, 27.6731642]}}, {"type": "Feature", "properties": {"type": "yes", "building:levels": "2", "id": 205441132}, "geometry": {"type": "Point", "coordinates": [85.2814677, 27.6714556]}}, {"type": "Feature", "properties": {"type": "yes", "id": 205441136}, "geometry": {"type": "Point", "coordinates": [85.2816357, 27.6720252]}}, {"type": "Feature", "properties": {"type": "yes", "id": 205441138}, "geometry": {"type": "Point", "coordinates": [85.280602, 27.6734839]}}, {"type": "Feature", "properties": {"type": "yes", "id": 205441139}, "geometry": {"type": "Point", "coordinates": [85.2816867, 27.6716226]}}, {"type": "Feature", "properties": {"type": "yes", "id": 205441141}, "geometry": {"type": "Point", "coordinates": [85.2810815, 27.6731648]}}, {"type": "Feature", "properties": {"type": "yes", "id": 205441142}, "geometry": {"type": "Point", "coordinates": [85.2817549, 27.673143]}}, {"type": "Feature", "properties": {"type": "commercial", "building:levels": "1", "id": 205444061}, "geometry": {"type": "Point", "coordinates": [85.2989666, 27.6853046]}}, {"type": "Feature", "properties": {"type": "yes", "id": 205444063}, "geometry": {"type": "Point", "coordinates": [85.2992614, 27.6861103]}}, {"type": "Feature", "properties": {"type": "yes", "id": 205444064}, "geometry": {"type": "Point", "coordinates": [85.2980085, 27.6862657]}}, {"type": "Feature", "properties": {"type": "yes", "id": 205444065}, "geometry": {"type": "Point", "coordinates": [85.2979902, 27.6851101]}}, {"type": "Feature", "properties": {"type": "commercial", "building:levels": "1", "id": 205444066}, "geometry": {"type": "Point", "coordinates": [85.299512, 27.686744]}}, {"type": "Feature", "properties": {"type": "yes", "id": 205444067}, "geometry": {"type": "Point", "coordinates": [85.2988844, 27.6858928]}}, {"type": "Feature", "properties": {"type": "yes", "id": 205444241}, "geometry": {"type": "Point", "coordinates": [85.2961258, 27.6881852]}}, {"type": "Feature", "properties": {"type": "yes", "id": 205444242}, "geometry": {"type": "Point", "coordinates": [85.2967699, 27.6873444]}}, {"type": "Feature", "properties": {"type": "yes", "id": 205444243}, "geometry": {"type": "Point", "coordinates": [85.2955764, 27.6880191]}}, {"type": "Feature", "properties": {"type": "yes", "id": 205444244}, "geometry": {"type": "Point", "coordinates": [85.2967163, 27.6876807]}}, {"type": "Feature", "properties": {"type": "yes", "id": 205444245}, "geometry": {"type": "Point", "coordinates": [85.2971594, 27.6876405]}}, {"type": "Feature", "properties": {"type": "yes", "id": 205444246}, "geometry": {"type": "Point", "coordinates": [85.2958875, 27.6881098]}}, {"type": "Feature", "properties": {"type": "yes", "id": 205444248}, "geometry": {"type": "Point", "coordinates": [85.2973357, 27.6878057]}}, {"type": "Feature", "properties": {"type": "yes", "id": 205444249}, "geometry": {"type": "Point", "coordinates": [85.2965057, 27.6882625]}}, {"type": "Feature", "properties": {"type": "yes", "id": 205444250}, "geometry": {"type": "Point", "coordinates": [85.2966156, 27.6874284]}}, {"type": "Feature", "properties": {"type": "yes", "id": 205444251}, "geometry": {"type": "Point", "coordinates": [85.296852, 27.6879342]}}, {"type": "Feature", "properties": {"type": "yes", "id": 205448046}, "geometry": {"type": "Point", "coordinates": [85.2665713, 27.674145]}}, {"type": "Feature", "properties": {"type": "yes", "id": 205448047}, "geometry": {"type": "Point", "coordinates": [85.2652695, 27.6747047]}}, {"type": "Feature", "properties": {"type": "yes", "id": 205448049}, "geometry": {"type": "Point", "coordinates": [85.2657495, 27.6769106]}}, {"type": "Feature", "properties": {"type": "yes", "id": 205448051}, "geometry": {"type": "Point", "coordinates": [85.2659761, 27.6743712]}}, {"type": "Feature", "properties": {"type": "yes", "id": 205448054}, "geometry": {"type": "Point", "coordinates": [85.2661716, 27.6767849]}}, {"type": "Feature", "properties": {"type": "yes", "id": 205448056}, "geometry": {"type": "Point", "coordinates": [85.2659103, 27.6766983]}}, {"type": "Feature", "properties": {"name": "Bahirigaun Health Post", "type": "hospital", "id": 205448058}, "geometry": {"type": "Point", "coordinates": [85.2667, 27.6772079]}}, {"type": "Feature", "properties": {"type": "yes", "id": 205448060}, "geometry": {"type": "Point", "coordinates": [85.2652448, 27.6764092]}}, {"type": "Feature", "properties": {"type": "yes", "id": 205448063}, "geometry": {"type": "Point", "coordinates": [85.265518, 27.6766993]}}, {"type": "Feature", "properties": {"type": "yes", "id": 205448065}, "geometry": {"type": "Point", "coordinates": [85.2654107, 27.6748022]}}, {"type": "Feature", "properties": {"type": "yes", "id": 205448069}, "geometry": {"type": "Point", "coordinates": [85.2664464, 27.676753]}}, {"type": "Feature", "properties": {"type": "yes", "id": 205448074}, "geometry": {"type": "Point", "coordinates": [85.2657368, 27.6764054]}}, {"type": "Feature", "properties": {"type": "public", "id": 205448076}, "geometry": {"type": "Point", "coordinates": [85.2656814, 27.674946]}}, {"type": "Feature", "properties": {"type": "yes", "id": 205448077}, "geometry": {"type": "Point", "coordinates": [85.267126, 27.6773387]}}, {"type": "Feature", "properties": {"type": "yes", "id": 205448079}, "geometry": {"type": "Point", "coordinates": [85.265492, 27.6749934]}}, {"type": "Feature", "properties": {"type": "yes", "id": 205448080}, "geometry": {"type": "Point", "coordinates": [85.297435, 27.6838793]}}, {"type": "Feature", "properties": {"type": "yes", "id": 205448081}, "geometry": {"type": "Point", "coordinates": [85.2655644, 27.6748726]}}, {"type": "Feature", "properties": {"type": "yes", "id": 205448082}, "geometry": {"type": "Point", "coordinates": [85.2656925, 27.6751156]}}, {"type": "Feature", "properties": {"type": "yes", "id": 205448084}, "geometry": {"type": "Point", "coordinates": [85.2657644, 27.6740543]}}, {"type": "Feature", "properties": {"type": "yes", "id": 205448089}, "geometry": {"type": "Point", "coordinates": [85.2656239, 27.6769167]}}, {"type": "Feature", "properties": {"type": "yes", "id": 205448091}, "geometry": {"type": "Point", "coordinates": [85.2658358, 27.6764036]}}, {"type": "Feature", "properties": {"type": "yes", "id": 205448094}, "geometry": {"type": "Point", "coordinates": [85.2655462, 27.6764729]}}, {"type": "Feature", "properties": {"type": "yes", "id": 205448096}, "geometry": {"type": "Point", "coordinates": [85.2660772, 27.6747568]}}, {"type": "Feature", "properties": {"type": "yes", "id": 205448098}, "geometry": {"type": "Point", "coordinates": [85.2659434, 27.6764587]}}, {"type": "Feature", "properties": {"type": "yes", "id": 205448100}, "geometry": {"type": "Point", "coordinates": [85.2668001, 27.6770712]}}, {"type": "Feature", "properties": {"type": "yes", "id": 205448103}, "geometry": {"type": "Point", "coordinates": [85.2663516, 27.6743104]}}, {"type": "Feature", "properties": {"type": "yes", "id": 205448105}, "geometry": {"type": "Point", "coordinates": [85.2660559, 27.6744703]}}, {"type": "Feature", "properties": {"type": "yes", "id": 205448107}, "geometry": {"type": "Point", "coordinates": [85.2664242, 27.6742143]}}, {"type": "Feature", "properties": {"type": "yes", "id": 205448110}, "geometry": {"type": "Point", "coordinates": [85.2665102, 27.6740711]}}, {"type": "Feature", "properties": {"type": "yes", "id": 205448111}, "geometry": {"type": "Point", "coordinates": [85.2667695, 27.6759377]}}, {"type": "Feature", "properties": {"type": "yes", "id": 205448112}, "geometry": {"type": "Point", "coordinates": [85.2673772, 27.6774444]}}, {"type": "Feature", "properties": {"type": "yes", "id": 205448113}, "geometry": {"type": "Point", "coordinates": [85.2666011, 27.6759518]}}, {"type": "Feature", "properties": {"type": "yes", "id": 205448114}, "geometry": {"type": "Point", "coordinates": [85.2665156, 27.675795]}}, {"type": "Feature", "properties": {"type": "yes", "id": 205448115}, "geometry": {"type": "Point", "coordinates": [85.2969569, 27.6834619]}}, {"type": "Feature", "properties": {"type": "yes", "id": 205448117}, "geometry": {"type": "Point", "coordinates": [85.267661, 27.6774686]}}, {"type": "Feature", "properties": {"type": "yes", "id": 205448119}, "geometry": {"type": "Point", "coordinates": [85.2664298, 27.6757191]}}, {"type": "Feature", "properties": {"type": "yes", "id": 205448123}, "geometry": {"type": "Point", "coordinates": [85.2668776, 27.6741746]}}, {"type": "Feature", "properties": {"type": "yes", "id": 205448126}, "geometry": {"type": "Point", "coordinates": [85.2665506, 27.6758876]}}, {"type": "Feature", "properties": {"type": "yes", "id": 205448128}, "geometry": {"type": "Point", "coordinates": [85.2655424, 27.6762348]}}, {"type": "Feature", "properties": {"type": "yes", "id": 205448131}, "geometry": {"type": "Point", "coordinates": [85.265813, 27.6765585]}}, {"type": "Feature", "properties": {"type": "yes", "id": 205448133}, "geometry": {"type": "Point", "coordinates": [85.2651127, 27.6763681]}}, {"type": "Feature", "properties": {"type": "yes", "id": 205448135}, "geometry": {"type": "Point", "coordinates": [85.2663808, 27.6756584]}}, {"type": "Feature", "properties": {"type": "yes", "id": 205448137}, "geometry": {"type": "Point", "coordinates": [85.2654802, 27.676611]}}, {"type": "Feature", "properties": {"type": "residential", "building:levels": "3", "id": 205448139}, "geometry": {"type": "Point", "coordinates": [85.2973669, 27.6831763]}}, {"type": "Feature", "properties": {"name": "Kirtipur Hill Side Resort", "type": "yes", "id": 205448144}, "geometry": {"type": "Point", "coordinates": [85.2797217, 27.6771014]}}, {"type": "Feature", "properties": {"type": "yes", "id": 205448145}, "geometry": {"type": "Point", "coordinates": [85.2664247, 27.6743997]}}, {"type": "Feature", "properties": {"type": "yes", "id": 205450189}, "geometry": {"type": "Point", "coordinates": [85.265384, 27.6768358]}}, {"type": "Feature", "properties": {"type": "yes", "id": 205450190}, "geometry": {"type": "Point", "coordinates": [85.2651448, 27.6765544]}}, {"type": "Feature", "properties": {"type": "yes", "id": 205450191}, "geometry": {"type": "Point", "coordinates": [85.2680021, 27.6783788]}}, {"type": "Feature", "properties": {"type": "yes", "id": 205450192}, "geometry": {"type": "Point", "coordinates": [85.2659415, 27.6769372]}}, {"type": "Feature", "properties": {"type": "yes", "id": 205450193}, "geometry": {"type": "Point", "coordinates": [85.2652452, 27.6769854]}}, {"type": "Feature", "properties": {"type": "yes", "id": 205450194}, "geometry": {"type": "Point", "coordinates": [85.2653009, 27.6766637]}}, {"type": "Feature", "properties": {"type": "yes", "id": 205450195}, "geometry": {"type": "Point", "coordinates": [85.2651908, 27.6767338]}}, {"type": "Feature", "properties": {"type": "yes", "id": 205450196}, "geometry": {"type": "Point", "coordinates": [85.2649324, 27.6766731]}}, {"type": "Feature", "properties": {"type": "yes", "id": 205450197}, "geometry": {"type": "Point", "coordinates": [85.2655051, 27.6769339]}}, {"type": "Feature", "properties": {"type": "yes", "id": 205450198}, "geometry": {"type": "Point", "coordinates": [85.2651334, 27.6766704]}}, {"type": "Feature", "properties": {"type": "yes", "id": 205450199}, "geometry": {"type": "Point", "coordinates": [85.2654117, 27.6769654]}}, {"type": "Feature", "properties": {"type": "yes", "id": 205450200}, "geometry": {"type": "Point", "coordinates": [85.2671945, 27.6782264]}}, {"type": "Feature", "properties": {"type": "yes", "id": 205450201}, "geometry": {"type": "Point", "coordinates": [85.2652611, 27.6768694]}}, {"type": "Feature", "properties": {"type": "yes", "id": 205450202}, "geometry": {"type": "Point", "coordinates": [85.2658606, 27.6769231]}}, {"type": "Feature", "properties": {"type": "yes", "id": 205450203}, "geometry": {"type": "Point", "coordinates": [85.2652298, 27.6768005]}}, {"type": "Feature", "properties": {"type": "yes", "id": 205582077}, "geometry": {"type": "Point", "coordinates": [85.2679962, 27.6777367]}}, {"type": "Feature", "properties": {"type": "yes", "id": 205582078}, "geometry": {"type": "Point", "coordinates": [85.2662098, 27.6771303]}}, {"type": "Feature", "properties": {"type": "yes", "id": 205582080}, "geometry": {"type": "Point", "coordinates": [85.2663399, 27.6770744]}}, {"type": "Feature", "properties": {"type": "yes", "id": 205582081}, "geometry": {"type": "Point", "coordinates": [85.2683462, 27.6776478]}}, {"type": "Feature", "properties": {"type": "yes", "id": 205582082}, "geometry": {"type": "Point", "coordinates": [85.2658364, 27.6764844]}}, {"type": "Feature", "properties": {"type": "yes", "id": 205582086}, "geometry": {"type": "Point", "coordinates": [85.2670825, 27.676592]}}, {"type": "Feature", "properties": {"type": "school", "building:levels": "3", "id": 205582087}, "geometry": {"type": "Point", "coordinates": [85.2669144, 27.6762004]}}, {"type": "Feature", "properties": {"type": "yes", "id": 205582088}, "geometry": {"type": "Point", "coordinates": [85.2678219, 27.6778161]}}, {"type": "Feature", "properties": {"type": "yes", "id": 205582089}, "geometry": {"type": "Point", "coordinates": [85.2668102, 27.6764384]}}, {"type": "Feature", "properties": {"type": "yes", "id": 205582090}, "geometry": {"type": "Point", "coordinates": [85.2670409, 27.6776788]}}, {"type": "Feature", "properties": {"type": "yes", "id": 205582092}, "geometry": {"type": "Point", "coordinates": [85.2658552, 27.6761551]}}, {"type": "Feature", "properties": {"type": "yes", "id": 205582093}, "geometry": {"type": "Point", "coordinates": [85.2674356, 27.6776072]}}, {"type": "Feature", "properties": {"type": "yes", "id": 205582463}, "geometry": {"type": "Point", "coordinates": [85.2841917, 27.6768075]}}, {"type": "Feature", "properties": {"type": "yes", "id": 205583899}, "geometry": {"type": "Point", "coordinates": [85.2766507, 27.6718256]}}, {"type": "Feature", "properties": {"type": "yes", "id": 205586372}, "geometry": {"type": "Point", "coordinates": [85.2655735, 27.6737115]}}, {"type": "Feature", "properties": {"type": "yes", "id": 205586373}, "geometry": {"type": "Point", "coordinates": [85.2651781, 27.6736463]}}, {"type": "Feature", "properties": {"type": "yes", "id": 205586374}, "geometry": {"type": "Point", "coordinates": [85.2651413, 27.6734459]}}, {"type": "Feature", "properties": {"type": "yes", "id": 205586376}, "geometry": {"type": "Point", "coordinates": [85.2649595, 27.6733567]}}, {"type": "Feature", "properties": {"type": "yes", "id": 205586377}, "geometry": {"type": "Point", "coordinates": [85.2650871, 27.673336]}}, {"type": "Feature", "properties": {"type": "yes", "id": 205586378}, "geometry": {"type": "Point", "coordinates": [85.2659929, 27.6738859]}}, {"type": "Feature", "properties": {"type": "yes", "id": 205586379}, "geometry": {"type": "Point", "coordinates": [85.2656301, 27.6734234]}}, {"type": "Feature", "properties": {"type": "yes", "id": 205586380}, "geometry": {"type": "Point", "coordinates": [85.2646299, 27.6742009]}}, {"type": "Feature", "properties": {"type": "yes", "id": 205586381}, "geometry": {"type": "Point", "coordinates": [85.2654826, 27.6734723]}}, {"type": "Feature", "properties": {"type": "yes", "id": 205586382}, "geometry": {"type": "Point", "coordinates": [85.2646376, 27.6738793]}}, {"type": "Feature", "properties": {"type": "yes", "id": 205586384}, "geometry": {"type": "Point", "coordinates": [85.2662759, 27.6741085]}}, {"type": "Feature", "properties": {"type": "yes", "id": 205586385}, "geometry": {"type": "Point", "coordinates": [85.2658549, 27.6738576]}}, {"type": "Feature", "properties": {"type": "yes", "id": 205586386}, "geometry": {"type": "Point", "coordinates": [85.2657169, 27.6738419]}}, {"type": "Feature", "properties": {"type": "yes", "id": 205586387}, "geometry": {"type": "Point", "coordinates": [85.2666263, 27.6742445]}}, {"type": "Feature", "properties": {"type": "yes", "id": 205595561}, "geometry": {"type": "Point", "coordinates": [85.3033567, 27.6986607]}}, {"type": "Feature", "properties": {"type": "yes", "id": 205595563}, "geometry": {"type": "Point", "coordinates": [85.3011707, 27.7000339]}}, {"type": "Feature", "properties": {"type": "yes", "id": 205595564}, "geometry": {"type": "Point", "coordinates": [85.3034803, 27.6984993]}}, {"type": "Feature", "properties": {"name": "Honda Service Center", "type": "commercial", "building:levels": "5", "id": 205595565}, "geometry": {"type": "Point", "coordinates": [85.303504, 27.6987035]}}, {"type": "Feature", "properties": {"type": "mixed_use", "building:levels": "4", "id": 205595566}, "geometry": {"type": "Point", "coordinates": [85.3016055, 27.6995415]}}, {"type": "Feature", "properties": {"type": "yes", "building:levels": "2", "id": 205595567}, "geometry": {"type": "Point", "coordinates": [85.3041277, 27.6993575]}}, {"type": "Feature", "properties": {"type": "yes", "id": 205599082}, "geometry": {"type": "Point", "coordinates": [85.2761204, 27.6868106]}}, {"type": "Feature", "properties": {"type": "yes", "id": 205599084}, "geometry": {"type": "Point", "coordinates": [85.2761869, 27.686442]}}, {"type": "Feature", "properties": {"type": "yes", "id": 205599086}, "geometry": {"type": "Point", "coordinates": [85.2755176, 27.6872939]}}, {"type": "Feature", "properties": {"type": "yes", "id": 205599087}, "geometry": {"type": "Point", "coordinates": [85.2761053, 27.6862174]}}, {"type": "Feature", "properties": {"type": "yes", "id": 205599088}, "geometry": {"type": "Point", "coordinates": [85.2770249, 27.6865908]}}, {"type": "Feature", "properties": {"type": "yes", "id": 205599089}, "geometry": {"type": "Point", "coordinates": [85.2741123, 27.6879141]}}, {"type": "Feature", "properties": {"type": "yes", "id": 205599090}, "geometry": {"type": "Point", "coordinates": [85.2768344, 27.6866259]}}, {"type": "Feature", "properties": {"type": "yes", "id": 205599091}, "geometry": {"type": "Point", "coordinates": [85.2760928, 27.6869283]}}, {"type": "Feature", "properties": {"type": "yes", "id": 205599092}, "geometry": {"type": "Point", "coordinates": [85.275186, 27.6886515]}}, {"type": "Feature", "properties": {"type": "yes", "id": 205599093}, "geometry": {"type": "Point", "coordinates": [85.2758956, 27.6870238]}}, {"type": "Feature", "properties": {"type": "yes", "id": 205599094}, "geometry": {"type": "Point", "coordinates": [85.2760006, 27.686335]}}, {"type": "Feature", "properties": {"type": "yes", "id": 205599096}, "geometry": {"type": "Point", "coordinates": [85.2769023, 27.6864584]}}, {"type": "Feature", "properties": {"type": "yes", "id": 205602690}, "geometry": {"type": "Point", "coordinates": [85.2993193, 27.6989023]}}, {"type": "Feature", "properties": {"name": "Kalimati Fruits and Vegetable Market Office", "type": "yes", "building:levels": "2", "id": 205602691}, "geometry": {"type": "Point", "coordinates": [85.2998849, 27.6991531]}}, {"type": "Feature", "properties": {"type": "yes", "id": 205602692}, "geometry": {"type": "Point", "coordinates": [85.2976768, 27.6995018]}}, {"type": "Feature", "properties": {"type": "yes", "id": 205602693}, "geometry": {"type": "Point", "coordinates": [85.2985279, 27.6991571]}}, {"type": "Feature", "properties": {"type": "college", "building:levels": "1", "id": 205602694}, "geometry": {"type": "Point", "coordinates": [85.2964528, 27.698518]}}, {"type": "Feature", "properties": {"name": "KEC Basketball Court", "type": "yes", "id": 205602697}, "geometry": {"type": "Point", "coordinates": [85.2971374, 27.6989207]}}, {"type": "Feature", "properties": {"name": "Stationary", "type": "college", "building:levels": "1", "id": 205602698}, "geometry": {"type": "Point", "coordinates": [85.2964431, 27.6986722]}}, {"type": "Feature", "properties": {"type": "yes", "id": 205602699}, "geometry": {"type": "Point", "coordinates": [85.3002163, 27.6999424]}}, {"type": "Feature", "properties": {"type": "yes", "id": 205602700}, "geometry": {"type": "Point", "coordinates": [85.2989618, 27.6998549]}}, {"type": "Feature", "properties": {"type": "yes", "id": 205602701}, "geometry": {"type": "Point", "coordinates": [85.2993215, 27.6991824]}}, {"type": "Feature", "properties": {"type": "yes", "id": 205602702}, "geometry": {"type": "Point", "coordinates": [85.2964392, 27.6985972]}}, {"type": "Feature", "properties": {"type": "yes", "id": 205602703}, "geometry": {"type": "Point", "coordinates": [85.2992337, 27.6988586]}}, {"type": "Feature", "properties": {"type": "yes", "id": 205602704}, "geometry": {"type": "Point", "coordinates": [85.301171, 27.6986379]}}, {"type": "Feature", "properties": {"type": "yes", "id": 205602705}, "geometry": {"type": "Point", "coordinates": [85.2983295, 27.6991071]}}, {"type": "Feature", "properties": {"type": "yes", "id": 205602706}, "geometry": {"type": "Point", "coordinates": [85.3004169, 27.6999289]}}, {"type": "Feature", "properties": {"type": "yes", "id": 205602707}, "geometry": {"type": "Point", "coordinates": [85.2994021, 27.6998855]}}, {"type": "Feature", "properties": {"type": "college", "building:levels": "4", "id": 205602708}, "geometry": {"type": "Point", "coordinates": [85.2968723, 27.6987933]}}, {"type": "Feature", "properties": {"type": "yes", "id": 205602709}, "geometry": {"type": "Point", "coordinates": [85.3003243, 27.6992046]}}, {"type": "Feature", "properties": {"type": "yes", "id": 205602710}, "geometry": {"type": "Point", "coordinates": [85.2998643, 27.6995518]}}, {"type": "Feature", "properties": {"type": "mixed_use", "building:levels": "4", "id": 205602711}, "geometry": {"type": "Point", "coordinates": [85.3011101, 27.6984425]}}, {"type": "Feature", "properties": {"type": "yes", "id": 205602712}, "geometry": {"type": "Point", "coordinates": [85.2983493, 27.6989016]}}, {"type": "Feature", "properties": {"type": "yes", "id": 205602713}, "geometry": {"type": "Point", "coordinates": [85.2992633, 27.699891]}}, {"type": "Feature", "properties": {"type": "yes", "id": 205602714}, "geometry": {"type": "Point", "coordinates": [85.2995201, 27.6991586]}}, {"type": "Feature", "properties": {"type": "yes", "id": 205602715}, "geometry": {"type": "Point", "coordinates": [85.2977714, 27.6992677]}}, {"type": "Feature", "properties": {"type": "yes", "id": 205602716}, "geometry": {"type": "Point", "coordinates": [85.3007937, 27.6996074]}}, {"type": "Feature", "properties": {"type": "yes", "id": 205603834}, "geometry": {"type": "Point", "coordinates": [85.2773438, 27.6731475]}}, {"type": "Feature", "properties": {"type": "yes", "id": 205603835}, "geometry": {"type": "Point", "coordinates": [85.2772578, 27.6728713]}}, {"type": "Feature", "properties": {"type": "yes", "id": 205603836}, "geometry": {"type": "Point", "coordinates": [85.2774673, 27.6732496]}}, {"type": "Feature", "properties": {"type": "yes", "id": 205603837}, "geometry": {"type": "Point", "coordinates": [85.2775644, 27.6719962]}}, {"type": "Feature", "properties": {"name": "Nagau Community Building", "type": "yes", "id": 205603839}, "geometry": {"type": "Point", "coordinates": [85.275839, 27.6726952]}}, {"type": "Feature", "properties": {"type": "yes", "id": 205603840}, "geometry": {"type": "Point", "coordinates": [85.2769409, 27.6726736]}}, {"type": "Feature", "properties": {"type": "yes", "id": 205603841}, "geometry": {"type": "Point", "coordinates": [85.2753927, 27.6724624]}}, {"type": "Feature", "properties": {"type": "yes", "id": 205603842}, "geometry": {"type": "Point", "coordinates": [85.2768625, 27.6731872]}}, {"type": "Feature", "properties": {"type": "yes", "id": 205603843}, "geometry": {"type": "Point", "coordinates": [85.2771649, 27.6723372]}}, {"type": "Feature", "properties": {"type": "yes", "id": 205603844}, "geometry": {"type": "Point", "coordinates": [85.2774585, 27.6726096]}}, {"type": "Feature", "properties": {"type": "yes", "id": 205603845}, "geometry": {"type": "Point", "coordinates": [85.2771396, 27.6730152]}}, {"type": "Feature", "properties": {"type": "yes", "id": 205603846}, "geometry": {"type": "Point", "coordinates": [85.2755636, 27.6723757]}}, {"type": "Feature", "properties": {"type": "yes", "id": 205603847}, "geometry": {"type": "Point", "coordinates": [85.2776529, 27.6730317]}}, {"type": "Feature", "properties": {"type": "yes", "id": 205603848}, "geometry": {"type": "Point", "coordinates": [85.2769277, 27.6731372]}}, {"type": "Feature", "properties": {"type": "yes", "id": 205617367}, "geometry": {"type": "Point", "coordinates": [85.3370838, 27.6986365]}}, {"type": "Feature", "properties": {"type": "yes", "id": 205617368}, "geometry": {"type": "Point", "coordinates": [85.3373369, 27.6989539]}}, {"type": "Feature", "properties": {"type": "yes", "id": 205617371}, "geometry": {"type": "Point", "coordinates": [85.3369366, 27.6994003]}}, {"type": "Feature", "properties": {"type": "yes", "id": 205617373}, "geometry": {"type": "Point", "coordinates": [85.337733, 27.6990745]}}, {"type": "Feature", "properties": {"name": "Apex College", "type": "college", "building:levels": "4", "id": 205617374}, "geometry": {"type": "Point", "coordinates": [85.3376007, 27.6993853]}}, {"type": "Feature", "properties": {"type": "yes", "id": 205617375}, "geometry": {"type": "Point", "coordinates": [85.3372844, 27.6985844]}}, {"type": "Feature", "properties": {"type": "yes", "id": 205617376}, "geometry": {"type": "Point", "coordinates": [85.3377028, 27.6988987]}}, {"type": "Feature", "properties": {"type": "yes", "id": 205617377}, "geometry": {"type": "Point", "coordinates": [85.3373926, 27.6991703]}}, {"type": "Feature", "properties": {"type": "yes", "id": 205617378}, "geometry": {"type": "Point", "coordinates": [85.3377104, 27.6987013]}}, {"type": "Feature", "properties": {"type": "yes", "id": 205617379}, "geometry": {"type": "Point", "coordinates": [85.337432, 27.6987091]}}, {"type": "Feature", "properties": {"type": "yes", "id": 205617380}, "geometry": {"type": "Point", "coordinates": [85.3375469, 27.6991409]}}, {"type": "Feature", "properties": {"type": "yes", "id": 205881170}, "geometry": {"type": "Point", "coordinates": [85.3129981, 27.6694225]}}, {"type": "Feature", "properties": {"type": "yes", "id": 205881171}, "geometry": {"type": "Point", "coordinates": [85.313235, 27.6697313]}}, {"type": "Feature", "properties": {"type": "yes", "id": 205881172}, "geometry": {"type": "Point", "coordinates": [85.3133928, 27.6691989]}}, {"type": "Feature", "properties": {"type": "yes", "id": 205881173}, "geometry": {"type": "Point", "coordinates": [85.3131975, 27.6691724]}}, {"type": "Feature", "properties": {"type": "office", "id": 205888910}, "geometry": {"type": "Point", "coordinates": [85.3125017, 27.6693845]}}, {"type": "Feature", "properties": {"type": "yes", "id": 205888911}, "geometry": {"type": "Point", "coordinates": [85.3124934, 27.6693075]}}, {"type": "Feature", "properties": {"type": "yes", "id": 206049843}, "geometry": {"type": "Point", "coordinates": [85.2694239, 27.6688964]}}, {"type": "Feature", "properties": {"type": "yes", "id": 206049844}, "geometry": {"type": "Point", "coordinates": [85.2710018, 27.6722974]}}, {"type": "Feature", "properties": {"type": "yes", "id": 206049854}, "geometry": {"type": "Point", "coordinates": [85.3388402, 27.6895321]}}, {"type": "Feature", "properties": {"type": "yes", "id": 206050418}, "geometry": {"type": "Point", "coordinates": [85.3368554, 27.6829866]}}, {"type": "Feature", "properties": {"type": "yes", "id": 206050421}, "geometry": {"type": "Point", "coordinates": [85.3372359, 27.6827836]}}, {"type": "Feature", "properties": {"type": "yes", "id": 206050422}, "geometry": {"type": "Point", "coordinates": [85.3373609, 27.6826852]}}, {"type": "Feature", "properties": {"type": "yes", "id": 206050423}, "geometry": {"type": "Point", "coordinates": [85.3369384, 27.6828216]}}, {"type": "Feature", "properties": {"type": "yes", "id": 206050426}, "geometry": {"type": "Point", "coordinates": [85.3372346, 27.6829265]}}, {"type": "Feature", "properties": {"type": "yes", "id": 206050429}, "geometry": {"type": "Point", "coordinates": [85.3367703, 27.6831193]}}, {"type": "Feature", "properties": {"type": "yes", "id": 206050433}, "geometry": {"type": "Point", "coordinates": [85.337262, 27.6825475]}}, {"type": "Feature", "properties": {"type": "yes", "id": 206050434}, "geometry": {"type": "Point", "coordinates": [85.3369685, 27.6829475]}}, {"type": "Feature", "properties": {"type": "yes", "id": 206050435}, "geometry": {"type": "Point", "coordinates": [85.3371787, 27.682975]}}, {"type": "Feature", "properties": {"type": "yes", "id": 206050436}, "geometry": {"type": "Point", "coordinates": [85.3370332, 27.6830825]}}, {"type": "Feature", "properties": {"type": "yes", "id": 206050438}, "geometry": {"type": "Point", "coordinates": [85.3373515, 27.6828969]}}, {"type": "Feature", "properties": {"type": "yes", "id": 206050439}, "geometry": {"type": "Point", "coordinates": [85.3367661, 27.6827625]}}, {"type": "Feature", "properties": {"type": "yes", "id": 206050440}, "geometry": {"type": "Point", "coordinates": [85.3373114, 27.6826114]}}, {"type": "Feature", "properties": {"type": "yes", "id": 206050441}, "geometry": {"type": "Point", "coordinates": [85.3377845, 27.6825226]}}, {"type": "Feature", "properties": {"type": "yes", "id": 206050444}, "geometry": {"type": "Point", "coordinates": [85.3371256, 27.6828606]}}, {"type": "Feature", "properties": {"type": "yes", "id": 206050445}, "geometry": {"type": "Point", "coordinates": [85.337473, 27.6828104]}}, {"type": "Feature", "properties": {"type": "yes", "id": 206050446}, "geometry": {"type": "Point", "coordinates": [85.3367892, 27.6822055]}}, {"type": "Feature", "properties": {"type": "yes", "id": 206050447}, "geometry": {"type": "Point", "coordinates": [85.3373127, 27.6830005]}}, {"type": "Feature", "properties": {"type": "yes", "id": 206050775}, "geometry": {"type": "Point", "coordinates": [85.2695207, 27.6691585]}}, {"type": "Feature", "properties": {"type": "yes", "id": 206050776}, "geometry": {"type": "Point", "coordinates": [85.2679093, 27.6691318]}}, {"type": "Feature", "properties": {"type": "yes", "id": 206050777}, "geometry": {"type": "Point", "coordinates": [85.2691837, 27.6688917]}}, {"type": "Feature", "properties": {"type": "yes", "id": 206052425}, "geometry": {"type": "Point", "coordinates": [85.3369629, 27.6834405]}}, {"type": "Feature", "properties": {"type": "yes", "id": 206052648}, "geometry": {"type": "Point", "coordinates": [85.271283, 27.6697842]}}, {"type": "Feature", "properties": {"type": "yes", "id": 206053105}, "geometry": {"type": "Point", "coordinates": [85.3387738, 27.6665449]}}, {"type": "Feature", "properties": {"type": "yes", "id": 206053106}, "geometry": {"type": "Point", "coordinates": [85.3386561, 27.6663659]}}, {"type": "Feature", "properties": {"type": "yes", "id": 206053108}, "geometry": {"type": "Point", "coordinates": [85.3389732, 27.6665271]}}, {"type": "Feature", "properties": {"type": "yes", "id": 206053109}, "geometry": {"type": "Point", "coordinates": [85.3384961, 27.6663966]}}, {"type": "Feature", "properties": {"type": "yes", "id": 206053110}, "geometry": {"type": "Point", "coordinates": [85.3387629, 27.6664358]}}, {"type": "Feature", "properties": {"type": "yes", "id": 206053111}, "geometry": {"type": "Point", "coordinates": [85.3390513, 27.666478]}}, {"type": "Feature", "properties": {"type": "yes", "id": 206053112}, "geometry": {"type": "Point", "coordinates": [85.3390709, 27.666348]}}, {"type": "Feature", "properties": {"type": "yes", "id": 206053113}, "geometry": {"type": "Point", "coordinates": [85.3388645, 27.6664512]}}, {"type": "Feature", "properties": {"type": "yes", "id": 206053114}, "geometry": {"type": "Point", "coordinates": [85.3388657, 27.6662864]}}, {"type": "Feature", "properties": {"type": "yes", "id": 206054534}, "geometry": {"type": "Point", "coordinates": [85.3400339, 27.6664671]}}, {"type": "Feature", "properties": {"type": "yes", "id": 206054538}, "geometry": {"type": "Point", "coordinates": [85.3399771, 27.6667025]}}, {"type": "Feature", "properties": {"type": "yes", "id": 206054539}, "geometry": {"type": "Point", "coordinates": [85.3397851, 27.6660201]}}, {"type": "Feature", "properties": {"type": "yes", "id": 206054544}, "geometry": {"type": "Point", "coordinates": [85.3398021, 27.6661068]}}, {"type": "Feature", "properties": {"type": "yes", "id": 206054547}, "geometry": {"type": "Point", "coordinates": [85.3400006, 27.6659753]}}, {"type": "Feature", "properties": {"type": "yes", "id": 206054550}, "geometry": {"type": "Point", "coordinates": [85.3395133, 27.6663808]}}, {"type": "Feature", "properties": {"type": "yes", "id": 206054573}, "geometry": {"type": "Point", "coordinates": [85.339988, 27.665369]}}, {"type": "Feature", "properties": {"type": "yes", "id": 206054582}, "geometry": {"type": "Point", "coordinates": [85.3397998, 27.6659326]}}, {"type": "Feature", "properties": {"type": "yes", "id": 206054590}, "geometry": {"type": "Point", "coordinates": [85.34001, 27.6663979]}}, {"type": "Feature", "properties": {"type": "yes", "id": 206054591}, "geometry": {"type": "Point", "coordinates": [85.3399967, 27.6665808]}}, {"type": "Feature", "properties": {"type": "yes", "id": 206055489}, "geometry": {"type": "Point", "coordinates": [85.2946861, 27.6992879]}}, {"type": "Feature", "properties": {"type": "yes", "id": 206055490}, "geometry": {"type": "Point", "coordinates": [85.2954089, 27.6993521]}}, {"type": "Feature", "properties": {"type": "yes", "id": 206055530}, "geometry": {"type": "Point", "coordinates": [85.2951549, 27.6990549]}}, {"type": "Feature", "properties": {"type": "yes", "id": 206055535}, "geometry": {"type": "Point", "coordinates": [85.3120379, 27.6902324]}}, {"type": "Feature", "properties": {"type": "yes", "id": 206055537}, "geometry": {"type": "Point", "coordinates": [85.3119053, 27.690029]}}, {"type": "Feature", "properties": {"type": "yes", "id": 206055549}, "geometry": {"type": "Point", "coordinates": [85.3117722, 27.690184]}}, {"type": "Feature", "properties": {"type": "yes", "id": 206055552}, "geometry": {"type": "Point", "coordinates": [85.3122803, 27.6899627]}}, {"type": "Feature", "properties": {"type": "yes", "id": 206055553}, "geometry": {"type": "Point", "coordinates": [85.3118258, 27.6904016]}}, {"type": "Feature", "properties": {"type": "yes", "id": 206055555}, "geometry": {"type": "Point", "coordinates": [85.3120553, 27.6900465]}}, {"type": "Feature", "properties": {"type": "yes", "id": 206055561}, "geometry": {"type": "Point", "coordinates": [85.3123872, 27.6904422]}}, {"type": "Feature", "properties": {"type": "yes", "id": 206055562}, "geometry": {"type": "Point", "coordinates": [85.3120389, 27.6905425]}}, {"type": "Feature", "properties": {"type": "yes", "id": 206056589}, "geometry": {"type": "Point", "coordinates": [85.3366345, 27.6831448]}}, {"type": "Feature", "properties": {"type": "yes", "id": 206056592}, "geometry": {"type": "Point", "coordinates": [85.3380302, 27.6815511]}}, {"type": "Feature", "properties": {"type": "yes", "id": 206056596}, "geometry": {"type": "Point", "coordinates": [85.3371317, 27.6819595]}}, {"type": "Feature", "properties": {"type": "yes", "id": 206056600}, "geometry": {"type": "Point", "coordinates": [85.3379919, 27.681453]}}, {"type": "Feature", "properties": {"type": "yes", "id": 206056601}, "geometry": {"type": "Point", "coordinates": [85.3375856, 27.6827388]}}, {"type": "Feature", "properties": {"type": "yes", "id": 206056605}, "geometry": {"type": "Point", "coordinates": [85.3371232, 27.6821299]}}, {"type": "Feature", "properties": {"type": "yes", "id": 206056607}, "geometry": {"type": "Point", "coordinates": [85.3367446, 27.6834368]}}, {"type": "Feature", "properties": {"type": "yes", "id": 206056616}, "geometry": {"type": "Point", "coordinates": [85.3381645, 27.6817876]}}, {"type": "Feature", "properties": {"type": "yes", "id": 206056620}, "geometry": {"type": "Point", "coordinates": [85.3372518, 27.6822603]}}, {"type": "Feature", "properties": {"type": "college", "building:levels": "3", "id": 206056621}, "geometry": {"type": "Point", "coordinates": [85.3367053, 27.6833386]}}, {"type": "Feature", "properties": {"type": "yes", "id": 206057517}, "geometry": {"type": "Point", "coordinates": [85.313327, 27.6894307]}}, {"type": "Feature", "properties": {"type": "yes", "id": 206057518}, "geometry": {"type": "Point", "coordinates": [85.3118539, 27.6897571]}}, {"type": "Feature", "properties": {"type": "yes", "id": 206057528}, "geometry": {"type": "Point", "coordinates": [85.3116836, 27.6898815]}}, {"type": "Feature", "properties": {"type": "yes", "id": 206057545}, "geometry": {"type": "Point", "coordinates": [85.3121887, 27.6896506]}}, {"type": "Feature", "properties": {"type": "yes", "id": 206057551}, "geometry": {"type": "Point", "coordinates": [85.3120373, 27.6900019]}}, {"type": "Feature", "properties": {"type": "yes", "id": 206057552}, "geometry": {"type": "Point", "coordinates": [85.3135777, 27.6902785]}}, {"type": "Feature", "properties": {"type": "yes", "id": 206057581}, "geometry": {"type": "Point", "coordinates": [85.311672, 27.6899674]}}, {"type": "Feature", "properties": {"type": "yes", "id": 206057589}, "geometry": {"type": "Point", "coordinates": [85.3120838, 27.6892964]}}, {"type": "Feature", "properties": {"type": "yes", "id": 206057625}, "geometry": {"type": "Point", "coordinates": [85.3116782, 27.6900364]}}, {"type": "Feature", "properties": {"type": "yes", "id": 206057631}, "geometry": {"type": "Point", "coordinates": [85.3132346, 27.6896519]}}, {"type": "Feature", "properties": {"type": "yes", "id": 206057968}, "geometry": {"type": "Point", "coordinates": [85.2869514, 27.6904302]}}, {"type": "Feature", "properties": {"type": "yes", "id": 206057969}, "geometry": {"type": "Point", "coordinates": [85.2868921, 27.690321]}}, {"type": "Feature", "properties": {"type": "yes", "id": 206060220}, "geometry": {"type": "Point", "coordinates": [85.3370465, 27.6816338]}}, {"type": "Feature", "properties": {"type": "yes", "id": 206060222}, "geometry": {"type": "Point", "coordinates": [85.3367489, 27.681691]}}, {"type": "Feature", "properties": {"type": "yes", "id": 206060223}, "geometry": {"type": "Point", "coordinates": [85.338859, 27.6812842]}}, {"type": "Feature", "properties": {"type": "yes", "id": 206060225}, "geometry": {"type": "Point", "coordinates": [85.338915, 27.6811891]}}, {"type": "Feature", "properties": {"type": "yes", "id": 206060228}, "geometry": {"type": "Point", "coordinates": [85.338363, 27.6827886]}}, {"type": "Feature", "properties": {"type": "yes", "id": 206060232}, "geometry": {"type": "Point", "coordinates": [85.3384648, 27.6832497]}}, {"type": "Feature", "properties": {"type": "yes", "id": 206060237}, "geometry": {"type": "Point", "coordinates": [85.3385877, 27.6831137]}}, {"type": "Feature", "properties": {"type": "yes", "id": 206060238}, "geometry": {"type": "Point", "coordinates": [85.338791, 27.681206]}}, {"type": "Feature", "properties": {"type": "yes", "id": 206060240}, "geometry": {"type": "Point", "coordinates": [85.3373577, 27.6822323]}}, {"type": "Feature", "properties": {"type": "yes", "id": 206060243}, "geometry": {"type": "Point", "coordinates": [85.3382032, 27.6826634]}}, {"type": "Feature", "properties": {"type": "yes", "id": 206060245}, "geometry": {"type": "Point", "coordinates": [85.3388389, 27.6811508]}}, {"type": "Feature", "properties": {"type": "yes", "id": 206060246}, "geometry": {"type": "Point", "coordinates": [85.337806, 27.6832215]}}, {"type": "Feature", "properties": {"type": "yes", "id": 206060247}, "geometry": {"type": "Point", "coordinates": [85.3380998, 27.6826156]}}, {"type": "Feature", "properties": {"type": "yes", "id": 206060248}, "geometry": {"type": "Point", "coordinates": [85.3378413, 27.6830735]}}, {"type": "Feature", "properties": {"type": "yes", "id": 206060249}, "geometry": {"type": "Point", "coordinates": [85.3382286, 27.6827575]}}, {"type": "Feature", "properties": {"type": "yes", "id": 206060250}, "geometry": {"type": "Point", "coordinates": [85.337661, 27.6829411]}}, {"type": "Feature", "properties": {"type": "yes", "id": 206060251}, "geometry": {"type": "Point", "coordinates": [85.3369464, 27.6817301]}}, {"type": "Feature", "properties": {"type": "yes", "id": 206060255}, "geometry": {"type": "Point", "coordinates": [85.3364432, 27.6823658]}}, {"type": "Feature", "properties": {"type": "yes", "id": 206060257}, "geometry": {"type": "Point", "coordinates": [85.3380226, 27.6826822]}}, {"type": "Feature", "properties": {"type": "yes", "id": 206060261}, "geometry": {"type": "Point", "coordinates": [85.3377411, 27.6828837]}}, {"type": "Feature", "properties": {"type": "yes", "id": 206065756}, "geometry": {"type": "Point", "coordinates": [85.2895822, 27.6918935]}}, {"type": "Feature", "properties": {"type": "yes", "id": 206065757}, "geometry": {"type": "Point", "coordinates": [85.2885945, 27.689906]}}, {"type": "Feature", "properties": {"type": "yes", "id": 206065758}, "geometry": {"type": "Point", "coordinates": [85.2877359, 27.6904299]}}, {"type": "Feature", "properties": {"type": "school", "building:levels": "3", "id": 206065759}, "geometry": {"type": "Point", "coordinates": [85.2891127, 27.6904952]}}, {"type": "Feature", "properties": {"type": "yes", "id": 206065760}, "geometry": {"type": "Point", "coordinates": [85.287539, 27.689992]}}, {"type": "Feature", "properties": {"type": "yes", "id": 206065761}, "geometry": {"type": "Point", "coordinates": [85.2871896, 27.6906656]}}, {"type": "Feature", "properties": {"type": "yes", "id": 206065764}, "geometry": {"type": "Point", "coordinates": [85.2899575, 27.6918274]}}, {"type": "Feature", "properties": {"type": "yes", "id": 206065765}, "geometry": {"type": "Point", "coordinates": [85.2884301, 27.6899595]}}, {"type": "Feature", "properties": {"type": "yes", "id": 206065769}, "geometry": {"type": "Point", "coordinates": [85.2876407, 27.6903637]}}, {"type": "Feature", "properties": {"type": "yes", "id": 206065770}, "geometry": {"type": "Point", "coordinates": [85.2875696, 27.6900277]}}, {"type": "Feature", "properties": {"type": "yes", "id": 206065772}, "geometry": {"type": "Point", "coordinates": [85.2881837, 27.6904364]}}, {"type": "Feature", "properties": {"type": "yes", "id": 206065773}, "geometry": {"type": "Point", "coordinates": [85.2878981, 27.6905365]}}, {"type": "Feature", "properties": {"type": "yes", "id": 206065774}, "geometry": {"type": "Point", "coordinates": [85.2896222, 27.6919229]}}, {"type": "Feature", "properties": {"type": "yes", "id": 206065775}, "geometry": {"type": "Point", "coordinates": [85.2882369, 27.6902017]}}, {"type": "Feature", "properties": {"type": "yes", "id": 206065778}, "geometry": {"type": "Point", "coordinates": [85.2874767, 27.68997]}}, {"type": "Feature", "properties": {"type": "yes", "id": 206065779}, "geometry": {"type": "Point", "coordinates": [85.289042, 27.6903903]}}, {"type": "Feature", "properties": {"type": "yes", "id": 206065780}, "geometry": {"type": "Point", "coordinates": [85.2877262, 27.6903785]}}, {"type": "Feature", "properties": {"type": "yes", "id": 206065781}, "geometry": {"type": "Point", "coordinates": [85.2876271, 27.6900539]}}, {"type": "Feature", "properties": {"type": "yes", "id": 206065784}, "geometry": {"type": "Point", "coordinates": [85.2885555, 27.690702]}}, {"type": "Feature", "properties": {"type": "yes", "id": 206065785}, "geometry": {"type": "Point", "coordinates": [85.2880872, 27.6904727]}}, {"type": "Feature", "properties": {"type": "yes", "id": 206065787}, "geometry": {"type": "Point", "coordinates": [85.2876805, 27.6906247]}}, {"type": "Feature", "properties": {"type": "yes", "id": 206065790}, "geometry": {"type": "Point", "coordinates": [85.2876899, 27.6903084]}}, {"type": "Feature", "properties": {"type": "school", "building:levels": "1", "id": 206065791}, "geometry": {"type": "Point", "coordinates": [85.288868, 27.6906264]}}, {"type": "Feature", "properties": {"type": "yes", "id": 206065792}, "geometry": {"type": "Point", "coordinates": [85.2876254, 27.6905418]}}, {"type": "Feature", "properties": {"type": "yes", "id": 206065793}, "geometry": {"type": "Point", "coordinates": [85.2881741, 27.6903038]}}, {"type": "Feature", "properties": {"type": "yes", "id": 206065794}, "geometry": {"type": "Point", "coordinates": [85.2884031, 27.6903115]}}, {"type": "Feature", "properties": {"type": "yes", "id": 206065795}, "geometry": {"type": "Point", "coordinates": [85.2878768, 27.6904258]}}, {"type": "Feature", "properties": {"type": "yes", "id": 206065796}, "geometry": {"type": "Point", "coordinates": [85.2882693, 27.6903478]}}, {"type": "Feature", "properties": {"type": "yes", "id": 206065799}, "geometry": {"type": "Point", "coordinates": [85.2877091, 27.6901443]}}, {"type": "Feature", "properties": {"type": "yes", "id": 206065800}, "geometry": {"type": "Point", "coordinates": [85.2876859, 27.6905828]}}, {"type": "Feature", "properties": {"type": "yes", "id": 206065801}, "geometry": {"type": "Point", "coordinates": [85.2875571, 27.6905613]}}, {"type": "Feature", "properties": {"type": "yes", "id": 206065802}, "geometry": {"type": "Point", "coordinates": [85.2894776, 27.6920255]}}, {"type": "Feature", "properties": {"type": "yes", "id": 206065803}, "geometry": {"type": "Point", "coordinates": [85.2890687, 27.6910374]}}, {"type": "Feature", "properties": {"type": "yes", "id": 206065804}, "geometry": {"type": "Point", "coordinates": [85.2872964, 27.6908096]}}, {"type": "Feature", "properties": {"type": "yes", "id": 206065805}, "geometry": {"type": "Point", "coordinates": [85.2884472, 27.6907145]}}, {"type": "Feature", "properties": {"type": "yes", "id": 206065807}, "geometry": {"type": "Point", "coordinates": [85.2882957, 27.6899917]}}, {"type": "Feature", "properties": {"type": "yes", "id": 206065808}, "geometry": {"type": "Point", "coordinates": [85.2879548, 27.6903694]}}, {"type": "Feature", "properties": {"type": "yes", "id": 206065809}, "geometry": {"type": "Point", "coordinates": [85.2870161, 27.6906584]}}, {"type": "Feature", "properties": {"type": "yes", "id": 206065810}, "geometry": {"type": "Point", "coordinates": [85.2875316, 27.6904545]}}, {"type": "Feature", "properties": {"type": "yes", "id": 206065813}, "geometry": {"type": "Point", "coordinates": [85.2887092, 27.6905458]}}, {"type": "Feature", "properties": {"type": "yes", "id": 206065815}, "geometry": {"type": "Point", "coordinates": [85.2885223, 27.6905949]}}, {"type": "Feature", "properties": {"type": "yes", "id": 206065816}, "geometry": {"type": "Point", "coordinates": [85.2876884, 27.6905196]}}, {"type": "Feature", "properties": {"type": "yes", "id": 206065817}, "geometry": {"type": "Point", "coordinates": [85.2880931, 27.6900444]}}, {"type": "Feature", "properties": {"type": "yes", "id": 206065818}, "geometry": {"type": "Point", "coordinates": [85.2867207, 27.6904558]}}, {"type": "Feature", "properties": {"type": "yes", "id": 206065819}, "geometry": {"type": "Point", "coordinates": [85.2892885, 27.6923557]}}, {"type": "Feature", "properties": {"type": "yes", "id": 206066030}, "geometry": {"type": "Point", "coordinates": [85.3095349, 27.6897181]}}, {"type": "Feature", "properties": {"type": "yes", "id": 206066031}, "geometry": {"type": "Point", "coordinates": [85.3095933, 27.6895043]}}, {"type": "Feature", "properties": {"type": "yes", "id": 206066039}, "geometry": {"type": "Point", "coordinates": [85.3101555, 27.6897861]}}, {"type": "Feature", "properties": {"type": "yes", "id": 206066040}, "geometry": {"type": "Point", "coordinates": [85.3099886, 27.6899491]}}, {"type": "Feature", "properties": {"type": "yes", "id": 206066041}, "geometry": {"type": "Point", "coordinates": [85.3114261, 27.6899734]}}, {"type": "Feature", "properties": {"type": "yes", "id": 206066042}, "geometry": {"type": "Point", "coordinates": [85.3095531, 27.6899159]}}, {"type": "Feature", "properties": {"type": "yes", "id": 206066048}, "geometry": {"type": "Point", "coordinates": [85.3105046, 27.690197]}}, {"type": "Feature", "properties": {"type": "yes", "id": 206067354}, "geometry": {"type": "Point", "coordinates": [85.3383414, 27.6833569]}}, {"type": "Feature", "properties": {"type": "yes", "id": 206067355}, "geometry": {"type": "Point", "coordinates": [85.3388376, 27.6830207]}}, {"type": "Feature", "properties": {"type": "retail", "id": 206067359}, "geometry": {"type": "Point", "coordinates": [85.3387913, 27.6829836]}}, {"type": "Feature", "properties": {"type": "yes", "id": 206067853}, "geometry": {"type": "Point", "coordinates": [85.310797, 27.6904564]}}, {"type": "Feature", "properties": {"type": "yes", "id": 206067855}, "geometry": {"type": "Point", "coordinates": [85.3098143, 27.6894747]}}, {"type": "Feature", "properties": {"type": "yes", "id": 206067856}, "geometry": {"type": "Point", "coordinates": [85.310692, 27.6905637]}}, {"type": "Feature", "properties": {"type": "yes", "id": 206067857}, "geometry": {"type": "Point", "coordinates": [85.3116565, 27.6897521]}}, {"type": "Feature", "properties": {"type": "yes", "id": 206067858}, "geometry": {"type": "Point", "coordinates": [85.3102332, 27.6887961]}}, {"type": "Feature", "properties": {"type": "yes", "id": 206067860}, "geometry": {"type": "Point", "coordinates": [85.3106791, 27.6885995]}}, {"type": "Feature", "properties": {"type": "yes", "id": 206067861}, "geometry": {"type": "Point", "coordinates": [85.3099673, 27.6891663]}}, {"type": "Feature", "properties": {"type": "yes", "id": 206067864}, "geometry": {"type": "Point", "coordinates": [85.3090166, 27.6895591]}}, {"type": "Feature", "properties": {"type": "yes", "id": 206067865}, "geometry": {"type": "Point", "coordinates": [85.3091126, 27.6901436]}}, {"type": "Feature", "properties": {"type": "yes", "id": 206067866}, "geometry": {"type": "Point", "coordinates": [85.3111814, 27.6898146]}}, {"type": "Feature", "properties": {"type": "yes", "id": 206067869}, "geometry": {"type": "Point", "coordinates": [85.3102884, 27.6891706]}}, {"type": "Feature", "properties": {"type": "yes", "id": 206067870}, "geometry": {"type": "Point", "coordinates": [85.3115802, 27.6894368]}}, {"type": "Feature", "properties": {"type": "yes", "id": 206067872}, "geometry": {"type": "Point", "coordinates": [85.30965, 27.6893944]}}, {"type": "Feature", "properties": {"type": "yes", "id": 206067873}, "geometry": {"type": "Point", "coordinates": [85.3097546, 27.6885534]}}, {"type": "Feature", "properties": {"type": "yes", "id": 206067874}, "geometry": {"type": "Point", "coordinates": [85.3096462, 27.6885615]}}, {"type": "Feature", "properties": {"type": "yes", "id": 206067876}, "geometry": {"type": "Point", "coordinates": [85.3110272, 27.6890786]}}, {"type": "Feature", "properties": {"type": "apartments", "id": 206067877}, "geometry": {"type": "Point", "coordinates": [85.3091343, 27.688915]}}, {"type": "Feature", "properties": {"type": "yes", "id": 206067878}, "geometry": {"type": "Point", "coordinates": [85.3101463, 27.6890351]}}, {"type": "Feature", "properties": {"type": "yes", "id": 206067880}, "geometry": {"type": "Point", "coordinates": [85.3098509, 27.6890863]}}, {"type": "Feature", "properties": {"type": "yes", "id": 206067881}, "geometry": {"type": "Point", "coordinates": [85.3093036, 27.6889852]}}, {"type": "Feature", "properties": {"type": "yes", "id": 206067882}, "geometry": {"type": "Point", "coordinates": [85.3116327, 27.6892306]}}, {"type": "Feature", "properties": {"type": "yes", "id": 206067885}, "geometry": {"type": "Point", "coordinates": [85.3094872, 27.6895279]}}, {"type": "Feature", "properties": {"type": "apartments", "id": 206067886}, "geometry": {"type": "Point", "coordinates": [85.3091775, 27.6894764]}}, {"type": "Feature", "properties": {"type": "yes", "id": 206067887}, "geometry": {"type": "Point", "coordinates": [85.3095149, 27.6893747]}}, {"type": "Feature", "properties": {"type": "apartments", "id": 206067888}, "geometry": {"type": "Point", "coordinates": [85.3093014, 27.6886436]}}, {"type": "Feature", "properties": {"type": "yes", "id": 206067889}, "geometry": {"type": "Point", "coordinates": [85.3103297, 27.6905538]}}, {"type": "Feature", "properties": {"type": "yes", "id": 206069188}, "geometry": {"type": "Point", "coordinates": [85.3039148, 27.6914799]}}, {"type": "Feature", "properties": {"type": "yes", "id": 206069194}, "geometry": {"type": "Point", "coordinates": [85.3055975, 27.6913849]}}, {"type": "Feature", "properties": {"type": "yes", "id": 206069195}, "geometry": {"type": "Point", "coordinates": [85.3021427, 27.6923551]}}, {"type": "Feature", "properties": {"type": "yes", "id": 206069196}, "geometry": {"type": "Point", "coordinates": [85.3056373, 27.6914626]}}, {"type": "Feature", "properties": {"type": "yes", "id": 206069198}, "geometry": {"type": "Point", "coordinates": [85.3064768, 27.6913593]}}, {"type": "Feature", "properties": {"type": "government", "building:levels": "5", "id": 206069199}, "geometry": {"type": "Point", "coordinates": [85.3027827, 27.6962377]}}, {"type": "Feature", "properties": {"type": "yes", "id": 206069200}, "geometry": {"type": "Point", "coordinates": [85.3066854, 27.6913395]}}, {"type": "Feature", "properties": {"type": "yes", "id": 206069202}, "geometry": {"type": "Point", "coordinates": [85.3037338, 27.6915036]}}, {"type": "Feature", "properties": {"type": "yes", "id": 206069203}, "geometry": {"type": "Point", "coordinates": [85.3068766, 27.6912156]}}, {"type": "Feature", "properties": {"type": "yes", "id": 206069204}, "geometry": {"type": "Point", "coordinates": [85.3051342, 27.6914851]}}, {"type": "Feature", "properties": {"type": "yes", "id": 206069205}, "geometry": {"type": "Point", "coordinates": [85.30686, 27.6918812]}}, {"type": "Feature", "properties": {"type": "yes", "id": 206069206}, "geometry": {"type": "Point", "coordinates": [85.3031326, 27.6957911]}}, {"type": "Feature", "properties": {"type": "yes", "id": 206069207}, "geometry": {"type": "Point", "coordinates": [85.3062019, 27.691485]}}, {"type": "Feature", "properties": {"type": "yes", "id": 206069209}, "geometry": {"type": "Point", "coordinates": [85.3058399, 27.6918492]}}, {"type": "Feature", "properties": {"type": "yes", "id": 206069210}, "geometry": {"type": "Point", "coordinates": [85.3014707, 27.6960365]}}, {"type": "Feature", "properties": {"type": "yes", "id": 206069211}, "geometry": {"type": "Point", "coordinates": [85.3049055, 27.6919696]}}, {"type": "Feature", "properties": {"type": "yes", "id": 206069212}, "geometry": {"type": "Point", "coordinates": [85.3062389, 27.6914344]}}, {"type": "Feature", "properties": {"type": "yes", "id": 206069214}, "geometry": {"type": "Point", "coordinates": [85.3066533, 27.691188]}}, {"type": "Feature", "properties": {"type": "yes", "id": 206069217}, "geometry": {"type": "Point", "coordinates": [85.3009815, 27.6958519]}}, {"type": "Feature", "properties": {"type": "yes", "id": 206069218}, "geometry": {"type": "Point", "coordinates": [85.3040544, 27.6915872]}}, {"type": "Feature", "properties": {"type": "yes", "id": 206069219}, "geometry": {"type": "Point", "coordinates": [85.3052569, 27.6915988]}}, {"type": "Feature", "properties": {"type": "yes", "id": 206069220}, "geometry": {"type": "Point", "coordinates": [85.301179, 27.6959885]}}, {"type": "Feature", "properties": {"type": "yes", "id": 206069223}, "geometry": {"type": "Point", "coordinates": [85.3061123, 27.6914541]}}, {"type": "Feature", "properties": {"type": "yes", "id": 206069224}, "geometry": {"type": "Point", "coordinates": [85.3030819, 27.691284]}}, {"type": "Feature", "properties": {"type": "yes", "id": 206069226}, "geometry": {"type": "Point", "coordinates": [85.3019376, 27.6957542]}}, {"type": "Feature", "properties": {"type": "yes", "id": 206069228}, "geometry": {"type": "Point", "coordinates": [85.3032344, 27.691464]}}, {"type": "Feature", "properties": {"type": "yes", "id": 206069229}, "geometry": {"type": "Point", "coordinates": [85.3054848, 27.6911963]}}, {"type": "Feature", "properties": {"type": "yes", "id": 206069230}, "geometry": {"type": "Point", "coordinates": [85.3044111, 27.6913995]}}, {"type": "Feature", "properties": {"type": "yes", "id": 206069232}, "geometry": {"type": "Point", "coordinates": [85.3049965, 27.6916113]}}, {"type": "Feature", "properties": {"type": "yes", "id": 206069235}, "geometry": {"type": "Point", "coordinates": [85.3067751, 27.6912359]}}, {"type": "Feature", "properties": {"type": "yes", "id": 206069237}, "geometry": {"type": "Point", "coordinates": [85.3018768, 27.6922151]}}, {"type": "Feature", "properties": {"type": "residential", "building:levels": "5", "id": 206069239}, "geometry": {"type": "Point", "coordinates": [85.3030406, 27.6961328]}}, {"type": "Feature", "properties": {"type": "yes", "id": 206069240}, "geometry": {"type": "Point", "coordinates": [85.3059983, 27.6912555]}}, {"type": "Feature", "properties": {"type": "yes", "id": 206069242}, "geometry": {"type": "Point", "coordinates": [85.3038369, 27.6917058]}}, {"type": "Feature", "properties": {"type": "yes", "id": 206069244}, "geometry": {"type": "Point", "coordinates": [85.3014849, 27.6959222]}}, {"type": "Feature", "properties": {"type": "yes", "id": 206069246}, "geometry": {"type": "Point", "coordinates": [85.304364, 27.6915322]}}, {"type": "Feature", "properties": {"type": "yes", "id": 206069250}, "geometry": {"type": "Point", "coordinates": [85.3055776, 27.6919163]}}, {"type": "Feature", "properties": {"type": "yes", "id": 206069252}, "geometry": {"type": "Point", "coordinates": [85.3058492, 27.6913162]}}, {"type": "Feature", "properties": {"type": "yes", "id": 206069253}, "geometry": {"type": "Point", "coordinates": [85.306338, 27.6915805]}}, {"type": "Feature", "properties": {"type": "yes", "id": 206069255}, "geometry": {"type": "Point", "coordinates": [85.3057436, 27.6917696]}}, {"type": "Feature", "properties": {"type": "yes", "id": 206069256}, "geometry": {"type": "Point", "coordinates": [85.3056698, 27.6919921]}}, {"type": "Feature", "properties": {"type": "yes", "id": 206069258}, "geometry": {"type": "Point", "coordinates": [85.3049974, 27.6920524]}}, {"type": "Feature", "properties": {"type": "yes", "id": 206069259}, "geometry": {"type": "Point", "coordinates": [85.3062472, 27.6917982]}}, {"type": "Feature", "properties": {"type": "yes", "id": 206069261}, "geometry": {"type": "Point", "coordinates": [85.3062014, 27.6912453]}}, {"type": "Feature", "properties": {"type": "yes", "id": 206069262}, "geometry": {"type": "Point", "coordinates": [85.301389, 27.6958194]}}, {"type": "Feature", "properties": {"type": "yes", "id": 206069263}, "geometry": {"type": "Point", "coordinates": [85.3010745, 27.6959879]}}, {"type": "Feature", "properties": {"type": "yes", "id": 206069264}, "geometry": {"type": "Point", "coordinates": [85.306357, 27.6916833]}}, {"type": "Feature", "properties": {"type": "yes", "id": 206069266}, "geometry": {"type": "Point", "coordinates": [85.3068567, 27.6915394]}}, {"type": "Feature", "properties": {"type": "yes", "id": 206069271}, "geometry": {"type": "Point", "coordinates": [85.3069368, 27.6918179]}}, {"type": "Feature", "properties": {"type": "yes", "id": 206069273}, "geometry": {"type": "Point", "coordinates": [85.3057036, 27.6911261]}}, {"type": "Feature", "properties": {"type": "yes", "id": 206069275}, "geometry": {"type": "Point", "coordinates": [85.3066189, 27.6918085]}}, {"type": "Feature", "properties": {"type": "yes", "id": 206069276}, "geometry": {"type": "Point", "coordinates": [85.3065902, 27.6912107]}}, {"type": "Feature", "properties": {"type": "yes", "id": 206069277}, "geometry": {"type": "Point", "coordinates": [85.3023864, 27.6927172]}}, {"type": "Feature", "properties": {"type": "yes", "id": 206069278}, "geometry": {"type": "Point", "coordinates": [85.3052531, 27.6913604]}}, {"type": "Feature", "properties": {"type": "yes", "id": 206069279}, "geometry": {"type": "Point", "coordinates": [85.3067607, 27.6914946]}}, {"type": "Feature", "properties": {"type": "yes", "id": 206069280}, "geometry": {"type": "Point", "coordinates": [85.3035552, 27.6912599]}}, {"type": "Feature", "properties": {"type": "yes", "id": 206069281}, "geometry": {"type": "Point", "coordinates": [85.3065421, 27.6915146]}}, {"type": "Feature", "properties": {"type": "yes", "id": 206069283}, "geometry": {"type": "Point", "coordinates": [85.3059089, 27.6910566]}}, {"type": "Feature", "properties": {"type": "yes", "id": 206069285}, "geometry": {"type": "Point", "coordinates": [85.3062954, 27.691383]}}, {"type": "Feature", "properties": {"type": "house", "id": 206069286}, "geometry": {"type": "Point", "coordinates": [85.3064523, 27.6912493]}}, {"type": "Feature", "properties": {"type": "house", "id": 206069287}, "geometry": {"type": "Point", "coordinates": [85.3037454, 27.6916479]}}, {"type": "Feature", "properties": {"type": "house", "id": 206069288}, "geometry": {"type": "Point", "coordinates": [85.3060811, 27.6918308]}}, {"type": "Feature", "properties": {"type": "yes", "id": 206071113}, "geometry": {"type": "Point", "coordinates": [85.3345786, 27.699936]}}, {"type": "Feature", "properties": {"type": "yes", "id": 206071114}, "geometry": {"type": "Point", "coordinates": [85.3367953, 27.6998877]}}, {"type": "Feature", "properties": {"type": "yes", "id": 206071126}, "geometry": {"type": "Point", "coordinates": [85.3349994, 27.6995523]}}, {"type": "Feature", "properties": {"type": "yes", "id": 206071128}, "geometry": {"type": "Point", "coordinates": [85.3377086, 27.7000239]}}, {"type": "Feature", "properties": {"type": "yes", "id": 206071129}, "geometry": {"type": "Point", "coordinates": [85.334887, 27.699444]}}, {"type": "Feature", "properties": {"name": "Mojo Boutique Restaurant and Hotel", "type": "yes", "id": 206071133}, "geometry": {"type": "Point", "coordinates": [85.3369969, 27.700088]}}, {"type": "Feature", "properties": {"type": "yes", "id": 206071161}, "geometry": {"type": "Point", "coordinates": [85.3097049, 27.6887979]}}, {"type": "Feature", "properties": {"type": "yes", "id": 206071163}, "geometry": {"type": "Point", "coordinates": [85.3090481, 27.6900328]}}, {"type": "Feature", "properties": {"type": "yes", "id": 206071165}, "geometry": {"type": "Point", "coordinates": [85.3093987, 27.6886887]}}, {"type": "Feature", "properties": {"type": "yes", "id": 206071166}, "geometry": {"type": "Point", "coordinates": [85.3101927, 27.6892519]}}, {"type": "Feature", "properties": {"type": "yes", "id": 206071167}, "geometry": {"type": "Point", "coordinates": [85.3103886, 27.6889775]}}, {"type": "Feature", "properties": {"type": "yes", "id": 206071168}, "geometry": {"type": "Point", "coordinates": [85.3110666, 27.6903861]}}, {"type": "Feature", "properties": {"type": "yes", "id": 206071169}, "geometry": {"type": "Point", "coordinates": [85.3108073, 27.690324]}}, {"type": "Feature", "properties": {"type": "yes", "id": 206071170}, "geometry": {"type": "Point", "coordinates": [85.3104443, 27.6892434]}}, {"type": "Feature", "properties": {"type": "yes", "id": 206071172}, "geometry": {"type": "Point", "coordinates": [85.3118042, 27.6886038]}}, {"type": "Feature", "properties": {"type": "yes", "id": 206071174}, "geometry": {"type": "Point", "coordinates": [85.3114593, 27.6885196]}}, {"type": "Feature", "properties": {"type": "yes", "id": 206071177}, "geometry": {"type": "Point", "coordinates": [85.3099755, 27.6893283]}}, {"type": "Feature", "properties": {"type": "yes", "id": 206071178}, "geometry": {"type": "Point", "coordinates": [85.3093979, 27.6906741]}}, {"type": "Feature", "properties": {"type": "yes", "id": 206071180}, "geometry": {"type": "Point", "coordinates": [85.3107126, 27.6889881]}}, {"type": "Feature", "properties": {"type": "house", "id": 206071278}, "geometry": {"type": "Point", "coordinates": [85.3047877, 27.6934345]}}, {"type": "Feature", "properties": {"type": "house", "id": 206071279}, "geometry": {"type": "Point", "coordinates": [85.3055303, 27.6962428]}}, {"type": "Feature", "properties": {"type": "government", "building:levels": "4", "id": 206071280}, "geometry": {"type": "Point", "coordinates": [85.3050469, 27.6949284]}}, {"type": "Feature", "properties": {"type": "yes", "id": 206071282}, "geometry": {"type": "Point", "coordinates": [85.3056246, 27.6945922]}}, {"type": "Feature", "properties": {"type": "government", "building:levels": "3", "id": 206071287}, "geometry": {"type": "Point", "coordinates": [85.3054809, 27.6948753]}}, {"type": "Feature", "properties": {"type": "yes", "id": 206071288}, "geometry": {"type": "Point", "coordinates": [85.3068632, 27.6959632]}}, {"type": "Feature", "properties": {"type": "yes", "id": 206071289}, "geometry": {"type": "Point", "coordinates": [85.3049714, 27.6932113]}}, {"type": "Feature", "properties": {"type": "government", "building:levels": "5", "id": 206071291}, "geometry": {"type": "Point", "coordinates": [85.3061703, 27.6957404]}}, {"type": "Feature", "properties": {"type": "government", "building:levels": "3", "id": 206071293}, "geometry": {"type": "Point", "coordinates": [85.3048661, 27.6957253]}}, {"type": "Feature", "properties": {"type": "yes", "id": 206071294}, "geometry": {"type": "Point", "coordinates": [85.3049661, 27.6935973]}}, {"type": "Feature", "properties": {"type": "government", "building:levels": "1", "id": 206071295}, "geometry": {"type": "Point", "coordinates": [85.305466, 27.6959032]}}, {"type": "Feature", "properties": {"type": "government", "building:levels": "3", "id": 206071296}, "geometry": {"type": "Point", "coordinates": [85.3065268, 27.6953656]}}, {"type": "Feature", "properties": {"type": "government", "building:levels": "4", "id": 206071297}, "geometry": {"type": "Point", "coordinates": [85.3057012, 27.6948247]}}, {"type": "Feature", "properties": {"type": "government", "building:levels": "2", "id": 206071299}, "geometry": {"type": "Point", "coordinates": [85.3049813, 27.695944]}}, {"type": "Feature", "properties": {"type": "government", "building:levels": "4", "id": 206071300}, "geometry": {"type": "Point", "coordinates": [85.306039, 27.6958879]}}, {"type": "Feature", "properties": {"type": "yes", "id": 206071472}, "geometry": {"type": "Point", "coordinates": [85.2906325, 27.6918967]}}, {"type": "Feature", "properties": {"type": "yes", "id": 206071473}, "geometry": {"type": "Point", "coordinates": [85.2893846, 27.6930445]}}, {"type": "Feature", "properties": {"type": "yes", "id": 206071474}, "geometry": {"type": "Point", "coordinates": [85.2877262, 27.6935044]}}, {"type": "Feature", "properties": {"type": "yes", "id": 206071475}, "geometry": {"type": "Point", "coordinates": [85.2894934, 27.6936767]}}, {"type": "Feature", "properties": {"type": "yes", "id": 206071481}, "geometry": {"type": "Point", "coordinates": [85.2906474, 27.6938903]}}, {"type": "Feature", "properties": {"type": "yes", "id": 206071483}, "geometry": {"type": "Point", "coordinates": [85.2898718, 27.6928081]}}, {"type": "Feature", "properties": {"type": "yes", "id": 206071484}, "geometry": {"type": "Point", "coordinates": [85.290521, 27.6939254]}}, {"type": "Feature", "properties": {"type": "yes", "id": 206071486}, "geometry": {"type": "Point", "coordinates": [85.288443, 27.6937042]}}, {"type": "Feature", "properties": {"type": "yes", "id": 206071487}, "geometry": {"type": "Point", "coordinates": [85.2926531, 27.6925263]}}, {"type": "Feature", "properties": {"type": "yes", "id": 206071488}, "geometry": {"type": "Point", "coordinates": [85.2892336, 27.6934712]}}, {"type": "Feature", "properties": {"type": "yes", "id": 206071489}, "geometry": {"type": "Point", "coordinates": [85.2887555, 27.6924699]}}, {"type": "Feature", "properties": {"type": "yes", "id": 206071490}, "geometry": {"type": "Point", "coordinates": [85.2905429, 27.6910047]}}, {"type": "Feature", "properties": {"type": "yes", "id": 206071492}, "geometry": {"type": "Point", "coordinates": [85.2905795, 27.6935036]}}, {"type": "Feature", "properties": {"type": "yes", "id": 206071494}, "geometry": {"type": "Point", "coordinates": [85.2918897, 27.6914906]}}, {"type": "Feature", "properties": {"type": "yes", "id": 206071498}, "geometry": {"type": "Point", "coordinates": [85.29128, 27.6933595]}}, {"type": "Feature", "properties": {"type": "yes", "id": 206071500}, "geometry": {"type": "Point", "coordinates": [85.2881373, 27.6933655]}}, {"type": "Feature", "properties": {"type": "yes", "id": 206071501}, "geometry": {"type": "Point", "coordinates": [85.2918384, 27.6919389]}}, {"type": "Feature", "properties": {"type": "yes", "id": 206071503}, "geometry": {"type": "Point", "coordinates": [85.2915627, 27.6916158]}}, {"type": "Feature", "properties": {"type": "yes", "id": 206071505}, "geometry": {"type": "Point", "coordinates": [85.2905667, 27.6911699]}}, {"type": "Feature", "properties": {"type": "yes", "id": 206071506}, "geometry": {"type": "Point", "coordinates": [85.2879007, 27.693733]}}, {"type": "Feature", "properties": {"type": "yes", "id": 206071507}, "geometry": {"type": "Point", "coordinates": [85.2880921, 27.6929084]}}, {"type": "Feature", "properties": {"type": "yes", "id": 206071511}, "geometry": {"type": "Point", "coordinates": [85.2902088, 27.6936711]}}, {"type": "Feature", "properties": {"type": "yes", "id": 206071512}, "geometry": {"type": "Point", "coordinates": [85.2909389, 27.6903786]}}, {"type": "Feature", "properties": {"type": "yes", "id": 206071513}, "geometry": {"type": "Point", "coordinates": [85.2921779, 27.6909187]}}, {"type": "Feature", "properties": {"type": "yes", "id": 206071515}, "geometry": {"type": "Point", "coordinates": [85.2905011, 27.6940148]}}, {"type": "Feature", "properties": {"type": "yes", "id": 206071516}, "geometry": {"type": "Point", "coordinates": [85.2912098, 27.6904225]}}, {"type": "Feature", "properties": {"type": "yes", "id": 206071517}, "geometry": {"type": "Point", "coordinates": [85.288327, 27.6934039]}}, {"type": "Feature", "properties": {"type": "yes", "id": 206071519}, "geometry": {"type": "Point", "coordinates": [85.2907673, 27.6939112]}}, {"type": "Feature", "properties": {"type": "yes", "id": 206071521}, "geometry": {"type": "Point", "coordinates": [85.2917228, 27.6932901]}}, {"type": "Feature", "properties": {"type": "yes", "id": 206071522}, "geometry": {"type": "Point", "coordinates": [85.292028, 27.693065]}}, {"type": "Feature", "properties": {"type": "yes", "id": 206071524}, "geometry": {"type": "Point", "coordinates": [85.2922024, 27.6922688]}}, {"type": "Feature", "properties": {"type": "yes", "id": 206071526}, "geometry": {"type": "Point", "coordinates": [85.2918792, 27.691426]}}, {"type": "Feature", "properties": {"type": "yes", "id": 206071527}, "geometry": {"type": "Point", "coordinates": [85.2903745, 27.6940109]}}, {"type": "Feature", "properties": {"type": "yes", "id": 206071528}, "geometry": {"type": "Point", "coordinates": [85.2923299, 27.6930162]}}, {"type": "Feature", "properties": {"type": "yes", "id": 206071529}, "geometry": {"type": "Point", "coordinates": [85.2919945, 27.6937793]}}, {"type": "Feature", "properties": {"type": "yes", "id": 206071530}, "geometry": {"type": "Point", "coordinates": [85.2902144, 27.69169]}}, {"type": "Feature", "properties": {"type": "yes", "id": 206071531}, "geometry": {"type": "Point", "coordinates": [85.2895227, 27.6940757]}}, {"type": "Feature", "properties": {"type": "yes", "id": 206071532}, "geometry": {"type": "Point", "coordinates": [85.2871963, 27.6936648]}}, {"type": "Feature", "properties": {"type": "yes", "id": 206071533}, "geometry": {"type": "Point", "coordinates": [85.2899711, 27.6938796]}}, {"type": "Feature", "properties": {"type": "yes", "id": 206071534}, "geometry": {"type": "Point", "coordinates": [85.291644, 27.6906961]}}, {"type": "Feature", "properties": {"type": "yes", "id": 206071537}, "geometry": {"type": "Point", "coordinates": [85.2924461, 27.6929817]}}, {"type": "Feature", "properties": {"type": "yes", "id": 206071538}, "geometry": {"type": "Point", "coordinates": [85.2904615, 27.6913081]}}, {"type": "Feature", "properties": {"type": "yes", "id": 206071539}, "geometry": {"type": "Point", "coordinates": [85.2914575, 27.6915149]}}, {"type": "Feature", "properties": {"type": "yes", "id": 206071540}, "geometry": {"type": "Point", "coordinates": [85.2886677, 27.6933311]}}, {"type": "Feature", "properties": {"type": "yes", "id": 206071541}, "geometry": {"type": "Point", "coordinates": [85.2891331, 27.6933522]}}, {"type": "Feature", "properties": {"type": "yes", "id": 206071542}, "geometry": {"type": "Point", "coordinates": [85.2924485, 27.6928777]}}, {"type": "Feature", "properties": {"type": "yes", "id": 206071545}, "geometry": {"type": "Point", "coordinates": [85.2901102, 27.6913155]}}, {"type": "Feature", "properties": {"type": "yes", "id": 206071547}, "geometry": {"type": "Point", "coordinates": [85.2882322, 27.6932838]}}, {"type": "Feature", "properties": {"type": "yes", "id": 206071548}, "geometry": {"type": "Point", "coordinates": [85.2890906, 27.6930536]}}, {"type": "Feature", "properties": {"type": "yes", "id": 206071549}, "geometry": {"type": "Point", "coordinates": [85.2913075, 27.6926671]}}, {"type": "Feature", "properties": {"type": "yes", "id": 206071550}, "geometry": {"type": "Point", "coordinates": [85.2885915, 27.6929454]}}, {"type": "Feature", "properties": {"type": "yes", "id": 206071553}, "geometry": {"type": "Point", "coordinates": [85.2913716, 27.6936082]}}, {"type": "Feature", "properties": {"type": "yes", "id": 206071554}, "geometry": {"type": "Point", "coordinates": [85.2905495, 27.6916258]}}, {"type": "Feature", "properties": {"type": "yes", "id": 206071556}, "geometry": {"type": "Point", "coordinates": [85.2874938, 27.6933642]}}, {"type": "Feature", "properties": {"type": "yes", "id": 206071557}, "geometry": {"type": "Point", "coordinates": [85.2922779, 27.6932938]}}, {"type": "Feature", "properties": {"type": "yes", "id": 206071559}, "geometry": {"type": "Point", "coordinates": [85.2912988, 27.6910958]}}, {"type": "Feature", "properties": {"type": "yes", "id": 206071560}, "geometry": {"type": "Point", "coordinates": [85.2923893, 27.6909263]}}, {"type": "Feature", "properties": {"type": "yes", "id": 206071561}, "geometry": {"type": "Point", "coordinates": [85.2928225, 27.6929674]}}, {"type": "Feature", "properties": {"type": "yes", "id": 206071562}, "geometry": {"type": "Point", "coordinates": [85.290158, 27.6922567]}}, {"type": "Feature", "properties": {"type": "yes", "id": 206071563}, "geometry": {"type": "Point", "coordinates": [85.2907468, 27.6913206]}}, {"type": "Feature", "properties": {"type": "yes", "id": 206071564}, "geometry": {"type": "Point", "coordinates": [85.2925661, 27.6927088]}}, {"type": "Feature", "properties": {"type": "yes", "id": 206071565}, "geometry": {"type": "Point", "coordinates": [85.2879678, 27.6925544]}}, {"type": "Feature", "properties": {"type": "yes", "id": 206071567}, "geometry": {"type": "Point", "coordinates": [85.2886988, 27.6936371]}}, {"type": "Feature", "properties": {"type": "yes", "id": 206071568}, "geometry": {"type": "Point", "coordinates": [85.2905389, 27.6914501]}}, {"type": "Feature", "properties": {"type": "yes", "id": 206071569}, "geometry": {"type": "Point", "coordinates": [85.2919916, 27.6906225]}}, {"type": "Feature", "properties": {"type": "yes", "id": 206071570}, "geometry": {"type": "Point", "coordinates": [85.2916094, 27.6901151]}}, {"type": "Feature", "properties": {"type": "yes", "id": 206071571}, "geometry": {"type": "Point", "coordinates": [85.2879941, 27.6926137]}}, {"type": "Feature", "properties": {"type": "yes", "id": 206071572}, "geometry": {"type": "Point", "coordinates": [85.28846, 27.6934245]}}, {"type": "Feature", "properties": {"type": "yes", "id": 206071575}, "geometry": {"type": "Point", "coordinates": [85.2892562, 27.6933651]}}, {"type": "Feature", "properties": {"type": "yes", "id": 206071576}, "geometry": {"type": "Point", "coordinates": [85.2895728, 27.6937353]}}, {"type": "Feature", "properties": {"type": "yes", "id": 206071577}, "geometry": {"type": "Point", "coordinates": [85.2900839, 27.6938359]}}, {"type": "Feature", "properties": {"type": "yes", "id": 206071579}, "geometry": {"type": "Point", "coordinates": [85.2915244, 27.6934357]}}, {"type": "Feature", "properties": {"type": "yes", "id": 206071580}, "geometry": {"type": "Point", "coordinates": [85.28808, 27.6924886]}}, {"type": "Feature", "properties": {"type": "yes", "id": 206072381}, "geometry": {"type": "Point", "coordinates": [85.336979, 27.6815255]}}, {"type": "Feature", "properties": {"type": "yes", "id": 206072719}, "geometry": {"type": "Point", "coordinates": [85.3010345, 27.6771047]}}, {"type": "Feature", "properties": {"type": "yes", "id": 206072720}, "geometry": {"type": "Point", "coordinates": [85.3007675, 27.6764247]}}, {"type": "Feature", "properties": {"type": "yes", "id": 206072722}, "geometry": {"type": "Point", "coordinates": [85.3026643, 27.6777363]}}, {"type": "Feature", "properties": {"type": "yes", "id": 206072723}, "geometry": {"type": "Point", "coordinates": [85.3016482, 27.6776675]}}, {"type": "Feature", "properties": {"type": "yes", "id": 206072724}, "geometry": {"type": "Point", "coordinates": [85.3028227, 27.6782696]}}, {"type": "Feature", "properties": {"type": "yes", "id": 206072725}, "geometry": {"type": "Point", "coordinates": [85.3025974, 27.6767205]}}, {"type": "Feature", "properties": {"type": "yes", "id": 206072726}, "geometry": {"type": "Point", "coordinates": [85.3013281, 27.6780184]}}, {"type": "Feature", "properties": {"type": "yes", "id": 206072727}, "geometry": {"type": "Point", "coordinates": [85.3011061, 27.6778132]}}, {"type": "Feature", "properties": {"type": "yes", "id": 206072728}, "geometry": {"type": "Point", "coordinates": [85.3116337, 27.6891131]}}, {"type": "Feature", "properties": {"type": "yes", "id": 206072729}, "geometry": {"type": "Point", "coordinates": [85.3009551, 27.6782386]}}, {"type": "Feature", "properties": {"type": "yes", "id": 206072730}, "geometry": {"type": "Point", "coordinates": [85.3016191, 27.6784671]}}, {"type": "Feature", "properties": {"type": "yes", "id": 206072731}, "geometry": {"type": "Point", "coordinates": [85.3026471, 27.6779768]}}, {"type": "Feature", "properties": {"type": "yes", "id": 206072732}, "geometry": {"type": "Point", "coordinates": [85.3013693, 27.6766784]}}, {"type": "Feature", "properties": {"type": "yes", "id": 206072733}, "geometry": {"type": "Point", "coordinates": [85.3009292, 27.6781388]}}, {"type": "Feature", "properties": {"type": "yes", "id": 206072735}, "geometry": {"type": "Point", "coordinates": [85.3012611, 27.6781279]}}, {"type": "Feature", "properties": {"type": "yes", "id": 206072738}, "geometry": {"type": "Point", "coordinates": [85.3008873, 27.6778628]}}, {"type": "Feature", "properties": {"type": "yes", "id": 206072739}, "geometry": {"type": "Point", "coordinates": [85.3027391, 27.6768832]}}, {"type": "Feature", "properties": {"type": "yes", "id": 206072740}, "geometry": {"type": "Point", "coordinates": [85.3017867, 27.6783822]}}, {"type": "Feature", "properties": {"type": "yes", "id": 206072743}, "geometry": {"type": "Point", "coordinates": [85.3112956, 27.6893489]}}, {"type": "Feature", "properties": {"type": "yes", "id": 206072744}, "geometry": {"type": "Point", "coordinates": [85.3029165, 27.6777382]}}, {"type": "Feature", "properties": {"type": "yes", "id": 206072745}, "geometry": {"type": "Point", "coordinates": [85.3024754, 27.6763692]}}, {"type": "Feature", "properties": {"type": "yes", "id": 206072746}, "geometry": {"type": "Point", "coordinates": [85.3015415, 27.6775513]}}, {"type": "Feature", "properties": {"type": "yes", "id": 206072747}, "geometry": {"type": "Point", "coordinates": [85.3007283, 27.6778323]}}, {"type": "Feature", "properties": {"type": "yes", "id": 206072749}, "geometry": {"type": "Point", "coordinates": [85.3010027, 27.6777355]}}, {"type": "Feature", "properties": {"type": "yes", "id": 206072751}, "geometry": {"type": "Point", "coordinates": [85.3031772, 27.6767593]}}, {"type": "Feature", "properties": {"type": "yes", "id": 206072752}, "geometry": {"type": "Point", "coordinates": [85.3015379, 27.6773565]}}, {"type": "Feature", "properties": {"type": "yes", "id": 206072754}, "geometry": {"type": "Point", "coordinates": [85.3015534, 27.6765497]}}, {"type": "Feature", "properties": {"type": "yes", "id": 206072755}, "geometry": {"type": "Point", "coordinates": [85.3011372, 27.6784866]}}, {"type": "Feature", "properties": {"type": "yes", "id": 206072758}, "geometry": {"type": "Point", "coordinates": [85.301192, 27.6773333]}}, {"type": "Feature", "properties": {"type": "yes", "id": 206072761}, "geometry": {"type": "Point", "coordinates": [85.3011255, 27.6780374]}}, {"type": "Feature", "properties": {"type": "yes", "id": 206072763}, "geometry": {"type": "Point", "coordinates": [85.3024676, 27.6771564]}}, {"type": "Feature", "properties": {"type": "yes", "id": 206072764}, "geometry": {"type": "Point", "coordinates": [85.301315, 27.6767749]}}, {"type": "Feature", "properties": {"type": "yes", "id": 206072765}, "geometry": {"type": "Point", "coordinates": [85.3011528, 27.6772257]}}, {"type": "Feature", "properties": {"type": "yes", "id": 206072766}, "geometry": {"type": "Point", "coordinates": [85.3030115, 27.6769143]}}, {"type": "Feature", "properties": {"type": "yes", "id": 206072767}, "geometry": {"type": "Point", "coordinates": [85.3015569, 27.6767177]}}, {"type": "Feature", "properties": {"type": "yes", "id": 206072768}, "geometry": {"type": "Point", "coordinates": [85.3013885, 27.6778623]}}, {"type": "Feature", "properties": {"type": "yes", "id": 206072800}, "geometry": {"type": "Point", "coordinates": [85.3387622, 27.6986824]}}, {"type": "Feature", "properties": {"type": "yes", "id": 206072801}, "geometry": {"type": "Point", "coordinates": [85.3384252, 27.6990666]}}, {"type": "Feature", "properties": {"type": "yes", "id": 206072807}, "geometry": {"type": "Point", "coordinates": [85.3386446, 27.6988189]}}, {"type": "Feature", "properties": {"type": "yes", "id": 206073024}, "geometry": {"type": "Point", "coordinates": [85.2845106, 27.6920102]}}, {"type": "Feature", "properties": {"type": "yes", "id": 206073025}, "geometry": {"type": "Point", "coordinates": [85.2915411, 27.6924427]}}, {"type": "Feature", "properties": {"type": "yes", "id": 206073027}, "geometry": {"type": "Point", "coordinates": [85.2890403, 27.6889598]}}, {"type": "Feature", "properties": {"type": "yes", "id": 206073036}, "geometry": {"type": "Point", "coordinates": [85.2896042, 27.6898998]}}, {"type": "Feature", "properties": {"type": "yes", "id": 206073037}, "geometry": {"type": "Point", "coordinates": [85.2900164, 27.6933659]}}, {"type": "Feature", "properties": {"type": "yes", "id": 206073039}, "geometry": {"type": "Point", "coordinates": [85.2888033, 27.6883311]}}, {"type": "Feature", "properties": {"type": "yes", "id": 206073040}, "geometry": {"type": "Point", "coordinates": [85.2913358, 27.6921019]}}, {"type": "Feature", "properties": {"type": "yes", "id": 206073041}, "geometry": {"type": "Point", "coordinates": [85.2850015, 27.6917277]}}, {"type": "Feature", "properties": {"type": "yes", "id": 206073042}, "geometry": {"type": "Point", "coordinates": [85.2894218, 27.6898333]}}, {"type": "Feature", "properties": {"type": "yes", "id": 206073043}, "geometry": {"type": "Point", "coordinates": [85.2898164, 27.6882624]}}, {"type": "Feature", "properties": {"type": "yes", "id": 206073044}, "geometry": {"type": "Point", "coordinates": [85.2900518, 27.6933023]}}, {"type": "Feature", "properties": {"type": "yes", "id": 206073046}, "geometry": {"type": "Point", "coordinates": [85.2903036, 27.6885635]}}, {"type": "Feature", "properties": {"type": "kindergarten", "building:levels": "3", "id": 206073047}, "geometry": {"type": "Point", "coordinates": [85.2909327, 27.6933893]}}, {"type": "Feature", "properties": {"type": "yes", "id": 206073049}, "geometry": {"type": "Point", "coordinates": [85.2889914, 27.6883184]}}, {"type": "Feature", "properties": {"type": "yes", "id": 206073051}, "geometry": {"type": "Point", "coordinates": [85.2922098, 27.69142]}}, {"type": "Feature", "properties": {"type": "yes", "id": 206073052}, "geometry": {"type": "Point", "coordinates": [85.2895649, 27.6897796]}}, {"type": "Feature", "properties": {"type": "yes", "id": 206073053}, "geometry": {"type": "Point", "coordinates": [85.2896058, 27.6882644]}}, {"type": "Feature", "properties": {"type": "yes", "id": 206073054}, "geometry": {"type": "Point", "coordinates": [85.2899645, 27.6933199]}}, {"type": "Feature", "properties": {"type": "yes", "id": 206073057}, "geometry": {"type": "Point", "coordinates": [85.2888253, 27.6884266]}}, {"type": "Feature", "properties": {"type": "yes", "id": 206073060}, "geometry": {"type": "Point", "coordinates": [85.2865499, 27.6925661]}}, {"type": "Feature", "properties": {"type": "yes", "id": 206073062}, "geometry": {"type": "Point", "coordinates": [85.2850811, 27.6916869]}}, {"type": "Feature", "properties": {"type": "yes", "id": 206073064}, "geometry": {"type": "Point", "coordinates": [85.2899303, 27.6883492]}}, {"type": "Feature", "properties": {"type": "yes", "id": 206073068}, "geometry": {"type": "Point", "coordinates": [85.2897159, 27.6934524]}}, {"type": "Feature", "properties": {"type": "yes", "id": 206073070}, "geometry": {"type": "Point", "coordinates": [85.2892853, 27.6889795]}}, {"type": "Feature", "properties": {"type": "yes", "id": 206073076}, "geometry": {"type": "Point", "coordinates": [85.2899732, 27.6899426]}}, {"type": "Feature", "properties": {"type": "yes", "id": 206073077}, "geometry": {"type": "Point", "coordinates": [85.2926114, 27.691691]}}, {"type": "Feature", "properties": {"type": "yes", "id": 206073078}, "geometry": {"type": "Point", "coordinates": [85.2859839, 27.6923447]}}, {"type": "Feature", "properties": {"type": "yes", "id": 206073079}, "geometry": {"type": "Point", "coordinates": [85.2848767, 27.6921004]}}, {"type": "Feature", "properties": {"type": "yes", "id": 206073080}, "geometry": {"type": "Point", "coordinates": [85.2907994, 27.6887128]}}, {"type": "Feature", "properties": {"type": "yes", "id": 206073082}, "geometry": {"type": "Point", "coordinates": [85.2878866, 27.6919756]}}, {"type": "Feature", "properties": {"type": "yes", "id": 206073085}, "geometry": {"type": "Point", "coordinates": [85.2912376, 27.6940676]}}, {"type": "Feature", "properties": {"type": "yes", "id": 206073086}, "geometry": {"type": "Point", "coordinates": [85.2850148, 27.6922846]}}, {"type": "Feature", "properties": {"type": "yes", "id": 206073087}, "geometry": {"type": "Point", "coordinates": [85.2865631, 27.692227]}}, {"type": "Feature", "properties": {"type": "yes", "id": 206073090}, "geometry": {"type": "Point", "coordinates": [85.2870248, 27.6913857]}}, {"type": "Feature", "properties": {"type": "yes", "id": 206073092}, "geometry": {"type": "Point", "coordinates": [85.2898, 27.6939902]}}, {"type": "Feature", "properties": {"name": "Bhuvaneshvari Temple", "type": "temple", "id": 206073093}, "geometry": {"type": "Point", "coordinates": [85.2905126, 27.689085]}}, {"type": "Feature", "properties": {"type": "yes", "id": 206073094}, "geometry": {"type": "Point", "coordinates": [85.2894888, 27.6893801]}}, {"type": "Feature", "properties": {"type": "yes", "id": 206073095}, "geometry": {"type": "Point", "coordinates": [85.2900569, 27.6933947]}}, {"type": "Feature", "properties": {"type": "yes", "id": 206073102}, "geometry": {"type": "Point", "coordinates": [85.2911219, 27.6935216]}}, {"type": "Feature", "properties": {"type": "yes", "id": 206073103}, "geometry": {"type": "Point", "coordinates": [85.2894982, 27.6932129]}}, {"type": "Feature", "properties": {"type": "yes", "id": 206073104}, "geometry": {"type": "Point", "coordinates": [85.2901073, 27.6933715]}}, {"type": "Feature", "properties": {"type": "yes", "id": 206073105}, "geometry": {"type": "Point", "coordinates": [85.2853391, 27.6923282]}}, {"type": "Feature", "properties": {"type": "yes", "id": 206073106}, "geometry": {"type": "Point", "coordinates": [85.2894384, 27.6932718]}}, {"type": "Feature", "properties": {"type": "yes", "id": 206073107}, "geometry": {"type": "Point", "coordinates": [85.2891118, 27.6937405]}}, {"type": "Feature", "properties": {"name": "Church", "type": "commercial", "id": 206073110}, "geometry": {"type": "Point", "coordinates": [85.2890111, 27.6888076]}}, {"type": "Feature", "properties": {"name": "Bhuvaneshvari Temple", "type": "temple", "id": 206074168}, "geometry": {"type": "Point", "coordinates": [85.2907072, 27.688946]}}, {"type": "Feature", "properties": {"type": "yes", "id": 206074170}, "geometry": {"type": "Point", "coordinates": [85.2920861, 27.691293]}}, {"type": "Feature", "properties": {"type": "yes", "id": 206074171}, "geometry": {"type": "Point", "coordinates": [85.2902742, 27.6915417]}}, {"type": "Feature", "properties": {"type": "yes", "id": 206074172}, "geometry": {"type": "Point", "coordinates": [85.2937285, 27.6891306]}}, {"type": "Feature", "properties": {"type": "yes", "id": 206074173}, "geometry": {"type": "Point", "coordinates": [85.2896382, 27.6906324]}}, {"type": "Feature", "properties": {"type": "yes", "id": 206074174}, "geometry": {"type": "Point", "coordinates": [85.2901615, 27.6903049]}}, {"type": "Feature", "properties": {"type": "yes", "id": 206074175}, "geometry": {"type": "Point", "coordinates": [85.2922788, 27.6915043]}}, {"type": "Feature", "properties": {"type": "yes", "id": 206074177}, "geometry": {"type": "Point", "coordinates": [85.29114, 27.6895217]}}, {"type": "Feature", "properties": {"type": "yes", "id": 206074178}, "geometry": {"type": "Point", "coordinates": [85.2938075, 27.6896196]}}, {"type": "Feature", "properties": {"type": "yes", "id": 206074179}, "geometry": {"type": "Point", "coordinates": [85.2944724, 27.6895002]}}, {"type": "Feature", "properties": {"type": "yes", "id": 206074180}, "geometry": {"type": "Point", "coordinates": [85.2921678, 27.6891823]}}, {"type": "Feature", "properties": {"type": "yes", "id": 206074181}, "geometry": {"type": "Point", "coordinates": [85.2902517, 27.6918477]}}, {"type": "Feature", "properties": {"type": "yes", "id": 206074184}, "geometry": {"type": "Point", "coordinates": [85.2911043, 27.6898213]}}, {"type": "Feature", "properties": {"type": "yes", "id": 206074185}, "geometry": {"type": "Point", "coordinates": [85.2918107, 27.6890166]}}, {"type": "Feature", "properties": {"type": "yes", "id": 206074186}, "geometry": {"type": "Point", "coordinates": [85.2902407, 27.6900361]}}, {"type": "Feature", "properties": {"type": "yes", "id": 206074187}, "geometry": {"type": "Point", "coordinates": [85.2893194, 27.6896465]}}, {"type": "Feature", "properties": {"type": "yes", "id": 206074188}, "geometry": {"type": "Point", "coordinates": [85.2904133, 27.6904013]}}, {"type": "Feature", "properties": {"type": "yes", "id": 206074189}, "geometry": {"type": "Point", "coordinates": [85.2918383, 27.6900001]}}, {"type": "Feature", "properties": {"type": "yes", "id": 206074190}, "geometry": {"type": "Point", "coordinates": [85.2918301, 27.6930603]}}, {"type": "Feature", "properties": {"type": "yes", "id": 206074192}, "geometry": {"type": "Point", "coordinates": [85.2915996, 27.6904759]}}, {"type": "Feature", "properties": {"type": "yes", "id": 206074193}, "geometry": {"type": "Point", "coordinates": [85.2924929, 27.6910978]}}, {"type": "Feature", "properties": {"type": "yes", "id": 206074194}, "geometry": {"type": "Point", "coordinates": [85.2943762, 27.6896602]}}, {"type": "Feature", "properties": {"type": "yes", "id": 206074197}, "geometry": {"type": "Point", "coordinates": [85.2902649, 27.6900927]}}, {"type": "Feature", "properties": {"type": "yes", "id": 206074199}, "geometry": {"type": "Point", "coordinates": [85.2922011, 27.6893444]}}, {"type": "Feature", "properties": {"type": "yes", "id": 206074200}, "geometry": {"type": "Point", "coordinates": [85.2898468, 27.690364]}}, {"type": "Feature", "properties": {"type": "yes", "id": 206074202}, "geometry": {"type": "Point", "coordinates": [85.2910804, 27.691823]}}, {"type": "Feature", "properties": {"type": "yes", "id": 206074203}, "geometry": {"type": "Point", "coordinates": [85.2896524, 27.6900825]}}, {"type": "Feature", "properties": {"type": "yes", "id": 206074204}, "geometry": {"type": "Point", "coordinates": [85.2915182, 27.6891246]}}, {"type": "Feature", "properties": {"type": "yes", "id": 206074205}, "geometry": {"type": "Point", "coordinates": [85.2912489, 27.6896443]}}, {"type": "Feature", "properties": {"type": "yes", "id": 206074206}, "geometry": {"type": "Point", "coordinates": [85.2914351, 27.689603]}}, {"type": "Feature", "properties": {"type": "yes", "id": 206074207}, "geometry": {"type": "Point", "coordinates": [85.29139, 27.6893449]}}, {"type": "Feature", "properties": {"type": "yes", "id": 206074209}, "geometry": {"type": "Point", "coordinates": [85.2888876, 27.6897703]}}, {"type": "Feature", "properties": {"type": "yes", "id": 206074210}, "geometry": {"type": "Point", "coordinates": [85.2899257, 27.6900488]}}, {"type": "Feature", "properties": {"type": "yes", "id": 206074212}, "geometry": {"type": "Point", "coordinates": [85.2920173, 27.6908982]}}, {"type": "Feature", "properties": {"type": "yes", "id": 206074214}, "geometry": {"type": "Point", "coordinates": [85.2890212, 27.6897003]}}, {"type": "Feature", "properties": {"type": "yes", "id": 206074215}, "geometry": {"type": "Point", "coordinates": [85.2900724, 27.6900677]}}, {"type": "Feature", "properties": {"name": "Bhuvaneshvari Temple", "type": "temple", "id": 206074216}, "geometry": {"type": "Point", "coordinates": [85.2905984, 27.6890409]}}, {"type": "Feature", "properties": {"type": "yes", "id": 206074217}, "geometry": {"type": "Point", "coordinates": [85.2894741, 27.6898402]}}, {"type": "Feature", "properties": {"type": "yes", "id": 206074218}, "geometry": {"type": "Point", "coordinates": [85.2941057, 27.6896227]}}, {"type": "Feature", "properties": {"type": "yes", "id": 206074219}, "geometry": {"type": "Point", "coordinates": [85.2900734, 27.6898823]}}, {"type": "Feature", "properties": {"type": "yes", "id": 206074220}, "geometry": {"type": "Point", "coordinates": [85.2916358, 27.68978]}}, {"type": "Feature", "properties": {"type": "yes", "id": 206074221}, "geometry": {"type": "Point", "coordinates": [85.2899411, 27.6903362]}}, {"type": "Feature", "properties": {"type": "yes", "id": 206074222}, "geometry": {"type": "Point", "coordinates": [85.2900728, 27.690271]}}, {"type": "Feature", "properties": {"type": "yes", "id": 206074223}, "geometry": {"type": "Point", "coordinates": [85.2898263, 27.6916586]}}, {"type": "Feature", "properties": {"type": "yes", "id": 206074224}, "geometry": {"type": "Point", "coordinates": [85.2896116, 27.6904592]}}, {"type": "Feature", "properties": {"type": "yes", "id": 206074225}, "geometry": {"type": "Point", "coordinates": [85.29124, 27.6915121]}}, {"type": "Feature", "properties": {"type": "yes", "id": 206074226}, "geometry": {"type": "Point", "coordinates": [85.2894278, 27.6900749]}}, {"type": "Feature", "properties": {"type": "yes", "id": 206074227}, "geometry": {"type": "Point", "coordinates": [85.2920031, 27.6888145]}}, {"type": "Feature", "properties": {"type": "yes", "id": 206074228}, "geometry": {"type": "Point", "coordinates": [85.2912979, 27.692419]}}, {"type": "Feature", "properties": {"type": "yes", "id": 206074229}, "geometry": {"type": "Point", "coordinates": [85.2896808, 27.6903967]}}, {"type": "Feature", "properties": {"type": "yes", "id": 206074230}, "geometry": {"type": "Point", "coordinates": [85.2918274, 27.689257]}}, {"type": "Feature", "properties": {"type": "yes", "id": 206074233}, "geometry": {"type": "Point", "coordinates": [85.2889331, 27.689213]}}, {"type": "Feature", "properties": {"type": "yes", "id": 206074234}, "geometry": {"type": "Point", "coordinates": [85.2943077, 27.6892908]}}, {"type": "Feature", "properties": {"type": "yes", "id": 206074535}, "geometry": {"type": "Point", "coordinates": [85.3387632, 27.6988789]}}, {"type": "Feature", "properties": {"type": "yes", "id": 206074538}, "geometry": {"type": "Point", "coordinates": [85.3375881, 27.6985612]}}, {"type": "Feature", "properties": {"type": "government", "building:levels": "5", "id": 206074591}, "geometry": {"type": "Point", "coordinates": [85.3055219, 27.6950652]}}, {"type": "Feature", "properties": {"type": "yes", "id": 206074596}, "geometry": {"type": "Point", "coordinates": [85.3038264, 27.6947174]}}, {"type": "Feature", "properties": {"type": "yes", "id": 206074597}, "geometry": {"type": "Point", "coordinates": [85.303467, 27.6947792]}}, {"type": "Feature", "properties": {"type": "yes", "id": 206074598}, "geometry": {"type": "Point", "coordinates": [85.3037101, 27.6947239]}}, {"type": "Feature", "properties": {"type": "house", "id": 206074600}, "geometry": {"type": "Point", "coordinates": [85.302399, 27.6964993]}}, {"type": "Feature", "properties": {"type": "yes", "id": 206074602}, "geometry": {"type": "Point", "coordinates": [85.3020929, 27.6962641]}}, {"type": "Feature", "properties": {"type": "yes", "id": 206074604}, "geometry": {"type": "Point", "coordinates": [85.3040472, 27.6947884]}}, {"type": "Feature", "properties": {"type": "residential", "building:levels": "1", "id": 206074605}, "geometry": {"type": "Point", "coordinates": [85.3060189, 27.6949439]}}, {"type": "Feature", "properties": {"type": "yes", "id": 206074606}, "geometry": {"type": "Point", "coordinates": [85.3031388, 27.6958868]}}, {"type": "Feature", "properties": {"type": "yes", "id": 206074607}, "geometry": {"type": "Point", "coordinates": [85.3039303, 27.69456]}}, {"type": "Feature", "properties": {"type": "government", "building:levels": "3", "id": 206074608}, "geometry": {"type": "Point", "coordinates": [85.3034398, 27.6935893]}}, {"type": "Feature", "properties": {"type": "yes", "id": 206074610}, "geometry": {"type": "Point", "coordinates": [85.3040285, 27.6936257]}}, {"type": "Feature", "properties": {"type": "yes", "id": 206074612}, "geometry": {"type": "Point", "coordinates": [85.3031146, 27.6931542]}}, {"type": "Feature", "properties": {"type": "government", "building:levels": "2", "id": 206074614}, "geometry": {"type": "Point", "coordinates": [85.3029493, 27.6933423]}}, {"type": "Feature", "properties": {"type": "government", "building:levels": "2", "id": 206074618}, "geometry": {"type": "Point", "coordinates": [85.3028695, 27.6944016]}}, {"type": "Feature", "properties": {"type": "residential", "building:levels": "1", "id": 206074622}, "geometry": {"type": "Point", "coordinates": [85.3042011, 27.6942202]}}, {"type": "Feature", "properties": {"type": "yes", "id": 206074623}, "geometry": {"type": "Point", "coordinates": [85.302027, 27.6960298]}}, {"type": "Feature", "properties": {"type": "yes", "id": 206074626}, "geometry": {"type": "Point", "coordinates": [85.3033823, 27.6940297]}}, {"type": "Feature", "properties": {"type": "yes", "id": 206074627}, "geometry": {"type": "Point", "coordinates": [85.3019757, 27.6958502]}}, {"type": "Feature", "properties": {"name": "Sasa Banquet", "type": "commercial", "building:levels": "1", "id": 206074628}, "geometry": {"type": "Point", "coordinates": [85.3029386, 27.6964813]}}, {"type": "Feature", "properties": {"type": "house", "id": 206074629}, "geometry": {"type": "Point", "coordinates": [85.3022189, 27.6944453]}}, {"type": "Feature", "properties": {"type": "yes", "id": 206075334}, "geometry": {"type": "Point", "coordinates": [85.3310289, 27.6977359]}}, {"type": "Feature", "properties": {"type": "yes", "id": 206075390}, "geometry": {"type": "Point", "coordinates": [85.3318436, 27.6980313]}}, {"type": "Feature", "properties": {"type": "yes", "id": 206075392}, "geometry": {"type": "Point", "coordinates": [85.3309845, 27.6976443]}}, {"type": "Feature", "properties": {"name": "PNCC", "type": "yes", "id": 206075424}, "geometry": {"type": "Point", "coordinates": [85.329466, 27.6992063]}}, {"type": "Feature", "properties": {"type": "yes", "id": 206075435}, "geometry": {"type": "Point", "coordinates": [85.3309389, 27.6977129]}}, {"type": "Feature", "properties": {"type": "yes", "id": 206076549}, "geometry": {"type": "Point", "coordinates": [85.2916892, 27.6892361]}}, {"type": "Feature", "properties": {"type": "yes", "id": 206076555}, "geometry": {"type": "Point", "coordinates": [85.2927548, 27.6913535]}}, {"type": "Feature", "properties": {"type": "yes", "id": 206076561}, "geometry": {"type": "Point", "coordinates": [85.2877108, 27.6917829]}}, {"type": "Feature", "properties": {"type": "yes", "id": 206076564}, "geometry": {"type": "Point", "coordinates": [85.2870745, 27.6915736]}}, {"type": "Feature", "properties": {"type": "yes", "id": 206076566}, "geometry": {"type": "Point", "coordinates": [85.2926467, 27.6890671]}}, {"type": "Feature", "properties": {"type": "yes", "id": 206076567}, "geometry": {"type": "Point", "coordinates": [85.2884178, 27.6907629]}}, {"type": "Feature", "properties": {"type": "yes", "id": 206076583}, "geometry": {"type": "Point", "coordinates": [85.2913329, 27.6895071]}}, {"type": "Feature", "properties": {"type": "yes", "id": 206076598}, "geometry": {"type": "Point", "coordinates": [85.2880421, 27.6917781]}}, {"type": "Feature", "properties": {"type": "yes", "id": 206076601}, "geometry": {"type": "Point", "coordinates": [85.289675, 27.6911833]}}, {"type": "Feature", "properties": {"type": "yes", "id": 206076606}, "geometry": {"type": "Point", "coordinates": [85.2919252, 27.6894758]}}, {"type": "Feature", "properties": {"type": "yes", "id": 206076612}, "geometry": {"type": "Point", "coordinates": [85.2881159, 27.6916094]}}, {"type": "Feature", "properties": {"type": "yes", "id": 206076617}, "geometry": {"type": "Point", "coordinates": [85.2915543, 27.6892063]}}, {"type": "Feature", "properties": {"type": "school", "building:levels": "4", "id": 206076619}, "geometry": {"type": "Point", "coordinates": [85.2929032, 27.6906321]}}, {"type": "Feature", "properties": {"type": "yes", "id": 206076626}, "geometry": {"type": "Point", "coordinates": [85.2880244, 27.6908465]}}, {"type": "Feature", "properties": {"type": "yes", "id": 206076628}, "geometry": {"type": "Point", "coordinates": [85.2880859, 27.69183]}}, {"type": "Feature", "properties": {"type": "yes", "id": 206076630}, "geometry": {"type": "Point", "coordinates": [85.2881031, 27.6919534]}}, {"type": "Feature", "properties": {"type": "yes", "id": 206076632}, "geometry": {"type": "Point", "coordinates": [85.2918227, 27.689424]}}, {"type": "Feature", "properties": {"type": "yes", "id": 206076639}, "geometry": {"type": "Point", "coordinates": [85.2926758, 27.6904485]}}, {"type": "Feature", "properties": {"type": "yes", "id": 206076642}, "geometry": {"type": "Point", "coordinates": [85.2879318, 27.6906987]}}, {"type": "Feature", "properties": {"type": "yes", "id": 206076645}, "geometry": {"type": "Point", "coordinates": [85.2878733, 27.6914748]}}, {"type": "Feature", "properties": {"type": "yes", "id": 206076646}, "geometry": {"type": "Point", "coordinates": [85.3000892, 27.6913721]}}, {"type": "Feature", "properties": {"type": "yes", "id": 206076647}, "geometry": {"type": "Point", "coordinates": [85.3009693, 27.6914957]}}, {"type": "Feature", "properties": {"type": "yes", "id": 206076648}, "geometry": {"type": "Point", "coordinates": [85.3054168, 27.6962433]}}, {"type": "Feature", "properties": {"type": "yes", "id": 206076649}, "geometry": {"type": "Point", "coordinates": [85.3015429, 27.6961264]}}, {"type": "Feature", "properties": {"type": "yes", "id": 206076650}, "geometry": {"type": "Point", "coordinates": [85.3006628, 27.6913177]}}, {"type": "Feature", "properties": {"type": "government", "building:levels": "3", "id": 206076651}, "geometry": {"type": "Point", "coordinates": [85.3057355, 27.695937]}}, {"type": "Feature", "properties": {"type": "yes", "id": 206076653}, "geometry": {"type": "Point", "coordinates": [85.3058243, 27.6964179]}}, {"type": "Feature", "properties": {"type": "yes", "id": 206076654}, "geometry": {"type": "Point", "coordinates": [85.3005835, 27.6930172]}}, {"type": "Feature", "properties": {"type": "yes", "id": 206076655}, "geometry": {"type": "Point", "coordinates": [85.3057709, 27.6961264]}}, {"type": "Feature", "properties": {"type": "mixed_use", "building:levels": "4", "id": 206076656}, "geometry": {"type": "Point", "coordinates": [85.304016, 27.6962264]}}, {"type": "Feature", "properties": {"type": "residential", "building:levels": "4", "id": 206076657}, "geometry": {"type": "Point", "coordinates": [85.3009758, 27.6918546]}}, {"type": "Feature", "properties": {"type": "yes", "id": 206076658}, "geometry": {"type": "Point", "coordinates": [85.301144, 27.6911833]}}, {"type": "Feature", "properties": {"type": "yes", "id": 206076660}, "geometry": {"type": "Point", "coordinates": [85.3036695, 27.6949622]}}, {"type": "Feature", "properties": {"type": "mixed_use", "building:levels": "3", "id": 206076661}, "geometry": {"type": "Point", "coordinates": [85.3035257, 27.6950674]}}, {"type": "Feature", "properties": {"type": "mixed_use", "building:levels": "3", "id": 206076662}, "geometry": {"type": "Point", "coordinates": [85.3008517, 27.6917866]}}, {"type": "Feature", "properties": {"type": "yes", "id": 206076663}, "geometry": {"type": "Point", "coordinates": [85.3015694, 27.696267]}}, {"type": "Feature", "properties": {"type": "mixed_use", "building:levels": "2", "id": 206076664}, "geometry": {"type": "Point", "coordinates": [85.3041802, 27.6948846]}}, {"type": "Feature", "properties": {"type": "yes", "id": 206076665}, "geometry": {"type": "Point", "coordinates": [85.3009812, 27.6913099]}}, {"type": "Feature", "properties": {"type": "yes", "id": 206076666}, "geometry": {"type": "Point", "coordinates": [85.301581, 27.69636]}}, {"type": "Feature", "properties": {"type": "mixed_use", "building:levels": "4", "id": 206076667}, "geometry": {"type": "Point", "coordinates": [85.3006966, 27.6914159]}}, {"type": "Feature", "properties": {"type": "yes", "id": 206076668}, "geometry": {"type": "Point", "coordinates": [85.3002893, 27.6937361]}}, {"type": "Feature", "properties": {"type": "yes", "id": 206076669}, "geometry": {"type": "Point", "coordinates": [85.3017463, 27.6960999]}}, {"type": "Feature", "properties": {"type": "yes", "id": 206076671}, "geometry": {"type": "Point", "coordinates": [85.3007438, 27.6916221]}}, {"type": "Feature", "properties": {"type": "yes", "id": 206076672}, "geometry": {"type": "Point", "coordinates": [85.2999545, 27.691393]}}, {"type": "Feature", "properties": {"type": "yes", "id": 206076900}, "geometry": {"type": "Point", "coordinates": [85.3231697, 27.658687]}}, {"type": "Feature", "properties": {"type": "yes", "id": 206076901}, "geometry": {"type": "Point", "coordinates": [85.3236821, 27.658983]}}, {"type": "Feature", "properties": {"type": "yes", "id": 206076902}, "geometry": {"type": "Point", "coordinates": [85.3237989, 27.6590342]}}, {"type": "Feature", "properties": {"type": "yes", "id": 206076903}, "geometry": {"type": "Point", "coordinates": [85.323515, 27.6590317]}}, {"type": "Feature", "properties": {"type": "yes", "id": 206076905}, "geometry": {"type": "Point", "coordinates": [85.323881, 27.6592509]}}, {"type": "Feature", "properties": {"type": "school", "building:levels": "5", "id": 206076906}, "geometry": {"type": "Point", "coordinates": [85.3226015, 27.6597686]}}, {"type": "Feature", "properties": {"type": "yes", "id": 206076907}, "geometry": {"type": "Point", "coordinates": [85.3237719, 27.6589647]}}, {"type": "Feature", "properties": {"type": "yes", "id": 206076908}, "geometry": {"type": "Point", "coordinates": [85.3233226, 27.658739]}}, {"type": "Feature", "properties": {"type": "yes", "id": 206076910}, "geometry": {"type": "Point", "coordinates": [85.3220443, 27.6592021]}}, {"type": "Feature", "properties": {"type": "yes", "id": 206076911}, "geometry": {"type": "Point", "coordinates": [85.32225, 27.6591142]}}, {"type": "Feature", "properties": {"type": "yes", "id": 206076912}, "geometry": {"type": "Point", "coordinates": [85.3231325, 27.6600988]}}, {"type": "Feature", "properties": {"type": "yes", "id": 206076913}, "geometry": {"type": "Point", "coordinates": [85.322681, 27.6596954]}}, {"type": "Feature", "properties": {"type": "yes", "id": 206076914}, "geometry": {"type": "Point", "coordinates": [85.3235766, 27.6591569]}}, {"type": "Feature", "properties": {"type": "yes", "id": 206076915}, "geometry": {"type": "Point", "coordinates": [85.3234006, 27.6593501]}}, {"type": "Feature", "properties": {"type": "yes", "id": 206076916}, "geometry": {"type": "Point", "coordinates": [85.3232223, 27.6590506]}}, {"type": "Feature", "properties": {"type": "yes", "id": 206076917}, "geometry": {"type": "Point", "coordinates": [85.3235773, 27.6592322]}}, {"type": "Feature", "properties": {"type": "yes", "id": 206076918}, "geometry": {"type": "Point", "coordinates": [85.3228528, 27.6597363]}}, {"type": "Feature", "properties": {"type": "yes", "id": 206076919}, "geometry": {"type": "Point", "coordinates": [85.3228177, 27.6595596]}}, {"type": "Feature", "properties": {"type": "yes", "id": 206076920}, "geometry": {"type": "Point", "coordinates": [85.3235495, 27.6589601]}}, {"type": "Feature", "properties": {"type": "yes", "id": 206076921}, "geometry": {"type": "Point", "coordinates": [85.3233034, 27.6592363]}}, {"type": "Feature", "properties": {"type": "yes", "id": 206076922}, "geometry": {"type": "Point", "coordinates": [85.3237953, 27.6591984]}}, {"type": "Feature", "properties": {"name": "CloseOne Technology House", "type": "house", "id": 206076923}, "geometry": {"type": "Point", "coordinates": [85.3230875, 27.6589636]}}, {"type": "Feature", "properties": {"type": "yes", "id": 206076924}, "geometry": {"type": "Point", "coordinates": [85.3237336, 27.6590807]}}, {"type": "Feature", "properties": {"type": "yes", "id": 206076925}, "geometry": {"type": "Point", "coordinates": [85.3232753, 27.6591605]}}, {"type": "Feature", "properties": {"type": "yes", "id": 206076926}, "geometry": {"type": "Point", "coordinates": [85.3232877, 27.6598854]}}, {"type": "Feature", "properties": {"type": "yes", "id": 206076927}, "geometry": {"type": "Point", "coordinates": [85.3229293, 27.6588625]}}, {"type": "Feature", "properties": {"type": "yes", "id": 206076928}, "geometry": {"type": "Point", "coordinates": [85.3232235, 27.6587384]}}, {"type": "Feature", "properties": {"type": "yes", "id": 206076929}, "geometry": {"type": "Point", "coordinates": [85.3235287, 27.6586368]}}, {"type": "Feature", "properties": {"type": "yes", "id": 206076930}, "geometry": {"type": "Point", "coordinates": [85.3229208, 27.6596896]}}, {"type": "Feature", "properties": {"type": "yes", "id": 206076931}, "geometry": {"type": "Point", "coordinates": [85.323448, 27.6590879]}}, {"type": "Feature", "properties": {"type": "yes", "id": 206076932}, "geometry": {"type": "Point", "coordinates": [85.3230535, 27.6594743]}}, {"type": "Feature", "properties": {"type": "school", "building:levels": "4", "id": 206077088}, "geometry": {"type": "Point", "coordinates": [85.3336646, 27.6840075]}}, {"type": "Feature", "properties": {"type": "school", "building:levels": "3", "id": 206077098}, "geometry": {"type": "Point", "coordinates": [85.3335977, 27.6838344]}}, {"type": "Feature", "properties": {"type": "school", "building:levels": "1", "id": 206077121}, "geometry": {"type": "Point", "coordinates": [85.3355929, 27.6836423]}}, {"type": "Feature", "properties": {"type": "school", "building:levels": "2", "id": 206077127}, "geometry": {"type": "Point", "coordinates": [85.3336734, 27.6837507]}}, {"type": "Feature", "properties": {"type": "house", "id": 206077235}, "geometry": {"type": "Point", "coordinates": [85.3010375, 27.6916276]}}, {"type": "Feature", "properties": {"name": "Bethshalom Putalisadak Church", "type": "church", "id": 206077283}, "geometry": {"type": "Point", "coordinates": [85.3203593, 27.6997916]}}, {"type": "Feature", "properties": {"type": "yes", "id": 206077290}, "geometry": {"type": "Point", "coordinates": [85.3180488, 27.6997584]}}, {"type": "Feature", "properties": {"type": "yes", "id": 206077293}, "geometry": {"type": "Point", "coordinates": [85.3182254, 27.6996191]}}, {"type": "Feature", "properties": {"type": "yes", "id": 206077301}, "geometry": {"type": "Point", "coordinates": [85.318742, 27.6999655]}}, {"type": "Feature", "properties": {"type": "yes", "id": 206077303}, "geometry": {"type": "Point", "coordinates": [85.3180478, 27.7000677]}}, {"type": "Feature", "properties": {"type": "yes", "id": 206077339}, "geometry": {"type": "Point", "coordinates": [85.2891171, 27.6924646]}}, {"type": "Feature", "properties": {"type": "yes", "id": 206077340}, "geometry": {"type": "Point", "coordinates": [85.2884904, 27.6927993]}}, {"type": "Feature", "properties": {"type": "yes", "id": 206077343}, "geometry": {"type": "Point", "coordinates": [85.2873421, 27.6937938]}}, {"type": "Feature", "properties": {"type": "yes", "id": 206077344}, "geometry": {"type": "Point", "coordinates": [85.2873565, 27.6934114]}}, {"type": "Feature", "properties": {"type": "yes", "id": 206077345}, "geometry": {"type": "Point", "coordinates": [85.2894355, 27.6938705]}}, {"type": "Feature", "properties": {"type": "yes", "id": 206077346}, "geometry": {"type": "Point", "coordinates": [85.2896842, 27.6940672]}}, {"type": "Feature", "properties": {"type": "yes", "id": 206077347}, "geometry": {"type": "Point", "coordinates": [85.2900052, 27.6906667]}}, {"type": "Feature", "properties": {"type": "yes", "id": 206077348}, "geometry": {"type": "Point", "coordinates": [85.2895877, 27.6939967]}}, {"type": "Feature", "properties": {"type": "yes", "id": 206077349}, "geometry": {"type": "Point", "coordinates": [85.2905763, 27.6905749]}}, {"type": "Feature", "properties": {"type": "yes", "id": 206077350}, "geometry": {"type": "Point", "coordinates": [85.2913699, 27.6916443]}}, {"type": "Feature", "properties": {"type": "yes", "id": 206077354}, "geometry": {"type": "Point", "coordinates": [85.3311962, 27.6974435]}}, {"type": "Feature", "properties": {"type": "yes", "id": 206077365}, "geometry": {"type": "Point", "coordinates": [85.331322, 27.6977405]}}, {"type": "Feature", "properties": {"type": "yes", "id": 206079950}, "geometry": {"type": "Point", "coordinates": [85.3358725, 27.6828644]}}, {"type": "Feature", "properties": {"type": "yes", "id": 206079952}, "geometry": {"type": "Point", "coordinates": [85.3360497, 27.6823566]}}, {"type": "Feature", "properties": {"type": "yes", "id": 206079954}, "geometry": {"type": "Point", "coordinates": [85.3378445, 27.6826066]}}, {"type": "Feature", "properties": {"type": "retail", "id": 206079955}, "geometry": {"type": "Point", "coordinates": [85.3389992, 27.6831552]}}, {"type": "Feature", "properties": {"type": "yes", "id": 206079957}, "geometry": {"type": "Point", "coordinates": [85.3360334, 27.6822305]}}, {"type": "Feature", "properties": {"type": "yes", "id": 206079962}, "geometry": {"type": "Point", "coordinates": [85.3372167, 27.6824749]}}, {"type": "Feature", "properties": {"type": "yes", "id": 206079965}, "geometry": {"type": "Point", "coordinates": [85.3379151, 27.6825296]}}, {"type": "Feature", "properties": {"type": "yes", "id": 206079969}, "geometry": {"type": "Point", "coordinates": [85.3362484, 27.6823798]}}, {"type": "Feature", "properties": {"type": "yes", "id": 206079978}, "geometry": {"type": "Point", "coordinates": [85.3370385, 27.6821932]}}, {"type": "Feature", "properties": {"type": "yes", "id": 206079985}, "geometry": {"type": "Point", "coordinates": [85.3361039, 27.682725]}}, {"type": "Feature", "properties": {"type": "yes", "id": 206079988}, "geometry": {"type": "Point", "coordinates": [85.3360617, 27.6822937]}}, {"type": "Feature", "properties": {"type": "yes", "id": 206079992}, "geometry": {"type": "Point", "coordinates": [85.3366807, 27.683011]}}, {"type": "Feature", "properties": {"type": "yes", "id": 206079994}, "geometry": {"type": "Point", "coordinates": [85.3361695, 27.682875]}}, {"type": "Feature", "properties": {"type": "yes", "id": 206079998}, "geometry": {"type": "Point", "coordinates": [85.3362599, 27.6824578]}}, {"type": "Feature", "properties": {"type": "yes", "id": 206080002}, "geometry": {"type": "Point", "coordinates": [85.3366735, 27.6822794]}}, {"type": "Feature", "properties": {"type": "yes", "id": 206080004}, "geometry": {"type": "Point", "coordinates": [85.337086, 27.6822751]}}, {"type": "Feature", "properties": {"type": "yes", "id": 206080010}, "geometry": {"type": "Point", "coordinates": [85.3375602, 27.6823316]}}, {"type": "Feature", "properties": {"type": "yes", "id": 206080015}, "geometry": {"type": "Point", "coordinates": [85.3360779, 27.682462]}}, {"type": "Feature", "properties": {"type": "yes", "id": 206080018}, "geometry": {"type": "Point", "coordinates": [85.3359931, 27.682862]}}, {"type": "Feature", "properties": {"type": "yes", "id": 206080036}, "geometry": {"type": "Point", "coordinates": [85.3373249, 27.6823523]}}, {"type": "Feature", "properties": {"type": "yes", "id": 206080043}, "geometry": {"type": "Point", "coordinates": [85.3365847, 27.6824655]}}, {"type": "Feature", "properties": {"type": "yes", "id": 206080050}, "geometry": {"type": "Point", "coordinates": [85.3366125, 27.6822243]}}, {"type": "Feature", "properties": {"type": "yes", "id": 206080054}, "geometry": {"type": "Point", "coordinates": [85.3369623, 27.6826839]}}, {"type": "Feature", "properties": {"type": "yes", "id": 206080055}, "geometry": {"type": "Point", "coordinates": [85.3357429, 27.6821502]}}, {"type": "Feature", "properties": {"type": "yes", "id": 206080057}, "geometry": {"type": "Point", "coordinates": [85.3359284, 27.6827226]}}, {"type": "Feature", "properties": {"type": "yes", "id": 206080058}, "geometry": {"type": "Point", "coordinates": [85.3375261, 27.6864578]}}, {"type": "Feature", "properties": {"type": "yes", "id": 206080061}, "geometry": {"type": "Point", "coordinates": [85.3370027, 27.686594]}}, {"type": "Feature", "properties": {"type": "yes", "id": 206080387}, "geometry": {"type": "Point", "coordinates": [85.2955746, 27.6926614]}}, {"type": "Feature", "properties": {"type": "yes", "id": 206080388}, "geometry": {"type": "Point", "coordinates": [85.2965923, 27.6909604]}}, {"type": "Feature", "properties": {"type": "yes", "id": 206080389}, "geometry": {"type": "Point", "coordinates": [85.2966095, 27.6921216]}}, {"type": "Feature", "properties": {"type": "yes", "id": 206080391}, "geometry": {"type": "Point", "coordinates": [85.2966917, 27.6909037]}}, {"type": "Feature", "properties": {"type": "yes", "id": 206080392}, "geometry": {"type": "Point", "coordinates": [85.2952384, 27.6908175]}}, {"type": "Feature", "properties": {"type": "yes", "id": 206080394}, "geometry": {"type": "Point", "coordinates": [85.2962415, 27.690889]}}, {"type": "Feature", "properties": {"type": "yes", "id": 206080395}, "geometry": {"type": "Point", "coordinates": [85.2967958, 27.6908629]}}, {"type": "Feature", "properties": {"type": "yes", "id": 206080396}, "geometry": {"type": "Point", "coordinates": [85.2974362, 27.6910296]}}, {"type": "Feature", "properties": {"type": "yes", "id": 206080397}, "geometry": {"type": "Point", "coordinates": [85.295829, 27.6906932]}}, {"type": "Feature", "properties": {"type": "yes", "id": 206080398}, "geometry": {"type": "Point", "coordinates": [85.2955932, 27.6906506]}}, {"type": "Feature", "properties": {"type": "yes", "id": 206080399}, "geometry": {"type": "Point", "coordinates": [85.2965078, 27.690602]}}, {"type": "Feature", "properties": {"type": "yes", "id": 206080400}, "geometry": {"type": "Point", "coordinates": [85.2967355, 27.6911648]}}, {"type": "Feature", "properties": {"type": "yes", "id": 206080401}, "geometry": {"type": "Point", "coordinates": [85.2973872, 27.691516]}}, {"type": "Feature", "properties": {"type": "yes", "id": 206080402}, "geometry": {"type": "Point", "coordinates": [85.2953587, 27.6901874]}}, {"type": "Feature", "properties": {"type": "yes", "id": 206080404}, "geometry": {"type": "Point", "coordinates": [85.2956691, 27.6897298]}}, {"type": "Feature", "properties": {"type": "yes", "id": 206080406}, "geometry": {"type": "Point", "coordinates": [85.2959428, 27.6897978]}}, {"type": "Feature", "properties": {"type": "yes", "id": 206080407}, "geometry": {"type": "Point", "coordinates": [85.2973982, 27.6905037]}}, {"type": "Feature", "properties": {"type": "yes", "id": 206080408}, "geometry": {"type": "Point", "coordinates": [85.29611, 27.6920537]}}, {"type": "Feature", "properties": {"type": "yes", "id": 206080411}, "geometry": {"type": "Point", "coordinates": [85.2969135, 27.6906603]}}, {"type": "Feature", "properties": {"type": "yes", "id": 206080412}, "geometry": {"type": "Point", "coordinates": [85.2972248, 27.6908586]}}, {"type": "Feature", "properties": {"type": "yes", "id": 206080413}, "geometry": {"type": "Point", "coordinates": [85.2956453, 27.6909443]}}, {"type": "Feature", "properties": {"type": "yes", "id": 206080414}, "geometry": {"type": "Point", "coordinates": [85.2971553, 27.6904416]}}, {"type": "Feature", "properties": {"type": "yes", "id": 206080416}, "geometry": {"type": "Point", "coordinates": [85.2972848, 27.690605]}}, {"type": "Feature", "properties": {"type": "yes", "id": 206080417}, "geometry": {"type": "Point", "coordinates": [85.2955453, 27.6898925]}}, {"type": "Feature", "properties": {"type": "yes", "id": 206080418}, "geometry": {"type": "Point", "coordinates": [85.2955124, 27.6908605]}}, {"type": "Feature", "properties": {"type": "yes", "id": 206080419}, "geometry": {"type": "Point", "coordinates": [85.2968041, 27.6906798]}}, {"type": "Feature", "properties": {"type": "yes", "id": 206080420}, "geometry": {"type": "Point", "coordinates": [85.2969618, 27.6923472]}}, {"type": "Feature", "properties": {"type": "yes", "id": 206080434}, "geometry": {"type": "Point", "coordinates": [85.3341194, 27.6834087]}}, {"type": "Feature", "properties": {"type": "school", "building:levels": "3", "id": 206080442}, "geometry": {"type": "Point", "coordinates": [85.3354308, 27.6836833]}}, {"type": "Feature", "properties": {"type": "yes", "id": 206080451}, "geometry": {"type": "Point", "coordinates": [85.3360423, 27.6833539]}}, {"type": "Feature", "properties": {"type": "school", "building:levels": "4", "id": 206080467}, "geometry": {"type": "Point", "coordinates": [85.3341764, 27.6842172]}}, {"type": "Feature", "properties": {"type": "yes", "id": 206080492}, "geometry": {"type": "Point", "coordinates": [85.3363994, 27.6833996]}}, {"type": "Feature", "properties": {"name": "STARNET", "type": "house", "id": 206080494}, "geometry": {"type": "Point", "coordinates": [85.3352869, 27.6837795]}}, {"type": "Feature", "properties": {"type": "yes", "id": 206080505}, "geometry": {"type": "Point", "coordinates": [85.3356328, 27.6833253]}}, {"type": "Feature", "properties": {"type": "yes", "id": 206081154}, "geometry": {"type": "Point", "coordinates": [85.3311125, 27.6977442]}}, {"type": "Feature", "properties": {"type": "yes", "id": 206081160}, "geometry": {"type": "Point", "coordinates": [85.3308977, 27.6980026]}}, {"type": "Feature", "properties": {"type": "yes", "id": 206081162}, "geometry": {"type": "Point", "coordinates": [85.33096, 27.6972065]}}, {"type": "Feature", "properties": {"type": "yes", "id": 206081164}, "geometry": {"type": "Point", "coordinates": [85.3308859, 27.6976068]}}, {"type": "Feature", "properties": {"type": "yes", "id": 206081172}, "geometry": {"type": "Point", "coordinates": [85.3311546, 27.6972532]}}, {"type": "Feature", "properties": {"type": "yes", "id": 206081177}, "geometry": {"type": "Point", "coordinates": [85.3310577, 27.6978399]}}, {"type": "Feature", "properties": {"type": "yes", "id": 206081179}, "geometry": {"type": "Point", "coordinates": [85.3310368, 27.6975985]}}, {"type": "Feature", "properties": {"type": "yes", "id": 206081190}, "geometry": {"type": "Point", "coordinates": [85.3310662, 27.6973119]}}, {"type": "Feature", "properties": {"type": "yes", "id": 206081191}, "geometry": {"type": "Point", "coordinates": [85.3313821, 27.6972132]}}, {"type": "Feature", "properties": {"type": "yes", "id": 206081197}, "geometry": {"type": "Point", "coordinates": [85.3314479, 27.6972648]}}, {"type": "Feature", "properties": {"type": "yes", "id": 206081199}, "geometry": {"type": "Point", "coordinates": [85.3308975, 27.6978694]}}, {"type": "Feature", "properties": {"name": "Nepal Creative House", "type": "yes", "id": 206081203}, "geometry": {"type": "Point", "coordinates": [85.3309575, 27.6975307]}}, {"type": "Feature", "properties": {"type": "yes", "id": 206081204}, "geometry": {"type": "Point", "coordinates": [85.331537, 27.6973867]}}, {"type": "Feature", "properties": {"name": "Udan Software Pvt Ltd", "type": "mixed_use", "building:levels": "4", "id": 206085080}, "geometry": {"type": "Point", "coordinates": [85.3211529, 27.6779728]}}, {"type": "Feature", "properties": {"type": "school", "id": 206088625}, "geometry": {"type": "Point", "coordinates": [85.3082839, 27.6996964]}}, {"type": "Feature", "properties": {"type": "yes", "id": 206241175}, "geometry": {"type": "Point", "coordinates": [85.278666, 27.7000568]}}, {"type": "Feature", "properties": {"type": "yes", "id": 206241216}, "geometry": {"type": "Point", "coordinates": [85.2792993, 27.6994927]}}, {"type": "Feature", "properties": {"type": "yes", "id": 206241263}, "geometry": {"type": "Point", "coordinates": [85.2792267, 27.6995841]}}, {"type": "Feature", "properties": {"type": "yes", "id": 206241311}, "geometry": {"type": "Point", "coordinates": [85.2792662, 27.6999796]}}, {"type": "Feature", "properties": {"type": "yes", "id": 206241318}, "geometry": {"type": "Point", "coordinates": [85.2795508, 27.6999624]}}, {"type": "Feature", "properties": {"type": "apartments", "id": 206243222}, "geometry": {"type": "Point", "coordinates": [85.3104128, 27.6810842]}}, {"type": "Feature", "properties": {"type": "yes", "id": 206243224}, "geometry": {"type": "Point", "coordinates": [85.3104934, 27.6817592]}}, {"type": "Feature", "properties": {"type": "yes", "id": 206243225}, "geometry": {"type": "Point", "coordinates": [85.3091492, 27.6816538]}}, {"type": "Feature", "properties": {"type": "yes", "id": 206243226}, "geometry": {"type": "Point", "coordinates": [85.3090595, 27.6810122]}}, {"type": "Feature", "properties": {"type": "yes", "id": 206243228}, "geometry": {"type": "Point", "coordinates": [85.3105762, 27.6818899]}}, {"type": "Feature", "properties": {"type": "yes", "id": 206243231}, "geometry": {"type": "Point", "coordinates": [85.309319, 27.6815443]}}, {"type": "Feature", "properties": {"type": "yes", "id": 206243233}, "geometry": {"type": "Point", "coordinates": [85.3097822, 27.6828171]}}, {"type": "Feature", "properties": {"type": "yes", "id": 206243234}, "geometry": {"type": "Point", "coordinates": [85.3099178, 27.6807005]}}, {"type": "Feature", "properties": {"type": "yes", "id": 206243240}, "geometry": {"type": "Point", "coordinates": [85.3097259, 27.6826955]}}, {"type": "Feature", "properties": {"type": "yes", "id": 206243241}, "geometry": {"type": "Point", "coordinates": [85.3099027, 27.6808014]}}, {"type": "Feature", "properties": {"type": "yes", "id": 206243243}, "geometry": {"type": "Point", "coordinates": [85.3093139, 27.683084]}}, {"type": "Feature", "properties": {"type": "yes", "id": 206243245}, "geometry": {"type": "Point", "coordinates": [85.3106992, 27.6821671]}}, {"type": "Feature", "properties": {"type": "yes", "id": 206243246}, "geometry": {"type": "Point", "coordinates": [85.309934, 27.6820967]}}, {"type": "Feature", "properties": {"type": "yes", "id": 206243248}, "geometry": {"type": "Point", "coordinates": [85.3090008, 27.6830525]}}, {"type": "Feature", "properties": {"type": "construction", "id": 206243249}, "geometry": {"type": "Point", "coordinates": [85.310304, 27.6819941]}}, {"type": "Feature", "properties": {"type": "yes", "id": 206243250}, "geometry": {"type": "Point", "coordinates": [85.3107333, 27.6822206]}}, {"type": "Feature", "properties": {"type": "yes", "id": 206243251}, "geometry": {"type": "Point", "coordinates": [85.3107858, 27.6823221]}}, {"type": "Feature", "properties": {"type": "yes", "id": 206243252}, "geometry": {"type": "Point", "coordinates": [85.3103298, 27.6811558]}}, {"type": "Feature", "properties": {"type": "yes", "id": 206243253}, "geometry": {"type": "Point", "coordinates": [85.3100211, 27.6807704]}}, {"type": "Feature", "properties": {"type": "yes", "id": 206243255}, "geometry": {"type": "Point", "coordinates": [85.3106466, 27.682065]}}, {"type": "Feature", "properties": {"type": "yes", "id": 206243257}, "geometry": {"type": "Point", "coordinates": [85.3097788, 27.6831519]}}, {"type": "Feature", "properties": {"type": "yes", "id": 206243258}, "geometry": {"type": "Point", "coordinates": [85.3106748, 27.6821158]}}, {"type": "Feature", "properties": {"type": "yes", "id": 206243260}, "geometry": {"type": "Point", "coordinates": [85.310616, 27.6820109]}}, {"type": "Feature", "properties": {"type": "yes", "id": 206243261}, "geometry": {"type": "Point", "coordinates": [85.3094147, 27.6812774]}}, {"type": "Feature", "properties": {"type": "yes", "id": 206243263}, "geometry": {"type": "Point", "coordinates": [85.3107591, 27.6822692]}}, {"type": "Feature", "properties": {"type": "yes", "id": 206243265}, "geometry": {"type": "Point", "coordinates": [85.3094227, 27.6808863]}}, {"type": "Feature", "properties": {"type": "yes", "id": 206243266}, "geometry": {"type": "Point", "coordinates": [85.3095984, 27.6807992]}}, {"type": "Feature", "properties": {"type": "yes", "id": 206243268}, "geometry": {"type": "Point", "coordinates": [85.3095433, 27.6818964]}}, {"type": "Feature", "properties": {"type": "yes", "id": 206243269}, "geometry": {"type": "Point", "coordinates": [85.3104867, 27.681267]}}, {"type": "Feature", "properties": {"type": "yes", "id": 206243271}, "geometry": {"type": "Point", "coordinates": [85.3095379, 27.6826245]}}, {"type": "Feature", "properties": {"type": "yes", "id": 206243272}, "geometry": {"type": "Point", "coordinates": [85.309232, 27.6816072]}}, {"type": "Feature", "properties": {"name": "Chandra Jung Rana's house", "type": "house", "id": 206245765}, "geometry": {"type": "Point", "coordinates": [85.3073032, 27.6701672]}}, {"type": "Feature", "properties": {"type": "yes", "id": 206254776}, "geometry": {"type": "Point", "coordinates": [85.3317819, 27.6818642]}}, {"type": "Feature", "properties": {"type": "yes", "id": 206254778}, "geometry": {"type": "Point", "coordinates": [85.3319691, 27.6818501]}}, {"type": "Feature", "properties": {"type": "yes", "id": 206254779}, "geometry": {"type": "Point", "coordinates": [85.3322289, 27.6820009]}}, {"type": "Feature", "properties": {"type": "yes", "id": 206254781}, "geometry": {"type": "Point", "coordinates": [85.3325315, 27.6830307]}}, {"type": "Feature", "properties": {"type": "yes", "id": 206254782}, "geometry": {"type": "Point", "coordinates": [85.3316952, 27.6826162]}}, {"type": "Feature", "properties": {"type": "yes", "id": 206254785}, "geometry": {"type": "Point", "coordinates": [85.3323415, 27.6821591]}}, {"type": "Feature", "properties": {"type": "retail", "id": 206254786}, "geometry": {"type": "Point", "coordinates": [85.3324062, 27.6819979]}}, {"type": "Feature", "properties": {"type": "yes", "id": 206254787}, "geometry": {"type": "Point", "coordinates": [85.3317294, 27.6825305]}}, {"type": "Feature", "properties": {"type": "yes", "id": 206254788}, "geometry": {"type": "Point", "coordinates": [85.3318837, 27.6820398]}}, {"type": "Feature", "properties": {"type": "yes", "id": 206254789}, "geometry": {"type": "Point", "coordinates": [85.3314701, 27.6827525]}}, {"type": "Feature", "properties": {"type": "yes", "id": 206254791}, "geometry": {"type": "Point", "coordinates": [85.3323473, 27.6823085]}}, {"type": "Feature", "properties": {"type": "residential", "id": 206254792}, "geometry": {"type": "Point", "coordinates": [85.3325045, 27.6814862]}}, {"type": "Feature", "properties": {"name": "Amod Mani Dixit's residence", "type": "residential", "id": 206291986}, "geometry": {"type": "Point", "coordinates": [85.3049216, 27.6557805]}}, {"type": "Feature", "properties": {"type": "yes", "id": 206467661}, "geometry": {"type": "Point", "coordinates": [85.2404859, 27.6850004]}}, {"type": "Feature", "properties": {"type": "school", "building:levels": "2", "id": 206477382}, "geometry": {"type": "Point", "coordinates": [85.2469282, 27.6923439]}}, {"type": "Feature", "properties": {"name": "Genesis Consultancy (P) Ltd.", "type": "office", "id": 206479992}, "geometry": {"type": "Point", "coordinates": [85.3398933, 27.6911932]}}, {"type": "Feature", "properties": {"name": "Lalitpur Submetropolitan - 13 Ward Office", "type": "yes", "id": 206480077}, "geometry": {"type": "Point", "coordinates": [85.3138323, 27.666081]}}, {"type": "Feature", "properties": {"name": "thapa house", "type": "house", "id": 206480198}, "geometry": {"type": "Point", "coordinates": [85.3036726, 27.6714774]}}, {"type": "Feature", "properties": {"name": "Home Jitendra Maharjan", "type": "yes", "id": 206480719}, "geometry": {"type": "Point", "coordinates": [85.2474451, 27.6940797]}}, {"type": "Feature", "properties": {"name": "Home Jitendra Maharjan(Amit Maharjan)", "type": "yes", "id": 206480720}, "geometry": {"type": "Point", "coordinates": [85.247513, 27.6940479]}}, {"type": "Feature", "properties": {"name": "Home Sajendra Maharjan", "type": "yes", "id": 206480721}, "geometry": {"type": "Point", "coordinates": [85.2474196, 27.6940356]}}, {"type": "Feature", "properties": {"type": "yes", "id": 206480723}, "geometry": {"type": "Point", "coordinates": [85.2482364, 27.6952772]}}, {"type": "Feature", "properties": {"type": "yes", "id": 206480724}, "geometry": {"type": "Point", "coordinates": [85.2482021, 27.6951254]}}, {"type": "Feature", "properties": {"type": "yes", "id": 206480725}, "geometry": {"type": "Point", "coordinates": [85.2482565, 27.6953619]}}, {"type": "Feature", "properties": {"type": "yes", "id": 206480726}, "geometry": {"type": "Point", "coordinates": [85.2482024, 27.6950184]}}, {"type": "Feature", "properties": {"type": "yes", "id": 206482192}, "geometry": {"type": "Point", "coordinates": [85.2469955, 27.6937973]}}, {"type": "Feature", "properties": {"type": "yes", "id": 206482193}, "geometry": {"type": "Point", "coordinates": [85.2469703, 27.6937406]}}, {"type": "Feature", "properties": {"type": "yes", "id": 206482194}, "geometry": {"type": "Point", "coordinates": [85.2472943, 27.6938694]}}, {"type": "Feature", "properties": {"type": "yes", "id": 206482195}, "geometry": {"type": "Point", "coordinates": [85.2470595, 27.6938395]}}, {"type": "Feature", "properties": {"type": "yes", "id": 206482196}, "geometry": {"type": "Point", "coordinates": [85.2472268, 27.6938008]}}, {"type": "Feature", "properties": {"type": "yes", "id": 206482197}, "geometry": {"type": "Point", "coordinates": [85.2470714, 27.6936455]}}, {"type": "Feature", "properties": {"type": "yes", "id": 206482198}, "geometry": {"type": "Point", "coordinates": [85.2471611, 27.6937534]}}, {"type": "Feature", "properties": {"name": "Pusmina Factory", "type": "yes", "id": 206483886}, "geometry": {"type": "Point", "coordinates": [85.2461229, 27.692813]}}, {"type": "Feature", "properties": {"type": "yes", "id": 206483889}, "geometry": {"type": "Point", "coordinates": [85.2466037, 27.6920892]}}, {"type": "Feature", "properties": {"type": "yes", "id": 206483890}, "geometry": {"type": "Point", "coordinates": [85.2464296, 27.6932034]}}, {"type": "Feature", "properties": {"type": "yes", "id": 206483891}, "geometry": {"type": "Point", "coordinates": [85.246623, 27.6921597]}}, {"type": "Feature", "properties": {"type": "yes", "id": 206483892}, "geometry": {"type": "Point", "coordinates": [85.2439533, 27.6907215]}}, {"type": "Feature", "properties": {"type": "yes", "id": 206483896}, "geometry": {"type": "Point", "coordinates": [85.2440208, 27.6908533]}}, {"type": "Feature", "properties": {"type": "yes", "id": 206483897}, "geometry": {"type": "Point", "coordinates": [85.2461721, 27.6918238]}}, {"type": "Feature", "properties": {"type": "yes", "id": 206483898}, "geometry": {"type": "Point", "coordinates": [85.2462201, 27.691883]}}, {"type": "Feature", "properties": {"type": "yes", "id": 206483899}, "geometry": {"type": "Point", "coordinates": [85.2466266, 27.6919797]}}, {"type": "Feature", "properties": {"type": "yes", "id": 206483900}, "geometry": {"type": "Point", "coordinates": [85.2464292, 27.6923976]}}, {"type": "Feature", "properties": {"type": "yes", "id": 206483901}, "geometry": {"type": "Point", "coordinates": [85.2464619, 27.6922518]}}, {"type": "Feature", "properties": {"name": "Ganesh Temple", "type": "yes", "id": 206483906}, "geometry": {"type": "Point", "coordinates": [85.2464963, 27.6933382]}}, {"type": "Feature", "properties": {"name": "Electricty Authority(Nepal Bidhut Pradhikaran)", "type": "office", "id": 206485261}, "geometry": {"type": "Point", "coordinates": [85.2954989, 27.6930912]}}, {"type": "Feature", "properties": {"type": "yes", "id": 206485463}, "geometry": {"type": "Point", "coordinates": [85.2410323, 27.6870539]}}, {"type": "Feature", "properties": {"type": "yes", "id": 206485464}, "geometry": {"type": "Point", "coordinates": [85.2409899, 27.6868948]}}, {"type": "Feature", "properties": {"type": "yes", "id": 206485465}, "geometry": {"type": "Point", "coordinates": [85.2411308, 27.6871763]}}, {"type": "Feature", "properties": {"type": "yes", "id": 206485467}, "geometry": {"type": "Point", "coordinates": [85.2409953, 27.6873484]}}, {"type": "Feature", "properties": {"type": "yes", "id": 206485468}, "geometry": {"type": "Point", "coordinates": [85.2410987, 27.6871527]}}, {"type": "Feature", "properties": {"type": "yes", "id": 206485469}, "geometry": {"type": "Point", "coordinates": [85.2411419, 27.6871308]}}, {"type": "Feature", "properties": {"type": "yes", "id": 206485470}, "geometry": {"type": "Point", "coordinates": [85.2410137, 27.6870146]}}, {"type": "Feature", "properties": {"type": "yes", "id": 206485471}, "geometry": {"type": "Point", "coordinates": [85.2429238, 27.6864191]}}, {"type": "Feature", "properties": {"type": "yes", "id": 206485472}, "geometry": {"type": "Point", "coordinates": [85.2427034, 27.6863486]}}, {"type": "Feature", "properties": {"type": "yes", "id": 206485473}, "geometry": {"type": "Point", "coordinates": [85.2409921, 27.6869402]}}, {"type": "Feature", "properties": {"type": "yes", "id": 206485474}, "geometry": {"type": "Point", "coordinates": [85.2426284, 27.6864509]}}, {"type": "Feature", "properties": {"type": "yes", "id": 206485475}, "geometry": {"type": "Point", "coordinates": [85.2426346, 27.686555]}}, {"type": "Feature", "properties": {"type": "yes", "id": 206485476}, "geometry": {"type": "Point", "coordinates": [85.2409868, 27.6868495]}}, {"type": "Feature", "properties": {"type": "yes", "id": 206485477}, "geometry": {"type": "Point", "coordinates": [85.2429948, 27.6863864]}}, {"type": "Feature", "properties": {"type": "yes", "id": 206485478}, "geometry": {"type": "Point", "coordinates": [85.2409929, 27.6872417]}}, {"type": "Feature", "properties": {"type": "yes", "id": 206485479}, "geometry": {"type": "Point", "coordinates": [85.2409947, 27.6869816]}}, {"type": "Feature", "properties": {"type": "yes", "id": 206485482}, "geometry": {"type": "Point", "coordinates": [85.2402245, 27.6864549]}}, {"type": "Feature", "properties": {"type": "yes", "id": 206485483}, "geometry": {"type": "Point", "coordinates": [85.2405078, 27.6864913]}}, {"type": "Feature", "properties": {"type": "yes", "id": 206485484}, "geometry": {"type": "Point", "coordinates": [85.2403001, 27.6865264]}}, {"type": "Feature", "properties": {"type": "yes", "id": 206485485}, "geometry": {"type": "Point", "coordinates": [85.2401412, 27.6863748]}}, {"type": "Feature", "properties": {"type": "yes", "id": 206485486}, "geometry": {"type": "Point", "coordinates": [85.2400818, 27.6863157]}}, {"type": "Feature", "properties": {"type": "yes", "id": 206485487}, "geometry": {"type": "Point", "coordinates": [85.2406974, 27.6866485]}}, {"type": "Feature", "properties": {"type": "yes", "id": 206485488}, "geometry": {"type": "Point", "coordinates": [85.2408056, 27.6866889]}}, {"type": "Feature", "properties": {"type": "yes", "id": 206485489}, "geometry": {"type": "Point", "coordinates": [85.2399994, 27.6862818]}}, {"type": "Feature", "properties": {"type": "yes", "id": 206485490}, "geometry": {"type": "Point", "coordinates": [85.2405032, 27.6866272]}}, {"type": "Feature", "properties": {"type": "yes", "id": 206486273}, "geometry": {"type": "Point", "coordinates": [85.309613, 27.6719064]}}, {"type": "Feature", "properties": {"type": "residential", "id": 206487141}, "geometry": {"type": "Point", "coordinates": [85.2985637, 27.6814235]}}, {"type": "Feature", "properties": {"type": "residential", "id": 206487142}, "geometry": {"type": "Point", "coordinates": [85.2986086, 27.6814896]}}, {"type": "Feature", "properties": {"type": "residential", "id": 206487143}, "geometry": {"type": "Point", "coordinates": [85.2986271, 27.6817594]}}, {"type": "Feature", "properties": {"type": "residential", "id": 206487144}, "geometry": {"type": "Point", "coordinates": [85.298597, 27.681628]}}, {"type": "Feature", "properties": {"type": "residential", "id": 206487145}, "geometry": {"type": "Point", "coordinates": [85.2986643, 27.6819412]}}, {"type": "Feature", "properties": {"type": "residential", "id": 206487146}, "geometry": {"type": "Point", "coordinates": [85.2986495, 27.6818708]}}, {"type": "Feature", "properties": {"name": "dairy shop", "type": "shop", "id": 206487480}, "geometry": {"type": "Point", "coordinates": [85.2980206, 27.6820766]}}, {"type": "Feature", "properties": {"type": "residential", "id": 206487481}, "geometry": {"type": "Point", "coordinates": [85.2981007, 27.6820439]}}, {"type": "Feature", "properties": {"type": "residential", "id": 206487482}, "geometry": {"type": "Point", "coordinates": [85.2982067, 27.6820589]}}, {"type": "Feature", "properties": {"type": "residential", "id": 206487483}, "geometry": {"type": "Point", "coordinates": [85.2983085, 27.6820559]}}, {"type": "Feature", "properties": {"type": "residential", "id": 206487838}, "geometry": {"type": "Point", "coordinates": [85.2980798, 27.6818979]}}, {"type": "Feature", "properties": {"type": "residential", "id": 206487839}, "geometry": {"type": "Point", "coordinates": [85.2983426, 27.681933]}}, {"type": "Feature", "properties": {"type": "residential", "id": 206487841}, "geometry": {"type": "Point", "coordinates": [85.2979418, 27.6819478]}}, {"type": "Feature", "properties": {"type": "yes", "id": 206488114}, "geometry": {"type": "Point", "coordinates": [85.3063192, 27.6720029]}}, {"type": "Feature", "properties": {"type": "residential", "id": 206488698}, "geometry": {"type": "Point", "coordinates": [85.2973803, 27.6820329]}}, {"type": "Feature", "properties": {"type": "residential", "id": 206488699}, "geometry": {"type": "Point", "coordinates": [85.2973305, 27.6819867]}}, {"type": "Feature", "properties": {"type": "residential", "id": 206488701}, "geometry": {"type": "Point", "coordinates": [85.297833, 27.6821464]}}, {"type": "Feature", "properties": {"type": "yes", "id": 206488761}, "geometry": {"type": "Point", "coordinates": [85.3052809, 27.6611403]}}, {"type": "Feature", "properties": {"name": "Nyatapola Temple", "type": "temple", "height": "2", "id": 85470341}, "geometry": {"type": "Point", "coordinates": [85.4293725, 27.6714097]}}, {"type": "Feature", "properties": {"name": "Saraswati Niwas", "type": "house", "id": 177782720}, "geometry": {"type": "Point", "coordinates": [85.3581208, 27.6726202]}}, {"type": "Feature", "properties": {"type": "school", "building:levels": "3", "id": 178915834}, "geometry": {"type": "Point", "coordinates": [85.3582514, 27.6721601]}}, {"type": "Feature", "properties": {"type": "yes", "id": 178915838}, "geometry": {"type": "Point", "coordinates": [85.3651377, 27.6747722]}}, {"type": "Feature", "properties": {"type": "yes", "id": 178915840}, "geometry": {"type": "Point", "coordinates": [85.3650164, 27.6748289]}}, {"type": "Feature", "properties": {"name": "Acer International College", "type": "college", "building:levels": "7", "id": 178915843}, "geometry": {"type": "Point", "coordinates": [85.3608783, 27.6744173]}}, {"type": "Feature", "properties": {"type": "hospital", "building:levels": "1", "id": 179096426}, "geometry": {"type": "Point", "coordinates": [85.4220308, 27.6721149]}}, {"type": "Feature", "properties": {"type": "yes", "id": 180521957}, "geometry": {"type": "Point", "coordinates": [85.3487397, 27.683644]}}, {"type": "Feature", "properties": {"type": "yes", "id": 180521960}, "geometry": {"type": "Point", "coordinates": [85.3484936, 27.6840816]}}, {"type": "Feature", "properties": {"type": "yes", "id": 180521961}, "geometry": {"type": "Point", "coordinates": [85.3485539, 27.6839775]}}, {"type": "Feature", "properties": {"type": "yes", "id": 180521962}, "geometry": {"type": "Point", "coordinates": [85.3478358, 27.6846957]}}, {"type": "Feature", "properties": {"type": "yes", "id": 180521966}, "geometry": {"type": "Point", "coordinates": [85.347977, 27.6842868]}}, {"type": "Feature", "properties": {"type": "yes", "id": 180521968}, "geometry": {"type": "Point", "coordinates": [85.3480527, 27.6839928]}}, {"type": "Feature", "properties": {"type": "yes", "id": 180521972}, "geometry": {"type": "Point", "coordinates": [85.3486413, 27.6837648]}}, {"type": "Feature", "properties": {"name": "Unique Fast Food", "type": "yes", "id": 180521979}, "geometry": {"type": "Point", "coordinates": [85.3487654, 27.6835802]}}, {"type": "Feature", "properties": {"type": "yes", "id": 180521983}, "geometry": {"type": "Point", "coordinates": [85.3481901, 27.6836775]}}, {"type": "Feature", "properties": {"type": "yes", "id": 180521984}, "geometry": {"type": "Point", "coordinates": [85.3475563, 27.6850183]}}, {"type": "Feature", "properties": {"type": "yes", "id": 180521989}, "geometry": {"type": "Point", "coordinates": [85.3483038, 27.6838328]}}, {"type": "Feature", "properties": {"name": "Black Swan Investment Technologies", "type": "office", "id": 180525758}, "geometry": {"type": "Point", "coordinates": [85.3438059, 27.6821851]}}, {"type": "Feature", "properties": {"name": "SoftNEP Private Limited", "type": "yes", "id": 180526189}, "geometry": {"type": "Point", "coordinates": [85.3416046, 27.6886552]}}, {"type": "Feature", "properties": {"type": "yes", "id": 180766078}, "geometry": {"type": "Point", "coordinates": [85.3477944, 27.6838761]}}, {"type": "Feature", "properties": {"type": "yes", "id": 180766079}, "geometry": {"type": "Point", "coordinates": [85.347836, 27.6841725]}}, {"type": "Feature", "properties": {"type": "yes", "id": 180766081}, "geometry": {"type": "Point", "coordinates": [85.3481422, 27.6839176]}}, {"type": "Feature", "properties": {"type": "yes", "id": 180766089}, "geometry": {"type": "Point", "coordinates": [85.3479968, 27.6837546]}}, {"type": "Feature", "properties": {"type": "yes", "id": 180766091}, "geometry": {"type": "Point", "coordinates": [85.3479054, 27.6840819]}}, {"type": "Feature", "properties": {"type": "yes", "id": 180766096}, "geometry": {"type": "Point", "coordinates": [85.3473724, 27.6837993]}}, {"type": "Feature", "properties": {"type": "yes", "id": 180766100}, "geometry": {"type": "Point", "coordinates": [85.3476053, 27.6836394]}}, {"type": "Feature", "properties": {"type": "yes", "id": 180766109}, "geometry": {"type": "Point", "coordinates": [85.3475666, 27.6839404]}}, {"type": "Feature", "properties": {"type": "yes", "id": 180766111}, "geometry": {"type": "Point", "coordinates": [85.3476563, 27.6840168]}}, {"type": "Feature", "properties": {"type": "yes", "id": 180766113}, "geometry": {"type": "Point", "coordinates": [85.3460232, 27.6840594]}}, {"type": "Feature", "properties": {"name": "Chhimeki Shopping Center", "type": "yes", "id": 180766116}, "geometry": {"type": "Point", "coordinates": [85.3461923, 27.6838788]}}, {"type": "Feature", "properties": {"type": "yes", "id": 180766123}, "geometry": {"type": "Point", "coordinates": [85.3476813, 27.6838129]}}, {"type": "Feature", "properties": {"type": "yes", "id": 180766127}, "geometry": {"type": "Point", "coordinates": [85.3474197, 27.6836379]}}, {"type": "Feature", "properties": {"type": "yes", "id": 180766132}, "geometry": {"type": "Point", "coordinates": [85.3477482, 27.6843453]}}, {"type": "Feature", "properties": {"type": "yes", "id": 180766136}, "geometry": {"type": "Point", "coordinates": [85.3474207, 27.6844953]}}, {"type": "Feature", "properties": {"type": "yes", "id": 180766138}, "geometry": {"type": "Point", "coordinates": [85.3478693, 27.6836408]}}, {"type": "Feature", "properties": {"type": "yes", "id": 180766139}, "geometry": {"type": "Point", "coordinates": [85.348225, 27.6841573]}}, {"type": "Feature", "properties": {"name": "Kantipur Publication of Nepal", "type": "yes", "id": 180766141}, "geometry": {"type": "Point", "coordinates": [85.3453555, 27.6853519]}}, {"type": "Feature", "properties": {"name": "Century Commercial Bank Limited", "type": "yes", "id": 180767854}, "geometry": {"type": "Point", "coordinates": [85.3491981, 27.6809538]}}, {"type": "Feature", "properties": {"type": "yes", "id": 180767857}, "geometry": {"type": "Point", "coordinates": [85.3484837, 27.680334]}}, {"type": "Feature", "properties": {"type": "yes", "id": 180767875}, "geometry": {"type": "Point", "coordinates": [85.3488947, 27.6803831]}}, {"type": "Feature", "properties": {"type": "yes", "id": 180767881}, "geometry": {"type": "Point", "coordinates": [85.3489211, 27.6809421]}}, {"type": "Feature", "properties": {"type": "yes", "id": 180767885}, "geometry": {"type": "Point", "coordinates": [85.3487773, 27.6801026]}}, {"type": "Feature", "properties": {"type": "school", "building:levels": "3", "id": 180771961}, "geometry": {"type": "Point", "coordinates": [85.3518936, 27.6948198]}}, {"type": "Feature", "properties": {"type": "yes", "id": 181032084}, "geometry": {"type": "Point", "coordinates": [85.3487415, 27.6799931]}}, {"type": "Feature", "properties": {"type": "college", "building:levels": "2", "id": 181032086}, "geometry": {"type": "Point", "coordinates": [85.3486992, 27.6798615]}}, {"type": "Feature", "properties": {"name": "Hotel Tapowan", "type": "commercial", "id": 181032090}, "geometry": {"type": "Point", "coordinates": [85.3481444, 27.6815605]}}, {"type": "Feature", "properties": {"type": "yes", "id": 181032094}, "geometry": {"type": "Point", "coordinates": [85.3486189, 27.6808044]}}, {"type": "Feature", "properties": {"type": "yes", "id": 181032104}, "geometry": {"type": "Point", "coordinates": [85.3485622, 27.6809822]}}, {"type": "Feature", "properties": {"type": "college", "building:levels": "3", "id": 181032113}, "geometry": {"type": "Point", "coordinates": [85.3483657, 27.6798675]}}, {"type": "Feature", "properties": {"name": "Biraj Dental Hospital", "type": "clinic", "building:levels": "4", "id": 181032115}, "geometry": {"type": "Point", "coordinates": [85.3488205, 27.6798378]}}, {"type": "Feature", "properties": {"type": "yes", "id": 181032116}, "geometry": {"type": "Point", "coordinates": [85.3483849, 27.6809554]}}, {"type": "Feature", "properties": {"type": "yes", "id": 181032139}, "geometry": {"type": "Point", "coordinates": [85.3482887, 27.6806706]}}, {"type": "Feature", "properties": {"type": "yes", "id": 181032140}, "geometry": {"type": "Point", "coordinates": [85.3489655, 27.6800442]}}, {"type": "Feature", "properties": {"name": "J B Tailors", "type": "commercial", "building:levels": "5", "id": 181340139}, "geometry": {"type": "Point", "coordinates": [85.3452848, 27.6858828]}}, {"type": "Feature", "properties": {"type": "yes", "id": 181340158}, "geometry": {"type": "Point", "coordinates": [85.3449511, 27.6846359]}}, {"type": "Feature", "properties": {"name": "Neupane Tower", "type": "commercial", "building:levels": "8", "id": 181340173}, "geometry": {"type": "Point", "coordinates": [85.3444728, 27.6859013]}}, {"type": "Feature", "properties": {"name": "38 Mitra Marga", "type": "yes", "id": 181525947}, "geometry": {"type": "Point", "coordinates": [85.3441071, 27.6834165]}}, {"type": "Feature", "properties": {"type": "yes", "id": 181525959}, "geometry": {"type": "Point", "coordinates": [85.3434831, 27.6834234]}}, {"type": "Feature", "properties": {"type": "college", "building:levels": "5", "id": 181525963}, "geometry": {"type": "Point", "coordinates": [85.3436421, 27.6853437]}}, {"type": "Feature", "properties": {"type": "yes", "id": 181525978}, "geometry": {"type": "Point", "coordinates": [85.3435943, 27.6834178]}}, {"type": "Feature", "properties": {"type": "commercial", "building:levels": "1", "id": 181525983}, "geometry": {"type": "Point", "coordinates": [85.3444847, 27.6853321]}}, {"type": "Feature", "properties": {"type": "yes", "id": 181525995}, "geometry": {"type": "Point", "coordinates": [85.3431747, 27.6833178]}}, {"type": "Feature", "properties": {"name": "triton school", "type": "school", "building:levels": "3", "id": 181525998}, "geometry": {"type": "Point", "coordinates": [85.3443946, 27.6840308]}}, {"type": "Feature", "properties": {"type": "yes", "id": 181526006}, "geometry": {"type": "Point", "coordinates": [85.3438669, 27.6834186]}}, {"type": "Feature", "properties": {"type": "yes", "id": 181526010}, "geometry": {"type": "Point", "coordinates": [85.3462642, 27.6823987]}}, {"type": "Feature", "properties": {"type": "yes", "id": 181526015}, "geometry": {"type": "Point", "coordinates": [85.3456173, 27.6825206]}}, {"type": "Feature", "properties": {"type": "yes", "id": 181526016}, "geometry": {"type": "Point", "coordinates": [85.3429881, 27.6834464]}}, {"type": "Feature", "properties": {"type": "yes", "id": 181526017}, "geometry": {"type": "Point", "coordinates": [85.345796, 27.6824578]}}, {"type": "Feature", "properties": {"type": "yes", "id": 181526018}, "geometry": {"type": "Point", "coordinates": [85.3463515, 27.6826164]}}, {"type": "Feature", "properties": {"name": "Gautam Niwas", "type": "yes", "id": 181526027}, "geometry": {"type": "Point", "coordinates": [85.3453258, 27.6827301]}}, {"type": "Feature", "properties": {"type": "yes", "id": 181526031}, "geometry": {"type": "Point", "coordinates": [85.3457644, 27.6827177]}}, {"type": "Feature", "properties": {"type": "yes", "id": 181526033}, "geometry": {"type": "Point", "coordinates": [85.3459323, 27.6821891]}}, {"type": "Feature", "properties": {"type": "yes", "id": 181526035}, "geometry": {"type": "Point", "coordinates": [85.3462251, 27.6825989]}}, {"type": "Feature", "properties": {"name": "V.S. Niketan School & College", "type": "school", "id": 181526037}, "geometry": {"type": "Point", "coordinates": [85.344038, 27.6857398]}}, {"type": "Feature", "properties": {"type": "yes", "id": 181526045}, "geometry": {"type": "Point", "coordinates": [85.3468515, 27.682599]}}, {"type": "Feature", "properties": {"type": "yes", "id": 181526047}, "geometry": {"type": "Point", "coordinates": [85.3458801, 27.6827653]}}, {"type": "Feature", "properties": {"type": "yes", "id": 181526052}, "geometry": {"type": "Point", "coordinates": [85.3457621, 27.6830896]}}, {"type": "Feature", "properties": {"type": "yes", "id": 181526054}, "geometry": {"type": "Point", "coordinates": [85.3458744, 27.6823958]}}, {"type": "Feature", "properties": {"type": "yes", "id": 181526065}, "geometry": {"type": "Point", "coordinates": [85.3461346, 27.6821268]}}, {"type": "Feature", "properties": {"name": "Kathmandu Municipality Ward No. 34 Office", "type": "yes", "id": 181573748}, "geometry": {"type": "Point", "coordinates": [85.3442713, 27.699628]}}, {"type": "Feature", "properties": {"type": "house", "id": 181675591}, "geometry": {"type": "Point", "coordinates": [85.3444994, 27.6826886]}}, {"type": "Feature", "properties": {"type": "yes", "id": 181675596}, "geometry": {"type": "Point", "coordinates": [85.3441964, 27.6829153]}}, {"type": "Feature", "properties": {"type": "yes", "id": 181675597}, "geometry": {"type": "Point", "coordinates": [85.3444085, 27.6821318]}}, {"type": "Feature", "properties": {"type": "school", "building:levels": "3", "id": 181675599}, "geometry": {"type": "Point", "coordinates": [85.3428809, 27.6818556]}}, {"type": "Feature", "properties": {"type": "yes", "id": 181675612}, "geometry": {"type": "Point", "coordinates": [85.3441205, 27.6824095]}}, {"type": "Feature", "properties": {"type": "yes", "id": 181675613}, "geometry": {"type": "Point", "coordinates": [85.3430579, 27.6820267]}}, {"type": "Feature", "properties": {"type": "yes", "id": 181675616}, "geometry": {"type": "Point", "coordinates": [85.3436028, 27.6818245]}}, {"type": "Feature", "properties": {"type": "yes", "id": 181675620}, "geometry": {"type": "Point", "coordinates": [85.3447247, 27.6823415]}}, {"type": "Feature", "properties": {"type": "yes", "id": 181675621}, "geometry": {"type": "Point", "coordinates": [85.3439485, 27.6819149]}}, {"type": "Feature", "properties": {"type": "yes", "id": 181675623}, "geometry": {"type": "Point", "coordinates": [85.3438478, 27.6820191]}}, {"type": "Feature", "properties": {"type": "yes", "id": 181675625}, "geometry": {"type": "Point", "coordinates": [85.3435708, 27.6817017]}}, {"type": "Feature", "properties": {"type": "yes", "id": 181675626}, "geometry": {"type": "Point", "coordinates": [85.3436862, 27.6816989]}}, {"type": "Feature", "properties": {"type": "yes", "id": 181675631}, "geometry": {"type": "Point", "coordinates": [85.3444808, 27.6818491]}}, {"type": "Feature", "properties": {"type": "yes", "id": 181675634}, "geometry": {"type": "Point", "coordinates": [85.3444916, 27.6819705]}}, {"type": "Feature", "properties": {"type": "yes", "id": 181675638}, "geometry": {"type": "Point", "coordinates": [85.3442281, 27.6817646]}}, {"type": "Feature", "properties": {"type": "yes", "id": 181675639}, "geometry": {"type": "Point", "coordinates": [85.3436094, 27.6820841]}}, {"type": "Feature", "properties": {"type": "yes", "id": 181675640}, "geometry": {"type": "Point", "coordinates": [85.3443355, 27.6819451]}}, {"type": "Feature", "properties": {"type": "house", "id": 181675641}, "geometry": {"type": "Point", "coordinates": [85.3454919, 27.6818732]}}, {"type": "Feature", "properties": {"type": "yes", "id": 181675644}, "geometry": {"type": "Point", "coordinates": [85.3437409, 27.6817882]}}, {"type": "Feature", "properties": {"type": "yes", "id": 181675645}, "geometry": {"type": "Point", "coordinates": [85.3442247, 27.6819671]}}, {"type": "Feature", "properties": {"type": "yes", "id": 181675647}, "geometry": {"type": "Point", "coordinates": [85.3448676, 27.6823819]}}, {"type": "Feature", "properties": {"type": "yes", "id": 181675649}, "geometry": {"type": "Point", "coordinates": [85.3452851, 27.6819035]}}, {"type": "Feature", "properties": {"type": "yes", "id": 181675654}, "geometry": {"type": "Point", "coordinates": [85.3444216, 27.6816192]}}, {"type": "Feature", "properties": {"type": "yes", "id": 181675657}, "geometry": {"type": "Point", "coordinates": [85.3452741, 27.6813919]}}, {"type": "Feature", "properties": {"type": "yes", "id": 181675659}, "geometry": {"type": "Point", "coordinates": [85.3446834, 27.6824703]}}, {"type": "Feature", "properties": {"type": "yes", "id": 181675660}, "geometry": {"type": "Point", "coordinates": [85.3451647, 27.6819339]}}, {"type": "Feature", "properties": {"type": "yes", "id": 181675664}, "geometry": {"type": "Point", "coordinates": [85.3439412, 27.6817848]}}, {"type": "Feature", "properties": {"type": "yes", "id": 181675665}, "geometry": {"type": "Point", "coordinates": [85.3441544, 27.6816595]}}, {"type": "Feature", "properties": {"type": "yes", "id": 181675666}, "geometry": {"type": "Point", "coordinates": [85.3439721, 27.6820052]}}, {"type": "Feature", "properties": {"type": "yes", "id": 181675667}, "geometry": {"type": "Point", "coordinates": [85.3442667, 27.6816526]}}, {"type": "Feature", "properties": {"type": "yes", "id": 181675668}, "geometry": {"type": "Point", "coordinates": [85.3445368, 27.6816219]}}, {"type": "Feature", "properties": {"type": "yes", "id": 181675674}, "geometry": {"type": "Point", "coordinates": [85.3447319, 27.6816424]}}, {"type": "Feature", "properties": {"type": "yes", "id": 181675675}, "geometry": {"type": "Point", "coordinates": [85.3449576, 27.6819298]}}, {"type": "Feature", "properties": {"name": "Raju Gajurel", "type": "residential", "building:levels": "3", "id": 181675679}, "geometry": {"type": "Point", "coordinates": [85.3478641, 27.6828144]}}, {"type": "Feature", "properties": {"type": "yes", "id": 181675683}, "geometry": {"type": "Point", "coordinates": [85.3442492, 27.6826849]}}, {"type": "Feature", "properties": {"type": "yes", "id": 181675684}, "geometry": {"type": "Point", "coordinates": [85.344895, 27.6817566]}}, {"type": "Feature", "properties": {"type": "yes", "id": 181675687}, "geometry": {"type": "Point", "coordinates": [85.3445856, 27.6823176]}}, {"type": "Feature", "properties": {"name": "Binod Gajurel", "type": "residential", "id": 181675688}, "geometry": {"type": "Point", "coordinates": [85.3477005, 27.6827528]}}, {"type": "Feature", "properties": {"type": "yes", "id": 181675698}, "geometry": {"type": "Point", "coordinates": [85.3446151, 27.6820921]}}, {"type": "Feature", "properties": {"type": "house", "id": 181688308}, "geometry": {"type": "Point", "coordinates": [85.3470331, 27.6828539]}}, {"type": "Feature", "properties": {"type": "house", "id": 181688309}, "geometry": {"type": "Point", "coordinates": [85.347408, 27.6821087]}}, {"type": "Feature", "properties": {"type": "house", "id": 181688310}, "geometry": {"type": "Point", "coordinates": [85.3423724, 27.6821249]}}, {"type": "Feature", "properties": {"type": "house", "id": 181688311}, "geometry": {"type": "Point", "coordinates": [85.3469221, 27.6827491]}}, {"type": "Feature", "properties": {"type": "house", "id": 181688313}, "geometry": {"type": "Point", "coordinates": [85.3425469, 27.6821906]}}, {"type": "Feature", "properties": {"type": "house", "id": 181688317}, "geometry": {"type": "Point", "coordinates": [85.3423023, 27.6819614]}}, {"type": "Feature", "properties": {"type": "house", "id": 181688319}, "geometry": {"type": "Point", "coordinates": [85.3471077, 27.6821597]}}, {"type": "Feature", "properties": {"type": "house", "id": 181688322}, "geometry": {"type": "Point", "coordinates": [85.3424419, 27.6817049]}}, {"type": "Feature", "properties": {"type": "house", "id": 181688324}, "geometry": {"type": "Point", "coordinates": [85.3471487, 27.6824336]}}, {"type": "Feature", "properties": {"type": "house", "id": 181688330}, "geometry": {"type": "Point", "coordinates": [85.3426634, 27.6816672]}}, {"type": "Feature", "properties": {"type": "house", "id": 181688334}, "geometry": {"type": "Point", "coordinates": [85.3472941, 27.6824191]}}, {"type": "Feature", "properties": {"type": "house", "id": 181688338}, "geometry": {"type": "Point", "coordinates": [85.3474699, 27.6822058]}}, {"type": "Feature", "properties": {"type": "house", "id": 181688339}, "geometry": {"type": "Point", "coordinates": [85.3422434, 27.68185]}}, {"type": "Feature", "properties": {"type": "house", "id": 181688341}, "geometry": {"type": "Point", "coordinates": [85.342236, 27.6817457]}}, {"type": "Feature", "properties": {"type": "house", "id": 181688343}, "geometry": {"type": "Point", "coordinates": [85.3426944, 27.6818148]}}, {"type": "Feature", "properties": {"type": "house", "id": 181688346}, "geometry": {"type": "Point", "coordinates": [85.3469597, 27.6824959]}}, {"type": "Feature", "properties": {"type": "house", "id": 181688347}, "geometry": {"type": "Point", "coordinates": [85.3426383, 27.6821299]}}, {"type": "Feature", "properties": {"type": "house", "id": 181688348}, "geometry": {"type": "Point", "coordinates": [85.3419338, 27.6820341]}}, {"type": "Feature", "properties": {"type": "house", "id": 181688349}, "geometry": {"type": "Point", "coordinates": [85.3475959, 27.6824117]}}, {"type": "Feature", "properties": {"type": "house", "id": 181688350}, "geometry": {"type": "Point", "coordinates": [85.3427673, 27.6819751]}}, {"type": "Feature", "properties": {"type": "house", "id": 181688351}, "geometry": {"type": "Point", "coordinates": [85.3423787, 27.6818264]}}, {"type": "Feature", "properties": {"type": "house", "id": 181688352}, "geometry": {"type": "Point", "coordinates": [85.3449835, 27.6827405]}}, {"type": "Feature", "properties": {"type": "house", "id": 181688353}, "geometry": {"type": "Point", "coordinates": [85.3425383, 27.6818306]}}, {"type": "Feature", "properties": {"type": "house", "id": 181688354}, "geometry": {"type": "Point", "coordinates": [85.3425243, 27.6816818]}}, {"type": "Feature", "properties": {"type": "house", "id": 181688355}, "geometry": {"type": "Point", "coordinates": [85.342421, 27.6819281]}}, {"type": "Feature", "properties": {"type": "house", "id": 181688360}, "geometry": {"type": "Point", "coordinates": [85.3475076, 27.6823094]}}, {"type": "Feature", "properties": {"type": "house", "id": 181688363}, "geometry": {"type": "Point", "coordinates": [85.3424665, 27.6820898]}}, {"type": "Feature", "properties": {"type": "house", "id": 181688364}, "geometry": {"type": "Point", "coordinates": [85.3425503, 27.6820152]}}, {"type": "Feature", "properties": {"type": "house", "id": 181688367}, "geometry": {"type": "Point", "coordinates": [85.3417985, 27.6817744]}}, {"type": "Feature", "properties": {"type": "yes", "id": 181688369}, "geometry": {"type": "Point", "coordinates": [85.3423147, 27.6825075]}}, {"type": "Feature", "properties": {"type": "yes", "id": 181688370}, "geometry": {"type": "Point", "coordinates": [85.3420013, 27.6818734]}}, {"type": "Feature", "properties": {"type": "yes", "id": 181688371}, "geometry": {"type": "Point", "coordinates": [85.3430741, 27.6822647]}}, {"type": "Feature", "properties": {"type": "yes", "id": 181688376}, "geometry": {"type": "Point", "coordinates": [85.3430758, 27.682521]}}, {"type": "Feature", "properties": {"type": "yes", "id": 181688377}, "geometry": {"type": "Point", "coordinates": [85.3432909, 27.6823624]}}, {"type": "Feature", "properties": {"type": "yes", "id": 181688378}, "geometry": {"type": "Point", "coordinates": [85.3433391, 27.6825688]}}, {"type": "Feature", "properties": {"type": "yes", "id": 181688379}, "geometry": {"type": "Point", "coordinates": [85.3427329, 27.6827659]}}, {"type": "Feature", "properties": {"type": "yes", "id": 181688380}, "geometry": {"type": "Point", "coordinates": [85.3432771, 27.6827346]}}, {"type": "Feature", "properties": {"type": "yes", "id": 181688381}, "geometry": {"type": "Point", "coordinates": [85.3428525, 27.6823713]}}, {"type": "Feature", "properties": {"type": "yes", "id": 181688382}, "geometry": {"type": "Point", "coordinates": [85.3429282, 27.6822703]}}, {"type": "Feature", "properties": {"type": "yes", "id": 181688383}, "geometry": {"type": "Point", "coordinates": [85.3431721, 27.6824332]}}, {"type": "Feature", "properties": {"type": "yes", "id": 181688386}, "geometry": {"type": "Point", "coordinates": [85.3430046, 27.6821954]}}, {"type": "Feature", "properties": {"type": "house", "id": 181688387}, "geometry": {"type": "Point", "coordinates": [85.3421604, 27.6819812]}}, {"type": "Feature", "properties": {"type": "yes", "id": 181688390}, "geometry": {"type": "Point", "coordinates": [85.3426242, 27.6826897]}}, {"type": "Feature", "properties": {"type": "yes", "id": 181688391}, "geometry": {"type": "Point", "coordinates": [85.3430133, 27.6824448]}}, {"type": "Feature", "properties": {"name": "Kids Wonderland", "type": "yes", "id": 181689163}, "geometry": {"type": "Point", "coordinates": [85.3477104, 27.6807982]}}, {"type": "Feature", "properties": {"type": "yes", "id": 181689164}, "geometry": {"type": "Point", "coordinates": [85.3462334, 27.6814563]}}, {"type": "Feature", "properties": {"type": "school", "building:levels": "3", "id": 181689167}, "geometry": {"type": "Point", "coordinates": [85.3472167, 27.6815238]}}, {"type": "Feature", "properties": {"type": "yes", "id": 181689168}, "geometry": {"type": "Point", "coordinates": [85.3463345, 27.681923]}}, {"type": "Feature", "properties": {"type": "yes", "id": 181689178}, "geometry": {"type": "Point", "coordinates": [85.3462506, 27.6815593]}}, {"type": "Feature", "properties": {"type": "yes", "id": 181689181}, "geometry": {"type": "Point", "coordinates": [85.3474347, 27.6807651]}}, {"type": "Feature", "properties": {"type": "yes", "id": 181689182}, "geometry": {"type": "Point", "coordinates": [85.3470332, 27.68184]}}, {"type": "Feature", "properties": {"type": "yes", "id": 181689185}, "geometry": {"type": "Point", "coordinates": [85.3464082, 27.6816118]}}, {"type": "Feature", "properties": {"type": "yes", "id": 181689192}, "geometry": {"type": "Point", "coordinates": [85.3462597, 27.6816863]}}, {"type": "Feature", "properties": {"type": "yes", "id": 181689214}, "geometry": {"type": "Point", "coordinates": [85.3462071, 27.681838]}}, {"type": "Feature", "properties": {"type": "school", "building:levels": "3", "id": 181689219}, "geometry": {"type": "Point", "coordinates": [85.3475265, 27.6816594]}}, {"type": "Feature", "properties": {"type": "yes", "id": 181689227}, "geometry": {"type": "Point", "coordinates": [85.3468576, 27.6813268]}}, {"type": "Feature", "properties": {"type": "yes", "id": 181689230}, "geometry": {"type": "Point", "coordinates": [85.3458974, 27.6812122]}}, {"type": "Feature", "properties": {"type": "house", "id": 181689237}, "geometry": {"type": "Point", "coordinates": [85.3449112, 27.6812703]}}, {"type": "Feature", "properties": {"type": "yes", "id": 181689238}, "geometry": {"type": "Point", "coordinates": [85.3481731, 27.6808013]}}, {"type": "Feature", "properties": {"type": "yes", "id": 181689239}, "geometry": {"type": "Point", "coordinates": [85.34527, 27.6812094]}}, {"type": "Feature", "properties": {"type": "house", "id": 181952949}, "geometry": {"type": "Point", "coordinates": [85.3422795, 27.681244]}}, {"type": "Feature", "properties": {"type": "house", "id": 181952958}, "geometry": {"type": "Point", "coordinates": [85.3443879, 27.6812442]}}, {"type": "Feature", "properties": {"type": "house", "id": 181952959}, "geometry": {"type": "Point", "coordinates": [85.344239, 27.6814506]}}, {"type": "Feature", "properties": {"type": "house", "id": 181952960}, "geometry": {"type": "Point", "coordinates": [85.3445856, 27.6812665]}}, {"type": "Feature", "properties": {"type": "house", "id": 181952961}, "geometry": {"type": "Point", "coordinates": [85.3421611, 27.6814925]}}, {"type": "Feature", "properties": {"type": "house", "id": 181952962}, "geometry": {"type": "Point", "coordinates": [85.3420631, 27.6814853]}}, {"type": "Feature", "properties": {"type": "house", "id": 181952964}, "geometry": {"type": "Point", "coordinates": [85.3419133, 27.6814867]}}, {"type": "Feature", "properties": {"type": "house", "id": 181952965}, "geometry": {"type": "Point", "coordinates": [85.3439617, 27.6815608]}}, {"type": "Feature", "properties": {"type": "house", "id": 181952966}, "geometry": {"type": "Point", "coordinates": [85.342358, 27.6815011]}}, {"type": "Feature", "properties": {"type": "house", "id": 181952975}, "geometry": {"type": "Point", "coordinates": [85.3424835, 27.6812154]}}, {"type": "Feature", "properties": {"type": "house", "id": 181952984}, "geometry": {"type": "Point", "coordinates": [85.3410169, 27.6812226]}}, {"type": "Feature", "properties": {"type": "house", "id": 181952986}, "geometry": {"type": "Point", "coordinates": [85.3415129, 27.6815353]}}, {"type": "Feature", "properties": {"type": "yes", "id": 181952988}, "geometry": {"type": "Point", "coordinates": [85.3417355, 27.6809253]}}, {"type": "Feature", "properties": {"type": "house", "id": 181952990}, "geometry": {"type": "Point", "coordinates": [85.3425794, 27.6814926]}}, {"type": "Feature", "properties": {"type": "house", "id": 181952991}, "geometry": {"type": "Point", "coordinates": [85.3442139, 27.681319]}}, {"type": "Feature", "properties": {"type": "house", "id": 181952995}, "geometry": {"type": "Point", "coordinates": [85.3416075, 27.681534]}}, {"type": "Feature", "properties": {"type": "house", "id": 181952997}, "geometry": {"type": "Point", "coordinates": [85.3408729, 27.6812481]}}, {"type": "Feature", "properties": {"type": "house", "id": 181953005}, "geometry": {"type": "Point", "coordinates": [85.3427097, 27.681501]}}, {"type": "Feature", "properties": {"type": "yes", "id": 182091572}, "geometry": {"type": "Point", "coordinates": [85.3428086, 27.6811339]}}, {"type": "Feature", "properties": {"type": "yes", "id": 182091573}, "geometry": {"type": "Point", "coordinates": [85.3430544, 27.6811858]}}, {"type": "Feature", "properties": {"type": "house", "id": 182091578}, "geometry": {"type": "Point", "coordinates": [85.3405258, 27.6816905]}}, {"type": "Feature", "properties": {"type": "yes", "id": 182091584}, "geometry": {"type": "Point", "coordinates": [85.3429184, 27.6811788]}}, {"type": "Feature", "properties": {"type": "yes", "id": 182091586}, "geometry": {"type": "Point", "coordinates": [85.3434381, 27.681104]}}, {"type": "Feature", "properties": {"type": "house", "id": 182091589}, "geometry": {"type": "Point", "coordinates": [85.3404122, 27.6817903]}}, {"type": "Feature", "properties": {"type": "house", "id": 182091592}, "geometry": {"type": "Point", "coordinates": [85.3407754, 27.681563]}}, {"type": "Feature", "properties": {"type": "house", "id": 182091593}, "geometry": {"type": "Point", "coordinates": [85.3405048, 27.6813178]}}, {"type": "Feature", "properties": {"type": "house", "id": 182091597}, "geometry": {"type": "Point", "coordinates": [85.340543, 27.6816042]}}, {"type": "Feature", "properties": {"type": "house", "id": 182091610}, "geometry": {"type": "Point", "coordinates": [85.340343, 27.6818612]}}, {"type": "Feature", "properties": {"type": "residential", "building:levels": "5", "id": 182106516}, "geometry": {"type": "Point", "coordinates": [85.3426604, 27.6790676]}}, {"type": "Feature", "properties": {"type": "house", "id": 182106560}, "geometry": {"type": "Point", "coordinates": [85.3402127, 27.6810884]}}, {"type": "Feature", "properties": {"type": "house", "id": 182106566}, "geometry": {"type": "Point", "coordinates": [85.340316, 27.6811403]}}, {"type": "Feature", "properties": {"type": "residential", "building:levels": "3", "id": 182115913}, "geometry": {"type": "Point", "coordinates": [85.3431125, 27.6783381]}}, {"type": "Feature", "properties": {"name": "City Polyclinic", "type": "clinic", "building:levels": "3", "id": 182115996}, "geometry": {"type": "Point", "coordinates": [85.3461102, 27.6783465]}}, {"type": "Feature", "properties": {"type": "yes", "id": 182130247}, "geometry": {"type": "Point", "coordinates": [85.3416186, 27.6755316]}}, {"type": "Feature", "properties": {"type": "yes", "id": 182130249}, "geometry": {"type": "Point", "coordinates": [85.3417546, 27.675372]}}, {"type": "Feature", "properties": {"type": "yes", "id": 182130400}, "geometry": {"type": "Point", "coordinates": [85.3410427, 27.6755856]}}, {"type": "Feature", "properties": {"type": "yes", "id": 182130401}, "geometry": {"type": "Point", "coordinates": [85.3412805, 27.6755275]}}, {"type": "Feature", "properties": {"type": "yes", "id": 182130403}, "geometry": {"type": "Point", "coordinates": [85.3410446, 27.6759753]}}, {"type": "Feature", "properties": {"type": "yes", "id": 182130414}, "geometry": {"type": "Point", "coordinates": [85.3407971, 27.6757556]}}, {"type": "Feature", "properties": {"type": "yes", "id": 182130420}, "geometry": {"type": "Point", "coordinates": [85.3416717, 27.6759972]}}, {"type": "Feature", "properties": {"type": "yes", "id": 182130428}, "geometry": {"type": "Point", "coordinates": [85.3415003, 27.6759853]}}, {"type": "Feature", "properties": {"type": "yes", "id": 182130804}, "geometry": {"type": "Point", "coordinates": [85.3414701, 27.6744678]}}, {"type": "Feature", "properties": {"type": "yes", "id": 182130807}, "geometry": {"type": "Point", "coordinates": [85.3413822, 27.6745014]}}, {"type": "Feature", "properties": {"type": "residential", "building:levels": "4", "id": 182131121}, "geometry": {"type": "Point", "coordinates": [85.3403889, 27.6764904]}}, {"type": "Feature", "properties": {"type": "yes", "id": 182131123}, "geometry": {"type": "Point", "coordinates": [85.3402139, 27.6752476]}}, {"type": "Feature", "properties": {"type": "yes", "id": 182131129}, "geometry": {"type": "Point", "coordinates": [85.3403107, 27.6749491]}}, {"type": "Feature", "properties": {"type": "yes", "id": 182131135}, "geometry": {"type": "Point", "coordinates": [85.3404618, 27.6753375]}}, {"type": "Feature", "properties": {"type": "yes", "id": 182131136}, "geometry": {"type": "Point", "coordinates": [85.3409311, 27.6751237]}}, {"type": "Feature", "properties": {"type": "yes", "id": 182131137}, "geometry": {"type": "Point", "coordinates": [85.3406308, 27.6753043]}}, {"type": "Feature", "properties": {"type": "yes", "id": 182131139}, "geometry": {"type": "Point", "coordinates": [85.3404613, 27.6751801]}}, {"type": "Feature", "properties": {"type": "yes", "id": 182131140}, "geometry": {"type": "Point", "coordinates": [85.3410693, 27.6750483]}}, {"type": "Feature", "properties": {"type": "school", "id": 182319116}, "geometry": {"type": "Point", "coordinates": [85.3443129, 27.6763865]}}, {"type": "Feature", "properties": {"name": "Metropolitan Police Department Koteshwor", "type": "yes", "id": 182395651}, "geometry": {"type": "Point", "coordinates": [85.3488417, 27.6788218]}}, {"type": "Feature", "properties": {"name": "Cadastral survey Branch", "type": "yes", "id": 182973561}, "geometry": {"type": "Point", "coordinates": [85.3402936, 27.6853116]}}, {"type": "Feature", "properties": {"name": "Geodetic Survey Branch", "type": "yes", "id": 182973562}, "geometry": {"type": "Point", "coordinates": [85.340279, 27.6855806]}}, {"type": "Feature", "properties": {"name": "Topographical Survey Branch", "type": "yes", "id": 182973563}, "geometry": {"type": "Point", "coordinates": [85.3402286, 27.6862501]}}, {"type": "Feature", "properties": {"name": "Geographic Information Infrastructure Division", "type": "yes", "id": 182973564}, "geometry": {"type": "Point", "coordinates": [85.3405575, 27.6860171]}}, {"type": "Feature", "properties": {"name": "Survey Department", "type": "yes", "height": "22", "id": 182973565}, "geometry": {"type": "Point", "coordinates": [85.3406618, 27.6863496]}}, {"type": "Feature", "properties": {"type": "hospital", "building:levels": "2", "id": 184102884}, "geometry": {"type": "Point", "coordinates": [85.3810878, 27.673851]}}, {"type": "Feature", "properties": {"name": "Bhairabnath Temple", "type": "temple", "id": 185746728}, "geometry": {"type": "Point", "coordinates": [85.4294699, 27.6710944]}}, {"type": "Feature", "properties": {"name": "Ta Dhi Chhen", "type": "yes", "id": 185746826}, "geometry": {"type": "Point", "coordinates": [85.4292964, 27.671953]}}, {"type": "Feature", "properties": {"name": "Shilu Mahadev (Fasidega)", "type": "temple", "height": "2", "id": 185750794}, "geometry": {"type": "Point", "coordinates": [85.4289076, 27.6724093]}}, {"type": "Feature", "properties": {"type": "hospital", "id": 185943729}, "geometry": {"type": "Point", "coordinates": [85.3825515, 27.6740264]}}, {"type": "Feature", "properties": {"name": "SAARCTuberculosis Center", "type": "hospital", "building:levels": "5", "id": 185943730}, "geometry": {"type": "Point", "coordinates": [85.3819795, 27.6739028]}}, {"type": "Feature", "properties": {"type": "hospital", "id": 185943732}, "geometry": {"type": "Point", "coordinates": [85.382192, 27.6739586]}}, {"type": "Feature", "properties": {"type": "hospital", "id": 185943733}, "geometry": {"type": "Point", "coordinates": [85.382349, 27.6739925]}}, {"type": "Feature", "properties": {"name": "Bishransthal Khajaghar and Cold Store", "type": "yes", "id": 186261907}, "geometry": {"type": "Point", "coordinates": [85.4297282, 27.6824721]}}, {"type": "Feature", "properties": {"name": "Milan Furniture", "type": "yes", "id": 186261911}, "geometry": {"type": "Point", "coordinates": [85.4302188, 27.6836667]}}, {"type": "Feature", "properties": {"name": "Pretty Beauty Parlour", "type": "yes", "id": 186261912}, "geometry": {"type": "Point", "coordinates": [85.4300636, 27.6855038]}}, {"type": "Feature", "properties": {"type": "yes", "id": 186261914}, "geometry": {"type": "Point", "coordinates": [85.4297439, 27.6822793]}}, {"type": "Feature", "properties": {"type": "yes", "id": 186261924}, "geometry": {"type": "Point", "coordinates": [85.4301643, 27.6860257]}}, {"type": "Feature", "properties": {"type": "school", "building:levels": "2", "id": 186281381}, "geometry": {"type": "Point", "coordinates": [85.4270691, 27.6869528]}}, {"type": "Feature", "properties": {"name": "Chaubis Niketan", "type": "residential", "building:levels": "3", "id": 188306257}, "geometry": {"type": "Point", "coordinates": [85.3513033, 27.6933119]}}, {"type": "Feature", "properties": {"type": "hospital", "building:levels": "4", "id": 188440134}, "geometry": {"type": "Point", "coordinates": [85.3749624, 27.673588]}}, {"type": "Feature", "properties": {"name": "Nepal Telecom", "type": "yes", "id": 188440135}, "geometry": {"type": "Point", "coordinates": [85.3746673, 27.6734056]}}, {"type": "Feature", "properties": {"type": "college", "building:levels": "5", "id": 188440139}, "geometry": {"type": "Point", "coordinates": [85.3765563, 27.6732683]}}, {"type": "Feature", "properties": {"type": "hospital", "building:levels": "4", "id": 190156494}, "geometry": {"type": "Point", "coordinates": [85.3481568, 27.6983549]}}, {"type": "Feature", "properties": {"name": "Oyster Fitness Centre", "type": "yes", "id": 190156495}, "geometry": {"type": "Point", "coordinates": [85.3490861, 27.6984919]}}, {"type": "Feature", "properties": {"type": "residential", "id": 190156498}, "geometry": {"type": "Point", "coordinates": [85.349215, 27.6988185]}}, {"type": "Feature", "properties": {"type": "yes", "id": 191894200}, "geometry": {"type": "Point", "coordinates": [85.3441096, 27.6735555]}}, {"type": "Feature", "properties": {"type": "yes", "id": 192052557}, "geometry": {"type": "Point", "coordinates": [85.3481829, 27.6930695]}}, {"type": "Feature", "properties": {"type": "residential", "building:levels": "1", "id": 192052558}, "geometry": {"type": "Point", "coordinates": [85.3500003, 27.692652]}}, {"type": "Feature", "properties": {"type": "college", "building:levels": "3", "id": 192052563}, "geometry": {"type": "Point", "coordinates": [85.3507194, 27.6911497]}}, {"type": "Feature", "properties": {"type": "yes", "id": 192052564}, "geometry": {"type": "Point", "coordinates": [85.3502713, 27.6924585]}}, {"type": "Feature", "properties": {"type": "yes", "id": 192052565}, "geometry": {"type": "Point", "coordinates": [85.3503323, 27.6925832]}}, {"type": "Feature", "properties": {"type": "yes", "id": 192052567}, "geometry": {"type": "Point", "coordinates": [85.3503918, 27.6921248]}}, {"type": "Feature", "properties": {"type": "yes", "id": 192052569}, "geometry": {"type": "Point", "coordinates": [85.3502426, 27.6923808]}}, {"type": "Feature", "properties": {"type": "yes", "id": 192052570}, "geometry": {"type": "Point", "coordinates": [85.3483891, 27.6928709]}}, {"type": "Feature", "properties": {"type": "yes", "id": 192052573}, "geometry": {"type": "Point", "coordinates": [85.350743, 27.6924913]}}, {"type": "Feature", "properties": {"type": "residential", "building:levels": "3", "id": 192052580}, "geometry": {"type": "Point", "coordinates": [85.3495968, 27.6930398]}}, {"type": "Feature", "properties": {"type": "school", "building:levels": "1", "id": 192052581}, "geometry": {"type": "Point", "coordinates": [85.3506735, 27.6928905]}}, {"type": "Feature", "properties": {"type": "yes", "id": 192052582}, "geometry": {"type": "Point", "coordinates": [85.3504948, 27.6924629]}}, {"type": "Feature", "properties": {"type": "yes", "id": 192052584}, "geometry": {"type": "Point", "coordinates": [85.3481806, 27.6928632]}}, {"type": "Feature", "properties": {"type": "residential", "building:levels": "4", "id": 192052587}, "geometry": {"type": "Point", "coordinates": [85.3498544, 27.6930317]}}, {"type": "Feature", "properties": {"type": "college", "building:levels": "3", "id": 192052589}, "geometry": {"type": "Point", "coordinates": [85.3505876, 27.6911895]}}, {"type": "Feature", "properties": {"type": "yes", "id": 192052590}, "geometry": {"type": "Point", "coordinates": [85.3504109, 27.6925406]}}, {"type": "Feature", "properties": {"type": "residential", "building:levels": "4", "id": 192052591}, "geometry": {"type": "Point", "coordinates": [85.3500861, 27.6925958]}}, {"type": "Feature", "properties": {"type": "yes", "id": 192052593}, "geometry": {"type": "Point", "coordinates": [85.3502519, 27.6926398]}}, {"type": "Feature", "properties": {"type": "residential", "building:levels": "4", "id": 192052594}, "geometry": {"type": "Point", "coordinates": [85.3498028, 27.6929382]}}, {"type": "Feature", "properties": {"type": "yes", "id": 192052595}, "geometry": {"type": "Point", "coordinates": [85.3503497, 27.6923004]}}, {"type": "Feature", "properties": {"type": "school", "building:levels": "1", "id": 192052596}, "geometry": {"type": "Point", "coordinates": [85.3508798, 27.6927314]}}, {"type": "Feature", "properties": {"type": "school", "building:levels": "1", "id": 192052598}, "geometry": {"type": "Point", "coordinates": [85.3505363, 27.6930048]}}, {"type": "Feature", "properties": {"type": "school", "building:levels": "1", "id": 192052599}, "geometry": {"type": "Point", "coordinates": [85.3508235, 27.6929944]}}, {"type": "Feature", "properties": {"type": "residential", "building:levels": "4", "id": 192052602}, "geometry": {"type": "Point", "coordinates": [85.3494711, 27.6927639]}}, {"type": "Feature", "properties": {"name": "Administrative Block", "type": "college", "building:levels": "1", "id": 192052605}, "geometry": {"type": "Point", "coordinates": [85.350192, 27.6913186]}}, {"type": "Feature", "properties": {"type": "yes", "id": 192052606}, "geometry": {"type": "Point", "coordinates": [85.3502735, 27.6920885]}}, {"type": "Feature", "properties": {"type": "yes", "id": 192052607}, "geometry": {"type": "Point", "coordinates": [85.3500473, 27.6929214]}}, {"type": "Feature", "properties": {"type": "residential", "building:levels": "3", "id": 192052608}, "geometry": {"type": "Point", "coordinates": [85.3489206, 27.692788]}}, {"type": "Feature", "properties": {"type": "yes", "id": 192052610}, "geometry": {"type": "Point", "coordinates": [85.3504621, 27.6922691]}}, {"type": "Feature", "properties": {"type": "yes", "id": 192052611}, "geometry": {"type": "Point", "coordinates": [85.3499441, 27.6929605]}}, {"type": "Feature", "properties": {"type": "residential", "building:levels": "3", "id": 192179723}, "geometry": {"type": "Point", "coordinates": [85.3426097, 27.6788517]}}, {"type": "Feature", "properties": {"type": "yes", "id": 192182219}, "geometry": {"type": "Point", "coordinates": [85.3401882, 27.6769574]}}, {"type": "Feature", "properties": {"type": "yes", "id": 192182239}, "geometry": {"type": "Point", "coordinates": [85.3403836, 27.6768685]}}, {"type": "Feature", "properties": {"type": "school", "building:levels": "3", "id": 192182251}, "geometry": {"type": "Point", "coordinates": [85.3423139, 27.6795591]}}, {"type": "Feature", "properties": {"type": "yes", "id": 192182252}, "geometry": {"type": "Point", "coordinates": [85.34183, 27.6806044]}}, {"type": "Feature", "properties": {"type": "residential", "building:levels": "3", "id": 192182258}, "geometry": {"type": "Point", "coordinates": [85.3402584, 27.676494]}}, {"type": "Feature", "properties": {"type": "yes", "id": 192183387}, "geometry": {"type": "Point", "coordinates": [85.3410272, 27.6754467]}}, {"type": "Feature", "properties": {"type": "yes", "id": 192183389}, "geometry": {"type": "Point", "coordinates": [85.341235, 27.6752874]}}, {"type": "Feature", "properties": {"type": "yes", "id": 192183400}, "geometry": {"type": "Point", "coordinates": [85.3402685, 27.6779376]}}, {"type": "Feature", "properties": {"type": "yes", "id": 192183402}, "geometry": {"type": "Point", "coordinates": [85.3401194, 27.6779107]}}, {"type": "Feature", "properties": {"type": "yes", "id": 192183414}, "geometry": {"type": "Point", "coordinates": [85.3415127, 27.6747308]}}, {"type": "Feature", "properties": {"type": "yes", "id": 192183420}, "geometry": {"type": "Point", "coordinates": [85.3416468, 27.6748233]}}, {"type": "Feature", "properties": {"type": "yes", "id": 192292500}, "geometry": {"type": "Point", "coordinates": [85.3412404, 27.6911962]}}, {"type": "Feature", "properties": {"type": "commercial", "id": 192307570}, "geometry": {"type": "Point", "coordinates": [85.3416099, 27.6987283]}}, {"type": "Feature", "properties": {"type": "yes", "id": 192575801}, "geometry": {"type": "Point", "coordinates": [85.3415288, 27.6749134]}}, {"type": "Feature", "properties": {"type": "yes", "id": 192575811}, "geometry": {"type": "Point", "coordinates": [85.3413336, 27.6752653]}}, {"type": "Feature", "properties": {"type": "yes", "id": 192575815}, "geometry": {"type": "Point", "coordinates": [85.3404099, 27.6767737]}}, {"type": "Feature", "properties": {"type": "yes", "id": 192575825}, "geometry": {"type": "Point", "coordinates": [85.3409159, 27.6757029]}}, {"type": "Feature", "properties": {"type": "yes", "id": 192575851}, "geometry": {"type": "Point", "coordinates": [85.3413571, 27.6748473]}}, {"type": "Feature", "properties": {"type": "yes", "id": 193255300}, "geometry": {"type": "Point", "coordinates": [85.3403546, 27.6773253]}}, {"type": "Feature", "properties": {"type": "yes", "id": 193427339}, "geometry": {"type": "Point", "coordinates": [85.351532, 27.6982372]}}, {"type": "Feature", "properties": {"type": "school", "building:levels": "1", "id": 193427344}, "geometry": {"type": "Point", "coordinates": [85.3516515, 27.6993032]}}, {"type": "Feature", "properties": {"type": "yes", "id": 193427346}, "geometry": {"type": "Point", "coordinates": [85.3518228, 27.6979453]}}, {"type": "Feature", "properties": {"type": "yes", "id": 193427347}, "geometry": {"type": "Point", "coordinates": [85.3516009, 27.6979148]}}, {"type": "Feature", "properties": {"type": "yes", "id": 193427348}, "geometry": {"type": "Point", "coordinates": [85.3516472, 27.6980799]}}, {"type": "Feature", "properties": {"type": "yes", "id": 193427364}, "geometry": {"type": "Point", "coordinates": [85.3519492, 27.6980502]}}, {"type": "Feature", "properties": {"name": "Shubha Shree Business Link Pvt. Ltd.", "type": "commercial", "building:levels": "3", "id": 193443633}, "geometry": {"type": "Point", "coordinates": [85.3440155, 27.6875581]}}, {"type": "Feature", "properties": {"type": "yes", "id": 193443657}, "geometry": {"type": "Point", "coordinates": [85.3434692, 27.6886686]}}, {"type": "Feature", "properties": {"type": "yes", "id": 193443692}, "geometry": {"type": "Point", "coordinates": [85.3430783, 27.6885365]}}, {"type": "Feature", "properties": {"type": "yes", "id": 193443702}, "geometry": {"type": "Point", "coordinates": [85.3432275, 27.6885972]}}, {"type": "Feature", "properties": {"type": "yes", "id": 193443712}, "geometry": {"type": "Point", "coordinates": [85.3441298, 27.6827172]}}, {"type": "Feature", "properties": {"type": "yes", "id": 193443767}, "geometry": {"type": "Point", "coordinates": [85.3438041, 27.6885644]}}, {"type": "Feature", "properties": {"type": "residential", "id": 194310768}, "geometry": {"type": "Point", "coordinates": [85.3896942, 27.6328789]}}, {"type": "Feature", "properties": {"type": "residential", "id": 194310769}, "geometry": {"type": "Point", "coordinates": [85.3896389, 27.6328213]}}, {"type": "Feature", "properties": {"type": "residential", "id": 194310770}, "geometry": {"type": "Point", "coordinates": [85.3898234, 27.6328033]}}, {"type": "Feature", "properties": {"name": "pati", "type": "yes", "id": 194310774}, "geometry": {"type": "Point", "coordinates": [85.3897183, 27.633508]}}, {"type": "Feature", "properties": {"type": "residential", "id": 194934995}, "geometry": {"type": "Point", "coordinates": [85.3894188, 27.6325559]}}, {"type": "Feature", "properties": {"type": "residential", "id": 194934997}, "geometry": {"type": "Point", "coordinates": [85.3893561, 27.6323001]}}, {"type": "Feature", "properties": {"type": "residential", "id": 194934999}, "geometry": {"type": "Point", "coordinates": [85.3894537, 27.632467]}}, {"type": "Feature", "properties": {"type": "residential", "id": 194935000}, "geometry": {"type": "Point", "coordinates": [85.3895143, 27.6323407]}}, {"type": "Feature", "properties": {"type": "residential", "id": 194935002}, "geometry": {"type": "Point", "coordinates": [85.3894391, 27.6323451]}}, {"type": "Feature", "properties": {"type": "residential", "id": 194935004}, "geometry": {"type": "Point", "coordinates": [85.3893142, 27.6327045]}}, {"type": "Feature", "properties": {"type": "yes", "id": 194935007}, "geometry": {"type": "Point", "coordinates": [85.3901444, 27.6327327]}}, {"type": "Feature", "properties": {"type": "residential", "id": 194943402}, "geometry": {"type": "Point", "coordinates": [85.3897834, 27.6323694]}}, {"type": "Feature", "properties": {"type": "yes", "id": 194943404}, "geometry": {"type": "Point", "coordinates": [85.390149, 27.6320907]}}, {"type": "Feature", "properties": {"type": "residential", "id": 194943405}, "geometry": {"type": "Point", "coordinates": [85.3900746, 27.6324028]}}, {"type": "Feature", "properties": {"type": "residential", "id": 194943406}, "geometry": {"type": "Point", "coordinates": [85.3897293, 27.6322976]}}, {"type": "Feature", "properties": {"type": "residential", "id": 194944192}, "geometry": {"type": "Point", "coordinates": [85.3887227, 27.6330805]}}, {"type": "Feature", "properties": {"type": "residential", "id": 194944193}, "geometry": {"type": "Point", "coordinates": [85.3885756, 27.6334402]}}, {"type": "Feature", "properties": {"type": "residential", "id": 194944194}, "geometry": {"type": "Point", "coordinates": [85.3888572, 27.6333479]}}, {"type": "Feature", "properties": {"type": "residential", "id": 194944196}, "geometry": {"type": "Point", "coordinates": [85.3898906, 27.6319888]}}, {"type": "Feature", "properties": {"type": "residential", "id": 194944197}, "geometry": {"type": "Point", "coordinates": [85.3887551, 27.6333345]}}, {"type": "Feature", "properties": {"type": "residential", "id": 194944198}, "geometry": {"type": "Point", "coordinates": [85.3895266, 27.6319421]}}, {"type": "Feature", "properties": {"type": "residential", "id": 194944199}, "geometry": {"type": "Point", "coordinates": [85.3885329, 27.6333654]}}, {"type": "Feature", "properties": {"type": "residential", "id": 194944200}, "geometry": {"type": "Point", "coordinates": [85.389667, 27.6319381]}}, {"type": "Feature", "properties": {"type": "residential", "id": 194944833}, "geometry": {"type": "Point", "coordinates": [85.3878596, 27.634852]}}, {"type": "Feature", "properties": {"type": "residential", "id": 194944834}, "geometry": {"type": "Point", "coordinates": [85.3885744, 27.6339911]}}, {"type": "Feature", "properties": {"type": "residential", "id": 194944835}, "geometry": {"type": "Point", "coordinates": [85.3885705, 27.6339001]}}, {"type": "Feature", "properties": {"type": "residential", "id": 194944836}, "geometry": {"type": "Point", "coordinates": [85.3881312, 27.6345209]}}, {"type": "Feature", "properties": {"type": "residential", "id": 194944837}, "geometry": {"type": "Point", "coordinates": [85.3880644, 27.6347593]}}, {"type": "Feature", "properties": {"type": "residential", "id": 194944838}, "geometry": {"type": "Point", "coordinates": [85.3884049, 27.6342048]}}, {"type": "Feature", "properties": {"type": "residential", "id": 194944839}, "geometry": {"type": "Point", "coordinates": [85.388137, 27.6346702]}}, {"type": "Feature", "properties": {"type": "residential", "id": 194944841}, "geometry": {"type": "Point", "coordinates": [85.3884768, 27.6341546]}}, {"type": "Feature", "properties": {"name": "Lamatar Community Hall", "type": "yes", "id": 194947230}, "geometry": {"type": "Point", "coordinates": [85.391072, 27.6320274]}}, {"type": "Feature", "properties": {"type": "residential", "id": 194947231}, "geometry": {"type": "Point", "coordinates": [85.3904094, 27.6328334]}}, {"type": "Feature", "properties": {"type": "yes", "id": 194947232}, "geometry": {"type": "Point", "coordinates": [85.3901041, 27.6326587]}}, {"type": "Feature", "properties": {"type": "residential", "id": 194947233}, "geometry": {"type": "Point", "coordinates": [85.3906698, 27.6327184]}}, {"type": "Feature", "properties": {"type": "residential", "id": 194947235}, "geometry": {"type": "Point", "coordinates": [85.3907856, 27.6326563]}}, {"type": "Feature", "properties": {"name": "Lamatar Municipality (1,2,3,4) Office", "type": "yes", "id": 194947236}, "geometry": {"type": "Point", "coordinates": [85.3911452, 27.6320638]}}, {"type": "Feature", "properties": {"type": "residential", "id": 194947237}, "geometry": {"type": "Point", "coordinates": [85.390531, 27.6327827]}}, {"type": "Feature", "properties": {"type": "residential", "id": 194947239}, "geometry": {"type": "Point", "coordinates": [85.3901933, 27.6328163]}}, {"type": "Feature", "properties": {"type": "yes", "id": 194953177}, "geometry": {"type": "Point", "coordinates": [85.3907457, 27.6316868]}}, {"type": "Feature", "properties": {"type": "yes", "id": 194953178}, "geometry": {"type": "Point", "coordinates": [85.3908467, 27.6324306]}}, {"type": "Feature", "properties": {"type": "residential", "id": 194953180}, "geometry": {"type": "Point", "coordinates": [85.3908807, 27.6326454]}}, {"type": "Feature", "properties": {"type": "yes", "id": 194953182}, "geometry": {"type": "Point", "coordinates": [85.3908649, 27.6323399]}}, {"type": "Feature", "properties": {"type": "yes", "id": 194953184}, "geometry": {"type": "Point", "coordinates": [85.3908512, 27.6325386]}}, {"type": "Feature", "properties": {"type": "yes", "id": 194953185}, "geometry": {"type": "Point", "coordinates": [85.3908612, 27.6317495]}}, {"type": "Feature", "properties": {"type": "yes", "id": 194953187}, "geometry": {"type": "Point", "coordinates": [85.3907137, 27.6323345]}}, {"type": "Feature", "properties": {"type": "yes", "id": 194953188}, "geometry": {"type": "Point", "coordinates": [85.3908973, 27.6320513]}}, {"type": "Feature", "properties": {"type": "yes", "id": 194953190}, "geometry": {"type": "Point", "coordinates": [85.3908382, 27.632217]}}, {"type": "Feature", "properties": {"type": "residential", "id": 195238150}, "geometry": {"type": "Point", "coordinates": [85.3901973, 27.631914]}}, {"type": "Feature", "properties": {"type": "residential", "id": 195238151}, "geometry": {"type": "Point", "coordinates": [85.3903504, 27.6319155]}}, {"type": "Feature", "properties": {"type": "residential", "id": 195240081}, "geometry": {"type": "Point", "coordinates": [85.3900501, 27.633266]}}, {"type": "Feature", "properties": {"type": "residential", "id": 195240082}, "geometry": {"type": "Point", "coordinates": [85.3904533, 27.6331624]}}, {"type": "Feature", "properties": {"type": "residential", "id": 195240083}, "geometry": {"type": "Point", "coordinates": [85.3887127, 27.6344419]}}, {"type": "Feature", "properties": {"type": "residential", "id": 195240084}, "geometry": {"type": "Point", "coordinates": [85.3886548, 27.634643]}}, {"type": "Feature", "properties": {"type": "residential", "id": 195240086}, "geometry": {"type": "Point", "coordinates": [85.3902705, 27.6331367]}}, {"type": "Feature", "properties": {"type": "residential", "id": 195240087}, "geometry": {"type": "Point", "coordinates": [85.389195, 27.6339634]}}, {"type": "Feature", "properties": {"type": "residential", "id": 195240090}, "geometry": {"type": "Point", "coordinates": [85.3906133, 27.632937]}}, {"type": "Feature", "properties": {"type": "residential", "id": 195240091}, "geometry": {"type": "Point", "coordinates": [85.3901834, 27.633205]}}, {"type": "Feature", "properties": {"type": "residential", "id": 195240095}, "geometry": {"type": "Point", "coordinates": [85.3889606, 27.6345109]}}, {"type": "Feature", "properties": {"type": "residential", "id": 195240096}, "geometry": {"type": "Point", "coordinates": [85.3894461, 27.6338838]}}, {"type": "Feature", "properties": {"type": "residential", "id": 195240097}, "geometry": {"type": "Point", "coordinates": [85.3897046, 27.6336955]}}, {"type": "Feature", "properties": {"type": "residential", "id": 195240098}, "geometry": {"type": "Point", "coordinates": [85.3891027, 27.634305]}}, {"type": "Feature", "properties": {"type": "residential", "id": 195240099}, "geometry": {"type": "Point", "coordinates": [85.3896056, 27.6336725]}}, {"type": "Feature", "properties": {"type": "residential", "id": 195240102}, "geometry": {"type": "Point", "coordinates": [85.3905526, 27.6331136]}}, {"type": "Feature", "properties": {"type": "residential", "id": 195240103}, "geometry": {"type": "Point", "coordinates": [85.3889227, 27.6342827]}}, {"type": "Feature", "properties": {"type": "residential", "id": 195240104}, "geometry": {"type": "Point", "coordinates": [85.3904689, 27.6329566]}}, {"type": "Feature", "properties": {"type": "residential", "id": 195240206}, "geometry": {"type": "Point", "coordinates": [85.3910456, 27.6330345]}}, {"type": "Feature", "properties": {"type": "residential", "id": 195240208}, "geometry": {"type": "Point", "coordinates": [85.3910886, 27.6333855]}}, {"type": "Feature", "properties": {"type": "residential", "id": 195240209}, "geometry": {"type": "Point", "coordinates": [85.3909812, 27.6329634]}}, {"type": "Feature", "properties": {"type": "residential", "id": 195240210}, "geometry": {"type": "Point", "coordinates": [85.3913687, 27.6330054]}}, {"type": "Feature", "properties": {"type": "residential", "id": 195240212}, "geometry": {"type": "Point", "coordinates": [85.3911411, 27.6328721]}}, {"type": "Feature", "properties": {"type": "yes", "id": 195240214}, "geometry": {"type": "Point", "coordinates": [85.3909195, 27.6337075]}}, {"type": "Feature", "properties": {"type": "yes", "id": 195240215}, "geometry": {"type": "Point", "coordinates": [85.3907932, 27.6336565]}}, {"type": "Feature", "properties": {"name": "Krishna Temple", "type": "temple", "height": "0.85", "id": 197122572}, "geometry": {"type": "Point", "coordinates": [85.4275741, 27.6721818]}}, {"type": "Feature", "properties": {"type": "yes", "id": 197300563}, "geometry": {"type": "Point", "coordinates": [85.346032, 27.6957988]}}, {"type": "Feature", "properties": {"type": "yes", "id": 197300565}, "geometry": {"type": "Point", "coordinates": [85.3460441, 27.6959062]}}, {"type": "Feature", "properties": {"type": "residential", "id": 197994272}, "geometry": {"type": "Point", "coordinates": [85.3911194, 27.6318615]}}, {"type": "Feature", "properties": {"type": "residential", "id": 197994492}, "geometry": {"type": "Point", "coordinates": [85.3911564, 27.6317807]}}, {"type": "Feature", "properties": {"type": "residential", "id": 197994493}, "geometry": {"type": "Point", "coordinates": [85.3911633, 27.6316919]}}, {"type": "Feature", "properties": {"type": "residential", "id": 197994494}, "geometry": {"type": "Point", "coordinates": [85.3909456, 27.6318319]}}, {"type": "Feature", "properties": {"type": "residential", "id": 197994495}, "geometry": {"type": "Point", "coordinates": [85.3909388, 27.631597]}}, {"type": "Feature", "properties": {"type": "yes", "id": 197994496}, "geometry": {"type": "Point", "coordinates": [85.391023, 27.6308751]}}, {"type": "Feature", "properties": {"type": "yes", "id": 197994497}, "geometry": {"type": "Point", "coordinates": [85.3911234, 27.6310716]}}, {"type": "Feature", "properties": {"type": "yes", "id": 197994498}, "geometry": {"type": "Point", "coordinates": [85.3908816, 27.6312364]}}, {"type": "Feature", "properties": {"type": "residential", "id": 197994499}, "geometry": {"type": "Point", "coordinates": [85.3912348, 27.6319376]}}, {"type": "Feature", "properties": {"type": "yes", "id": 199964887}, "geometry": {"type": "Point", "coordinates": [85.3442045, 27.6722999]}}, {"type": "Feature", "properties": {"type": "yes", "id": 199964889}, "geometry": {"type": "Point", "coordinates": [85.3454471, 27.6717067]}}, {"type": "Feature", "properties": {"type": "yes", "id": 199964894}, "geometry": {"type": "Point", "coordinates": [85.3471794, 27.671601]}}, {"type": "Feature", "properties": {"type": "yes", "id": 199964895}, "geometry": {"type": "Point", "coordinates": [85.3459181, 27.6718582]}}, {"type": "Feature", "properties": {"type": "yes", "id": 199964897}, "geometry": {"type": "Point", "coordinates": [85.3468795, 27.6716706]}}, {"type": "Feature", "properties": {"type": "yes", "id": 199964900}, "geometry": {"type": "Point", "coordinates": [85.3444965, 27.673]}}, {"type": "Feature", "properties": {"type": "yes", "id": 199964902}, "geometry": {"type": "Point", "coordinates": [85.3439, 27.673249]}}, {"type": "Feature", "properties": {"type": "yes", "building:levels": "2", "id": 199964903}, "geometry": {"type": "Point", "coordinates": [85.3466691, 27.6721274]}}, {"type": "Feature", "properties": {"type": "yes", "id": 199964904}, "geometry": {"type": "Point", "coordinates": [85.3463641, 27.6713788]}}, {"type": "Feature", "properties": {"type": "yes", "id": 199964905}, "geometry": {"type": "Point", "coordinates": [85.3447515, 27.6730627]}}, {"type": "Feature", "properties": {"type": "yes", "id": 199964906}, "geometry": {"type": "Point", "coordinates": [85.3458516, 27.6727329]}}, {"type": "Feature", "properties": {"type": "yes", "id": 199964909}, "geometry": {"type": "Point", "coordinates": [85.3466581, 27.6717211]}}, {"type": "Feature", "properties": {"type": "yes", "id": 199964914}, "geometry": {"type": "Point", "coordinates": [85.3442502, 27.6728213]}}, {"type": "Feature", "properties": {"type": "yes", "id": 199964915}, "geometry": {"type": "Point", "coordinates": [85.3460164, 27.6719822]}}, {"type": "Feature", "properties": {"type": "yes", "id": 199964918}, "geometry": {"type": "Point", "coordinates": [85.3467706, 27.6716684]}}, {"type": "Feature", "properties": {"type": "yes", "id": 199964921}, "geometry": {"type": "Point", "coordinates": [85.3457387, 27.6717427]}}, {"type": "Feature", "properties": {"type": "yes", "id": 199964923}, "geometry": {"type": "Point", "coordinates": [85.3454502, 27.671837]}}, {"type": "Feature", "properties": {"type": "yes", "id": 199964924}, "geometry": {"type": "Point", "coordinates": [85.346469, 27.6720968]}}, {"type": "Feature", "properties": {"type": "yes", "id": 199964926}, "geometry": {"type": "Point", "coordinates": [85.3456403, 27.6737171]}}, {"type": "Feature", "properties": {"type": "yes", "id": 199964927}, "geometry": {"type": "Point", "coordinates": [85.3462435, 27.6737535]}}, {"type": "Feature", "properties": {"type": "yes", "id": 199964929}, "geometry": {"type": "Point", "coordinates": [85.3465696, 27.6711946]}}, {"type": "Feature", "properties": {"type": "yes", "id": 199964930}, "geometry": {"type": "Point", "coordinates": [85.3452215, 27.6722688]}}, {"type": "Feature", "properties": {"type": "yes", "id": 199964934}, "geometry": {"type": "Point", "coordinates": [85.3459109, 27.6725881]}}, {"type": "Feature", "properties": {"type": "yes", "id": 199964935}, "geometry": {"type": "Point", "coordinates": [85.3448014, 27.6731488]}}, {"type": "Feature", "properties": {"type": "yes", "id": 199964936}, "geometry": {"type": "Point", "coordinates": [85.3453433, 27.6728775]}}, {"type": "Feature", "properties": {"type": "yes", "id": 199964938}, "geometry": {"type": "Point", "coordinates": [85.346285, 27.672269]}}, {"type": "Feature", "properties": {"type": "yes", "id": 199964939}, "geometry": {"type": "Point", "coordinates": [85.3451867, 27.6718688]}}, {"type": "Feature", "properties": {"type": "yes", "id": 199964942}, "geometry": {"type": "Point", "coordinates": [85.347185, 27.6722631]}}, {"type": "Feature", "properties": {"type": "yes", "id": 199964946}, "geometry": {"type": "Point", "coordinates": [85.3451361, 27.6732561]}}, {"type": "Feature", "properties": {"type": "yes", "id": 199964947}, "geometry": {"type": "Point", "coordinates": [85.3466172, 27.6716281]}}, {"type": "Feature", "properties": {"type": "yes", "id": 199964951}, "geometry": {"type": "Point", "coordinates": [85.3449109, 27.6720823]}}, {"type": "Feature", "properties": {"type": "yes", "id": 199964953}, "geometry": {"type": "Point", "coordinates": [85.3467324, 27.6730288]}}, {"type": "Feature", "properties": {"type": "yes", "id": 199964956}, "geometry": {"type": "Point", "coordinates": [85.346234, 27.6721196]}}, {"type": "Feature", "properties": {"type": "yes", "id": 199964962}, "geometry": {"type": "Point", "coordinates": [85.346429, 27.6711829]}}, {"type": "Feature", "properties": {"type": "yes", "id": 199964964}, "geometry": {"type": "Point", "coordinates": [85.3452511, 27.6729136]}}, {"type": "Feature", "properties": {"type": "yes", "id": 199964965}, "geometry": {"type": "Point", "coordinates": [85.3463315, 27.6716769]}}, {"type": "Feature", "properties": {"type": "yes", "id": 199964968}, "geometry": {"type": "Point", "coordinates": [85.347131, 27.6723218]}}, {"type": "Feature", "properties": {"type": "yes", "id": 199964969}, "geometry": {"type": "Point", "coordinates": [85.3450179, 27.6723473]}}, {"type": "Feature", "properties": {"type": "yes", "id": 199964972}, "geometry": {"type": "Point", "coordinates": [85.3469374, 27.6727094]}}, {"type": "Feature", "properties": {"type": "yes", "id": 199964976}, "geometry": {"type": "Point", "coordinates": [85.3457473, 27.6735619]}}, {"type": "Feature", "properties": {"type": "yes", "id": 199964978}, "geometry": {"type": "Point", "coordinates": [85.3450948, 27.6719837]}}, {"type": "Feature", "properties": {"type": "yes", "id": 199964981}, "geometry": {"type": "Point", "coordinates": [85.3461774, 27.6725591]}}, {"type": "Feature", "properties": {"type": "school", "building:levels": "4", "id": 199964985}, "geometry": {"type": "Point", "coordinates": [85.3456664, 27.6747951]}}, {"type": "Feature", "properties": {"type": "yes", "id": 199964986}, "geometry": {"type": "Point", "coordinates": [85.3446627, 27.6729764]}}, {"type": "Feature", "properties": {"type": "yes", "id": 199964989}, "geometry": {"type": "Point", "coordinates": [85.3461066, 27.6721508]}}, {"type": "Feature", "properties": {"type": "yes", "id": 199964991}, "geometry": {"type": "Point", "coordinates": [85.3467784, 27.672481]}}, {"type": "Feature", "properties": {"type": "yes", "id": 199964992}, "geometry": {"type": "Point", "coordinates": [85.3460969, 27.6736428]}}, {"type": "Feature", "properties": {"type": "yes", "id": 199964993}, "geometry": {"type": "Point", "coordinates": [85.346649, 27.6727726]}}, {"type": "Feature", "properties": {"type": "yes", "id": 199964995}, "geometry": {"type": "Point", "coordinates": [85.3461708, 27.6715022]}}, {"type": "Feature", "properties": {"type": "yes", "id": 199964996}, "geometry": {"type": "Point", "coordinates": [85.3470489, 27.6716457]}}, {"type": "Feature", "properties": {"type": "yes", "id": 199964997}, "geometry": {"type": "Point", "coordinates": [85.3460652, 27.6720753]}}, {"type": "Feature", "properties": {"type": "yes", "id": 199965002}, "geometry": {"type": "Point", "coordinates": [85.3467677, 27.672014]}}, {"type": "Feature", "properties": {"type": "yes", "id": 199965003}, "geometry": {"type": "Point", "coordinates": [85.3465785, 27.6715422]}}, {"type": "Feature", "properties": {"type": "yes", "id": 199965005}, "geometry": {"type": "Point", "coordinates": [85.3453169, 27.6717542]}}, {"type": "Feature", "properties": {"type": "yes", "id": 199965007}, "geometry": {"type": "Point", "coordinates": [85.3468098, 27.6720524]}}, {"type": "Feature", "properties": {"type": "yes", "id": 202380416}, "geometry": {"type": "Point", "coordinates": [85.3559087, 27.6960815]}}, {"type": "Feature", "properties": {"type": "college", "building:levels": "7", "id": 202380417}, "geometry": {"type": "Point", "coordinates": [85.3523438, 27.6963367]}}, {"type": "Feature", "properties": {"type": "yes", "id": 202380418}, "geometry": {"type": "Point", "coordinates": [85.3526081, 27.6953576]}}, {"type": "Feature", "properties": {"type": "yes", "id": 202380419}, "geometry": {"type": "Point", "coordinates": [85.3529503, 27.6952914]}}, {"type": "Feature", "properties": {"type": "yes", "id": 203707368}, "geometry": {"type": "Point", "coordinates": [85.3405891, 27.6940887]}}, {"type": "Feature", "properties": {"type": "yes", "id": 203707400}, "geometry": {"type": "Point", "coordinates": [85.3415281, 27.6973912]}}, {"type": "Feature", "properties": {"type": "school", "building:levels": "3", "id": 203707405}, "geometry": {"type": "Point", "coordinates": [85.3405807, 27.698477]}}, {"type": "Feature", "properties": {"type": "school", "building:levels": "3", "id": 203707415}, "geometry": {"type": "Point", "coordinates": [85.340516, 27.6933894]}}, {"type": "Feature", "properties": {"type": "yes", "id": 203707443}, "geometry": {"type": "Point", "coordinates": [85.3424313, 27.6979688]}}, {"type": "Feature", "properties": {"type": "yes", "id": 203707464}, "geometry": {"type": "Point", "coordinates": [85.3406057, 27.6967029]}}, {"type": "Feature", "properties": {"type": "yes", "id": 203707475}, "geometry": {"type": "Point", "coordinates": [85.3417273, 27.6981326]}}, {"type": "Feature", "properties": {"type": "yes", "id": 203707487}, "geometry": {"type": "Point", "coordinates": [85.3402869, 27.6955655]}}, {"type": "Feature", "properties": {"type": "yes", "id": 203707492}, "geometry": {"type": "Point", "coordinates": [85.3422504, 27.6977922]}}, {"type": "Feature", "properties": {"type": "yes", "id": 203707510}, "geometry": {"type": "Point", "coordinates": [85.3400951, 27.6956684]}}, {"type": "Feature", "properties": {"type": "yes", "id": 203707511}, "geometry": {"type": "Point", "coordinates": [85.3418521, 27.6978221]}}, {"type": "Feature", "properties": {"type": "yes", "id": 203707548}, "geometry": {"type": "Point", "coordinates": [85.3400948, 27.6961997]}}, {"type": "Feature", "properties": {"type": "yes", "id": 203707555}, "geometry": {"type": "Point", "coordinates": [85.3406396, 27.694239]}}, {"type": "Feature", "properties": {"type": "college", "building:levels": "3", "id": 203707565}, "geometry": {"type": "Point", "coordinates": [85.3426987, 27.6976546]}}, {"type": "Feature", "properties": {"type": "yes", "id": 203707591}, "geometry": {"type": "Point", "coordinates": [85.3401552, 27.6938914]}}, {"type": "Feature", "properties": {"type": "yes", "id": 203707593}, "geometry": {"type": "Point", "coordinates": [85.3402092, 27.6935887]}}, {"type": "Feature", "properties": {"type": "yes", "id": 203707666}, "geometry": {"type": "Point", "coordinates": [85.340519, 27.6968336]}}, {"type": "Feature", "properties": {"type": "yes", "id": 203707672}, "geometry": {"type": "Point", "coordinates": [85.3401707, 27.6953629]}}, {"type": "Feature", "properties": {"type": "yes", "id": 203707674}, "geometry": {"type": "Point", "coordinates": [85.3401679, 27.6956377]}}, {"type": "Feature", "properties": {"type": "yes", "id": 203707676}, "geometry": {"type": "Point", "coordinates": [85.342821, 27.6979142]}}, {"type": "Feature", "properties": {"type": "yes", "id": 203968850}, "geometry": {"type": "Point", "coordinates": [85.3427415, 27.6942228]}}, {"type": "Feature", "properties": {"type": "yes", "id": 203968851}, "geometry": {"type": "Point", "coordinates": [85.3417999, 27.6966301]}}, {"type": "Feature", "properties": {"type": "yes", "id": 203968852}, "geometry": {"type": "Point", "coordinates": [85.3435142, 27.6936507]}}, {"type": "Feature", "properties": {"type": "yes", "id": 203968853}, "geometry": {"type": "Point", "coordinates": [85.3407287, 27.6960688]}}, {"type": "Feature", "properties": {"type": "yes", "id": 203968857}, "geometry": {"type": "Point", "coordinates": [85.3418465, 27.69675]}}, {"type": "Feature", "properties": {"type": "yes", "id": 203968859}, "geometry": {"type": "Point", "coordinates": [85.3421292, 27.6932229]}}, {"type": "Feature", "properties": {"type": "yes", "id": 203968860}, "geometry": {"type": "Point", "coordinates": [85.3424961, 27.6971324]}}, {"type": "Feature", "properties": {"type": "yes", "id": 203968867}, "geometry": {"type": "Point", "coordinates": [85.3401485, 27.6975271]}}, {"type": "Feature", "properties": {"type": "yes", "id": 203968868}, "geometry": {"type": "Point", "coordinates": [85.3423827, 27.6943646]}}, {"type": "Feature", "properties": {"type": "yes", "id": 203968870}, "geometry": {"type": "Point", "coordinates": [85.3429779, 27.6940441]}}, {"type": "Feature", "properties": {"type": "yes", "id": 203968872}, "geometry": {"type": "Point", "coordinates": [85.3401486, 27.6930498]}}, {"type": "Feature", "properties": {"type": "yes", "id": 203968874}, "geometry": {"type": "Point", "coordinates": [85.3424372, 27.6941179]}}, {"type": "Feature", "properties": {"type": "yes", "id": 203968875}, "geometry": {"type": "Point", "coordinates": [85.3436061, 27.6939591]}}, {"type": "Feature", "properties": {"type": "yes", "id": 203968876}, "geometry": {"type": "Point", "coordinates": [85.3401425, 27.6946268]}}]}