{"type":"FeatureCollection","features":[{"type":"Feature","properties":{"id":"n336927387","type":"college","name":"Rigpa Shedra"},"geometry":{"type":"Point","coordinates":[85.267175,27.615286]}},{"type":"Feature","properties":{"id":"n575231600","type":"school","name":"Oxford Boarding School"},"geometry":{"type":"Point","coordinates":[85.301787,27.720176]}},{"type":"Feature","properties":{"id":"n764953569","type":"police"},"geometry":{"type":"Point","coordinates":[85.30105,27.684728]}},{"type":"Feature","properties":{"id":"n766982477","type":"police","name":"Balkhu"},"geometry":{"type":"Point","coordinates":[85.298074,27.684759]}},{"type":"Feature","properties":{"id":"n766982671","type":"police","name":"Kalimati"},"geometry":{"type":"Point","coordinates":[85.299366,27.696358]}},{"type":"Feature","properties":{"id":"n943246318","type":"hospital","name":"Manmohan Memorial Hospital"},"geometry":{"type":"Point","coordinates":[85.311244,27.717939]}},{"type":"Feature","properties":{"id":"n977642652","type":"police","name":"Rangers"},"geometry":{"type":"Point","coordinates":[85.292574,27.707318]}},{"type":"Feature","properties":{"id":"n1280138543","type":"police","name":"Tinchuli chowk"},"geometry":{"type":"Point","coordinates":[85.368624,27.727001]}},{"type":"Feature","properties":{"id":"n1380026505","type":"police","name":"Imadol Police Station"},"geometry":{"type":"Point","coordinates":[85.343953,27.659231]}},{"type":"Feature","properties":{"id":"n1496573279","type":"police","name":"Satdobato Police Station"},"geometry":{"type":"Point","coordinates":[85.324847,27.658472]}},{"type":"Feature","properties":{"id":"n1497172311","type":"hospital","name":"Military Hospital"},"geometry":{"type":"Point","coordinates":[85.291321,27.711439]}},{"type":"Feature","properties":{"id":"n1594854240","type":"police","name":"Kamal Pokhari Police Station"},"geometry":{"type":"Point","coordinates":[85.325424,27.7102]}},{"type":"Feature","properties":{"id":"n1741695868","type":"clinic","name":"Swayambhu Community Health Clinic"},"geometry":{"type":"Point","coordinates":[85.29546,27.711087]}},{"type":"Feature","properties":{"id":"n1783269563","type":"police","name":"mangalbazar police station"},"geometry":{"type":"Point","coordinates":[85.325107,27.672519]}},{"type":"Feature","properties":{"id":"n1787037891","type":"school","name":"caspian college"},"geometry":{"type":"Point","coordinates":[85.319907,27.672768]}},{"type":"Feature","properties":{"id":"n1787063191","type":"hospital","name":"Global hospital"},"geometry":{"type":"Point","coordinates":[85.33302,27.667072]}},{"type":"Feature","properties":{"id":"n1792687580","type":"school","name":"Welhams College"},"geometry":{"type":"Point","coordinates":[85.31614,27.67218]}},{"type":"Feature","properties":{"id":"n1848234596","type":"police","name":"Metropolitan Police Beat, Mandikhatar"},"geometry":{"type":"Point","coordinates":[85.347789,27.736285]}},{"type":"Feature","properties":{"id":"n1849349015","type":"school","name":"Patan Multiple Campus"},"geometry":{"type":"Point","coordinates":[85.321388,27.678583]}},{"type":"Feature","properties":{"id":"n1849454380","type":"school","name":"Patan Higher Secondary School"},"geometry":{"type":"Point","coordinates":[85.321615,27.678753]}},{"type":"Feature","properties":{"id":"n1857051575","type":"police","name":"Durbar Marg Police Station"},"geometry":{"type":"Point","coordinates":[85.318138,27.713012]}},{"type":"Feature","properties":{"id":"n1880545880","type":"community_centre","name":"Amar Club"},"geometry":{"type":"Point","coordinates":[85.34895,27.738232]}},{"type":"Feature","properties":{"id":"n1885423422","type":"police","name":"Traffic station"},"geometry":{"type":"Point","coordinates":[85.282144,27.694123]}},{"type":"Feature","properties":{"id":"n1891343745","type":"hospital","name":"Dhanwantari Aryuved Hospital & Research Centre"},"geometry":{"type":"Point","coordinates":[85.344353,27.732426]}},{"type":"Feature","properties":{"id":"n1891533734","type":"school","name":"SeaGate Institute of Technology"},"geometry":{"type":"Point","coordinates":[85.31847,27.68442]}},{"type":"Feature","properties":{"id":"n1892796767","type":"school","name":"Sachdeva Institute"},"geometry":{"type":"Point","coordinates":[85.319222,27.703264]}},{"type":"Feature","properties":{"id":"n1894371660","type":"school","name":"Deneb International School"},"geometry":{"type":"Point","coordinates":[85.331881,27.691599]}},{"type":"Feature","properties":{"id":"n1898593305","type":"hospital","name":"Aarogya Aashram"},"geometry":{"type":"Point","coordinates":[85.33049,27.717783]}},{"type":"Feature","properties":{"id":"n1899470621","type":"school","name":"Sahayogi Baikalpik Vidyalaya"},"geometry":{"type":"Point","coordinates":[85.331645,27.720965]}},{"type":"Feature","properties":{"id":"n1901867630","type":"community_centre","name":"Mahankal Youth Club"},"geometry":{"type":"Point","coordinates":[85.349068,27.747653]}},{"type":"Feature","properties":{"id":"n1904127992","type":"police","name":"Tourist Police"},"geometry":{"type":"Point","coordinates":[85.325652,27.673925]}},{"type":"Feature","properties":{"id":"n1904216004","type":"school","name":"Tibetan Thanka training school"},"geometry":{"type":"Point","coordinates":[85.324837,27.674874]}},{"type":"Feature","properties":{"id":"n1904243450","type":"school","name":"Yamantaka thanka school"},"geometry":{"type":"Point","coordinates":[85.324335,27.674499]}},{"type":"Feature","properties":{"id":"n1905155374","type":"school","name":"Sushila Arts Academy"},"geometry":{"type":"Point","coordinates":[85.343658,27.738557]}},{"type":"Feature","properties":{"id":"n1905259048","type":"police","name":"Mahanagariya Prahari Parisar"},"geometry":{"type":"Point","coordinates":[85.332705,27.703953]}},{"type":"Feature","properties":{"id":"n1905312697","type":"school","name":"New Summit School"},"geometry":{"type":"Point","coordinates":[85.333251,27.703877]}},{"type":"Feature","properties":{"id":"n1905315242","type":"clinic"},"geometry":{"type":"Point","coordinates":[85.321807,27.700017]}},{"type":"Feature","properties":{"id":"n1905319787","type":"school","name":"Beginners' Home academy"},"geometry":{"type":"Point","coordinates":[85.322019,27.700886]}},{"type":"Feature","properties":{"id":"n1905319789","type":"college","name":"Westbound International College"},"geometry":{"type":"Point","coordinates":[85.321952,27.700554]}},{"type":"Feature","properties":{"id":"n1905332715","type":"school","name":"Kathmandu Valley Education Center"},"geometry":{"type":"Point","coordinates":[85.322144,27.701804]}},{"type":"Feature","properties":{"id":"n1905343593","type":"school","name":"American Education Foundation"},"geometry":{"type":"Point","coordinates":[85.322594,27.702914]}},{"type":"Feature","properties":{"id":"n1905354084","type":"school","name":"Rising ray bording school"},"geometry":{"type":"Point","coordinates":[85.323017,27.702644]}},{"type":"Feature","properties":{"id":"n1905359703","type":"school","name":"CIMA CA classes"},"geometry":{"type":"Point","coordinates":[85.324413,27.70216]}},{"type":"Feature","properties":{"id":"n1905365904","type":"school","name":"Vibrant Entrance Preparation Institute"},"geometry":{"type":"Point","coordinates":[85.323777,27.701111]}},{"type":"Feature","properties":{"id":"n1905368913","type":"college","name":"CCMA college"},"geometry":{"type":"Point","coordinates":[85.323627,27.700968]}},{"type":"Feature","properties":{"id":"n1905384996","type":"clinic","name":"Mata Manakamana Arogya Clinic"},"geometry":{"type":"Point","coordinates":[85.322626,27.704908]}},{"type":"Feature","properties":{"id":"n1905390641","type":"school","name":"Universal language and computer institute"},"geometry":{"type":"Point","coordinates":[85.325016,27.705028]}},{"type":"Feature","properties":{"id":"n1907896203","type":"police","name":"Community Police Service"},"geometry":{"type":"Point","coordinates":[85.33515,27.726848]}},{"type":"Feature","properties":{"id":"n1907902326","type":"police","name":"Police Office, Kirtipur"},"geometry":{"type":"Point","coordinates":[85.27504,27.677709]}},{"type":"Feature","properties":{"id":"n1911303392","type":"college","name":"Chiran-Milan Bishwoshanti Campus"},"geometry":{"type":"Point","coordinates":[85.344994,27.74118]}},{"type":"Feature","properties":{"id":"n1914258275","type":"college","name":"Brilliant Multiple Campus"},"geometry":{"type":"Point","coordinates":[85.341094,27.71399]}},{"type":"Feature","properties":{"id":"n1916811225","type":"community_centre","name":"New Generation Youth Club"},"geometry":{"type":"Point","coordinates":[85.264953,27.665864]}},{"type":"Feature","properties":{"id":"n1917102703","type":"college","name":"Maharajganj Nursing Campus"},"geometry":{"type":"Point","coordinates":[85.331521,27.736244]}},{"type":"Feature","properties":{"id":"n1918582155","type":"clinic","name":"Heart Clinic"},"geometry":{"type":"Point","coordinates":[85.334972,27.738352]}},{"type":"Feature","properties":{"id":"n1918582159","type":"college","name":"Institute of Medicine, Deans Office"},"geometry":{"type":"Point","coordinates":[85.330677,27.734876]}},{"type":"Feature","properties":{"id":"n1919591112","type":"police","name":"Metro Police Range - Pulchowk"},"geometry":{"type":"Point","coordinates":[85.316579,27.677224]}},{"type":"Feature","properties":{"id":"n1923834353","type":"school","name":"Garden of Wisdom School"},"geometry":{"type":"Point","coordinates":[85.341058,27.678445]}},{"type":"Feature","properties":{"id":"n1923834368","type":"college","name":"Valley College of Engineering"},"geometry":{"type":"Point","coordinates":[85.341397,27.678454]}},{"type":"Feature","properties":{"id":"n1923848923","type":"school","name":"Baba Education Academy"},"geometry":{"type":"Point","coordinates":[85.347814,27.679087]}},{"type":"Feature","properties":{"id":"n1923848934","type":"clinic","name":"Save the Life Community Polyclinic and Research Center"},"geometry":{"type":"Point","coordinates":[85.344302,27.681251]}},{"type":"Feature","properties":{"id":"n1927427274","type":"clinic","name":"Kalika Polyclinic and Dental Care Center"},"geometry":{"type":"Point","coordinates":[85.348231,27.678437]}},{"type":"Feature","properties":{"id":"n1927515429","type":"college","name":"Engineering Academy of Science and Technology"},"geometry":{"type":"Point","coordinates":[85.342491,27.674247]}},{"type":"Feature","properties":{"id":"n1927536346","type":"clinic","name":"M Family Polyclinic"},"geometry":{"type":"Point","coordinates":[85.339385,27.671685]}},{"type":"Feature","properties":{"id":"n1936280980","type":"college","name":"College of Applied Food and Dairy Technology"},"geometry":{"type":"Point","coordinates":[85.337994,27.686549]}},{"type":"Feature","properties":{"id":"n1936280981","type":"clinic","name":"Deuti Clinic"},"geometry":{"type":"Point","coordinates":[85.334934,27.682809]}},{"type":"Feature","properties":{"id":"n1937647445","type":"college","name":"Nepal administrative Staff College"},"geometry":{"type":"Point","coordinates":[85.31223,27.670915]}},{"type":"Feature","properties":{"id":"n1937657336","type":"clinic","name":"Dirghayu Health Care Pvt Ltd"},"geometry":{"type":"Point","coordinates":[85.315271,27.671764]}},{"type":"Feature","properties":{"id":"n1937673101","type":"community_centre","name":"Crystal Party Palace"},"geometry":{"type":"Point","coordinates":[85.315887,27.670545]}},{"type":"Feature","properties":{"id":"n1937688844","type":"clinic","name":"Brigrade Boys Club community health center"},"geometry":{"type":"Point","coordinates":[85.31681,27.667364]}},{"type":"Feature","properties":{"id":"n1937688845","type":"college","name":"CPS HSS college"},"geometry":{"type":"Point","coordinates":[85.317857,27.667272]}},{"type":"Feature","properties":{"id":"n1937705143","type":"school","name":"Himalayan International Kindergarden"},"geometry":{"type":"Point","coordinates":[85.305831,27.673907]}},{"type":"Feature","properties":{"id":"n1937710541","type":"school","name":"International Playgroup and Play School"},"geometry":{"type":"Point","coordinates":[85.305733,27.678582]}},{"type":"Feature","properties":{"id":"n1937717782","type":"school","name":"Aptech computer education institute"},"geometry":{"type":"Point","coordinates":[85.318772,27.671597]}},{"type":"Feature","properties":{"id":"n1937718380","type":"clinic","name":"Chhahari Nepal"},"geometry":{"type":"Point","coordinates":[85.317434,27.675041]}},{"type":"Feature","properties":{"id":"n1937718395","type":"school","name":"Gyan Sikha Boarding High School"},"geometry":{"type":"Point","coordinates":[85.317512,27.673299]}},{"type":"Feature","properties":{"id":"n1937718408","type":"school","name":"Himalayan White House Open School"},"geometry":{"type":"Point","coordinates":[85.316313,27.675526]}},{"type":"Feature","properties":{"id":"n1937718462","type":"police","name":"Mahanagariya Prahari Bit"},"geometry":{"type":"Point","coordinates":[85.315614,27.673463]}},{"type":"Feature","properties":{"id":"n1937718496","type":"school","name":"Sagarmatha Boarding High School"},"geometry":{"type":"Point","coordinates":[85.315627,27.674205]}},{"type":"Feature","properties":{"id":"n1937721976","type":"school","name":"Aberdeen Int'l College"},"geometry":{"type":"Point","coordinates":[85.317705,27.672801]}},{"type":"Feature","properties":{"id":"n1937721997","type":"school","name":"Vidya Vikash Boarding High School"},"geometry":{"type":"Point","coordinates":[85.318843,27.673275]}},{"type":"Feature","properties":{"id":"n1939209004","type":"school","name":"apex life school"},"geometry":{"type":"Point","coordinates":[85.337731,27.699027]}},{"type":"Feature","properties":{"id":"n1941204615","type":"college"},"geometry":{"type":"Point","coordinates":[85.327172,27.68719]}},{"type":"Feature","properties":{"id":"n1947098659","type":"clinic","name":"Prakash poly clinic"},"geometry":{"type":"Point","coordinates":[85.307249,27.695914]}},{"type":"Feature","properties":{"id":"n1947167469","type":"police","name":"Police"},"geometry":{"type":"Point","coordinates":[85.30681,27.685635]}},{"type":"Feature","properties":{"id":"n1960043912","type":"clinic","name":"Durga Bhawani Polyclinic"},"geometry":{"type":"Point","coordinates":[85.339866,27.724114]}},{"type":"Feature","properties":{"id":"n1962290903","type":"college","name":"IEC College of Art & Fashion"},"geometry":{"type":"Point","coordinates":[85.336516,27.723306]}},{"type":"Feature","properties":{"id":"n1962367529","type":"clinic","name":"Community Urban Health Clinic"},"geometry":{"type":"Point","coordinates":[85.334673,27.71853]}},{"type":"Feature","properties":{"id":"n1962367551","type":"police","name":"Gahana Pokhari Police Bit"},"geometry":{"type":"Point","coordinates":[85.332674,27.716613]}},{"type":"Feature","properties":{"id":"n1962367562","type":"school","name":"Kathmandu English School"},"geometry":{"type":"Point","coordinates":[85.33244,27.713293]}},{"type":"Feature","properties":{"id":"n1962395034","type":"police","name":"Boudha Police Branch"},"geometry":{"type":"Point","coordinates":[85.359765,27.720309]}},{"type":"Feature","properties":{"id":"n1967824798","type":"college","name":"Everest College of Multiple Studies"},"geometry":{"type":"Point","coordinates":[85.312875,27.719856]}},{"type":"Feature","properties":{"id":"n1967824819","type":"clinic","name":"Samakhusi Community Clinic"},"geometry":{"type":"Point","coordinates":[85.313791,27.72454]}},{"type":"Feature","properties":{"id":"n1967824831","type":"clinic","name":"United Medical Center"},"geometry":{"type":"Point","coordinates":[85.317892,27.721352]}},{"type":"Feature","properties":{"id":"n1967824833","type":"school","name":"Westwood International Pre School"},"geometry":{"type":"Point","coordinates":[85.313444,27.722594]}},{"type":"Feature","properties":{"id":"n1977514708","type":"school","name":"Kinder Care International"},"geometry":{"type":"Point","coordinates":[85.309622,27.720441]}},{"type":"Feature","properties":{"id":"n1979178693","type":"school","name":"Sacred Cosmos International Education Foundation Pre School"},"geometry":{"type":"Point","coordinates":[85.313204,27.726068]}},{"type":"Feature","properties":{"id":"n1982131524","type":"school","name":"Cute Child's Montessori"},"geometry":{"type":"Point","coordinates":[85.312677,27.728385]}},{"type":"Feature","properties":{"id":"n1985458243","type":"hospital","name":"CIWEC Hospital"},"geometry":{"type":"Point","coordinates":[85.317881,27.720271]}},{"type":"Feature","properties":{"id":"n1989508635","type":"community_centre","name":"Everest Party Palace"},"geometry":{"type":"Point","coordinates":[85.344661,27.685042]}},{"type":"Feature","properties":{"id":"n1989508667","type":"college","name":"NavaJyoti College of Management"},"geometry":{"type":"Point","coordinates":[85.348263,27.682449]}},{"type":"Feature","properties":{"id":"n1989508697","type":"clinic","name":"Singapore Gorkha Polyclinic"},"geometry":{"type":"Point","coordinates":[85.347216,27.680718]}},{"type":"Feature","properties":{"id":"n1990674540","type":"police"},"geometry":{"type":"Point","coordinates":[85.376192,27.673523]}},{"type":"Feature","properties":{"id":"n1990674676","type":"police","name":"Traffic Police"},"geometry":{"type":"Point","coordinates":[85.366603,27.673806]}},{"type":"Feature","properties":{"id":"n1992068548","type":"college","name":"Loyalty Academy"},"geometry":{"type":"Point","coordinates":[85.353909,27.736934]}},{"type":"Feature","properties":{"id":"n1992070784","type":"police","name":"Kapan Police Beat"},"geometry":{"type":"Point","coordinates":[85.354152,27.736772]}},{"type":"Feature","properties":{"id":"n1996610093","type":"college","name":"Himalayan Whitehouse Graduate School of Management"},"geometry":{"type":"Point","coordinates":[85.337462,27.694409]}},{"type":"Feature","properties":{"id":"n1996610766","type":"school","name":"Pathshala Nepal"},"geometry":{"type":"Point","coordinates":[85.33363,27.694191]}},{"type":"Feature","properties":{"id":"n1996639812","type":"college","name":"Rajdhani Model college"},"geometry":{"type":"Point","coordinates":[85.33867,27.699526]}},{"type":"Feature","properties":{"id":"n1996650874","type":"college","name":"Institute of International Management Science"},"geometry":{"type":"Point","coordinates":[85.332132,27.708794]}},{"type":"Feature","properties":{"id":"n1996650875","type":"college","name":"International Centre for Academics"},"geometry":{"type":"Point","coordinates":[85.332413,27.709242]}},{"type":"Feature","properties":{"id":"n1999696344","type":"college","name":"Xavier Academy"},"geometry":{"type":"Point","coordinates":[85.321679,27.720865]}},{"type":"Feature","properties":{"id":"n2002392571","type":"clinic","name":"Ojaswi Polyclinic"},"geometry":{"type":"Point","coordinates":[85.318456,27.735488]}},{"type":"Feature","properties":{"id":"n2002501573","type":"clinic","name":"Sai Polyclinic and Diagnostic Centre"},"geometry":{"type":"Point","coordinates":[85.316251,27.734751]}},{"type":"Feature","properties":{"id":"n2003952810","type":"police"},"geometry":{"type":"Point","coordinates":[85.325887,27.720056]}},{"type":"Feature","properties":{"id":"n2006144727","type":"community_centre","name":"Shahara Community Learning Center"},"geometry":{"type":"Point","coordinates":[85.331449,27.721081]}},{"type":"Feature","properties":{"id":"n2011847246","type":"school","name":"International French School - Ecole Francaise Internationale"},"geometry":{"type":"Point","coordinates":[85.324613,27.725113]}},{"type":"Feature","properties":{"id":"n2011861271","type":"school","name":"Gurkha Institute of Education and Career"},"geometry":{"type":"Point","coordinates":[85.324249,27.723981]}},{"type":"Feature","properties":{"id":"n2019714895","type":"community_centre","name":"Shrijansheel Tole Community Hall"},"geometry":{"type":"Point","coordinates":[85.333211,27.743016]}},{"type":"Feature","properties":{"id":"n2027856790","type":"school","name":"Holivision Technical Campus"},"geometry":{"type":"Point","coordinates":[85.333585,27.691385]}},{"type":"Feature","properties":{"id":"n2027857088","type":"school","name":"Metro High School"},"geometry":{"type":"Point","coordinates":[85.333671,27.691314]}},{"type":"Feature","properties":{"id":"n2027864941","type":"college","name":"K&K College"},"geometry":{"type":"Point","coordinates":[85.335121,27.689879]}},{"type":"Feature","properties":{"id":"n2027880628","type":"school","name":"Chakrabarti Law College, PU"},"geometry":{"type":"Point","coordinates":[85.329324,27.691241]}},{"type":"Feature","properties":{"id":"n2027886569","type":"hospital","name":"Chirayu National Hospital & Medical Institute"},"geometry":{"type":"Point","coordinates":[85.330162,27.69221]}},{"type":"Feature","properties":{"id":"n2027891170","type":"college","name":"Mega College"},"geometry":{"type":"Point","coordinates":[85.328261,27.691495]}},{"type":"Feature","properties":{"id":"n2027893827","type":"school","name":"Southpoint Boarding High School"},"geometry":{"type":"Point","coordinates":[85.328423,27.688737]}},{"type":"Feature","properties":{"id":"n2027895182","type":"hospital","name":"Infertility Center"},"geometry":{"type":"Point","coordinates":[85.32902,27.690385]}},{"type":"Feature","properties":{"id":"n2030361087","type":"police","name":"Old Baneshwar Police Station"},"geometry":{"type":"Point","coordinates":[85.340314,27.701496]}},{"type":"Feature","properties":{"id":"n2041480401","type":"school","name":"Armed Police Force School"},"geometry":{"type":"Point","coordinates":[85.256256,27.660168]}},{"type":"Feature","properties":{"id":"n2041486980","type":"shelter"},"geometry":{"type":"Point","coordinates":[85.252018,27.659231]}},{"type":"Feature","properties":{"id":"n2041486983","type":"shelter"},"geometry":{"type":"Point","coordinates":[85.252013,27.658893]}},{"type":"Feature","properties":{"id":"n2041486985","type":"shelter"},"geometry":{"type":"Point","coordinates":[85.252016,27.659012]}},{"type":"Feature","properties":{"id":"n2055477614","type":"college","name":"Kantipur Engineering College"},"geometry":{"type":"Point","coordinates":[85.333431,27.637138]}},{"type":"Feature","properties":{"id":"n2068112612","type":"police","name":"Metropolitan Police Circle"},"geometry":{"type":"Point","coordinates":[85.309449,27.718445]}},{"type":"Feature","properties":{"id":"n2069367167","type":"shelter","name":"Shorha Khutte Pati"},"geometry":{"type":"Point","coordinates":[85.281309,27.675036]}},{"type":"Feature","properties":{"id":"n2071327110","type":"clinic","name":"Indira IVF Clinic"},"geometry":{"type":"Point","coordinates":[85.325025,27.72949]}},{"type":"Feature","properties":{"id":"n2074278686","type":"college","name":"AJW College- A Level"},"geometry":{"type":"Point","coordinates":[85.32633,27.730424]}},{"type":"Feature","properties":{"id":"n2074412076","type":"clinic","name":"Xeno Clinic Service"},"geometry":{"type":"Point","coordinates":[85.32333,27.725615]}},{"type":"Feature","properties":{"id":"n2074428010","type":"clinic","name":"Gaun Ghar Clinic"},"geometry":{"type":"Point","coordinates":[85.358812,27.745274]}},{"type":"Feature","properties":{"id":"n2077202637","type":"police","name":"Tilingatar Police Station"},"geometry":{"type":"Point","coordinates":[85.325568,27.73801]}},{"type":"Feature","properties":{"id":"n2077258831","type":"hospital","name":"Subba Medical Centre Pvt ltd"},"geometry":{"type":"Point","coordinates":[85.323041,27.73782]}},{"type":"Feature","properties":{"id":"n2077260182","type":"community_centre","name":"Indreni Party Palace"},"geometry":{"type":"Point","coordinates":[85.324422,27.737246]}},{"type":"Feature","properties":{"id":"n2077260185","type":"police","name":"Mahanagariya Prahari Pahara Gana HQ"},"geometry":{"type":"Point","coordinates":[85.322846,27.735914]}},{"type":"Feature","properties":{"id":"n2079575199","type":"clinic","name":"Diamond Poly Clinic"},"geometry":{"type":"Point","coordinates":[85.321128,27.735338]}},{"type":"Feature","properties":{"id":"n2079675413","type":"college","name":"Modern Hotel Management and Tourism Technology"},"geometry":{"type":"Point","coordinates":[85.334427,27.741059]}},{"type":"Feature","properties":{"id":"n2079675422","type":"clinic","name":"Sewa Polyclinic Pvt.Ltd"},"geometry":{"type":"Point","coordinates":[85.333079,27.742374]}},{"type":"Feature","properties":{"id":"n2082971964","type":"shelter"},"geometry":{"type":"Point","coordinates":[85.336974,27.71871]}},{"type":"Feature","properties":{"id":"n2084372312","type":"clinic","name":"NEO Health Clinic & Lab Pvt.Ltd"},"geometry":{"type":"Point","coordinates":[85.330801,27.718628]}},{"type":"Feature","properties":{"id":"n2085324789","type":"police","name":"Golfutar police Bit"},"geometry":{"type":"Point","coordinates":[85.348305,27.74746]}},{"type":"Feature","properties":{"id":"n2089552909","type":"clinic","name":"Lazimpat Sulav Clinic"},"geometry":{"type":"Point","coordinates":[85.32429,27.720412]}},{"type":"Feature","properties":{"id":"n2090613245","type":"community_centre","name":"Banquet Club"},"geometry":{"type":"Point","coordinates":[85.319482,27.718168]}},{"type":"Feature","properties":{"id":"n2090735367","type":"school","name":"Ekata Sadan Boarding School"},"geometry":{"type":"Point","coordinates":[85.333613,27.716587]}},{"type":"Feature","properties":{"id":"n2091829801","type":"community_centre","name":"Tent House and Party Palace"},"geometry":{"type":"Point","coordinates":[85.327495,27.717898]}},{"type":"Feature","properties":{"id":"n2101286233","type":"school","name":"Mills Berry School"},"geometry":{"type":"Point","coordinates":[85.319185,27.720806]}},{"type":"Feature","properties":{"id":"n2102709314","type":"clinic","name":"Carving Hands Polyclinic & Diagnostics"},"geometry":{"type":"Point","coordinates":[85.334081,27.712118]}},{"type":"Feature","properties":{"id":"n2106838618","type":"clinic","name":"Super X ray Clinic"},"geometry":{"type":"Point","coordinates":[85.331534,27.707922]}},{"type":"Feature","properties":{"id":"n2108676792","type":"college","name":"International School of Tourism & Hotel Management"},"geometry":{"type":"Point","coordinates":[85.327852,27.707219]}},{"type":"Feature","properties":{"id":"n2111864386","type":"college","name":"COLLEGE OF BUSINESS MANAGEMENT (CBM)"},"geometry":{"type":"Point","coordinates":[85.326421,27.70589]}},{"type":"Feature","properties":{"id":"n2113481521","type":"shelter"},"geometry":{"type":"Point","coordinates":[85.276013,27.66849]}},{"type":"Feature","properties":{"id":"n2113579306","type":"school","name":"School of Creative Communications"},"geometry":{"type":"Point","coordinates":[85.318441,27.68621]}},{"type":"Feature","properties":{"id":"n2115670246","type":"police","name":"Nepal Police"},"geometry":{"type":"Point","coordinates":[85.324758,27.700501]}},{"type":"Feature","properties":{"id":"n2121884151","type":"hospital","name":"Kunphen Tibetian Medicine"},"geometry":{"type":"Point","coordinates":[85.309237,27.713065]}},{"type":"Feature","properties":{"id":"n2122379720","type":"police","name":"SOCIAL POLICE SERVICE"},"geometry":{"type":"Point","coordinates":[85.282286,27.68603]}},{"type":"Feature","properties":{"id":"n2122386462","type":"hospital","name":"Yeti Hospital"},"geometry":{"type":"Point","coordinates":[85.282402,27.702451]}},{"type":"Feature","properties":{"id":"n2122390088","type":"college","name":"BERNHARDT COLLEGE"},"geometry":{"type":"Point","coordinates":[85.283121,27.702062]}},{"type":"Feature","properties":{"id":"n2123804182","type":"school","name":"Jana Vikash Secondary School"},"geometry":{"type":"Point","coordinates":[85.338591,27.612341]}},{"type":"Feature","properties":{"id":"n2127144862","type":"college","name":"Manmohan Memorial College"},"geometry":{"type":"Point","coordinates":[85.309189,27.718598]}},{"type":"Feature","properties":{"id":"n2127144864","type":"community_centre","name":"Yellow Star Club"},"geometry":{"type":"Point","coordinates":[85.30932,27.717818]}},{"type":"Feature","properties":{"id":"n2127144885","type":"school","name":"Sandra Namuna School"},"geometry":{"type":"Point","coordinates":[85.309553,27.71946]}},{"type":"Feature","properties":{"id":"n2127144886","type":"community_centre","name":"Sasa Banquet"},"geometry":{"type":"Point","coordinates":[85.307938,27.721599]}},{"type":"Feature","properties":{"id":"n2127154506","type":"college","name":"Manmohan Memorial College"},"geometry":{"type":"Point","coordinates":[85.309116,27.718491]}},{"type":"Feature","properties":{"id":"n2127188291","type":"college","name":"People Campus (Block A)"},"geometry":{"type":"Point","coordinates":[85.308344,27.714524]}},{"type":"Feature","properties":{"id":"n2127188292","type":"college","name":"People Campus (Block B)"},"geometry":{"type":"Point","coordinates":[85.308542,27.714435]}},{"type":"Feature","properties":{"id":"n2127188970","type":"clinic"},"geometry":{"type":"Point","coordinates":[85.312648,27.719527]}},{"type":"Feature","properties":{"id":"n2127195667","type":"school","name":"West Wood International Pre-school"},"geometry":{"type":"Point","coordinates":[85.313427,27.722671]}},{"type":"Feature","properties":{"id":"n2128609422","type":"school","name":"waterbrdige test"},"geometry":{"type":"Point","coordinates":[85.3185,27.684486]}},{"type":"Feature","properties":{"id":"n2128621042","type":"school","name":"Hobby Art Class"},"geometry":{"type":"Point","coordinates":[85.316341,27.681793]}},{"type":"Feature","properties":{"id":"n2130647507","type":"clinic","name":"Maha Guthi Polyclinic"},"geometry":{"type":"Point","coordinates":[85.306133,27.717656]}},{"type":"Feature","properties":{"id":"n2151429701","type":"college","name":"Nepal Engineering College"},"geometry":{"type":"Point","coordinates":[85.41553,27.709552]}},{"type":"Feature","properties":{"id":"n2164877858","type":"hospital","name":"Public Hospital"},"geometry":{"type":"Point","coordinates":[85.305407,27.665658]}},{"type":"Feature","properties":{"id":"n2164892992","type":"clinic","name":"Saharibikash Clinic "},"geometry":{"type":"Point","coordinates":[85.308521,27.664126]}},{"type":"Feature","properties":{"id":"n2164964251","type":"college","name":"Asian College"},"geometry":{"type":"Point","coordinates":[85.309982,27.670459]}},{"type":"Feature","properties":{"id":"n2165424701","type":"hospital","name":"Nepal Veterinary Hospital"},"geometry":{"type":"Point","coordinates":[85.311284,27.694821]}},{"type":"Feature","properties":{"id":"n2165424708","type":"hospital","name":"Blue Cross Hospital"},"geometry":{"type":"Point","coordinates":[85.315258,27.693715]}},{"type":"Feature","properties":{"id":"n2165424724","type":"school","name":"Kanti Ishwari School"},"geometry":{"type":"Point","coordinates":[85.313108,27.693344]}},{"type":"Feature","properties":{"id":"n2165446728","type":"police","name":"Kalimati Police Station"},"geometry":{"type":"Point","coordinates":[85.299396,27.697371]}},{"type":"Feature","properties":{"id":"n2174521364","type":"clinic","name":"National Institute of Psychology"},"geometry":{"type":"Point","coordinates":[85.337771,27.694514]}},{"type":"Feature","properties":{"id":"n2176723030","type":"police","name":"Police booth"},"geometry":{"type":"Point","coordinates":[85.297877,27.692423]}},{"type":"Feature","properties":{"id":"n2176750961","type":"hospital"},"geometry":{"type":"Point","coordinates":[85.298587,27.691375]}},{"type":"Feature","properties":{"id":"n2176765801","type":"college","name":"Kathmandu Academy Of Tourism and Hospitality Management"},"geometry":{"type":"Point","coordinates":[85.292495,27.693416]}},{"type":"Feature","properties":{"id":"n2184993862","type":"college","name":"U2 International College"},"geometry":{"type":"Point","coordinates":[85.344431,27.722393]}},{"type":"Feature","properties":{"id":"n2185607000","type":"college","name":"CITE College"},"geometry":{"type":"Point","coordinates":[85.345611,27.684378]}},{"type":"Feature","properties":{"id":"n2185607008","type":"school","name":"Kids Garden Montessori School"},"geometry":{"type":"Point","coordinates":[85.34811,27.681992]}},{"type":"Feature","properties":{"id":"n2185607011","type":"school","name":"NavaJyoti School and College"},"geometry":{"type":"Point","coordinates":[85.348292,27.682391]}},{"type":"Feature","properties":{"id":"n2185607015","type":"police","name":"Nepal Police"},"geometry":{"type":"Point","coordinates":[85.348828,27.678822]}},{"type":"Feature","properties":{"id":"n2185607019","type":"police","name":"Rastriya Suchana Aayog"},"geometry":{"type":"Point","coordinates":[85.347569,27.681951]}},{"type":"Feature","properties":{"id":"n2187991864","type":"college","name":"IEC College of Art & Fashion, Chandol"},"geometry":{"type":"Point","coordinates":[85.338357,27.72759]}},{"type":"Feature","properties":{"id":"n2188310705","type":"police"},"geometry":{"type":"Point","coordinates":[85.308957,27.731585]}},{"type":"Feature","properties":{"id":"n2218658273","type":"hospital","name":"Divya Sanjivani Hospital"},"geometry":{"type":"Point","coordinates":[85.286762,27.706615]}},{"type":"Feature","properties":{"id":"n2224243804","type":"shelter","name":"Awa Guthi Chapa"},"geometry":{"type":"Point","coordinates":[85.327951,27.674343]}},{"type":"Feature","properties":{"id":"n2224398912","type":"shelter","name":"Lalitpura Pati"},"geometry":{"type":"Point","coordinates":[85.325157,27.675704]}},{"type":"Feature","properties":{"id":"n2224488139","type":"shelter","name":"Jabar aja and aji pati"},"geometry":{"type":"Point","coordinates":[85.327216,27.674044]}},{"type":"Feature","properties":{"id":"n2224512173","type":"shelter","name":"Takha falcha"},"geometry":{"type":"Point","coordinates":[85.328026,27.674405]}},{"type":"Feature","properties":{"id":"n2236622338","type":"hospital","name":"Bharosa Hospital"},"geometry":{"type":"Point","coordinates":[85.337056,27.694324]}},{"type":"Feature","properties":{"id":"n2236944132","type":"school","name":"Stiener Academy"},"geometry":{"type":"Point","coordinates":[85.338724,27.693869]}},{"type":"Feature","properties":{"id":"n2245172445","type":"police","name":"Sanothimi Police Station"},"geometry":{"type":"Point","coordinates":[85.371968,27.682498]}},{"type":"Feature","properties":{"id":"n2248198014","type":"clinic","name":"Prime Health Care Center"},"geometry":{"type":"Point","coordinates":[85.345633,27.72091]}},{"type":"Feature","properties":{"id":"n2249051082","type":"school","name":"Padmakanya Vidyashram H.S. School and College"},"geometry":{"type":"Point","coordinates":[85.325958,27.705349]}},{"type":"Feature","properties":{"id":"n2282086109","type":"hospital","name":"Nepal Diagnostic Center Pvt. Ltd."},"geometry":{"type":"Point","coordinates":[85.311634,27.701058]}},{"type":"Feature","properties":{"id":"n2282809120","type":"school","name":"shankhadevi higher s.school"},"geometry":{"type":"Point","coordinates":[85.366183,27.629978]}},{"type":"Feature","properties":{"id":"n2287639330","type":"school","name":"Vidyadayini School"},"geometry":{"type":"Point","coordinates":[85.376591,27.673463]}},{"type":"Feature","properties":{"id":"n2293445120","type":"college","name":"Samaj School of Dentistry"},"geometry":{"type":"Point","coordinates":[85.357667,27.725797]}},{"type":"Feature","properties":{"id":"n2293467391","type":"clinic","name":"Jana Varosa Poly Clinic"},"geometry":{"type":"Point","coordinates":[85.363961,27.728884]}},{"type":"Feature","properties":{"id":"n2300443767","type":"school","name":"Manang CPS"},"geometry":{"type":"Point","coordinates":[85.360456,27.689439]}},{"type":"Feature","properties":{"id":"n2303600044","type":"police","name":"Ranibari Police station"},"geometry":{"type":"Point","coordinates":[85.317965,27.73017]}},{"type":"Feature","properties":{"id":"n2307727804","type":"clinic","name":"Siddhartha Poly Clinic"},"geometry":{"type":"Point","coordinates":[85.320058,27.706156]}},{"type":"Feature","properties":{"id":"n2311533699","type":"clinic","name":"Jana Polyclinic"},"geometry":{"type":"Point","coordinates":[85.277152,27.675012]}},{"type":"Feature","properties":{"id":"n2314312104","type":"school","name":"Annapurna Secondary School"},"geometry":{"type":"Point","coordinates":[85.303736,27.674355]}},{"type":"Feature","properties":{"id":"n2316603873","type":"college","name":"Cambridge College"},"geometry":{"type":"Point","coordinates":[85.298392,27.687113]}},{"type":"Feature","properties":{"id":"n2318127281","type":"police","name":"Lokanthali Police"},"geometry":{"type":"Point","coordinates":[85.358551,27.674643]}},{"type":"Feature","properties":{"id":"n2319779682","type":"community_centre","name":"Myajula banquets"},"geometry":{"type":"Point","coordinates":[85.317126,27.661873]}},{"type":"Feature","properties":{"id":"n2320299473","type":"college","name":"intensive international college"},"geometry":{"type":"Point","coordinates":[85.295308,27.696736]}},{"type":"Feature","properties":{"id":"n2321560436","type":"school","name":"Babu Bidhya Mandir Uccha Madhyamik Vidhyalaya"},"geometry":{"type":"Point","coordinates":[85.317746,27.683157]}},{"type":"Feature","properties":{"id":"n2337121030","type":"clinic","name":"shubhekshya poly clinic"},"geometry":{"type":"Point","coordinates":[85.303854,27.715032]}},{"type":"Feature","properties":{"id":"n2348989708","type":"college","name":"Gramin Adarsha"},"geometry":{"type":"Point","coordinates":[85.303169,27.742118]}},{"type":"Feature","properties":{"id":"n2352485018","type":"clinic","name":"Lagankhel Dental Clinic"},"geometry":{"type":"Point","coordinates":[85.324083,27.666493]}},{"type":"Feature","properties":{"id":"n2352485019","type":"clinic","name":"Lalitpur Poly Clinic"},"geometry":{"type":"Point","coordinates":[85.324093,27.666544]}},{"type":"Feature","properties":{"id":"n2352517835","type":"clinic","name":"Subba Pathology & Clinic Private Ltd."},"geometry":{"type":"Point","coordinates":[85.316843,27.686433]}},{"type":"Feature","properties":{"id":"n2352610254","type":"clinic","name":"Sagarmatha Poly Clinic"},"geometry":{"type":"Point","coordinates":[85.299274,27.698483]}},{"type":"Feature","properties":{"id":"n2352666875","type":"hospital","name":"Buddha Minimal Access International (MAI) Center"},"geometry":{"type":"Point","coordinates":[85.304213,27.698003]}},{"type":"Feature","properties":{"id":"n2353771417","type":"college","name":"AIMS International College"},"geometry":{"type":"Point","coordinates":[85.322638,27.668204]}},{"type":"Feature","properties":{"id":"n2353843451","type":"clinic","name":"Upatyaka Poly Clinic"},"geometry":{"type":"Point","coordinates":[85.315963,27.675879]}},{"type":"Feature","properties":{"id":"n2354572330","type":"police","name":"Temporary police Beat"},"geometry":{"type":"Point","coordinates":[85.301735,27.723083]}},{"type":"Feature","properties":{"id":"n2355629169","type":"clinic","name":"Prashanti Health Care Center"},"geometry":{"type":"Point","coordinates":[85.314413,27.674985]}},{"type":"Feature","properties":{"id":"n2380966268","type":"college","name":"Janamaitre Foundation Institute of Health Science"},"geometry":{"type":"Point","coordinates":[85.303122,27.728144]}},{"type":"Feature","properties":{"id":"n2381971836","type":"college","name":"Cambridge International H.S.School/College"},"geometry":{"type":"Point","coordinates":[85.280407,27.693612]}},{"type":"Feature","properties":{"id":"n2399746904","type":"clinic","name":"Asha X-Ray Clinic"},"geometry":{"type":"Point","coordinates":[85.31226,27.705689]}},{"type":"Feature","properties":{"id":"n2399748665","type":"clinic","name":"Mahabaudhha Clinic"},"geometry":{"type":"Point","coordinates":[85.312285,27.705709]}},{"type":"Feature","properties":{"id":"n2399749797","type":"clinic","name":"Trishuli X-Ray and Clinic"},"geometry":{"type":"Point","coordinates":[85.31278,27.705711]}},{"type":"Feature","properties":{"id":"n2399753629","type":"clinic","name":"Asia Pacific Poly Clinic"},"geometry":{"type":"Point","coordinates":[85.318046,27.690465]}},{"type":"Feature","properties":{"id":"n2399753633","type":"clinic","name":"SRL Diagnostic"},"geometry":{"type":"Point","coordinates":[85.318012,27.690526]}},{"type":"Feature","properties":{"id":"n2399974682","type":"clinic","name":"Baluwatar Polyclinic"},"geometry":{"type":"Point","coordinates":[85.332667,27.74249]}},{"type":"Feature","properties":{"id":"n2400018825","type":"clinic","name":"Fronline Polyclinic"},"geometry":{"type":"Point","coordinates":[85.345767,27.697012]}},{"type":"Feature","properties":{"id":"n2400020661","type":"clinic","name":"Khajana Polyclinic"},"geometry":{"type":"Point","coordinates":[85.348466,27.705707]}},{"type":"Feature","properties":{"id":"n2425005466","type":"hospital","name":"Nepal Police Hospital"},"geometry":{"type":"Point","coordinates":[85.323571,27.731024]}},{"type":"Feature","properties":{"id":"n2476338392","type":"hospital"},"geometry":{"type":"Point","coordinates":[85.381086,27.729732]}},{"type":"Feature","properties":{"id":"n2478808670","type":"community_centre","name":"patanjali yoga center"},"geometry":{"type":"Point","coordinates":[85.423102,27.694964]}},{"type":"Feature","properties":{"id":"n2513634073","type":"school","name":"Manohara Secondary School"},"geometry":{"type":"Point","coordinates":[85.409513,27.705673]}},{"type":"Feature","properties":{"id":"n2526448449","type":"police"},"geometry":{"type":"Point","coordinates":[85.337036,27.731247]}},{"type":"Feature","properties":{"id":"n2591253673","type":"school","name":"Bella Pre School"},"geometry":{"type":"Point","coordinates":[85.295351,27.705596]}},{"type":"Feature","properties":{"id":"n2613093222","type":"police","name":"Gaurighat Police Beat"},"geometry":{"type":"Point","coordinates":[85.349636,27.713315]}},{"type":"Feature","properties":{"id":"n2629593466","type":"school","name":"New Model Education"},"geometry":{"type":"Point","coordinates":[85.321719,27.668949]}},{"type":"Feature","properties":{"id":"n2684762108","type":"clinic","name":"Nirvana"},"geometry":{"type":"Point","coordinates":[85.311703,27.671033]}},{"type":"Feature","properties":{"id":"n2684770935","type":"hospital","name":"Mobile Veterinary Hospital"},"geometry":{"type":"Point","coordinates":[85.311774,27.673742]}},{"type":"Feature","properties":{"id":"n2684771565","type":"college","name":"National Multiple college"},"geometry":{"type":"Point","coordinates":[85.312994,27.669252]}},{"type":"Feature","properties":{"id":"n2684818083","type":"college","name":"National Multiple Campus"},"geometry":{"type":"Point","coordinates":[85.313166,27.668505]}},{"type":"Feature","properties":{"id":"n2684818085","type":"school","name":"SVM"},"geometry":{"type":"Point","coordinates":[85.315603,27.666407]}},{"type":"Feature","properties":{"id":"n2684819442","type":"college"},"geometry":{"type":"Point","coordinates":[85.315305,27.671487]}},{"type":"Feature","properties":{"id":"n2687382641","type":"clinic"},"geometry":{"type":"Point","coordinates":[85.347371,27.717371]}},{"type":"Feature","properties":{"id":"n2857869822","type":"hospital","name":"Tarini Health Center"},"geometry":{"type":"Point","coordinates":[85.308422,27.704951]}},{"type":"Feature","properties":{"id":"n2962330975","type":"college","name":"Swastik College of CSIT"},"geometry":{"type":"Point","coordinates":[85.380514,27.673727]}},{"type":"Feature","properties":{"id":"n2998121174","type":"school","name":"KISC"},"geometry":{"type":"Point","coordinates":[85.309779,27.676066]}},{"type":"Feature","properties":{"id":"n3047240296","type":"hospital","name":"Netradham Eye care center"},"geometry":{"type":"Point","coordinates":[85.316458,27.687378]}},{"type":"Feature","properties":{"id":"n3074564881","type":"clinic","name":"Children's Diagnosis Center"},"geometry":{"type":"Point","coordinates":[85.346181,27.716947]}},{"type":"Feature","properties":{"id":"n3074577227","type":"school","name":"Nepali Maharisi Foundation for Bhaidhik Culture"},"geometry":{"type":"Point","coordinates":[85.339857,27.711284]}},{"type":"Feature","properties":{"id":"n3074577231","type":"school","name":"Seto Bangla Boarding School"},"geometry":{"type":"Point","coordinates":[85.337974,27.711735]}},{"type":"Feature","properties":{"id":"n3074577232","type":"school","name":"Shree Bal Byabasayi Kendra Secondary School"},"geometry":{"type":"Point","coordinates":[85.340603,27.710993]}},{"type":"Feature","properties":{"id":"n3074580747","type":"police","name":"Metropolitan Police Post"},"geometry":{"type":"Point","coordinates":[85.338859,27.712197]}},{"type":"Feature","properties":{"id":"n3074581506","type":"college","name":"Kailashkot Multiple Campus"},"geometry":{"type":"Point","coordinates":[85.34385,27.710741]}},{"type":"Feature","properties":{"id":"n3074585332","type":"hospital"},"geometry":{"type":"Point","coordinates":[85.347579,27.717459]}},{"type":"Feature","properties":{"id":"n3074593657","type":"school","name":"Lyceum Model School"},"geometry":{"type":"Point","coordinates":[85.340544,27.714924]}},{"type":"Feature","properties":{"id":"n3074602186","type":"clinic","name":"Razam Medical Center"},"geometry":{"type":"Point","coordinates":[85.347185,27.718097]}},{"type":"Feature","properties":{"id":"n3081631946","type":"college","name":"HVM College"},"geometry":{"type":"Point","coordinates":[85.338715,27.709675]}},{"type":"Feature","properties":{"id":"n3094080454","type":"college","name":"Cosmos College of Management and Technology"},"geometry":{"type":"Point","coordinates":[85.320858,27.655517]}},{"type":"Feature","properties":{"id":"n3122035876","type":"university","name":"Rangjung Yeshe Institute"},"geometry":{"type":"Point","coordinates":[85.363039,27.724279]}},{"type":"Feature","properties":{"id":"n3130715597","type":"community_centre","name":"Five star futsal and party palace"},"geometry":{"type":"Point","coordinates":[85.353553,27.651816]}},{"type":"Feature","properties":{"id":"n3134632750","type":"clinic","name":"Subheta Clinic"},"geometry":{"type":"Point","coordinates":[85.305627,27.654596]}},{"type":"Feature","properties":{"id":"n3136185727","type":"school","name":"bright vision education center"},"geometry":{"type":"Point","coordinates":[85.390363,27.690128]}},{"type":"Feature","properties":{"id":"n3157752447","type":"police","name":"Nagdhunga Checkpost"},"geometry":{"type":"Point","coordinates":[85.205666,27.706443]}},{"type":"Feature","properties":{"id":"n3176889146","type":"clinic","name":"Vivanta Zahnklinik"},"geometry":{"type":"Point","coordinates":[85.330151,27.709235]}},{"type":"Feature","properties":{"id":"n3189939587","type":"community_centre","name":"Yarlung Language Center"},"geometry":{"type":"Point","coordinates":[85.367507,27.726146]}},{"type":"Feature","properties":{"id":"n3189982097","type":"school","name":"Manasarovas academy"},"geometry":{"type":"Point","coordinates":[85.364367,27.726925]}},{"type":"Feature","properties":{"id":"n3213920068","type":"school","name":"Shree Swarswoti Balbodhini Maha Vidhalaya"},"geometry":{"type":"Point","coordinates":[85.151117,27.619903]}},{"type":"Feature","properties":{"id":"n3254974814","type":"community_centre","name":"CDMC-16"},"geometry":{"type":"Point","coordinates":[85.27562,27.673262]}},{"type":"Feature","properties":{"id":"n3254985669","type":"clinic","name":"Indra Medical Hall"},"geometry":{"type":"Point","coordinates":[85.280279,27.674301]}},{"type":"Feature","properties":{"id":"n3304267148","type":"clinic","name":"Jhigu Bagh Bhairab Polyclinic"},"geometry":{"type":"Point","coordinates":[85.280597,27.675043]}},{"type":"Feature","properties":{"id":"n3307465008","type":"shelter","name":"Vajan falcha"},"geometry":{"type":"Point","coordinates":[85.278917,27.677156]}},{"type":"Feature","properties":{"id":"n3307481391","type":"shelter","name":"Khyun-phal-cha"},"geometry":{"type":"Point","coordinates":[85.274661,27.680588]}},{"type":"Feature","properties":{"id":"n3307484371","type":"shelter"},"geometry":{"type":"Point","coordinates":[85.273167,27.681639]}},{"type":"Feature","properties":{"id":"n3307527882","type":"shelter"},"geometry":{"type":"Point","coordinates":[85.276984,27.675977]}},{"type":"Feature","properties":{"id":"n3307527906","type":"shelter"},"geometry":{"type":"Point","coordinates":[85.275427,27.678068]}},{"type":"Feature","properties":{"id":"n3307554781","type":"clinic","name":"Health information and Service Center"},"geometry":{"type":"Point","coordinates":[85.276258,27.679077]}},{"type":"Feature","properties":{"id":"n3307554789","type":"community_centre","name":"Kirtipur United Club"},"geometry":{"type":"Point","coordinates":[85.276265,27.679084]}},{"type":"Feature","properties":{"id":"n3307555997","type":"community_centre","name":"Sun Star Club"},"geometry":{"type":"Point","coordinates":[85.278059,27.678404]}},{"type":"Feature","properties":{"id":"n3314445255","type":"community_centre","name":"Layku Bichah Guthi"},"geometry":{"type":"Point","coordinates":[85.275211,27.679465]}},{"type":"Feature","properties":{"id":"n3326566394","type":"clinic","name":"Medi Quest Laboratory Clinic Pvt. Ltd"},"geometry":{"type":"Point","coordinates":[85.316408,27.679568]}},{"type":"Feature","properties":{"id":"n3326566395","type":"clinic","name":"Medi Quest Laboratory Clinic Pvt. Ltd"},"geometry":{"type":"Point","coordinates":[85.316615,27.679516]}},{"type":"Feature","properties":{"id":"n3335668085","type":"clinic","name":"Omkar Clinic"},"geometry":{"type":"Point","coordinates":[85.305284,27.669686]}},{"type":"Feature","properties":{"id":"n3347570025","type":"school","name":"Bhaisnavi"},"geometry":{"type":"Point","coordinates":[85.285017,27.671154]}},{"type":"Feature","properties":{"id":"n3374963736","type":"shelter"},"geometry":{"type":"Point","coordinates":[85.295321,27.665808]}},{"type":"Feature","properties":{"id":"n3384093862","type":"community_centre","name":"Pasa Pucha Yuba Club"},"geometry":{"type":"Point","coordinates":[85.276008,27.677168]}},{"type":"Feature","properties":{"id":"n3384168910","type":"community_centre","name":"Samuhik Yuba club"},"geometry":{"type":"Point","coordinates":[85.273768,27.678072]}},{"type":"Feature","properties":{"id":"n3384179699","type":"shelter"},"geometry":{"type":"Point","coordinates":[85.273294,27.678701]}},{"type":"Feature","properties":{"id":"n3396502785","type":"clinic","name":"Ugratara Unique Polyclinic and Diagnostic Center"},"geometry":{"type":"Point","coordinates":[85.281137,27.676526]}},{"type":"Feature","properties":{"id":"n3403998829","type":"shelter"},"geometry":{"type":"Point","coordinates":[85.278142,27.668943]}},{"type":"Feature","properties":{"id":"n3410346539","type":"shelter"},"geometry":{"type":"Point","coordinates":[85.275621,27.673247]}},{"type":"Feature","properties":{"id":"n3413954371","type":"school","name":"Sanskriti International School"},"geometry":{"type":"Point","coordinates":[85.286269,27.718753]}},{"type":"Feature","properties":{"id":"n3429641962","type":"community_centre","name":"Bahiri Gaun Yuwa Club"},"geometry":{"type":"Point","coordinates":[85.277076,27.675735]}},{"type":"Feature","properties":{"id":"n3462833856","type":"shelter"},"geometry":{"type":"Point","coordinates":[85.274177,27.678877]}},{"type":"Feature","properties":{"id":"n3482958629","type":"clinic","name":"Bharat medical"},"geometry":{"type":"Point","coordinates":[85.319504,27.64519]}},{"type":"Feature","properties":{"id":"n3485447421","type":"police","name":"Police Station"},"geometry":{"type":"Point","coordinates":[85.341211,27.678554]}},{"type":"Feature","properties":{"id":"n3485447422","type":"police","name":"police station"},"geometry":{"type":"Point","coordinates":[85.337962,27.676094]}},{"type":"Feature","properties":{"id":"n3486794824","type":"clinic","name":"Mentseekhang Tibetan Medicine"},"geometry":{"type":"Point","coordinates":[85.363909,27.720253]}},{"type":"Feature","properties":{"id":"n3487947364","type":"clinic","name":"Luvu Polyoclinic"},"geometry":{"type":"Point","coordinates":[85.375984,27.642477]}},{"type":"Feature","properties":{"id":"n3487947366","type":"clinic"},"geometry":{"type":"Point","coordinates":[85.374549,27.642762]}},{"type":"Feature","properties":{"id":"n3487947367","type":"clinic"},"geometry":{"type":"Point","coordinates":[85.373626,27.642842]}},{"type":"Feature","properties":{"id":"n3493323874","type":"community_centre","name":"Nepal Music Director Association"},"geometry":{"type":"Point","coordinates":[85.328214,27.708195]}},{"type":"Feature","properties":{"id":"n3506396287","type":"school","name":"Department of Chemistry"},"geometry":{"type":"Point","coordinates":[85.316219,27.708874]}},{"type":"Feature","properties":{"id":"n3506399401","type":"school","name":"Department of Biology"},"geometry":{"type":"Point","coordinates":[85.3158,27.70865]}},{"type":"Feature","properties":{"id":"n3506400900","type":"school","name":"Department of Physics"},"geometry":{"type":"Point","coordinates":[85.316215,27.708665]}},{"type":"Feature","properties":{"id":"n3626551802","type":"clinic","name":"Shelkar Tibetan Medical Clinic"},"geometry":{"type":"Point","coordinates":[85.362958,27.722526]}},{"type":"Feature","properties":{"id":"n3640850574","type":"school"},"geometry":{"type":"Point","coordinates":[85.28778,27.71182]}},{"type":"Feature","properties":{"id":"n3640853051","type":"school","name":"Orphan School"},"geometry":{"type":"Point","coordinates":[85.288165,27.712138]}},{"type":"Feature","properties":{"id":"n3640853145","type":"hospital","name":"Nepal National Hospital"},"geometry":{"type":"Point","coordinates":[85.282168,27.694725]}},{"type":"Feature","properties":{"id":"n3665401946","type":"clinic","name":"Sparsha Clinic And Diagonestic Center"},"geometry":{"type":"Point","coordinates":[85.364668,27.673263]}},{"type":"Feature","properties":{"id":"n3766695313","type":"school","name":"Nature school"},"geometry":{"type":"Point","coordinates":[85.31746,27.736134]}},{"type":"Feature","properties":{"id":"n3766701680","type":"college","name":"Presidential College"},"geometry":{"type":"Point","coordinates":[85.330692,27.69191]}},{"type":"Feature","properties":{"id":"n3766701683","type":"college","name":"Premier College"},"geometry":{"type":"Point","coordinates":[85.330894,27.691855]}},{"type":"Feature","properties":{"id":"n3766750590","type":"clinic","name":"Daksinkali Health Post"},"geometry":{"type":"Point","coordinates":[85.264888,27.611105]}},{"type":"Feature","properties":{"id":"n3774437958","type":"clinic","name":"Elite Pathology Clinic & dental House"},"geometry":{"type":"Point","coordinates":[85.339869,27.700905]}},{"type":"Feature","properties":{"id":"n3774437963","type":"school","name":"एपेक्स लाइफ विद्यालय"},"geometry":{"type":"Point","coordinates":[85.339706,27.701031]}},{"type":"Feature","properties":{"id":"n3774438660","type":"community_centre","name":"sodhpuch"},"geometry":{"type":"Point","coordinates":[85.336638,27.699153]}},{"type":"Feature","properties":{"id":"n3811339824","type":"clinic","name":"Sindhu Pharmacy & Clinic"},"geometry":{"type":"Point","coordinates":[85.371729,27.721604]}},{"type":"Feature","properties":{"id":"n3811339825","type":"clinic","name":"Suryadaya Clinic"},"geometry":{"type":"Point","coordinates":[85.37279,27.722144]}},{"type":"Feature","properties":{"id":"n3811339833","type":"police","name":"Jorpati Police Station"},"geometry":{"type":"Point","coordinates":[85.372652,27.721366]}},{"type":"Feature","properties":{"id":"n3941953606","type":"community_centre","name":"Jasmine Party Palace"},"geometry":{"type":"Point","coordinates":[85.305726,27.71743]}},{"type":"Feature","properties":{"id":"n3955232160","type":"community_centre","name":"Binayak Multi Venue"},"geometry":{"type":"Point","coordinates":[85.304188,27.716077]}},{"type":"Feature","properties":{"id":"n4063662843","type":"school","name":"Rupy's School "},"geometry":{"type":"Point","coordinates":[85.286103,27.704067]}},{"type":"Feature","properties":{"id":"n4077719698","type":"school","name":"JosephPublic school"},"geometry":{"type":"Point","coordinates":[85.357896,27.727341]}},{"type":"Feature","properties":{"id":"n4132097725","type":"hospital","name":"City Hospital"},"geometry":{"type":"Point","coordinates":[85.324692,27.690977]}},{"type":"Feature","properties":{"id":"n4132510093","type":"hospital","name":"Kathmandu Medical College"},"geometry":{"type":"Point","coordinates":[85.32759,27.701591]}},{"type":"Feature","properties":{"id":"n4186821790","type":"school","name":"Teach for Nepal Office"},"geometry":{"type":"Point","coordinates":[85.312319,27.6862]}},{"type":"Feature","properties":{"id":"n4192737489","type":"school","name":"Management association of nepal aname nagar"},"geometry":{"type":"Point","coordinates":[85.328348,27.696475]}},{"type":"Feature","properties":{"id":"n4200025289","type":"school","name":"The British College"},"geometry":{"type":"Point","coordinates":[85.319549,27.692103]}},{"type":"Feature","properties":{"id":"n4211887700","type":"clinic","name":"kunta medical"},"geometry":{"type":"Point","coordinates":[85.328652,27.70173]}},{"type":"Feature","properties":{"id":"n4213242789","type":"school","name":"Cha:Mati Driving School"},"geometry":{"type":"Point","coordinates":[85.299763,27.722972]}},{"type":"Feature","properties":{"id":"n4221465190","type":"school","name":"Orchid International College"},"geometry":{"type":"Point","coordinates":[85.346602,27.702328]}},{"type":"Feature","properties":{"id":"n4225138790","type":"hospital","name":"Bhaktapur Hospital Emergency Block"},"geometry":{"type":"Point","coordinates":[85.422086,27.672077]}},{"type":"Feature","properties":{"id":"n4226439594","type":"college","name":"MOLIHSS College"},"geometry":{"type":"Point","coordinates":[85.321884,27.670441]}},{"type":"Feature","properties":{"id":"n4232045589","type":"shelter"},"geometry":{"type":"Point","coordinates":[85.378577,27.673137]}},{"type":"Feature","properties":{"id":"n4234105891","type":"school","name":"Bijeshwari Gyan Mandir Sainik Mahavidyalaya"},"geometry":{"type":"Point","coordinates":[85.297563,27.712166]}},{"type":"Feature","properties":{"id":"n4243016525","type":"police"},"geometry":{"type":"Point","coordinates":[85.415168,27.692787]}},{"type":"Feature","properties":{"id":"n4243043011","type":"police","name":"Police station,thimi"},"geometry":{"type":"Point","coordinates":[85.391475,27.682111]}},{"type":"Feature","properties":{"id":"n4243043791","type":"hospital","name":"Madhyapur Hospital"},"geometry":{"type":"Point","coordinates":[85.387998,27.672581]}},{"type":"Feature","properties":{"id":"n4246112396","type":"police","name":"Thapathali"},"geometry":{"type":"Point","coordinates":[85.320421,27.689023]}},{"type":"Feature","properties":{"id":"n4264064753","type":"hospital","name":"Family Hospital"},"geometry":{"type":"Point","coordinates":[85.319617,27.617975]}},{"type":"Feature","properties":{"id":"n4264068285","type":"school","name":"Sweet Heart Montessori & Day Care"},"geometry":{"type":"Point","coordinates":[85.296548,27.735505]}},{"type":"Feature","properties":{"id":"n4264083879","type":"school","name":"Occidental School ground"},"geometry":{"type":"Point","coordinates":[85.330929,27.696669]}},{"type":"Feature","properties":{"id":"n4264091426","type":"community_centre","name":"Ekta Yuwa Club, Toudal"},"geometry":{"type":"Point","coordinates":[85.294564,27.737333]}},{"type":"Feature","properties":{"id":"n4266642365","type":"police","name":"Lazimpat Police Office"},"geometry":{"type":"Point","coordinates":[85.321102,27.722671]}},{"type":"Feature","properties":{"id":"n4268188594","type":"shelter"},"geometry":{"type":"Point","coordinates":[85.319479,27.658943]}},{"type":"Feature","properties":{"id":"n4284550992","type":"school","name":"Landmark Academy"},"geometry":{"type":"Point","coordinates":[85.277456,27.687076]}},{"type":"Feature","properties":{"id":"n4284666389","type":"community_centre","name":"Pharmaceuticals wholesale"},"geometry":{"type":"Point","coordinates":[85.285622,27.691635]}},{"type":"Feature","properties":{"id":"n4286241989","type":"school","name":"Nepal Academy of Tourism and Hotel Management (NATHM)"},"geometry":{"type":"Point","coordinates":[85.294915,27.693883]}},{"type":"Feature","properties":{"id":"n4292085693","type":"school","name":"MIRD, TU"},"geometry":{"type":"Point","coordinates":[85.327902,27.686714]}},{"type":"Feature","properties":{"id":"n4292145197","type":"community_centre","name":"Dev Krishna House"},"geometry":{"type":"Point","coordinates":[85.337218,27.661547]}},{"type":"Feature","properties":{"id":"n4293342728","type":"school","name":"Canvas Basanta Ritu English Boarding School"},"geometry":{"type":"Point","coordinates":[85.316739,27.72666]}},{"type":"Feature","properties":{"id":"n4294920689","type":"college","name":"Nirvana College"},"geometry":{"type":"Point","coordinates":[85.324559,27.666995]}},{"type":"Feature","properties":{"id":"n4315875293","type":"school","name":"Ni-laa montessori pre school and day care"},"geometry":{"type":"Point","coordinates":[85.327214,27.681004]}},{"type":"Feature","properties":{"id":"n4321102601","type":"shelter"},"geometry":{"type":"Point","coordinates":[85.357328,27.646141]}},{"type":"Feature","properties":{"id":"n4321667635","type":"school","name":"Shri Ganesh Ma.Vi., Dukuchhap"},"geometry":{"type":"Point","coordinates":[85.291849,27.586835]}},{"type":"Feature","properties":{"id":"n4327590690","type":"community_centre","name":"Thakali samaj"},"geometry":{"type":"Point","coordinates":[85.301261,27.724161]}},{"type":"Feature","properties":{"id":"n4331159491","type":"school","name":"Malpi Science Lab"},"geometry":{"type":"Point","coordinates":[85.328812,27.723602]}},{"type":"Feature","properties":{"id":"n4332050088","type":"police","name":"Mahanagariya Prahari Bit Ward no 4"},"geometry":{"type":"Point","coordinates":[85.338724,27.732569]}},{"type":"Feature","properties":{"id":"n4333786297","type":"school","name":"SERC School"},"geometry":{"type":"Point","coordinates":[85.32998,27.730815]}},{"type":"Feature","properties":{"id":"n4336254689","type":"college","name":"Campion College Kupondole"},"geometry":{"type":"Point","coordinates":[85.312722,27.685245]}},{"type":"Feature","properties":{"id":"n4336816392","type":"clinic","name":"On Call Pharmacy Clinic"},"geometry":{"type":"Point","coordinates":[85.318976,27.683299]}},{"type":"Feature","properties":{"id":"n4338182396","type":"community_centre","name":"Hasantar"},"geometry":{"type":"Point","coordinates":[85.250431,27.713704]}},{"type":"Feature","properties":{"id":"n4342064190","type":"community_centre","name":"Newa Dey Dabu"},"geometry":{"type":"Point","coordinates":[85.303423,27.711092]}},{"type":"Feature","properties":{"id":"n4344434601","type":"community_centre","name":"Lidhansa Pasa Pucha"},"geometry":{"type":"Point","coordinates":[85.299397,27.635408]}},{"type":"Feature","properties":{"id":"n4345839691","type":"school","name":"Milestone Preschool"},"geometry":{"type":"Point","coordinates":[85.301876,27.647799]}},{"type":"Feature","properties":{"id":"n4348197090","type":"clinic","name":"Koirala Medical Hall"},"geometry":{"type":"Point","coordinates":[85.371352,27.721512]}},{"type":"Feature","properties":{"id":"n4355786996","type":"school","name":"IDA"},"geometry":{"type":"Point","coordinates":[85.343105,27.715073]}},{"type":"Feature","properties":{"id":"n4367121991","type":"police","name":"Police Station;Bhainsepati Chok"},"geometry":{"type":"Point","coordinates":[85.304925,27.652675]}},{"type":"Feature","properties":{"id":"n4367852590","type":"shelter"},"geometry":{"type":"Point","coordinates":[85.351615,27.723736]}},{"type":"Feature","properties":{"id":"n4371576817","type":"school","name":"Westwood International School"},"geometry":{"type":"Point","coordinates":[85.293627,27.702097]}},{"type":"Feature","properties":{"id":"n4373094401","type":"shelter"},"geometry":{"type":"Point","coordinates":[85.338938,27.661324]}},{"type":"Feature","properties":{"id":"n4373094402","type":"school","name":"Tarapunja School"},"geometry":{"type":"Point","coordinates":[85.337384,27.662586]}},{"type":"Feature","properties":{"id":"n4373257089","type":"school","name":"Shree Bihabar Basic Level School"},"geometry":{"type":"Point","coordinates":[85.463656,27.594509]}},{"type":"Feature","properties":{"id":"n4373340694","type":"school","name":"Global Pathshala"},"geometry":{"type":"Point","coordinates":[85.368672,27.672524]}},{"type":"Feature","properties":{"id":"n4373535098","type":"community_centre","name":"Bihabar Samudayik Kendra"},"geometry":{"type":"Point","coordinates":[85.464092,27.594413]}},{"type":"Feature","properties":{"id":"n4383891293","type":"community_centre","name":"Chabad House"},"geometry":{"type":"Point","coordinates":[85.310452,27.717127]}},{"type":"Feature","properties":{"id":"n4384727875","type":"college","name":"Global College"},"geometry":{"type":"Point","coordinates":[85.339031,27.700196]}},{"type":"Feature","properties":{"id":"n4384727947","type":"college","name":"SAIM College"},"geometry":{"type":"Point","coordinates":[85.339201,27.700471]}},{"type":"Feature","properties":{"id":"n4388706589","type":"school","name":"Shinwha Korean Language"},"geometry":{"type":"Point","coordinates":[85.320528,27.705451]}},{"type":"Feature","properties":{"id":"n4391843091","type":"community_centre","name":"Padma Colony"},"geometry":{"type":"Point","coordinates":[85.309077,27.663544]}},{"type":"Feature","properties":{"id":"n4393701590","type":"hospital","name":"Sanjeevani Health Care Center"},"geometry":{"type":"Point","coordinates":[85.352024,27.67555]}},{"type":"Feature","properties":{"id":"n4396924092","type":"community_centre","name":"Na Bahal"},"geometry":{"type":"Point","coordinates":[85.32528,27.670457]}},{"type":"Feature","properties":{"id":"n4396924093","type":"community_centre","name":"chakrabahil"},"geometry":{"type":"Point","coordinates":[85.325172,27.670708]}},{"type":"Feature","properties":{"id":"n4396927089","type":"school","name":"IDP Australia"},"geometry":{"type":"Point","coordinates":[85.319048,27.718248]}},{"type":"Feature","properties":{"id":"n4405659889","type":"police","name":"sankhu police station"},"geometry":{"type":"Point","coordinates":[85.46113,27.727706]}},{"type":"Feature","properties":{"id":"n4407894198","type":"clinic","name":"P K Diagnostic Centre (P) Ltd."},"geometry":{"type":"Point","coordinates":[85.350383,27.70142]}},{"type":"Feature","properties":{"id":"n4407895292","type":"clinic","name":"Saudi Nepal Medical Center Pvt Ltd"},"geometry":{"type":"Point","coordinates":[85.316767,27.692021]}},{"type":"Feature","properties":{"id":"n4407915589","type":"police","name":"Police Headquarter, Tripureshwar"},"geometry":{"type":"Point","coordinates":[85.313733,27.693708]}},{"type":"Feature","properties":{"id":"n4413013594","type":"community_centre","name":"Soundlines Recruitment Pvt Ltd"},"geometry":{"type":"Point","coordinates":[85.354108,27.696161]}},{"type":"Feature","properties":{"id":"n4416279332","type":"college","name":"College of Medicine"},"geometry":{"type":"Point","coordinates":[85.288699,27.725738]}},{"type":"Feature","properties":{"id":"n4426503392","type":"school","name":"Steiner Academy"},"geometry":{"type":"Point","coordinates":[85.333025,27.69831]}},{"type":"Feature","properties":{"id":"n4426679190","type":"police","name":"Traffick Police Office"},"geometry":{"type":"Point","coordinates":[85.4105,27.669869]}},{"type":"Feature","properties":{"id":"n4430998281","type":"clinic","name":"Diabetes, Thyroid and Heart Center Nepal Pvt. Ltd."},"geometry":{"type":"Point","coordinates":[85.306434,27.718166]}},{"type":"Feature","properties":{"id":"n4440642864","type":"community_centre","name":"Classic Buffet Point"},"geometry":{"type":"Point","coordinates":[85.304267,27.716401]}},{"type":"Feature","properties":{"id":"n4448856993","type":"community_centre","name":"Youth Hasantar Club"},"geometry":{"type":"Point","coordinates":[85.250138,27.714459]}},{"type":"Feature","properties":{"id":"n4457339593","type":"community_centre","name":"Lalit Mandap"},"geometry":{"type":"Point","coordinates":[85.312857,27.673084]}},{"type":"Feature","properties":{"id":"n4461540039","type":"police","name":"Police Post"},"geometry":{"type":"Point","coordinates":[85.30333,27.681395]}},{"type":"Feature","properties":{"id":"n4462741790","type":"school","name":"The Institute of Chartered Accountants of Nepal (ICAN)"},"geometry":{"type":"Point","coordinates":[85.327168,27.661947]}},{"type":"Feature","properties":{"id":"n4470900395","type":"community_centre"},"geometry":{"type":"Point","coordinates":[85.327153,27.674205]}},{"type":"Feature","properties":{"id":"n4470918590","type":"community_centre","name":"Bhindyo Lachhi Tole"},"geometry":{"type":"Point","coordinates":[85.32755,27.674106]}},{"type":"Feature","properties":{"id":"n4470923492","type":"community_centre","name":"Ta:Thappa"},"geometry":{"type":"Point","coordinates":[85.326985,27.6737]}},{"type":"Feature","properties":{"id":"n4484880889","type":"school","name":"Nawaneet Toddlers' Zone"},"geometry":{"type":"Point","coordinates":[85.295615,27.692462]}},{"type":"Feature","properties":{"id":"n4485653289","type":"school","name":"Nawaneet Toddlers' Zone"},"geometry":{"type":"Point","coordinates":[85.295615,27.692877]}},{"type":"Feature","properties":{"id":"n4485658891","type":"school","name":"Standard Co-ed High School"},"geometry":{"type":"Point","coordinates":[85.27794,27.694695]}},{"type":"Feature","properties":{"id":"n4491059289","type":"university","name":"Kathmandu University, Department of Music"},"geometry":{"type":"Point","coordinates":[85.343735,27.716819]}},{"type":"Feature","properties":{"id":"n4505506889","type":"school","name":"Daffodil Public School"},"geometry":{"type":"Point","coordinates":[85.412917,27.749588]}},{"type":"Feature","properties":{"id":"n4509914391","type":"shelter"},"geometry":{"type":"Point","coordinates":[85.312701,27.771516]}},{"type":"Feature","properties":{"id":"n4509929989","type":"shelter"},"geometry":{"type":"Point","coordinates":[85.312971,27.772003]}},{"type":"Feature","properties":{"id":"n4510135291","type":"shelter"},"geometry":{"type":"Point","coordinates":[85.284551,27.720958]}},{"type":"Feature","properties":{"id":"n4510416690","type":"shelter"},"geometry":{"type":"Point","coordinates":[85.275757,27.677531]}},{"type":"Feature","properties":{"id":"n4513769592","type":"clinic","name":"Omkar Medical Center Pvt. Ltd."},"geometry":{"type":"Point","coordinates":[85.459773,27.653809]}},{"type":"Feature","properties":{"id":"n4516438589","type":"school","name":"Himawari japanese consultancy"},"geometry":{"type":"Point","coordinates":[85.327985,27.705147]}},{"type":"Feature","properties":{"id":"n4518550391","type":"community_centre","name":"Minbhawan"},"geometry":{"type":"Point","coordinates":[85.340765,27.687665]}},{"type":"Feature","properties":{"id":"n4519865790","type":"community_centre","name":"Nepal Association of the Hard of Hearing"},"geometry":{"type":"Point","coordinates":[85.280984,27.676808]}},{"type":"Feature","properties":{"id":"n4520851990","type":"school","name":"Prime College"},"geometry":{"type":"Point","coordinates":[85.30283,27.717036]}},{"type":"Feature","properties":{"id":"n4524218348","type":"school","name":"Uniglobe Higher Secondary School"},"geometry":{"type":"Point","coordinates":[85.31905,27.707363]}},{"type":"Feature","properties":{"id":"n4526539093","type":"school","name":"Janamaitri Multiple Campus"},"geometry":{"type":"Point","coordinates":[85.292208,27.69198]}},{"type":"Feature","properties":{"id":"n4527719671","type":"school","name":"Saraswati Higher Secondary School"},"geometry":{"type":"Point","coordinates":[85.34042,27.569326]}},{"type":"Feature","properties":{"id":"n4527903449","type":"shelter","name":"Peepal Tree"},"geometry":{"type":"Point","coordinates":[85.415552,27.73283]}},{"type":"Feature","properties":{"id":"n4533657006","type":"shelter"},"geometry":{"type":"Point","coordinates":[85.3228,27.711754]}},{"type":"Feature","properties":{"id":"n4537066892","type":"hospital","name":"China Hospital (P) Ltd."},"geometry":{"type":"Point","coordinates":[85.362216,27.720463]}},{"type":"Feature","properties":{"id":"n4540451690","type":"community_centre","name":"Madan-Asrit Smriti Community Center"},"geometry":{"type":"Point","coordinates":[85.351201,27.715417]}},{"type":"Feature","properties":{"id":"n4542753705","type":"clinic","name":"Visual Line Optical"},"geometry":{"type":"Point","coordinates":[85.33728,27.740338]}},{"type":"Feature","properties":{"id":"n4543372090","type":"school"},"geometry":{"type":"Point","coordinates":[85.27102,27.722833]}},{"type":"Feature","properties":{"id":"n4548721791","type":"community_centre","name":"Multi Trust Saving and Credit Co-operative"},"geometry":{"type":"Point","coordinates":[85.316298,27.709394]}},{"type":"Feature","properties":{"id":"n4550116790","type":"community_centre","name":"Chochhen"},"geometry":{"type":"Point","coordinates":[85.327049,27.674495]}},{"type":"Feature","properties":{"id":"n4550116889","type":"community_centre","name":"Dhalachhen"},"geometry":{"type":"Point","coordinates":[85.329161,27.669264]}},{"type":"Feature","properties":{"id":"n4552266896","type":"school","name":"New World Academy"},"geometry":{"type":"Point","coordinates":[85.281317,27.682026]}},{"type":"Feature","properties":{"id":"n4552789090","type":"clinic","name":"Top Need Medical Centre Pvt. Ltd."},"geometry":{"type":"Point","coordinates":[85.32788,27.73878]}},{"type":"Feature","properties":{"id":"n4552824291","type":"clinic","name":"Sirap Health Care Pvt. Ltd."},"geometry":{"type":"Point","coordinates":[85.327409,27.73978]}},{"type":"Feature","properties":{"id":"n4553817490","type":"clinic","name":"Kathmandu Clinic of Cosmetic Surgery"},"geometry":{"type":"Point","coordinates":[85.328229,27.699688]}},{"type":"Feature","properties":{"id":"n4555930589","type":"community_centre","name":"sky cable kuleswor"},"geometry":{"type":"Point","coordinates":[85.295914,27.689395]}},{"type":"Feature","properties":{"id":"n4558046690","type":"college","name":"Chakrabarti HaBi Law College"},"geometry":{"type":"Point","coordinates":[85.32938,27.691229]}},{"type":"Feature","properties":{"id":"n4558369395","type":"college","name":"National College of Engineering"},"geometry":{"type":"Point","coordinates":[85.320612,27.655658]}},{"type":"Feature","properties":{"id":"n4560209792","type":"college","name":"Himalayan College of Management"},"geometry":{"type":"Point","coordinates":[85.32597,27.71143]}},{"type":"Feature","properties":{"id":"n4560234389","type":"shelter"},"geometry":{"type":"Point","coordinates":[85.279217,27.686238]}},{"type":"Feature","properties":{"id":"n4563653389","type":"school","name":"Kopila English Secondary School"},"geometry":{"type":"Point","coordinates":[85.359072,27.648303]}},{"type":"Feature","properties":{"id":"n4563715196","type":"college","name":"EG College"},"geometry":{"type":"Point","coordinates":[85.381069,27.673216]}},{"type":"Feature","properties":{"id":"n4563727489","type":"police","name":"Police sub station"},"geometry":{"type":"Point","coordinates":[85.379702,27.6736]}},{"type":"Feature","properties":{"id":"n4563794089","type":"clinic"},"geometry":{"type":"Point","coordinates":[85.343878,27.658441]}},{"type":"Feature","properties":{"id":"n4565172098","type":"school","name":"White field school"},"geometry":{"type":"Point","coordinates":[85.306114,27.711406]}},{"type":"Feature","properties":{"id":"n4565740291","type":"school","name":"Shree National Secondary School"},"geometry":{"type":"Point","coordinates":[85.323423,27.597598]}},{"type":"Feature","properties":{"id":"n4566249090","type":"shelter"},"geometry":{"type":"Point","coordinates":[85.314045,27.718795]}},{"type":"Feature","properties":{"id":"n4566809989","type":"clinic","name":"Kuleshwor Polyclinic Private Limited"},"geometry":{"type":"Point","coordinates":[85.2989,27.69123]}},{"type":"Feature","properties":{"id":"n4567093689","type":"community_centre","name":"Sahayogi Saccos Balkumari"},"geometry":{"type":"Point","coordinates":[85.385619,27.675932]}},{"type":"Feature","properties":{"id":"n4568730194","type":"community_centre","name":"Siddhi Coloney, Bhaisepati"},"geometry":{"type":"Point","coordinates":[85.301131,27.653842]}},{"type":"Feature","properties":{"id":"n4576454493","type":"community_centre","name":"Pilachhen Tole"},"geometry":{"type":"Point","coordinates":[85.331326,27.669244]}},{"type":"Feature","properties":{"id":"n4576454592","type":"community_centre","name":"Tyagal Tole"},"geometry":{"type":"Point","coordinates":[85.330066,27.668476]}},{"type":"Feature","properties":{"id":"n4576494291","type":"community_centre","name":"Dupat Tole"},"geometry":{"type":"Point","coordinates":[85.330003,27.669576]}},{"type":"Feature","properties":{"id":"n4576934589","type":"community_centre","name":"Sky office balkhu branch"},"geometry":{"type":"Point","coordinates":[85.299854,27.709902]}},{"type":"Feature","properties":{"id":"n4579894969","type":"hospital","name":"Nidan Hospital PVT. LTD."},"geometry":{"type":"Point","coordinates":[85.321751,27.677334]}},{"type":"Feature","properties":{"id":"n4582358294","type":"school","name":"North Valley English Secondary School"},"geometry":{"type":"Point","coordinates":[85.300738,27.762028]}},{"type":"Feature","properties":{"id":"n4584771290","type":"school","name":"Small Heaven Montessori School"},"geometry":{"type":"Point","coordinates":[85.345066,27.68792]}},{"type":"Feature","properties":{"id":"n4585354089","type":"school","name":"Elite Abroad Studies"},"geometry":{"type":"Point","coordinates":[85.344068,27.700108]}},{"type":"Feature","properties":{"id":"n4588261590","type":"school","name":"Little light montessori"},"geometry":{"type":"Point","coordinates":[85.363738,27.779126]}},{"type":"Feature","properties":{"id":"n4588419890","type":"school","name":"Himalayan club de' Scientia"},"geometry":{"type":"Point","coordinates":[85.347043,27.684382]}},{"type":"Feature","properties":{"id":"n4588420691","type":"police","name":"Community Service Center, Naxal"},"geometry":{"type":"Point","coordinates":[85.325598,27.715686]}},{"type":"Feature","properties":{"id":"n4590237390","type":"clinic","name":"Gorakh Medical, physiotherapy clinic & dental clinic"},"geometry":{"type":"Point","coordinates":[85.366732,27.665307]}},{"type":"Feature","properties":{"id":"n4592039989","type":"hospital","name":"Nepal A.P.F. Hospital"},"geometry":{"type":"Point","coordinates":[85.252015,27.690315]}},{"type":"Feature","properties":{"id":"n4593591893","type":"school"},"geometry":{"type":"Point","coordinates":[85.320966,27.666559]}},{"type":"Feature","properties":{"id":"n4594429795","type":"shelter"},"geometry":{"type":"Point","coordinates":[85.353261,27.739064]}},{"type":"Feature","properties":{"id":"n4599786089","type":"hospital","name":"Alka Hospital Pvt. Ltd."},"geometry":{"type":"Point","coordinates":[85.309682,27.669864]}},{"type":"Feature","properties":{"id":"n4601184789","type":"school","name":"Sano sansar"},"geometry":{"type":"Point","coordinates":[85.371084,27.720821]}},{"type":"Feature","properties":{"id":"n4605845890","type":"community_centre","name":"Pradhanang Apparels Industry"},"geometry":{"type":"Point","coordinates":[85.405718,27.671237]}},{"type":"Feature","properties":{"id":"n4607247591","type":"school","name":"Daffodil Boarding School - Junior Wing"},"geometry":{"type":"Point","coordinates":[85.355375,27.726539]}},{"type":"Feature","properties":{"id":"n4611193589","type":"shelter"},"geometry":{"type":"Point","coordinates":[85.362431,27.734244]}},{"type":"Feature","properties":{"id":"n4611193689","type":"hospital","name":"Kapan Hospital"},"geometry":{"type":"Point","coordinates":[85.360242,27.734753]}},{"type":"Feature","properties":{"id":"n4613963395","type":"shelter"},"geometry":{"type":"Point","coordinates":[85.341314,27.661279]}},{"type":"Feature","properties":{"id":"n4615671889","type":"community_centre","name":"Padma Colony"},"geometry":{"type":"Point","coordinates":[85.265427,27.717602]}},{"type":"Feature","properties":{"id":"n4615993995","type":"hospital","name":"Peoples Dental College & Hospital"},"geometry":{"type":"Point","coordinates":[85.309085,27.719048]}},{"type":"Feature","properties":{"id":"n4619000589","type":"community_centre","name":"CG Communications Private Limited"},"geometry":{"type":"Point","coordinates":[85.331314,27.728873]}},{"type":"Feature","properties":{"id":"n4622327794","type":"police","name":"Metropolitian Police Circle, Sukedhara"},"geometry":{"type":"Point","coordinates":[85.345924,27.728219]}},{"type":"Feature","properties":{"id":"n4631414801","type":"school","name":"PRIME INTERNATIONAL EDUCATION PVT. LTD."},"geometry":{"type":"Point","coordinates":[85.346201,27.715647]}},{"type":"Feature","properties":{"id":"n4632281392","type":"school","name":"DRS School"},"geometry":{"type":"Point","coordinates":[85.344195,27.678719]}},{"type":"Feature","properties":{"id":"n4636693590","type":"school","name":"Seven Hills Foundation (Education Consultancy)"},"geometry":{"type":"Point","coordinates":[85.32173,27.70305]}},{"type":"Feature","properties":{"id":"n4642089591","type":"community_centre","name":"Icatch engineering Pvt.Ltd"},"geometry":{"type":"Point","coordinates":[85.330044,27.689353]}},{"type":"Feature","properties":{"id":"n4646307089","type":"community_centre","name":"Federation of Business & Professional Women Nepal"},"geometry":{"type":"Point","coordinates":[85.326302,27.686769]}},{"type":"Feature","properties":{"id":"n4646509789","type":"community_centre","name":"SANGAM TOLL"},"geometry":{"type":"Point","coordinates":[85.327768,27.75053]}},{"type":"Feature","properties":{"id":"n4648140989","type":"clinic","name":"Neuro clinic"},"geometry":{"type":"Point","coordinates":[85.328727,27.740533]}},{"type":"Feature","properties":{"id":"n4648504195","type":"hospital","name":"Om Samaj Hospital"},"geometry":{"type":"Point","coordinates":[85.259123,27.686398]}},{"type":"Feature","properties":{"id":"n4658440789","type":"shelter"},"geometry":{"type":"Point","coordinates":[85.331185,27.685703]}},{"type":"Feature","properties":{"id":"n4662878591","type":"community_centre","name":"Sutra Construction and Designers Pvt Ltd"},"geometry":{"type":"Point","coordinates":[85.350178,27.68943]}},{"type":"Feature","properties":{"id":"n4663113689","type":"school","name":"Budhanilkantha Campus"},"geometry":{"type":"Point","coordinates":[85.362551,27.776792]}},{"type":"Feature","properties":{"id":"n4663113690","type":"police","name":"Budhanilkantha Police Station"},"geometry":{"type":"Point","coordinates":[85.361948,27.777054]}},{"type":"Feature","properties":{"id":"n4663518395","type":"school","name":"Swimming Pool"},"geometry":{"type":"Point","coordinates":[85.336567,27.652674]}},{"type":"Feature","properties":{"id":"n4679390989","type":"community_centre","name":"Hajur Ko Party Palace"},"geometry":{"type":"Point","coordinates":[85.309326,27.71761]}},{"type":"Feature","properties":{"id":"n4679414789","type":"shelter"},"geometry":{"type":"Point","coordinates":[85.362039,27.739733]}},{"type":"Feature","properties":{"id":"n4681234990","type":"school","name":"CAI International (for CA classes since 1996)"},"geometry":{"type":"Point","coordinates":[85.321765,27.702495]}},{"type":"Feature","properties":{"id":"n4684890779","type":"community_centre","name":"Paradise Banquet"},"geometry":{"type":"Point","coordinates":[85.303429,27.714528]}},{"type":"Feature","properties":{"id":"n4694902489","type":"school","name":"Platium Pre School"},"geometry":{"type":"Point","coordinates":[85.324539,27.657959]}},{"type":"Feature","properties":{"id":"n4711040189","type":"college","name":"Gauri Shankar College"},"geometry":{"type":"Point","coordinates":[85.298364,27.698946]}},{"type":"Feature","properties":{"id":"n4713438694","type":"community_centre","name":"Pragati Tole"},"geometry":{"type":"Point","coordinates":[85.289726,27.724917]}},{"type":"Feature","properties":{"id":"n4715001789","type":"community_centre","name":"Sama.Learning.Sharing (Contemplating Life)"},"geometry":{"type":"Point","coordinates":[85.246228,27.675206]}},{"type":"Feature","properties":{"id":"n4715082989","type":"community_centre","name":"Mother Teresa's"},"geometry":{"type":"Point","coordinates":[85.345287,27.712177]}},{"type":"Feature","properties":{"id":"n4719781691","type":"shelter"},"geometry":{"type":"Point","coordinates":[85.367562,27.692245]}},{"type":"Feature","properties":{"id":"n4728076089","type":"clinic","name":"Care Ayurveda Balkhu"},"geometry":{"type":"Point","coordinates":[85.294616,27.685555]}},{"type":"Feature","properties":{"id":"n4730519185","type":"community_centre","name":"Dream Banquet"},"geometry":{"type":"Point","coordinates":[85.222224,27.689962]}},{"type":"Feature","properties":{"id":"n4732042628","type":"community_centre","name":"लयता छेँ (भोय छेँ)"},"geometry":{"type":"Point","coordinates":[85.302455,27.718054]}},{"type":"Feature","properties":{"id":"n4732355626","type":"school","name":"Internship Nepal"},"geometry":{"type":"Point","coordinates":[85.330716,27.731296]}},{"type":"Feature","properties":{"id":"n4739069921","type":"clinic","name":"Bhimeshwor multipurpose"},"geometry":{"type":"Point","coordinates":[85.353296,27.674896]}},{"type":"Feature","properties":{"id":"n4742463425","type":"school","name":"Shree Kulamaya Bhagwati School"},"geometry":{"type":"Point","coordinates":[85.393298,27.637829]}},{"type":"Feature","properties":{"id":"n4742507453","type":"school","name":"Shuvatara"},"geometry":{"type":"Point","coordinates":[85.393764,27.623594]}},{"type":"Feature","properties":{"id":"n4748269321","type":"hospital","name":"Swacon International Hospital (Kathmandu)"},"geometry":{"type":"Point","coordinates":[85.336409,27.70421]}},{"type":"Feature","properties":{"id":"n4753276321","type":"community_centre","name":"Voice of Children - street children rescue"},"geometry":{"type":"Point","coordinates":[85.302437,27.689579]}},{"type":"Feature","properties":{"id":"n4753305821","type":"community_centre","name":"Child Protection Center and Security"},"geometry":{"type":"Point","coordinates":[85.329219,27.705599]}},{"type":"Feature","properties":{"id":"n4753868928","type":"clinic","name":"Acme Polyclinic"},"geometry":{"type":"Point","coordinates":[85.328883,27.731486]}},{"type":"Feature","properties":{"id":"n4754972964","type":"school","name":"Shemrock Kindergarten"},"geometry":{"type":"Point","coordinates":[85.337486,27.64899]}},{"type":"Feature","properties":{"id":"n4763388725","type":"clinic","name":"Srip Health Care P Ltd"},"geometry":{"type":"Point","coordinates":[85.322427,27.736856]}},{"type":"Feature","properties":{"id":"n4765971343","type":"hospital","name":"Self Help Group For Cerebral Palsy Nepal"},"geometry":{"type":"Point","coordinates":[85.328396,27.621303]}},{"type":"Feature","properties":{"id":"n4772720821","type":"community_centre","name":"Green Party Place"},"geometry":{"type":"Point","coordinates":[85.31408,27.708527]}},{"type":"Feature","properties":{"id":"n4776756124","type":"clinic","name":"Advanced Hearing Diagnostics and Rehabilitation Centre"},"geometry":{"type":"Point","coordinates":[85.346722,27.68491]}},{"type":"Feature","properties":{"id":"n4785943923","type":"school","name":"Mahan Siddhartha High School"},"geometry":{"type":"Point","coordinates":[85.356782,27.715702]}},{"type":"Feature","properties":{"id":"n4787704511","type":"school","name":"Manoram Pre-School"},"geometry":{"type":"Point","coordinates":[85.348733,27.737924]}},{"type":"Feature","properties":{"id":"n4787720229","type":"clinic","name":"ausadhi pasal"},"geometry":{"type":"Point","coordinates":[85.351587,27.736451]}},{"type":"Feature","properties":{"id":"n4787732762","type":"school","name":"nibs"},"geometry":{"type":"Point","coordinates":[85.348104,27.736798]}},{"type":"Feature","properties":{"id":"n4787732763","type":"clinic","name":"Dep Medical Dental Clinic"},"geometry":{"type":"Point","coordinates":[85.347968,27.736676]}},{"type":"Feature","properties":{"id":"n4787741734","type":"school","name":"Bethel English and Computer Institute"},"geometry":{"type":"Point","coordinates":[85.349347,27.737267]}},{"type":"Feature","properties":{"id":"n4787744730","type":"clinic","name":"laxmi mahila swastha swayam sewika"},"geometry":{"type":"Point","coordinates":[85.3491,27.737463]}},{"type":"Feature","properties":{"id":"n4788108722","type":"school","name":"Aasna institute of education"},"geometry":{"type":"Point","coordinates":[85.336962,27.738914]}},{"type":"Feature","properties":{"id":"n4788110121","type":"clinic"},"geometry":{"type":"Point","coordinates":[85.351549,27.736375]}},{"type":"Feature","properties":{"id":"n4788247122","type":"school","name":"Kaasthamandap A levels Academy"},"geometry":{"type":"Point","coordinates":[85.348083,27.735984]}},{"type":"Feature","properties":{"id":"n4793424623","type":"school","name":"Mokshada school"},"geometry":{"type":"Point","coordinates":[85.355395,27.713076]}},{"type":"Feature","properties":{"id":"n4795372222","type":"community_centre","name":"Shreetol Community Center"},"geometry":{"type":"Point","coordinates":[85.332917,27.745148]}},{"type":"Feature","properties":{"id":"n4795372226","type":"college","name":"Maharajgunj Medical Campus"},"geometry":{"type":"Point","coordinates":[85.330348,27.734384]}},{"type":"Feature","properties":{"id":"n4795380222","type":"hospital","name":"Proposed Ishan Women and Children Hospital"},"geometry":{"type":"Point","coordinates":[85.333528,27.744565]}},{"type":"Feature","properties":{"id":"n4795380223","type":"hospital","name":"Pediatrics"},"geometry":{"type":"Point","coordinates":[85.330626,27.736587]}},{"type":"Feature","properties":{"id":"n4797824822","type":"school","name":"Gyan Mandir Secondary block B"},"geometry":{"type":"Point","coordinates":[85.297857,27.731735]}},{"type":"Feature","properties":{"id":"n4797972121","type":"police","name":"Nepal Police station"},"geometry":{"type":"Point","coordinates":[85.298041,27.765032]}},{"type":"Feature","properties":{"id":"n4798951429","type":"school","name":"NEPAL BAAL SADAN (Kinder House Nepal)"},"geometry":{"type":"Point","coordinates":[85.364375,27.776868]}},{"type":"Feature","properties":{"id":"n4798952023","type":"school","name":"Baal Sadan Sanstha (Kinder House Nepal)"},"geometry":{"type":"Point","coordinates":[85.371187,27.773226]}},{"type":"Feature","properties":{"id":"n4799229622","type":"shelter"},"geometry":{"type":"Point","coordinates":[85.331828,27.686421]}},{"type":"Feature","properties":{"id":"n4800688123","type":"community_centre","name":"तपस्थली old age home"},"geometry":{"type":"Point","coordinates":[85.360999,27.766559]}},{"type":"Feature","properties":{"id":"n4802740222","type":"school"},"geometry":{"type":"Point","coordinates":[85.353082,27.589944]}},{"type":"Feature","properties":{"id":"n4804949121","type":"school","name":"Shanskar Montessori"},"geometry":{"type":"Point","coordinates":[85.349835,27.760711]}},{"type":"Feature","properties":{"id":"n4806159021","type":"shelter"},"geometry":{"type":"Point","coordinates":[85.371019,27.703523]}},{"type":"Feature","properties":{"id":"n4809187725","type":"school","name":"Padmodaya Higher Secondary School"},"geometry":{"type":"Point","coordinates":[85.321828,27.701528]}},{"type":"Feature","properties":{"id":"n4809907025","type":"community_centre","name":"Anugraha Church"},"geometry":{"type":"Point","coordinates":[85.310907,27.666207]}},{"type":"Feature","properties":{"id":"n4810801975","type":"hospital","name":"Grande City Hospital"},"geometry":{"type":"Point","coordinates":[85.314744,27.711016]}},{"type":"Feature","properties":{"id":"n4811266921","type":"college","name":"GoldenGate College Block II"},"geometry":{"type":"Point","coordinates":[85.341281,27.703852]}},{"type":"Feature","properties":{"id":"n4812587323","type":"shelter"},"geometry":{"type":"Point","coordinates":[85.328268,27.769126]}},{"type":"Feature","properties":{"id":"n4812602221","type":"shelter"},"geometry":{"type":"Point","coordinates":[85.327308,27.769054]}},{"type":"Feature","properties":{"id":"n4813486121","type":"shelter"},"geometry":{"type":"Point","coordinates":[85.274205,27.701056]}},{"type":"Feature","properties":{"id":"n4813487123","type":"school","name":"Iacer Institute"},"geometry":{"type":"Point","coordinates":[85.335371,27.700111]}},{"type":"Feature","properties":{"id":"n4824360523","type":"school","name":"Kinder Castle Pre-School"},"geometry":{"type":"Point","coordinates":[85.331887,27.72401]}},{"type":"Feature","properties":{"id":"n4824581721","type":"clinic","name":"Drishti Eye Care Center"},"geometry":{"type":"Point","coordinates":[85.281095,27.698585]}},{"type":"Feature","properties":{"id":"n4833003721","type":"clinic","name":"Kathmandu Heart Clinic"},"geometry":{"type":"Point","coordinates":[85.312434,27.702349]}},{"type":"Feature","properties":{"id":"n4833935421","type":"school","name":"kidoz"},"geometry":{"type":"Point","coordinates":[85.313554,27.659197]}},{"type":"Feature","properties":{"id":"n4839700211","type":"school"},"geometry":{"type":"Point","coordinates":[85.274922,27.667942]}},{"type":"Feature","properties":{"id":"n4843234821","type":"school","name":"Cubby Care Pre House"},"geometry":{"type":"Point","coordinates":[85.316413,27.673802]}},{"type":"Feature","properties":{"id":"n4844865058","type":"school"},"geometry":{"type":"Point","coordinates":[85.320853,27.700474]}},{"type":"Feature","properties":{"id":"n4851053821","type":"shelter"},"geometry":{"type":"Point","coordinates":[85.313774,27.742742]}},{"type":"Feature","properties":{"id":"n4854790124","type":"school","name":"Neelgiri schoil"},"geometry":{"type":"Point","coordinates":[85.30851,27.717432]}},{"type":"Feature","properties":{"id":"n4864180122","type":"school","name":"SOMES office"},"geometry":{"type":"Point","coordinates":[85.319798,27.682426]}},{"type":"Feature","properties":{"id":"n4865500721","type":"police","name":"Dillibazar Jail"},"geometry":{"type":"Point","coordinates":[85.327162,27.706321]}},{"type":"Feature","properties":{"id":"n4873472421","type":"clinic","name":"Seeing Hands Nepal Blind Massage Clinic"},"geometry":{"type":"Point","coordinates":[85.315191,27.682233]}},{"type":"Feature","properties":{"id":"n4875122921","type":"school","name":"Godawari Residential School (GRS)"},"geometry":{"type":"Point","coordinates":[85.357372,27.616407]}},{"type":"Feature","properties":{"id":"n4875293522","type":"college","name":"Florida International College"},"geometry":{"type":"Point","coordinates":[85.343123,27.68767]}},{"type":"Feature","properties":{"id":"n4879629522","type":"school","name":"Everest Engineering and Management College"},"geometry":{"type":"Point","coordinates":[85.327972,27.686709]}},{"type":"Feature","properties":{"id":"n4890844845","type":"school","name":"Mitra School"},"geometry":{"type":"Point","coordinates":[85.323055,27.679819]}},{"type":"Feature","properties":{"id":"n4894538921","type":"shelter"},"geometry":{"type":"Point","coordinates":[85.333694,27.649697]}},{"type":"Feature","properties":{"id":"n4896329221","type":"community_centre","name":"Shahid Park Management Office"},"geometry":{"type":"Point","coordinates":[85.384682,27.738098]}},{"type":"Feature","properties":{"id":"n4899418145","type":"school","name":"DAV College"},"geometry":{"type":"Point","coordinates":[85.305097,27.671133]}},{"type":"Feature","properties":{"id":"n4899469922","type":"shelter"},"geometry":{"type":"Point","coordinates":[85.291246,27.690408]}},{"type":"Feature","properties":{"id":"n4901486123","type":"clinic","name":"Hardik Healthcare"},"geometry":{"type":"Point","coordinates":[85.319191,27.676921]}},{"type":"Feature","properties":{"id":"n4908210321","type":"community_centre","name":"Nabahi Chowk"},"geometry":{"type":"Point","coordinates":[85.30822,27.700881]}},{"type":"Feature","properties":{"id":"n4909216227","type":"clinic","name":"medical"},"geometry":{"type":"Point","coordinates":[85.310595,27.760495]}},{"type":"Feature","properties":{"id":"n4910193321","type":"shelter"},"geometry":{"type":"Point","coordinates":[85.357649,27.733066]}},{"type":"Feature","properties":{"id":"n4920024621","type":"community_centre","name":"Chandol Youth Club"},"geometry":{"type":"Point","coordinates":[85.340716,27.73123]}},{"type":"Feature","properties":{"id":"n4922051725","type":"clinic","name":"Sarobar Polyclinic and Diagnosis"},"geometry":{"type":"Point","coordinates":[85.34166,27.73658]}},{"type":"Feature","properties":{"id":"n4923601267","type":"police","name":"Samudayik Prahari Chowk"},"geometry":{"type":"Point","coordinates":[85.337007,27.711818]}},{"type":"Feature","properties":{"id":"n4926158321","type":"community_centre","name":"Equal Access Nepal"},"geometry":{"type":"Point","coordinates":[85.311179,27.678588]}},{"type":"Feature","properties":{"id":"n4926375257","type":"police","name":"Prahari Bit"},"geometry":{"type":"Point","coordinates":[85.311365,27.697345]}},{"type":"Feature","properties":{"id":"n4927886889","type":"clinic","name":"Family Health Clinic"},"geometry":{"type":"Point","coordinates":[85.319287,27.675254]}},{"type":"Feature","properties":{"id":"n4928055495","type":"school","name":"Shradanjalee EBS"},"geometry":{"type":"Point","coordinates":[85.304797,27.676421]}},{"type":"Feature","properties":{"id":"n4928325410","type":"school","name":"Shree Barahi Devi Prathamik Vidyalaya"},"geometry":{"type":"Point","coordinates":[85.174655,27.724452]}},{"type":"Feature","properties":{"id":"n4928352457","type":"school","name":"Shree Seti Devi Prathamik Vidyalaya"},"geometry":{"type":"Point","coordinates":[85.1505,27.711448]}},{"type":"Feature","properties":{"id":"n4928424956","type":"college","name":"Nasa Iinternational College"},"geometry":{"type":"Point","coordinates":[85.350398,27.687897]}},{"type":"Feature","properties":{"id":"n4928572762","type":"hospital","name":"Hamro Sahayatri Hospital"},"geometry":{"type":"Point","coordinates":[85.35355,27.676005]}},{"type":"Feature","properties":{"id":"n4929157924","type":"school","name":"Global Study Partners Nepal"},"geometry":{"type":"Point","coordinates":[85.323778,27.700836]}},{"type":"Feature","properties":{"id":"n4929808821","type":"school","name":"Shuvatara School"},"geometry":{"type":"Point","coordinates":[85.393955,27.622657]}},{"type":"Feature","properties":{"id":"n4930122396","type":"school","name":"Nazareth English Borarding School"},"geometry":{"type":"Point","coordinates":[85.303355,27.682501]}},{"type":"Feature","properties":{"id":"n4930988321","type":"clinic","name":"Sudha Polyclinic"},"geometry":{"type":"Point","coordinates":[85.349148,27.68274]}},{"type":"Feature","properties":{"id":"n4931729082","type":"police","name":"Nepal Police Academy"},"geometry":{"type":"Point","coordinates":[85.329743,27.733809]}},{"type":"Feature","properties":{"id":"n4931756050","type":"clinic","name":"Om Sai Medical Hall"},"geometry":{"type":"Point","coordinates":[85.305441,27.73562]}},{"type":"Feature","properties":{"id":"n4931756053","type":"clinic","name":"Nagarjun Health Care Centre"},"geometry":{"type":"Point","coordinates":[85.305681,27.735555]}},{"type":"Feature","properties":{"id":"n4931781421","type":"shelter"},"geometry":{"type":"Point","coordinates":[85.293802,27.71023]}},{"type":"Feature","properties":{"id":"n4931985907","type":"clinic","name":"Samrat Polyclinic and Medical Centre Pvt. Ltd."},"geometry":{"type":"Point","coordinates":[85.304174,27.736258]}},{"type":"Feature","properties":{"id":"n4933494321","type":"hospital","name":"Ananda Ban Hospital"},"geometry":{"type":"Point","coordinates":[85.313577,27.576832]}},{"type":"Feature","properties":{"id":"n4935098989","type":"school","name":"Shree Mahendrodaya Ni Ma V"},"geometry":{"type":"Point","coordinates":[85.237184,27.765353]}},{"type":"Feature","properties":{"id":"n4935115217","type":"school","name":"Shree Jiwanpur Kulchandra Ni Ma V"},"geometry":{"type":"Point","coordinates":[85.157746,27.758859]}},{"type":"Feature","properties":{"id":"n4935127562","type":"school","name":"Shree Dasharath Chandra Ma V"},"geometry":{"type":"Point","coordinates":[85.195897,27.733758]}},{"type":"Feature","properties":{"id":"n4935131521","type":"school","name":"Shri Bhanubhakta Ni Ma V"},"geometry":{"type":"Point","coordinates":[85.21195,27.740461]}},{"type":"Feature","properties":{"id":"n4935134956","type":"school","name":"Shree Bhadrapuri Sanakisan Pra V"},"geometry":{"type":"Point","coordinates":[85.213265,27.730573]}},{"type":"Feature","properties":{"id":"n4935141936","type":"school","name":"Shree Narayan Ni Ma V"},"geometry":{"type":"Point","coordinates":[85.209399,27.749801]}},{"type":"Feature","properties":{"id":"n4935153484","type":"school","name":"Shri Mahankaleswari Ma V"},"geometry":{"type":"Point","coordinates":[85.199652,27.760186]}},{"type":"Feature","properties":{"id":"n4935153485","type":"school","name":"Shree Trikureswori Ni Ma V"},"geometry":{"type":"Point","coordinates":[85.176537,27.752465]}},{"type":"Feature","properties":{"id":"n4935157987","type":"school","name":"Shree Nawa Prativa Pra V"},"geometry":{"type":"Point","coordinates":[85.170059,27.760034]}},{"type":"Feature","properties":{"id":"n4935159810","type":"school","name":"Shri Dhunibesi Adarsha Campus"},"geometry":{"type":"Point","coordinates":[85.19282,27.743324]}},{"type":"Feature","properties":{"id":"n4935174115","type":"school","name":"Shri Maheshdharma HSS"},"geometry":{"type":"Point","coordinates":[85.189864,27.741455]}},{"type":"Feature","properties":{"id":"n4935176084","type":"school","name":"Shri Mahadevsthan Ma V"},"geometry":{"type":"Point","coordinates":[85.169645,27.734745]}},{"type":"Feature","properties":{"id":"n4935177747","type":"school","name":"Shri Sharda Ni Ma V"},"geometry":{"type":"Point","coordinates":[85.157467,27.735628]}},{"type":"Feature","properties":{"id":"n4935180866","type":"school","name":"Shree Kalika Pra V"},"geometry":{"type":"Point","coordinates":[85.155004,27.747509]}},{"type":"Feature","properties":{"id":"n4935574824","type":"school","name":"Ace Higher Secondary School"},"geometry":{"type":"Point","coordinates":[85.349975,27.691521]}},{"type":"Feature","properties":{"id":"n4937984421","type":"school","name":"Chalantar Lower Secondary School"},"geometry":{"type":"Point","coordinates":[85.414177,27.72666]}},{"type":"Feature","properties":{"id":"n4938348723","type":"clinic","name":"Clinic Health Care Center"},"geometry":{"type":"Point","coordinates":[85.30501,27.726765]}},{"type":"Feature","properties":{"id":"n4939483121","type":"school","name":"Landmark Consultancy"},"geometry":{"type":"Point","coordinates":[85.322868,27.703125]}},{"type":"Feature","properties":{"id":"n4943400524","type":"community_centre","name":"YUWA House"},"geometry":{"type":"Point","coordinates":[85.324739,27.731372]}},{"type":"Feature","properties":{"id":"n4945106021","type":"university","name":"Central Department of Population Studies, Tribhuvan University"},"geometry":{"type":"Point","coordinates":[85.282229,27.681787]}},{"type":"Feature","properties":{"id":"n4946485921","type":"college","name":"Everest Engineering and Management College"},"geometry":{"type":"Point","coordinates":[85.327999,27.686518]}},{"type":"Feature","properties":{"id":"n4946835703","type":"school","name":"Shree Bandevi Primary School"},"geometry":{"type":"Point","coordinates":[85.151275,27.550984]}},{"type":"Feature","properties":{"id":"n4946884961","type":"school","name":"Shree Siddhi Ganesh Primary School"},"geometry":{"type":"Point","coordinates":[85.168877,27.62907]}},{"type":"Feature","properties":{"id":"n4946885185","type":"school","name":"Shree Jaldevi Primary School"},"geometry":{"type":"Point","coordinates":[85.179163,27.638654]}},{"type":"Feature","properties":{"id":"n4948242543","type":"school","name":"Shree Kali Devi Pra. Primary School"},"geometry":{"type":"Point","coordinates":[85.179455,27.665631]}},{"type":"Feature","properties":{"id":"n4948496349","type":"school","name":"Manjushree Jana PRA V"},"geometry":{"type":"Point","coordinates":[85.201218,27.618118]}},{"type":"Feature","properties":{"id":"n4948512065","type":"school","name":"Kalika Ni Ma V"},"geometry":{"type":"Point","coordinates":[85.22737,27.598632]}},{"type":"Feature","properties":{"id":"n4948517316","type":"school","name":"Singha Bhirab Pra V"},"geometry":{"type":"Point","coordinates":[85.216111,27.593333]}},{"type":"Feature","properties":{"id":"n4948521166","type":"school","name":"Kali Devi Ma V"},"geometry":{"type":"Point","coordinates":[85.207576,27.640701]}},{"type":"Feature","properties":{"id":"n4948523866","type":"school","name":"Chundevi PRA V"},"geometry":{"type":"Point","coordinates":[85.234557,27.599833]}},{"type":"Feature","properties":{"id":"n4949428826","type":"community_centre","name":"Youth CARE Foundation, Rehab"},"geometry":{"type":"Point","coordinates":[85.210017,27.687339]}},{"type":"Feature","properties":{"id":"n4951179621","type":"community_centre","name":"Karki Banquet"},"geometry":{"type":"Point","coordinates":[85.32292,27.692654]}},{"type":"Feature","properties":{"id":"n4951985712","type":"school","name":"Janasharam Pra V"},"geometry":{"type":"Point","coordinates":[85.194807,27.584369]}},{"type":"Feature","properties":{"id":"n4951989349","type":"school","name":"Pragati Pra V"},"geometry":{"type":"Point","coordinates":[85.175702,27.582469]}},{"type":"Feature","properties":{"id":"n4952029455","type":"school","name":"Mahalaxmi PRA V"},"geometry":{"type":"Point","coordinates":[85.173087,27.598187]}},{"type":"Feature","properties":{"id":"n4956103031","type":"police","name":"Manicipilty Polica Station Thali"},"geometry":{"type":"Point","coordinates":[85.405611,27.727009]}},{"type":"Feature","properties":{"id":"n4956147121","type":"college","name":"Chelsea College"},"geometry":{"type":"Point","coordinates":[85.334764,27.694871]}},{"type":"Feature","properties":{"id":"n4965592383","type":"school","name":"Vhairav Nimna Ma V"},"geometry":{"type":"Point","coordinates":[85.239415,27.554738]}},{"type":"Feature","properties":{"id":"n4965601892","type":"school","name":"Ajadeshwor Bal Bodh Pra V"},"geometry":{"type":"Point","coordinates":[85.222207,27.561536]}},{"type":"Feature","properties":{"id":"n4965608427","type":"school","name":"Batsala Devi Ma V"},"geometry":{"type":"Point","coordinates":[85.201909,27.565443]}},{"type":"Feature","properties":{"id":"n4965624260","type":"school","name":"Bandevi Pra V"},"geometry":{"type":"Point","coordinates":[85.214293,27.574595]}},{"type":"Feature","properties":{"id":"n4965624261","type":"school","name":"Ram Chandra Bhanjyang Pra V"},"geometry":{"type":"Point","coordinates":[85.236316,27.579405]}},{"type":"Feature","properties":{"id":"n4965642265","type":"school","name":"Navajoyti PRA v"},"geometry":{"type":"Point","coordinates":[85.216182,27.554643]}},{"type":"Feature","properties":{"id":"n4965649116","type":"school","name":"Jyangter Choyoling Gubmba"},"geometry":{"type":"Point","coordinates":[85.240601,27.554046]}},{"type":"Feature","properties":{"id":"n4970232222","type":"clinic","name":"Sahanaj Clinic"},"geometry":{"type":"Point","coordinates":[85.350634,27.660685]}},{"type":"Feature","properties":{"id":"n4973061512","type":"shelter","name":"kwaelachi falcha"},"geometry":{"type":"Point","coordinates":[85.327975,27.674447]}},{"type":"Feature","properties":{"id":"n4992828421","type":"community_centre","name":"WAATCH परिवर्तन को लागि महिला समूह ७"},"geometry":{"type":"Point","coordinates":[85.337467,27.7055]}},{"type":"Feature","properties":{"id":"n4992828721","type":"clinic","name":"APOLLO POLYCLINIC एपोलो पोलि क्लिनिक ।"},"geometry":{"type":"Point","coordinates":[85.332558,27.704041]}},{"type":"Feature","properties":{"id":"n4996177935","type":"school","name":"Mnemonic Modern Academy"},"geometry":{"type":"Point","coordinates":[85.38156,27.724379]}},{"type":"Feature","properties":{"id":"n4998825022","type":"community_centre","name":"Puspanjali Tole,Narsari Chwok"},"geometry":{"type":"Point","coordinates":[85.289433,27.728244]}},{"type":"Feature","properties":{"id":"n5006376189","type":"school","name":"Shree Panchakanya Pra Bi"},"geometry":{"type":"Point","coordinates":[85.467248,27.566247]}},{"type":"Feature","properties":{"id":"n5008748401","type":"hospital","name":"Chitlang Sub Hospital"},"geometry":{"type":"Point","coordinates":[85.16843,27.648942]}},{"type":"Feature","properties":{"id":"n5008759058","type":"school","name":"Janak Primary School , Kushleshwor, Chitlang"},"geometry":{"type":"Point","coordinates":[85.162226,27.630087]}},{"type":"Feature","properties":{"id":"n5008765725","type":"school","name":"Surya jyoti Ni Ma Vi"},"geometry":{"type":"Point","coordinates":[85.455699,27.567942]}},{"type":"Feature","properties":{"id":"n5008766752","type":"school","name":"Shree Laliguras Primary Schol"},"geometry":{"type":"Point","coordinates":[85.4637,27.5892]}},{"type":"Feature","properties":{"id":"n5013249215","type":"school","name":"Surya Pra V"},"geometry":{"type":"Point","coordinates":[85.416616,27.590605]}},{"type":"Feature","properties":{"id":"n5013253011","type":"school","name":"Shiva Pra Vi"},"geometry":{"type":"Point","coordinates":[85.458047,27.604103]}},{"type":"Feature","properties":{"id":"n5013260780","type":"school","name":"Shree Bhalchandra Secondary School, Manedovan"},"geometry":{"type":"Point","coordinates":[85.433942,27.59829]}},{"type":"Feature","properties":{"id":"n5013265147","type":"school","name":"Shree Janajyoti Adharbhut Vidhyalaya"},"geometry":{"type":"Point","coordinates":[85.444608,27.606999]}},{"type":"Feature","properties":{"id":"n5013265506","type":"school","name":"SHANTI NIKETAN"},"geometry":{"type":"Point","coordinates":[85.4565,27.5995]}},{"type":"Feature","properties":{"id":"n5013268337","type":"school","name":"Baghbhairab Primary School, Ranikot"},"geometry":{"type":"Point","coordinates":[85.430578,27.623874]}},{"type":"Feature","properties":{"id":"n5013294921","type":"shelter"},"geometry":{"type":"Point","coordinates":[85.289674,27.732849]}},{"type":"Feature","properties":{"id":"n5013793822","type":"school"},"geometry":{"type":"Point","coordinates":[85.331035,27.710477]}},{"type":"Feature","properties":{"id":"n5017935522","type":"clinic","name":"Dristi, The Vision Eye Center"},"geometry":{"type":"Point","coordinates":[85.314691,27.710518]}},{"type":"Feature","properties":{"id":"n5037920721","type":"school","name":"Sunrise boarding school"},"geometry":{"type":"Point","coordinates":[85.35594,27.764543]}},{"type":"Feature","properties":{"id":"n5037937835","type":"school","name":"Victor Hugo Manjushri Vidyapith"},"geometry":{"type":"Point","coordinates":[85.364124,27.763702]}},{"type":"Feature","properties":{"id":"n5042207021","type":"community_centre","name":"Swastik Colony"},"geometry":{"type":"Point","coordinates":[85.327563,27.745619]}},{"type":"Feature","properties":{"id":"n5043184624","type":"hospital","name":"Aayurvedic"},"geometry":{"type":"Point","coordinates":[85.275283,27.668412]}},{"type":"Feature","properties":{"id":"n5044790021","type":"college","name":"Central Department of Rural Development"},"geometry":{"type":"Point","coordinates":[85.28216,27.67955]}},{"type":"Feature","properties":{"id":"n5055685694","type":"school","name":"Kumari Namuna Campus"},"geometry":{"type":"Point","coordinates":[85.156438,27.777486]}},{"type":"Feature","properties":{"id":"n5056011812","type":"school","name":"Shree Bageshwori Pra V"},"geometry":{"type":"Point","coordinates":[85.198241,27.776633]}},{"type":"Feature","properties":{"id":"n5059654847","type":"school","name":"Pancha Kumari Pra. Vi."},"geometry":{"type":"Point","coordinates":[85.296811,27.673698]}},{"type":"Feature","properties":{"id":"n5063323570","type":"school","name":"Shree Shramik Ni Ma V"},"geometry":{"type":"Point","coordinates":[85.167555,27.777556]}},{"type":"Feature","properties":{"id":"n5068560173","type":"hospital","name":"Himalaya Healing Centre"},"geometry":{"type":"Point","coordinates":[85.370684,27.729194]}},{"type":"Feature","properties":{"id":"n5068574573","type":"hospital","name":"Nepal Manmin Hospital"},"geometry":{"type":"Point","coordinates":[85.333644,27.663019]}},{"type":"Feature","properties":{"id":"n5068575022","type":"school","name":"Sachdeva Institute"},"geometry":{"type":"Point","coordinates":[85.32194,27.703065]}},{"type":"Feature","properties":{"id":"n5075029393","type":"school","name":"Sanskar Vidyapith School"},"geometry":{"type":"Point","coordinates":[85.295792,27.682687]}},{"type":"Feature","properties":{"id":"n5088825522","type":"school","name":"Redwood Education Network"},"geometry":{"type":"Point","coordinates":[85.333579,27.716989]}},{"type":"Feature","properties":{"id":"n5098459622","type":"clinic","name":"Netradham"},"geometry":{"type":"Point","coordinates":[85.316442,27.68817]}},{"type":"Feature","properties":{"id":"n5100053183","type":"clinic","name":"Jorpati Pathology Lab"},"geometry":{"type":"Point","coordinates":[85.382383,27.716074]}},{"type":"Feature","properties":{"id":"n5100053194","type":"school","name":"WEB school"},"geometry":{"type":"Point","coordinates":[85.381745,27.716729]}},{"type":"Feature","properties":{"id":"n5100597022","type":"clinic","name":"Upakar Policlinic"},"geometry":{"type":"Point","coordinates":[85.34625,27.679146]}},{"type":"Feature","properties":{"id":"n5101981923","type":"school","name":"SAB Public School"},"geometry":{"type":"Point","coordinates":[85.330392,27.703466]}},{"type":"Feature","properties":{"id":"n5101981925","type":"police","name":"Samudayik Prahari Sewa"},"geometry":{"type":"Point","coordinates":[85.330993,27.7]}},{"type":"Feature","properties":{"id":"n5104363923","type":"community_centre","name":"Manahara Mulpani Youth Club"},"geometry":{"type":"Point","coordinates":[85.400357,27.715393]}},{"type":"Feature","properties":{"id":"n5104920355","type":"school","name":"Little Garden English School"},"geometry":{"type":"Point","coordinates":[85.32459,27.607359]}},{"type":"Feature","properties":{"id":"n5107049469","type":"school","name":"Moonlight School"},"geometry":{"type":"Point","coordinates":[85.359162,27.734828]}},{"type":"Feature","properties":{"id":"n5127394621","type":"community_centre","name":"MAITI NEPAL"},"geometry":{"type":"Point","coordinates":[85.394788,27.745314]}},{"type":"Feature","properties":{"id":"n5135887821","type":"community_centre"},"geometry":{"type":"Point","coordinates":[85.305489,27.742516]}},{"type":"Feature","properties":{"id":"n5159330721","type":"school","name":"Patan Campus Football Ground"},"geometry":{"type":"Point","coordinates":[85.321854,27.679377]}},{"type":"Feature","properties":{"id":"n5169208225","type":"school","name":"Akshar academy"},"geometry":{"type":"Point","coordinates":[85.333325,27.701789]}},{"type":"Feature","properties":{"id":"n5181221231","type":"police","name":"Mandikhatar"},"geometry":{"type":"Point","coordinates":[85.347783,27.736312]}},{"type":"Feature","properties":{"id":"n5183486522","type":"shelter"},"geometry":{"type":"Point","coordinates":[85.349843,27.670755]}},{"type":"Feature","properties":{"id":"n5183487526","type":"shelter"},"geometry":{"type":"Point","coordinates":[85.34949,27.6711]}},{"type":"Feature","properties":{"id":"n5187750721","type":"community_centre","name":"Confederation of Nepalese Industries (CNI)"},"geometry":{"type":"Point","coordinates":[85.319772,27.691947]}},{"type":"Feature","properties":{"id":"n5195467724","type":"community_centre","name":"Kanaiya Chaur, Ward no 5 Office"},"geometry":{"type":"Point","coordinates":[85.268963,27.665685]}},{"type":"Feature","properties":{"id":"n5200110921","type":"school","name":"Akashar academy"},"geometry":{"type":"Point","coordinates":[85.332874,27.701825]}},{"type":"Feature","properties":{"id":"n5203278422","type":"police","name":"Community Police Naxal"},"geometry":{"type":"Point","coordinates":[85.325565,27.715961]}},{"type":"Feature","properties":{"id":"n5203440723","type":"college","name":"Kathmandu institute of technology"},"geometry":{"type":"Point","coordinates":[85.323059,27.750951]}},{"type":"Feature","properties":{"id":"n5205980824","type":"community_centre","name":"dallu aawas."},"geometry":{"type":"Point","coordinates":[85.292864,27.711105]}},{"type":"Feature","properties":{"id":"n5218176921","type":"community_centre","name":"sonik home"},"geometry":{"type":"Point","coordinates":[85.307044,27.74289]}},{"type":"Feature","properties":{"id":"n5222674037","type":"community_centre","name":"Arjun's Couchsurfing place"},"geometry":{"type":"Point","coordinates":[85.377853,27.734137]}},{"type":"Feature","properties":{"id":"n5228247025","type":"clinic","name":"Kathmandu Ultrasound Clinic"},"geometry":{"type":"Point","coordinates":[85.32248,27.705889]}},{"type":"Feature","properties":{"id":"n5232744927","type":"clinic","name":"Annex-I Surgery"},"geometry":{"type":"Point","coordinates":[85.330047,27.736551]}},{"type":"Feature","properties":{"id":"n5239126922","type":"community_centre","name":"Navodaya Church"},"geometry":{"type":"Point","coordinates":[85.301018,27.673787]}},{"type":"Feature","properties":{"id":"n5239936321","type":"hospital","name":"Mental Asylum"},"geometry":{"type":"Point","coordinates":[85.311591,27.683033]}},{"type":"Feature","properties":{"id":"n5241991621","type":"school","name":"Jugal English Boarding School"},"geometry":{"type":"Point","coordinates":[85.35647,27.732644]}},{"type":"Feature","properties":{"id":"n5245747522","type":"school","name":"Pylon Academy"},"geometry":{"type":"Point","coordinates":[85.33698,27.739623]}},{"type":"Feature","properties":{"id":"n5245758321","type":"clinic","name":"Kohinoor Medical center Pvt LTD"},"geometry":{"type":"Point","coordinates":[85.336997,27.739539]}},{"type":"Feature","properties":{"id":"n5248166722","type":"college","name":"Presidential Buisness School"},"geometry":{"type":"Point","coordinates":[85.330404,27.692058]}},{"type":"Feature","properties":{"id":"n5267577753","type":"police","name":"Mahanagar Prahare Kendra"},"geometry":{"type":"Point","coordinates":[85.303679,27.696794]}},{"type":"Feature","properties":{"id":"n5270088722","type":"school","name":"Unique International English school"},"geometry":{"type":"Point","coordinates":[85.404022,27.668322]}},{"type":"Feature","properties":{"id":"n5273245862","type":"school","name":"Mothers Arm Children Care & Kindergarten"},"geometry":{"type":"Point","coordinates":[85.323294,27.679921]}},{"type":"Feature","properties":{"id":"n5285140723","type":"community_centre","name":"Swornim Youth Club"},"geometry":{"type":"Point","coordinates":[85.355166,27.624826]}},{"type":"Feature","properties":{"id":"n5299381321","type":"clinic","name":"Patan Heart Clinic"},"geometry":{"type":"Point","coordinates":[85.324276,27.666651]}},{"type":"Feature","properties":{"id":"n5308645122","type":"hospital","name":"Let Me in"},"geometry":{"type":"Point","coordinates":[85.332459,27.689165]}},{"type":"Feature","properties":{"id":"n5308740822","type":"hospital","name":"Ayushya Health Home (Pvt) Ltd"},"geometry":{"type":"Point","coordinates":[85.361024,27.604587]}},{"type":"Feature","properties":{"id":"n5311635621","type":"shelter"},"geometry":{"type":"Point","coordinates":[85.374466,27.699782]}},{"type":"Feature","properties":{"id":"n5345124221","type":"college","name":"Black Hawk College of Computer Studies"},"geometry":{"type":"Point","coordinates":[85.346475,27.717827]}},{"type":"Feature","properties":{"id":"n5349249522","type":"school","name":"Educare Abroad Consult Pvt. Ltd"},"geometry":{"type":"Point","coordinates":[85.299734,27.698214]}},{"type":"Feature","properties":{"id":"n5357029321","type":"school","name":"NAMUNA ADHYAYAN MONTESSORI SCHOOL"},"geometry":{"type":"Point","coordinates":[85.259164,27.719186]}},{"type":"Feature","properties":{"id":"n5357085521","type":"school","name":"NAMUNA ADHYAYAN MONTESSORI SCHOOL"},"geometry":{"type":"Point","coordinates":[85.259512,27.719509]}},{"type":"Feature","properties":{"id":"n5358434921","type":"hospital","name":"Binayak Hospital"},"geometry":{"type":"Point","coordinates":[85.313021,27.735097]}},{"type":"Feature","properties":{"id":"n5363122509","type":"police"},"geometry":{"type":"Point","coordinates":[85.374862,27.692765]}},{"type":"Feature","properties":{"id":"n5367652207","type":"clinic","name":"Binayak aankha clinic"},"geometry":{"type":"Point","coordinates":[85.335472,27.688664]}},{"type":"Feature","properties":{"id":"n5367656695","type":"clinic","name":"Samjhana Laboratory Clinic"},"geometry":{"type":"Point","coordinates":[85.324944,27.671931]}},{"type":"Feature","properties":{"id":"n5392472321","type":"clinic","name":"Kathmandu Eye Centre"},"geometry":{"type":"Point","coordinates":[85.320625,27.666502]}},{"type":"Feature","properties":{"id":"n5395088721","type":"community_centre","name":"Parikar Banquet"},"geometry":{"type":"Point","coordinates":[85.277963,27.696624]}},{"type":"Feature","properties":{"id":"n5426504322","type":"community_centre","name":"chittapol clc"},"geometry":{"type":"Point","coordinates":[85.462821,27.657323]}},{"type":"Feature","properties":{"id":"n5450258186","type":"shelter"},"geometry":{"type":"Point","coordinates":[85.326798,27.674757]}},{"type":"Feature","properties":{"id":"n5450258187","type":"shelter"},"geometry":{"type":"Point","coordinates":[85.327247,27.674585]}},{"type":"Feature","properties":{"id":"n5455475023","type":"school","name":"Teensy Weensy International Play & Pre-School"},"geometry":{"type":"Point","coordinates":[85.319564,27.648191]}},{"type":"Feature","properties":{"id":"n5465965521","type":"school","name":"Skyfall Educational Consultancy"},"geometry":{"type":"Point","coordinates":[85.323044,27.705539]}},{"type":"Feature","properties":{"id":"n5467611222","type":"community_centre","name":"Melmilap Tole"},"geometry":{"type":"Point","coordinates":[85.308415,27.762518]}},{"type":"Feature","properties":{"id":"n5472163824","type":"school","name":"Sijal Abroad Studies Pvt.Ltd"},"geometry":{"type":"Point","coordinates":[85.281222,27.69513]}},{"type":"Feature","properties":{"id":"n5479588210","type":"school","name":"nepal pathfinder coed"},"geometry":{"type":"Point","coordinates":[85.345889,27.703146]}},{"type":"Feature","properties":{"id":"n5528676423","type":"college","name":"KU City College"},"geometry":{"type":"Point","coordinates":[85.350357,27.726074]}},{"type":"Feature","properties":{"id":"n5549773260","type":"school","name":"Pranodaya Primary School"},"geometry":{"type":"Point","coordinates":[85.388259,27.679371]}},{"type":"Feature","properties":{"id":"n5568194823","type":"hospital","name":"Teku Hospital"},"geometry":{"type":"Point","coordinates":[85.306488,27.694673]}},{"type":"Feature","properties":{"id":"n5570781277","type":"school","name":"Maha Saraswoti Niketan"},"geometry":{"type":"Point","coordinates":[85.279441,27.757961]}},{"type":"Feature","properties":{"id":"n5579313821","type":"community_centre","name":"Balkumari Colony"},"geometry":{"type":"Point","coordinates":[85.388594,27.672712]}},{"type":"Feature","properties":{"id":"n5582470096","type":"college","name":"Shankharapur Polytechnic Institute"},"geometry":{"type":"Point","coordinates":[85.456996,27.727538]}},{"type":"Feature","properties":{"id":"n5582551538","type":"school","name":"Superb Catalyst Academy"},"geometry":{"type":"Point","coordinates":[85.16296,27.717811]}},{"type":"Feature","properties":{"id":"n5592591121","type":"clinic","name":"Samikshya Pharma & RB Dental Clinic"},"geometry":{"type":"Point","coordinates":[85.28443,27.721002]}},{"type":"Feature","properties":{"id":"n5609009924","type":"college","name":"National Law College"},"geometry":{"type":"Point","coordinates":[85.30373,27.681654]}},{"type":"Feature","properties":{"id":"n5616604322","type":"college","name":"Maple International Education"},"geometry":{"type":"Point","coordinates":[85.322353,27.701616]}},{"type":"Feature","properties":{"id":"n5619165231","type":"shelter","name":"mahankaal"},"geometry":{"type":"Point","coordinates":[85.356094,27.725577]}},{"type":"Feature","properties":{"id":"n5619805721","type":"college","name":"Sunway International Business School"},"geometry":{"type":"Point","coordinates":[85.334333,27.705427]}},{"type":"Feature","properties":{"id":"n5624721522","type":"school","name":"KISC"},"geometry":{"type":"Point","coordinates":[85.317685,27.624046]}},{"type":"Feature","properties":{"id":"n5625028221","type":"school","name":"Maya Animation Acadamy"},"geometry":{"type":"Point","coordinates":[85.314913,27.709201]}},{"type":"Feature","properties":{"id":"n5626602821","type":"university","name":"Department of Environmental Science, Tribhuvan University"},"geometry":{"type":"Point","coordinates":[85.316115,27.708634]}},{"type":"Feature","properties":{"id":"n5639154621","type":"school","name":"Yoga Academy Center"},"geometry":{"type":"Point","coordinates":[85.276987,27.726625]}},{"type":"Feature","properties":{"id":"n5645142636","type":"college","name":"Himalaya H.S.S./College"},"geometry":{"type":"Point","coordinates":[85.346938,27.67979]}},{"type":"Feature","properties":{"id":"n5661175422","type":"community_centre","name":"Sunshine training center"},"geometry":{"type":"Point","coordinates":[85.319142,27.661691]}},{"type":"Feature","properties":{"id":"n5677695624","type":"college","name":"Jubilant College"},"geometry":{"type":"Point","coordinates":[85.301701,27.69848]}},{"type":"Feature","properties":{"id":"n5686874522","type":"school","name":"Guiness public"},"geometry":{"type":"Point","coordinates":[85.298339,27.76883]}},{"type":"Feature","properties":{"id":"n5695871522","type":"community_centre","name":"Osho Tapoban meditation centre"},"geometry":{"type":"Point","coordinates":[85.268608,27.763735]}},{"type":"Feature","properties":{"id":"n5708269021","type":"clinic","name":"National Reference Laboratory"},"geometry":{"type":"Point","coordinates":[85.339434,27.73832]}},{"type":"Feature","properties":{"id":"n5715696859","type":"hospital","name":"Suruchi Home Care"},"geometry":{"type":"Point","coordinates":[85.337725,27.693764]}},{"type":"Feature","properties":{"id":"n5808086954","type":"shelter"},"geometry":{"type":"Point","coordinates":[85.341741,27.742977]}},{"type":"Feature","properties":{"id":"n5808949954","type":"clinic","name":"Suryamsha Clinic"},"geometry":{"type":"Point","coordinates":[85.356639,27.735955]}},{"type":"Feature","properties":{"id":"n5848783091","type":"school"},"geometry":{"type":"Point","coordinates":[85.321877,27.705305]}},{"type":"Feature","properties":{"id":"n5909455364","type":"college","name":"Times International College"},"geometry":{"type":"Point","coordinates":[85.327453,27.708157]}},{"type":"Feature","properties":{"id":"n5913901156","type":"clinic","name":"Ganga Heart Clinic"},"geometry":{"type":"Point","coordinates":[85.337525,27.695944]}},{"type":"Feature","properties":{"id":"n5916500285","type":"college","name":"Central Department of English"},"geometry":{"type":"Point","coordinates":[85.283074,27.682465]}},{"type":"Feature","properties":{"id":"n5921925038","type":"police","name":"Police Station"},"geometry":{"type":"Point","coordinates":[85.351364,27.699164]}},{"type":"Feature","properties":{"id":"n5921925039","type":"school","name":"Balpith Primary School"},"geometry":{"type":"Point","coordinates":[85.351446,27.698862]}},{"type":"Feature","properties":{"id":"n5921937437","type":"school","name":"Galaxy Public School"},"geometry":{"type":"Point","coordinates":[85.330392,27.708252]}},{"type":"Feature","properties":{"id":"n5921942428","type":"clinic","name":"Siddi Polygenic and Diagnostic Centre"},"geometry":{"type":"Point","coordinates":[85.331717,27.708177]}},{"type":"Feature","properties":{"id":"n5933361485","type":"school","name":"Mercy Mission Himalaya foundation"},"geometry":{"type":"Point","coordinates":[85.309159,27.659793]}},{"type":"Feature","properties":{"id":"n5943621586","type":"shelter"},"geometry":{"type":"Point","coordinates":[85.314355,27.656445]}},{"type":"Feature","properties":{"id":"n5943621587","type":"shelter"},"geometry":{"type":"Point","coordinates":[85.314355,27.656455]}},{"type":"Feature","properties":{"id":"n5943633085","type":"shelter"},"geometry":{"type":"Point","coordinates":[85.314366,27.656457]}},{"type":"Feature","properties":{"id":"n5948241092","type":"shelter"},"geometry":{"type":"Point","coordinates":[85.31435,27.656491]}},{"type":"Feature","properties":{"id":"n5948492385","type":"community_centre","name":"Chumlung Bhawan"},"geometry":{"type":"Point","coordinates":[85.316262,27.65694]}},{"type":"Feature","properties":{"id":"n5956604807","type":"college","name":"Nepal Institute of Health Science"},"geometry":{"type":"Point","coordinates":[85.374178,27.721682]}},{"type":"Feature","properties":{"id":"n5960192785","type":"community_centre","name":"Durganagar"},"geometry":{"type":"Point","coordinates":[85.279165,27.698934]}},{"type":"Feature","properties":{"id":"n5961692307","type":"hospital","name":"South Asian Polyclinic and Diagnostic Centre"},"geometry":{"type":"Point","coordinates":[85.326184,27.739061]}},{"type":"Feature","properties":{"id":"n5961692309","type":"school","name":"Southwestern School"},"geometry":{"type":"Point","coordinates":[85.321906,27.73644]}},{"type":"Feature","properties":{"id":"n5961692311","type":"college","name":"Asian School of Management"},"geometry":{"type":"Point","coordinates":[85.312489,27.735311]}},{"type":"Feature","properties":{"id":"n5961692317","type":"hospital","name":"Marie Stopes Nepal"},"geometry":{"type":"Point","coordinates":[85.317437,27.734809]}},{"type":"Feature","properties":{"id":"n5961692324","type":"community_centre","name":"Panas Banquet & Event Venue"},"geometry":{"type":"Point","coordinates":[85.324386,27.73794]}},{"type":"Feature","properties":{"id":"n5963272208","type":"police","name":"Sub Police Station, Tokha"},"geometry":{"type":"Point","coordinates":[85.327356,27.75625]}},{"type":"Feature","properties":{"id":"n5966565996","type":"hospital","name":"Wellness Hospital Pvt. Ltd."},"geometry":{"type":"Point","coordinates":[85.337859,27.742435]}},{"type":"Feature","properties":{"id":"n5966565997","type":"college","name":"Atharva Business College"},"geometry":{"type":"Point","coordinates":[85.338986,27.743712]}},{"type":"Feature","properties":{"id":"n5970732288","type":"community_centre","name":"BIJU BOHARA NIWAS"},"geometry":{"type":"Point","coordinates":[85.392949,27.706817]}},{"type":"Feature","properties":{"id":"n5973756582","type":"clinic","name":"Kathmandu Fertility Centre"},"geometry":{"type":"Point","coordinates":[85.340058,27.743097]}},{"type":"Feature","properties":{"id":"n5981623810","type":"school","name":"Sahara Montessori School"},"geometry":{"type":"Point","coordinates":[85.363808,27.728872]}},{"type":"Feature","properties":{"id":"n5995657486","type":"school","name":"Elim Academy"},"geometry":{"type":"Point","coordinates":[85.335939,27.740057]}},{"type":"Feature","properties":{"id":"n5999458615","type":"school","name":"Serkong Dorji Chang Academy"},"geometry":{"type":"Point","coordinates":[85.287598,27.714156]}},{"type":"Feature","properties":{"id":"n6008677485","type":"college","name":"Nepal Korean International College"},"geometry":{"type":"Point","coordinates":[85.342207,27.650215]}},{"type":"Feature","properties":{"id":"n6018706843","type":"school"},"geometry":{"type":"Point","coordinates":[85.331665,27.708184]}},{"type":"Feature","properties":{"id":"n6021113419","type":"school","name":"Geetanjali H.S. School"},"geometry":{"type":"Point","coordinates":[85.304949,27.719207]}},{"type":"Feature","properties":{"id":"n6043108727","type":"college","name":"Texas College of Management and IT"},"geometry":{"type":"Point","coordinates":[85.342507,27.713739]}},{"type":"Feature","properties":{"id":"n6043111642","type":"school","name":"Shree Bal Byabasaye Kendra Secondary School"},"geometry":{"type":"Point","coordinates":[85.340945,27.71192]}},{"type":"Feature","properties":{"id":"n6043144295","type":"hospital","name":"Huawei International Hospital"},"geometry":{"type":"Point","coordinates":[85.345285,27.713049]}},{"type":"Feature","properties":{"id":"n6043238485","type":"clinic","name":"Bagmati Health Hub Pvt. Ltd"},"geometry":{"type":"Point","coordinates":[85.350034,27.697313]}},{"type":"Feature","properties":{"id":"n6048829086","type":"hospital","name":"Kathmandu City Hospital"},"geometry":{"type":"Point","coordinates":[85.281004,27.699091]}},{"type":"Feature","properties":{"id":"n6048863185","type":"college","name":"Siddhartha Multiple College"},"geometry":{"type":"Point","coordinates":[85.280356,27.700482]}},{"type":"Feature","properties":{"id":"n6052160685","type":"college","name":"College of Business Management (CBM)"},"geometry":{"type":"Point","coordinates":[85.326677,27.705821]}},{"type":"Feature","properties":{"id":"n6052247701","type":"college"},"geometry":{"type":"Point","coordinates":[85.323492,27.658319]}},{"type":"Feature","properties":{"id":"n6052315070","type":"hospital","name":"Aarogya Swasthya Sadan"},"geometry":{"type":"Point","coordinates":[85.31184,27.673695]}},{"type":"Feature","properties":{"id":"n6052315075","type":"school","name":"Reliable Students School"},"geometry":{"type":"Point","coordinates":[85.327178,27.658519]}},{"type":"Feature","properties":{"id":"n6052324066","type":"clinic","name":"Alka Polyclinic"},"geometry":{"type":"Point","coordinates":[85.325705,27.657485]}},{"type":"Feature","properties":{"id":"n6053557885","type":"community_centre","name":"Durganagar"},"geometry":{"type":"Point","coordinates":[85.279119,27.700025]}},{"type":"Feature","properties":{"id":"n6053557886","type":"hospital","name":"Astanga Ayurveda Hospital and Research Center Private Limited"},"geometry":{"type":"Point","coordinates":[85.282775,27.692626]}},{"type":"Feature","properties":{"id":"n6054073915","type":"police","name":"Police Building"},"geometry":{"type":"Point","coordinates":[85.327817,27.716949]}},{"type":"Feature","properties":{"id":"n6056569223","type":"college","name":"Baluwatar Model College"},"geometry":{"type":"Point","coordinates":[85.332467,27.724082]}},{"type":"Feature","properties":{"id":"n6056626280","type":"clinic","name":"Folliderm Skin Clinic"},"geometry":{"type":"Point","coordinates":[85.330393,27.723992]}},{"type":"Feature","properties":{"id":"n6056988585","type":"college","name":"National College"},"geometry":{"type":"Point","coordinates":[85.341354,27.731569]}},{"type":"Feature","properties":{"id":"n6056988586","type":"school","name":"Janapath Madhyamik Vidhyalaya"},"geometry":{"type":"Point","coordinates":[85.279991,27.69073]}},{"type":"Feature","properties":{"id":"n6056988785","type":"school","name":"Nepalaya School"},"geometry":{"type":"Point","coordinates":[85.285609,27.694718]}},{"type":"Feature","properties":{"id":"n6063600885","type":"school","name":"Sunaguthi Newa English School"},"geometry":{"type":"Point","coordinates":[85.318974,27.631726]}},{"type":"Feature","properties":{"id":"n6064240605","type":"school","name":"Sano Thimi Technical chool"},"geometry":{"type":"Point","coordinates":[85.372555,27.680869]}},{"type":"Feature","properties":{"id":"n6064240607","type":"school","name":"Vision Montessori School"},"geometry":{"type":"Point","coordinates":[85.348533,27.6776]}},{"type":"Feature","properties":{"id":"n6064240608","type":"college","name":"Samriddhi College"},"geometry":{"type":"Point","coordinates":[85.34867,27.677341]}},{"type":"Feature","properties":{"id":"n6064309356","type":"clinic","name":"Samjhana laboratory Clinic Pvt Ltd"},"geometry":{"type":"Point","coordinates":[85.372976,27.674215]}},{"type":"Feature","properties":{"id":"n6064801186","type":"police","name":"Traffic Police Office"},"geometry":{"type":"Point","coordinates":[85.284079,27.690107]}},{"type":"Feature","properties":{"id":"n6065425312","type":"hospital","name":"Madhyapur Hospital Thimi"},"geometry":{"type":"Point","coordinates":[85.388174,27.672254]}},{"type":"Feature","properties":{"id":"n6066400160","type":"college","name":"Oskar International College (college and flim studio)"},"geometry":{"type":"Point","coordinates":[85.345719,27.726139]}},{"type":"Feature","properties":{"id":"n6068365810","type":"police","name":"Police bit mid Baneshwar"},"geometry":{"type":"Point","coordinates":[85.337499,27.695491]}},{"type":"Feature","properties":{"id":"n6070233335","type":"school","name":"North Pole Academy"},"geometry":{"type":"Point","coordinates":[85.315337,27.750788]}},{"type":"Feature","properties":{"id":"n6073778485","type":"shelter"},"geometry":{"type":"Point","coordinates":[85.226753,27.687337]}},{"type":"Feature","properties":{"id":"n6082336486","type":"college","name":"Rolwalling College (Grand Academy)"},"geometry":{"type":"Point","coordinates":[85.321817,27.670081]}},{"type":"Feature","properties":{"id":"n6089307783","type":"school","name":"Himalaya Vidyalaya Mandir"},"geometry":{"type":"Point","coordinates":[85.338799,27.710242]}},{"type":"Feature","properties":{"id":"n6114639138","type":"college","name":"shwoyambhu international college"},"geometry":{"type":"Point","coordinates":[85.335528,27.686716]}},{"type":"Feature","properties":{"id":"n6118675763","type":"school","name":"Shiksha Kids Education"},"geometry":{"type":"Point","coordinates":[85.29476,27.689268]}},{"type":"Feature","properties":{"id":"n6119458394","type":"hospital","name":"Universal Dental Hospital"},"geometry":{"type":"Point","coordinates":[85.280008,27.699048]}},{"type":"Feature","properties":{"id":"n6122932185","type":"school","name":"Paradise International Academy"},"geometry":{"type":"Point","coordinates":[85.339583,27.713564]}},{"type":"Feature","properties":{"id":"n6126058890","type":"community_centre","name":"KTM ROOM"},"geometry":{"type":"Point","coordinates":[85.339107,27.709567]}},{"type":"Feature","properties":{"id":"n6126062252","type":"community_centre","name":"Bhatkekopul"},"geometry":{"type":"Point","coordinates":[85.339803,27.718256]}},{"type":"Feature","properties":{"id":"n6126068400","type":"community_centre","name":"Ratopul"},"geometry":{"type":"Point","coordinates":[85.336862,27.708086]}},{"type":"Feature","properties":{"id":"n6135611485","type":"college","name":"ISMT College"},"geometry":{"type":"Point","coordinates":[85.349125,27.688739]}},{"type":"Feature","properties":{"id":"n6154789585","type":"school","name":"somang academy"},"geometry":{"type":"Point","coordinates":[85.318082,27.623673]}},{"type":"Feature","properties":{"id":"n6170362473","type":"school","name":"Paragon school"},"geometry":{"type":"Point","coordinates":[85.350104,27.701631]}},{"type":"Feature","properties":{"id":"n6212383987","type":"hospital","name":"Mahendra Narayan Nidhi Memorial Hospital"},"geometry":{"type":"Point","coordinates":[85.325326,27.737547]}},{"type":"Feature","properties":{"id":"n6212384185","type":"community_centre","name":"Samakhushi सामाखुसी"},"geometry":{"type":"Point","coordinates":[85.317687,27.735118]}},{"type":"Feature","properties":{"id":"n6253756986","type":"community_centre","name":"Khalibari Chowk"},"geometry":{"type":"Point","coordinates":[85.317727,27.663718]}},{"type":"Feature","properties":{"id":"n6255239692","type":"shelter"},"geometry":{"type":"Point","coordinates":[85.3972,27.675684]}},{"type":"Feature","properties":{"id":"n6268971385","type":"clinic","name":"Creators IVF Nepal Pvt. Ltd."},"geometry":{"type":"Point","coordinates":[85.32376,27.65929]}},{"type":"Feature","properties":{"id":"n6292478385","type":"community_centre","name":"Maiti Nepal"},"geometry":{"type":"Point","coordinates":[85.394637,27.743482]}},{"type":"Feature","properties":{"id":"n6300568886","type":"police","name":"police station"},"geometry":{"type":"Point","coordinates":[85.30484,27.646685]}},{"type":"Feature","properties":{"id":"n6313599288","type":"college","name":"yala institute of health science"},"geometry":{"type":"Point","coordinates":[85.32109,27.650285]}},{"type":"Feature","properties":{"id":"n6313599289","type":"school","name":"way to ullens school"},"geometry":{"type":"Point","coordinates":[85.321556,27.65074]}},{"type":"Feature","properties":{"id":"n6313600488","type":"clinic","name":"chhampi health post"},"geometry":{"type":"Point","coordinates":[85.316944,27.602985]}},{"type":"Feature","properties":{"id":"n6313728935","type":"school","name":"Himalayan Boarding High School"},"geometry":{"type":"Point","coordinates":[85.36181,27.776594]}},{"type":"Feature","properties":{"id":"n6313728939","type":"school"},"geometry":{"type":"Point","coordinates":[85.361488,27.775803]}},{"type":"Feature","properties":{"id":"n6313774805","type":"school","name":"Himalaya Boarding School"},"geometry":{"type":"Point","coordinates":[85.361679,27.776531]}},{"type":"Feature","properties":{"id":"n6319958786","type":"clinic","name":"Dhaneshwar Swasthya Sewa Kendra"},"geometry":{"type":"Point","coordinates":[85.31868,27.753684]}},{"type":"Feature","properties":{"id":"n6344082486","type":"clinic","name":"Manobishlesan Kendra Nepal"},"geometry":{"type":"Point","coordinates":[85.3457,27.684395]}},{"type":"Feature","properties":{"id":"n6361887785","type":"school","name":"Champadevi High School"},"geometry":{"type":"Point","coordinates":[85.270626,27.648414]}},{"type":"Feature","properties":{"id":"n6393788405","type":"hospital","name":"72"},"geometry":{"type":"Point","coordinates":[85.350709,27.67366]}},{"type":"Feature","properties":{"id":"n6419160386","type":"school","name":"Everest Public Academy"},"geometry":{"type":"Point","coordinates":[85.396747,27.688614]}},{"type":"Feature","properties":{"id":"n6423022586","type":"shelter"},"geometry":{"type":"Point","coordinates":[85.274084,27.696991]}},{"type":"Feature","properties":{"id":"n6456718585","type":"school","name":"Shri Aurobindo Yoga Mandir School"},"geometry":{"type":"Point","coordinates":[85.225746,27.682847]}},{"type":"Feature","properties":{"id":"n6464288785","type":"school","name":"darshana"},"geometry":{"type":"Point","coordinates":[85.372139,27.701429]}},{"type":"Feature","properties":{"id":"n6472429786","type":"school","name":"Vidhyasanskar School"},"geometry":{"type":"Point","coordinates":[85.379798,27.734665]}},{"type":"Feature","properties":{"id":"n6474357289","type":"hospital"},"geometry":{"type":"Point","coordinates":[85.311086,27.717672]}},{"type":"Feature","properties":{"id":"n6480664986","type":"community_centre","name":"Himalayan Buddhist Meditation Centre"},"geometry":{"type":"Point","coordinates":[85.32491,27.714358]}},{"type":"Feature","properties":{"id":"n6484363986","type":"shelter"},"geometry":{"type":"Point","coordinates":[85.322523,27.747316]}},{"type":"Feature","properties":{"id":"n6497936382","type":"school","name":"Dolgiri Higher Secondary school"},"geometry":{"type":"Point","coordinates":[85.426825,27.715684]}},{"type":"Feature","properties":{"id":"n6499238748","type":"school","name":"Champak Vidyapith"},"geometry":{"type":"Point","coordinates":[85.430001,27.717115]}},{"type":"Feature","properties":{"id":"n6533209389","type":"police"},"geometry":{"type":"Point","coordinates":[85.328275,27.714759]}},{"type":"Feature","properties":{"id":"n6541779986","type":"college","name":"Aayam international college"},"geometry":{"type":"Point","coordinates":[85.319043,27.669475]}},{"type":"Feature","properties":{"id":"n6546341185","type":"clinic","name":"Aashraya Health Clinic P. Ltd."},"geometry":{"type":"Point","coordinates":[85.301169,27.707392]}},{"type":"Feature","properties":{"id":"n6578542186","type":"hospital","name":"Norvic international centre for health evaluation"},"geometry":{"type":"Point","coordinates":[85.320063,27.689307]}},{"type":"Feature","properties":{"id":"n6684157486","type":"school","name":"Shri Sana Kisan Sahakari Secondary School"},"geometry":{"type":"Point","coordinates":[85.209098,27.738923]}},{"type":"Feature","properties":{"id":"n6718976992","type":"police","name":"Traffick Police Post"},"geometry":{"type":"Point","coordinates":[85.410511,27.66984]}},{"type":"Feature","properties":{"id":"n6760978888","type":"shelter"},"geometry":{"type":"Point","coordinates":[85.367894,27.714964]}},{"type":"Feature","properties":{"id":"n6760978989","type":"shelter"},"geometry":{"type":"Point","coordinates":[85.359133,27.75153]}},{"type":"Feature","properties":{"id":"n6760978991","type":"shelter"},"geometry":{"type":"Point","coordinates":[85.367892,27.714845]}},{"type":"Feature","properties":{"id":"n6760978992","type":"shelter"},"geometry":{"type":"Point","coordinates":[85.406485,27.685299]}},{"type":"Feature","properties":{"id":"n6769632785","type":"college","name":"Janakpur Engineering College"},"geometry":{"type":"Point","coordinates":[85.46923,27.670912]}},{"type":"Feature","properties":{"id":"n6771636474","type":"school","name":"Che High School"},"geometry":{"type":"Point","coordinates":[85.303795,27.7215]}},{"type":"Feature","properties":{"id":"n6771638721","type":"college","name":"Geetajali college"},"geometry":{"type":"Point","coordinates":[85.303267,27.721884]}},{"type":"Feature","properties":{"id":"n6771648718","type":"school","name":"Geetajali Academy"},"geometry":{"type":"Point","coordinates":[85.302961,27.722186]}},{"type":"Feature","properties":{"id":"n6794555925","type":"hospital","name":"Family Beauty Parlour and Therapy Centre Pvt. Ltd."},"geometry":{"type":"Point","coordinates":[85.30968,27.711801]}},{"type":"Feature","properties":{"id":"n6829318286","type":"shelter"},"geometry":{"type":"Point","coordinates":[85.329543,27.702244]}},{"type":"Feature","properties":{"id":"n6874833486","type":"school","name":"Christian Community School"},"geometry":{"type":"Point","coordinates":[85.391405,27.704682]}},{"type":"Feature","properties":{"id":"n6880658485","type":"college","name":"Kathmandu Campus"},"geometry":{"type":"Point","coordinates":[85.296988,27.69677]}},{"type":"Feature","properties":{"id":"n6880658785","type":"school","name":"Shine Hoshimi International Pvt. Ltd."},"geometry":{"type":"Point","coordinates":[85.337549,27.694398]}},{"type":"Feature","properties":{"id":"n6907576714","type":"police","name":"Traffic Police Durbar Marg"},"geometry":{"type":"Point","coordinates":[85.317979,27.713044]}},{"type":"Feature","properties":{"id":"n6950079985","type":"shelter"},"geometry":{"type":"Point","coordinates":[85.331089,27.637736]}},{"type":"Feature","properties":{"id":"n6986023787","type":"shelter"},"geometry":{"type":"Point","coordinates":[85.284438,27.694346]}},{"type":"Feature","properties":{"id":"n6992796168","type":"school"},"geometry":{"type":"Point","coordinates":[85.387079,27.721693]}},{"type":"Feature","properties":{"id":"n7005527585","type":"school","name":"Ekata Pathashala"},"geometry":{"type":"Point","coordinates":[85.352661,27.628537]}},{"type":"Feature","properties":{"id":"n7018411285","type":"community_centre","name":"Kantipuri AB Party Palace"},"geometry":{"type":"Point","coordinates":[85.302454,27.741544]}},{"type":"Feature","properties":{"id":"n7039025786","type":"community_centre","name":"Handbal ground, kapan"},"geometry":{"type":"Point","coordinates":[85.35613,27.735913]}},{"type":"Feature","properties":{"id":"n7046759585","type":"police","name":"Gumba Police गुम्बा पुलिस"},"geometry":{"type":"Point","coordinates":[85.309603,27.739265]}},{"type":"Feature","properties":{"id":"n7076752191","type":"hospital","name":"Ganesh Maan Singh Memorial Hospital and Research Center"},"geometry":{"type":"Point","coordinates":[85.318882,27.661472]}},{"type":"Feature","properties":{"id":"n7081616685","type":"hospital","name":"Star Hospital"},"geometry":{"type":"Point","coordinates":[85.302834,27.681665]}},{"type":"Feature","properties":{"id":"n7088153786","type":"college","name":"B&B Medical Institute"},"geometry":{"type":"Point","coordinates":[85.331096,27.664072]}},{"type":"Feature","properties":{"id":"n7088157087","type":"school","name":"Shree Pashupati Secondary School"},"geometry":{"type":"Point","coordinates":[85.345939,27.716181]}},{"type":"Feature","properties":{"id":"n7088157185","type":"clinic","name":"Safe Abortion Service"},"geometry":{"type":"Point","coordinates":[85.345295,27.712853]}},{"type":"Feature","properties":{"id":"n7103669485","type":"clinic","name":"Safe Abortion Service"},"geometry":{"type":"Point","coordinates":[85.343205,27.686286]}},{"type":"Feature","properties":{"id":"n7150534786","type":"clinic","name":"Optic Eyes, Clinic & Optical Shop"},"geometry":{"type":"Point","coordinates":[85.349316,27.718345]}},{"type":"Feature","properties":{"id":"n7197900385","type":"police","name":"Area Police office Chitlang"},"geometry":{"type":"Point","coordinates":[85.180779,27.660291]}},{"type":"Feature","properties":{"id":"n7198279985","type":"college","name":"Gurukul CA"},"geometry":{"type":"Point","coordinates":[85.320228,27.706211]}},{"type":"Feature","properties":{"id":"n7216084886","type":"college","name":"Prasadi academy"},"geometry":{"type":"Point","coordinates":[85.316035,27.669951]}},{"type":"Feature","properties":{"id":"n7244176185","type":"college","name":"Himalayan Institute of Technology HIT"},"geometry":{"type":"Point","coordinates":[85.333099,27.677962]}},{"type":"Feature","properties":{"id":"n7246661085","type":"clinic","name":"Patan Heart Clinic"},"geometry":{"type":"Point","coordinates":[85.323514,27.670186]}},{"type":"Feature","properties":{"id":"n7265718122","type":"school","name":"Morgan International School"},"geometry":{"type":"Point","coordinates":[85.334536,27.756602]}},{"type":"Feature","properties":{"id":"n7281699285","type":"clinic","name":"Sudha Medical &Diagnostic Center  Pvt Ltd"},"geometry":{"type":"Point","coordinates":[85.347323,27.69861]}},{"type":"Feature","properties":{"id":"n7282552386","type":"community_centre","name":"JCI Kirtipir"},"geometry":{"type":"Point","coordinates":[85.280524,27.674381]}},{"type":"Feature","properties":{"id":"n7285083587","type":"school","name":"Constellation English Boarding High School"},"geometry":{"type":"Point","coordinates":[85.338443,27.721976]}},{"type":"Feature","properties":{"id":"n7304866898","type":"community_centre","name":"Satdobato Youth Club"},"geometry":{"type":"Point","coordinates":[85.32626,27.656791]}},{"type":"Feature","properties":{"id":"n7308290736","type":"hospital","name":"Annapurna Neurological Institute and Allied Sciences"},"geometry":{"type":"Point","coordinates":[85.321584,27.694819]}},{"type":"Feature","properties":{"id":"n7311876085","type":"clinic","name":"Nishan clinic"},"geometry":{"type":"Point","coordinates":[85.337559,27.741523]}},{"type":"Feature","properties":{"id":"n7371674716","type":"community_centre","name":"United Youth Club"},"geometry":{"type":"Point","coordinates":[85.300901,27.703129]}},{"type":"Feature","properties":{"id":"n7500423585","type":"community_centre","name":"Nageshwor Tole"},"geometry":{"type":"Point","coordinates":[85.306988,27.749586]}},{"type":"Feature","properties":{"id":"n7551860486","type":"school","name":"IRIS Florets Bhaktapur Montessori"},"geometry":{"type":"Point","coordinates":[85.398821,27.675344]}},{"type":"Feature","properties":{"id":"n7635646385","type":"school","name":"Kathmandu Global School"},"geometry":{"type":"Point","coordinates":[85.321808,27.736354]}},{"type":"Feature","properties":{"id":"n7666750265","type":"college","name":"Softwarica College of IT & E-Commerce (Block E)"},"geometry":{"type":"Point","coordinates":[85.330009,27.706184]}},{"type":"Feature","properties":{"id":"n7751478086","type":"clinic","name":"Siddhipur Sub-Health Post"},"geometry":{"type":"Point","coordinates":[85.356819,27.647202]}},{"type":"Feature","properties":{"id":"n7765273340","type":"clinic","name":"Paropakar Clinic"},"geometry":{"type":"Point","coordinates":[85.303755,27.702022]}},{"type":"Feature","properties":{"id":"n7786124691","type":"hospital","name":"Nature Care Hospital"},"geometry":{"type":"Point","coordinates":[85.334144,27.688783]}},{"type":"Feature","properties":{"id":"n7812122485","type":"hospital","name":"Friendship Community Hospital"},"geometry":{"type":"Point","coordinates":[85.345143,27.726892]}},{"type":"Feature","properties":{"id":"n7813657185","type":"school","name":"Shakya Animation"},"geometry":{"type":"Point","coordinates":[85.325437,27.680273]}},{"type":"Feature","properties":{"id":"n7817081095","type":"school","name":"Everest English School"},"geometry":{"type":"Point","coordinates":[85.424407,27.659142]}},{"type":"Feature","properties":{"id":"n7817081585","type":"school","name":"APS School"},"geometry":{"type":"Point","coordinates":[85.322304,27.741776]}},{"type":"Feature","properties":{"id":"n7826401762","type":"clinic","name":"Radhe Radhe  Pharmacy & Pathology lab"},"geometry":{"type":"Point","coordinates":[85.398229,27.677409]}},{"type":"Feature","properties":{"id":"n7851842944","type":"college","name":"NIST College, Lalitpur"},"geometry":{"type":"Point","coordinates":[85.335547,27.669106]}},{"type":"Feature","properties":{"id":"n7874214885","type":"school","name":"E-planet Education Consultancy"},"geometry":{"type":"Point","coordinates":[85.320451,27.665184]}},{"type":"Feature","properties":{"id":"n7874241685","type":"school","name":"PTE Class Nepal"},"geometry":{"type":"Point","coordinates":[85.320101,27.648511]}},{"type":"Feature","properties":{"id":"n7925315385","type":"school","name":"Gillette School"},"geometry":{"type":"Point","coordinates":[85.297485,27.697306]}},{"type":"Feature","properties":{"id":"n7994520785","type":"clinic","name":"Dirghayu Dental Clinic Pvt. Ltd."},"geometry":{"type":"Point","coordinates":[85.350576,27.719029]}},{"type":"Feature","properties":{"id":"n8023127285","type":"hospital","name":"Metro Hospital"},"geometry":{"type":"Point","coordinates":[85.337135,27.739818]}},{"type":"Feature","properties":{"id":"n8080189725","type":"police","name":"Gundu Temporary Police Station"},"geometry":{"type":"Point","coordinates":[85.411166,27.650268]}},{"type":"Feature","properties":{"id":"n8109802122","type":"hospital","name":"Karuna Hospital"},"geometry":{"type":"Point","coordinates":[85.362452,27.751293]}},{"type":"Feature","properties":{"id":"n8128066618","type":"shelter"},"geometry":{"type":"Point","coordinates":[85.309148,27.748794]}},{"type":"Feature","properties":{"id":"n8173061117","type":"hospital","name":"Nagarik Community Teaching Hospital"},"geometry":{"type":"Point","coordinates":[85.374905,27.673585]}},{"type":"Feature","properties":{"id":"n8187175045","type":"police"},"geometry":{"type":"Point","coordinates":[85.356547,27.699641]}},{"type":"Feature","properties":{"id":"n8187586040","type":"community_centre","name":"Shiva Darshan Party Palace"},"geometry":{"type":"Point","coordinates":[85.348543,27.703636]}},{"type":"Feature","properties":{"id":"n8187659952","type":"shelter","name":"Nhu Phalchha"},"geometry":{"type":"Point","coordinates":[85.354743,27.645169]}},{"type":"Feature","properties":{"id":"n8190619857","type":"school","name":"Himali Boarding School"},"geometry":{"type":"Point","coordinates":[85.348846,27.703198]}},{"type":"Feature","properties":{"id":"n8190684073","type":"hospital","name":"Cutis Care"},"geometry":{"type":"Point","coordinates":[85.337671,27.695282]}},{"type":"Feature","properties":{"id":"n8220018053","type":"police","name":"Janasewa Police"},"geometry":{"type":"Point","coordinates":[85.309885,27.703867]}},{"type":"Feature","properties":{"id":"n8301935740","type":"police","name":"Mahanagariya Police Beat"},"geometry":{"type":"Point","coordinates":[85.331644,27.715004]}},{"type":"Feature","properties":{"id":"n8335731200","type":"college","name":"Institute of Advanced Communication, Education and Research"},"geometry":{"type":"Point","coordinates":[85.335469,27.690956]}},{"type":"Feature","properties":{"id":"n8353679017","type":"school","name":"Shri DeujaGaun Basic School"},"geometry":{"type":"Point","coordinates":[85.462908,27.657233]}},{"type":"Feature","properties":{"id":"n8401828236","type":"hospital","name":"Prasuti Griha"},"geometry":{"type":"Point","coordinates":[85.318779,27.689451]}},{"type":"Feature","properties":{"id":"n8491205317","type":"community_centre","name":"Bhukampa Smriti Park, Baluwakhani."},"geometry":{"type":"Point","coordinates":[85.357012,27.744149]}},{"type":"Feature","properties":{"id":"n8525038972","type":"college","name":"Prime College"},"geometry":{"type":"Point","coordinates":[85.280874,27.699817]}},{"type":"Feature","properties":{"id":"n8525111118","type":"school","name":"Moonlight School"},"geometry":{"type":"Point","coordinates":[85.341387,27.737118]}},{"type":"Feature","properties":{"id":"n8558641273","type":"shelter","name":"Picnic Shelter"},"geometry":{"type":"Point","coordinates":[85.320674,27.629711]}},{"type":"Feature","properties":{"id":"n8575745017","type":"clinic","name":"Central Diagnostic Laboratpry"},"geometry":{"type":"Point","coordinates":[85.324958,27.710073]}},{"type":"Feature","properties":{"id":"n8609013646","type":"college","name":"Shivapuri High School"},"geometry":{"type":"Point","coordinates":[85.330169,27.730622]}},{"type":"Feature","properties":{"id":"n8609016363","type":"college","name":"Ashirvad Boarding School"},"geometry":{"type":"Point","coordinates":[85.333152,27.728239]}},{"type":"Feature","properties":{"id":"n8631658317","type":"school","name":"Yantra House"},"geometry":{"type":"Point","coordinates":[85.358854,27.725461]}},{"type":"Feature","properties":{"id":"n8696390312","type":"school","name":"Linga Learning Institute"},"geometry":{"type":"Point","coordinates":[85.310937,27.710235]}},{"type":"Feature","properties":{"id":"n8699943042","type":"police","name":"Metropolitan Tourist Information Centre"},"geometry":{"type":"Point","coordinates":[85.311641,27.715157]}},{"type":"Feature","properties":{"id":"n8726571018","type":"shelter"},"geometry":{"type":"Point","coordinates":[85.24571,27.704819]}},{"type":"Feature","properties":{"id":"n8764606717","type":"shelter"},"geometry":{"type":"Point","coordinates":[85.335424,27.727911]}},{"type":"Feature","properties":{"id":"n8807065639","type":"community_centre","name":"Tarkhakhagal dhudmel chowk"},"geometry":{"type":"Point","coordinates":[85.401828,27.642323]}},{"type":"Feature","properties":{"id":"n8832647902","type":"hospital","name":"Sampada Pharmacy and Clinic"},"geometry":{"type":"Point","coordinates":[85.286435,27.688127]}},{"type":"Feature","properties":{"id":"n8893779317","type":"school","name":"Xenium National Academy"},"geometry":{"type":"Point","coordinates":[85.342042,27.666357]}},{"type":"Feature","properties":{"id":"n9012844217","type":"school","name":"Rudraksh"},"geometry":{"type":"Point","coordinates":[85.295181,27.635403]}},{"type":"Feature","properties":{"id":"n9049146963","type":"clinic","name":"Samaj Sewa Polyclinic Pvt Ltd"},"geometry":{"type":"Point","coordinates":[85.317489,27.747909]}},{"type":"Feature","properties":{"id":"n9056740717","type":"clinic","name":"Samikshya Pharmacy & Dental Clinic"},"geometry":{"type":"Point","coordinates":[85.282617,27.721106]}},{"type":"Feature","properties":{"id":"n9056740817","type":"hospital","name":"Vision Polyclinic"},"geometry":{"type":"Point","coordinates":[85.344862,27.675433]}},{"type":"Feature","properties":{"id":"n9124185793","type":"college","name":"Kantipur Valley College"},"geometry":{"type":"Point","coordinates":[85.320334,27.672095]}},{"type":"Feature","properties":{"id":"n9213713419","type":"hospital","name":"Samaj Dental"},"geometry":{"type":"Point","coordinates":[85.336939,27.691091]}},{"type":"Feature","properties":{"id":"n9351691760","type":"community_centre","name":"Jay Subhakamana Banquet"},"geometry":{"type":"Point","coordinates":[85.282343,27.672542]}},{"type":"Feature","properties":{"id":"n9396889919","type":"clinic","name":"Baudha Heart Clinic and Multispeciality Center"},"geometry":{"type":"Point","coordinates":[85.357395,27.71948]}},{"type":"Feature","properties":{"id":"n9401668319","type":"school","name":"St. Lawrence School"},"geometry":{"type":"Point","coordinates":[85.347502,27.714602]}},{"type":"Feature","properties":{"id":"n9401668323","type":"clinic","name":"Lions Health Service"},"geometry":{"type":"Point","coordinates":[85.343351,27.715318]}},{"type":"Feature","properties":{"id":"n9401668326","type":"school","name":"Sabdalaya Nepal"},"geometry":{"type":"Point","coordinates":[85.343045,27.714336]}},{"type":"Feature","properties":{"id":"n9401668332","type":"school","name":"Bishwa Sikshya Sadan"},"geometry":{"type":"Point","coordinates":[85.349795,27.717453]}},{"type":"Feature","properties":{"id":"n9402214717","type":"police","name":"Police Station Baudha"},"geometry":{"type":"Point","coordinates":[85.359687,27.720176]}},{"type":"Feature","properties":{"id":"n9407496318","type":"clinic","name":"Kathmandu Diagnostic Center"},"geometry":{"type":"Point","coordinates":[85.334805,27.685377]}},{"type":"Feature","properties":{"id":"n9412945518","type":"community_centre","name":"Dharamasala"},"geometry":{"type":"Point","coordinates":[85.346691,27.699473]}},{"type":"Feature","properties":{"id":"n9419924117","type":"school","name":"Manaslu World Scool"},"geometry":{"type":"Point","coordinates":[85.421731,27.741286]}},{"type":"Feature","properties":{"id":"n9422552717","type":"clinic","name":"Kindercare Clinic"},"geometry":{"type":"Point","coordinates":[85.339519,27.717554]}},{"type":"Feature","properties":{"id":"n9422552718","type":"community_centre","name":"Jiwan Bigyan"},"geometry":{"type":"Point","coordinates":[85.343029,27.717131]}},{"type":"Feature","properties":{"id":"n9425107720","type":"school","name":"Shristi School"},"geometry":{"type":"Point","coordinates":[85.356748,27.71876]}},{"type":"Feature","properties":{"id":"n9425130718","type":"school","name":"Mission Public School"},"geometry":{"type":"Point","coordinates":[85.356882,27.718879]}},{"type":"Feature","properties":{"id":"n9425132317","type":"school","name":"Xavier International Montessori School"},"geometry":{"type":"Point","coordinates":[85.356634,27.718622]}},{"type":"Feature","properties":{"id":"n9425159917","type":"school","name":"Learning Tree Montessori"},"geometry":{"type":"Point","coordinates":[85.359668,27.723162]}},{"type":"Feature","properties":{"id":"n9447487917","type":"college","name":"SAAN International College"},"geometry":{"type":"Point","coordinates":[85.338039,27.718466]}},{"type":"Feature","properties":{"id":"n9447487918","type":"school","name":"Empowering Asia"},"geometry":{"type":"Point","coordinates":[85.335083,27.716463]}},{"type":"Feature","properties":{"id":"n9450088723","type":"college","name":"Herald College"},"geometry":{"type":"Point","coordinates":[85.330903,27.712259]}},{"type":"Feature","properties":{"id":"n9450088724","type":"clinic","name":"We Care"},"geometry":{"type":"Point","coordinates":[85.330137,27.71222]}},{"type":"Feature","properties":{"id":"n9450088725","type":"school","name":"Malpi City School"},"geometry":{"type":"Point","coordinates":[85.32951,27.71266]}},{"type":"Feature","properties":{"id":"n9450093117","type":"college","name":"Islington College"},"geometry":{"type":"Point","coordinates":[85.325196,27.709028]}},{"type":"Feature","properties":{"id":"n9450094317","type":"college","name":"IST College"},"geometry":{"type":"Point","coordinates":[85.332784,27.710062]}},{"type":"Feature","properties":{"id":"n9459949017","type":"clinic","name":"Neo"},"geometry":{"type":"Point","coordinates":[85.332871,27.718053]}},{"type":"Feature","properties":{"id":"n9482994712","type":"school","name":"Sankata Primary School"},"geometry":{"type":"Point","coordinates":[85.312035,27.701856]}},{"type":"Feature","properties":{"id":"n9491901304","type":"school","name":"Mahankal Secondary School"},"geometry":{"type":"Point","coordinates":[85.312117,27.705878]}},{"type":"Feature","properties":{"id":"n9494440622","type":"college","name":"Nepal Art Campus"},"geometry":{"type":"Point","coordinates":[85.31387,27.707714]}},{"type":"Feature","properties":{"id":"n9519208018","type":"hospital","name":"Sundarijal Swastha Chauki"},"geometry":{"type":"Point","coordinates":[85.42905,27.772802]}},{"type":"Feature","properties":{"id":"n9520892132","type":"college","name":"New Millennium College"},"geometry":{"type":"Point","coordinates":[85.345518,27.729048]}},{"type":"Feature","properties":{"id":"n9524096917","type":"school","name":"Angel's World International Academy"},"geometry":{"type":"Point","coordinates":[85.33093,27.738881]}},{"type":"Feature","properties":{"id":"n9524308319","type":"clinic","name":"Ganga Diagnostic Center"},"geometry":{"type":"Point","coordinates":[85.325609,27.728727]}},{"type":"Feature","properties":{"id":"n9524327718","type":"clinic","name":"Advance Polyclinic"},"geometry":{"type":"Point","coordinates":[85.323937,27.727557]}},{"type":"Feature","properties":{"id":"n9524684229","type":"school","name":"New Rising English Secondary School"},"geometry":{"type":"Point","coordinates":[85.456842,27.598901]}},{"type":"Feature","properties":{"id":"n9526052017","type":"college","name":"Orient College"},"geometry":{"type":"Point","coordinates":[85.331071,27.74144]}},{"type":"Feature","properties":{"id":"n9526113117","type":"college","name":"St. Lawrence College"},"geometry":{"type":"Point","coordinates":[85.348934,27.718073]}},{"type":"Feature","properties":{"id":"n9526113217","type":"hospital","name":"Kathmandu Jeevan Jyoti hospital"},"geometry":{"type":"Point","coordinates":[85.348972,27.718163]}},{"type":"Feature","properties":{"id":"n9526157425","type":"school","name":"Bihavor School"},"geometry":{"type":"Point","coordinates":[85.459857,27.59742]}},{"type":"Feature","properties":{"id":"n9526863471","type":"police","name":"Mahanagari Prahari Bit"},"geometry":{"type":"Point","coordinates":[85.292811,27.713731]}},{"type":"Feature","properties":{"id":"n9527347512","type":"college","name":"Innovative Technical Education And Vocational Training Centre"},"geometry":{"type":"Point","coordinates":[85.325053,27.736685]}},{"type":"Feature","properties":{"id":"n9527347513","type":"college","name":"Hrit Academy"},"geometry":{"type":"Point","coordinates":[85.326998,27.737674]}},{"type":"Feature","properties":{"id":"n9527347514","type":"college","name":"Institute Of Medicine Central Department Of Public Health"},"geometry":{"type":"Point","coordinates":[85.32926,27.734291]}},{"type":"Feature","properties":{"id":"n9527347516","type":"school","name":"Sano Pathsala Montessori"},"geometry":{"type":"Point","coordinates":[85.336463,27.74978]}},{"type":"Feature","properties":{"id":"n9527376617","type":"school","name":"Bee Buzz Day Care And Pre School"},"geometry":{"type":"Point","coordinates":[85.33451,27.746497]}},{"type":"Feature","properties":{"id":"n9527376618","type":"school","name":"Smriti Montessori Pre School"},"geometry":{"type":"Point","coordinates":[85.33895,27.746484]}},{"type":"Feature","properties":{"id":"n9527376619","type":"school","name":"Millsbery School"},"geometry":{"type":"Point","coordinates":[85.340624,27.749563]}},{"type":"Feature","properties":{"id":"n9527376620","type":"school","name":"Mt Olympus School"},"geometry":{"type":"Point","coordinates":[85.336197,27.747373]}},{"type":"Feature","properties":{"id":"n9527376621","type":"school","name":"Springville Pre School"},"geometry":{"type":"Point","coordinates":[85.335195,27.745922]}},{"type":"Feature","properties":{"id":"n9527376623","type":"school","name":"BN Academy"},"geometry":{"type":"Point","coordinates":[85.331195,27.744442]}},{"type":"Feature","properties":{"id":"n9527376624","type":"school","name":"Zesth School"},"geometry":{"type":"Point","coordinates":[85.33218,27.740848]}},{"type":"Feature","properties":{"id":"n9527376626","type":"school","name":"Liberty Secondary School"},"geometry":{"type":"Point","coordinates":[85.330189,27.739832]}},{"type":"Feature","properties":{"id":"n9527376627","type":"school","name":"Orient School"},"geometry":{"type":"Point","coordinates":[85.330301,27.740661]}},{"type":"Feature","properties":{"id":"n9527376628","type":"college","name":"Orient College"},"geometry":{"type":"Point","coordinates":[85.331076,27.741333]}},{"type":"Feature","properties":{"id":"n9527376629","type":"school","name":"Balkunj Academy"},"geometry":{"type":"Point","coordinates":[85.335382,27.746041]}},{"type":"Feature","properties":{"id":"n9527376631","type":"school","name":"University School"},"geometry":{"type":"Point","coordinates":[85.333654,27.745557]}},{"type":"Feature","properties":{"id":"n9527376632","type":"college","name":"Sidhartha Technical Training Center"},"geometry":{"type":"Point","coordinates":[85.3399,27.731573]}},{"type":"Feature","properties":{"id":"n9527376639","type":"school","name":"Southwestern State College"},"geometry":{"type":"Point","coordinates":[85.3255,27.739402]}},{"type":"Feature","properties":{"id":"n9527376640","type":"school","name":"Graceland Montessori And Day Care"},"geometry":{"type":"Point","coordinates":[85.340946,27.74619]}},{"type":"Feature","properties":{"id":"n9527376641","type":"school","name":"Ripu Mardini Sainik Secondary School"},"geometry":{"type":"Point","coordinates":[85.344685,27.747238]}},{"type":"Feature","properties":{"id":"n9527376642","type":"college","name":"Bishwa Shanti Chiran-Milan College"},"geometry":{"type":"Point","coordinates":[85.345554,27.743038]}},{"type":"Feature","properties":{"id":"n9527376644","type":"school","name":"Mulberry"},"geometry":{"type":"Point","coordinates":[85.344658,27.743685]}},{"type":"Feature","properties":{"id":"n9527376645","type":"college","name":"Namuna College Of Fashion Technology"},"geometry":{"type":"Point","coordinates":[85.341223,27.744245]}},{"type":"Feature","properties":{"id":"n9528647523","type":"clinic","name":"South Asian policlinic"},"geometry":{"type":"Point","coordinates":[85.325639,27.739244]}},{"type":"Feature","properties":{"id":"n9528647525","type":"school","name":"Southwestern school"},"geometry":{"type":"Point","coordinates":[85.325478,27.739343]}},{"type":"Feature","properties":{"id":"n9528649020","type":"hospital","name":"All Nepal Hospital"},"geometry":{"type":"Point","coordinates":[85.317566,27.735976]}},{"type":"Feature","properties":{"id":"n9529542953","type":"school","name":"LS Academy"},"geometry":{"type":"Point","coordinates":[85.332481,27.667452]}},{"type":"Feature","properties":{"id":"n9529903897","type":"police","name":"Police Beat, Pipalbot"},"geometry":{"type":"Point","coordinates":[85.310172,27.703374]}},{"type":"Feature","properties":{"id":"n9554136055","type":"shelter"},"geometry":{"type":"Point","coordinates":[85.375759,27.57351]}},{"type":"Feature","properties":{"id":"n9574630732","type":"clinic","name":"Ram"},"geometry":{"type":"Point","coordinates":[85.275934,27.66824]}},{"type":"Feature","properties":{"id":"n9579996374","type":"community_centre","name":"Chikhu sarbajanik bhawan"},"geometry":{"type":"Point","coordinates":[85.277323,27.671408]}},{"type":"Feature","properties":{"id":"n9580016820","type":"shelter","name":"Falcha"},"geometry":{"type":"Point","coordinates":[85.278697,27.669772]}},{"type":"Feature","properties":{"id":"n9580018120","type":"shelter","name":"Dhyo Falcha"},"geometry":{"type":"Point","coordinates":[85.280052,27.670512]}},{"type":"Feature","properties":{"id":"n9582300218","type":"school","name":"Kipoo Newa English School"},"geometry":{"type":"Point","coordinates":[85.28204,27.672485]}},{"type":"Feature","properties":{"id":"n9582300411","type":"clinic","name":"Kirtipur Cleaning Suppliers"},"geometry":{"type":"Point","coordinates":[85.284062,27.668291]}},{"type":"Feature","properties":{"id":"n9582440895","type":"school","name":"Martand Montessori and child care school"},"geometry":{"type":"Point","coordinates":[85.284383,27.669935]}},{"type":"Feature","properties":{"id":"n9582462711","type":"community_centre","name":"Maharjan guthi"},"geometry":{"type":"Point","coordinates":[85.285198,27.672018]}},{"type":"Feature","properties":{"id":"n9585008125","type":"shelter","name":"Chautara"},"geometry":{"type":"Point","coordinates":[85.282902,27.673759]}},{"type":"Feature","properties":{"id":"n9592388339","type":"school","name":"Aakash deep school"},"geometry":{"type":"Point","coordinates":[85.385391,27.722386]}},{"type":"Feature","properties":{"id":"n9610128307","type":"clinic","name":"Dental service"},"geometry":{"type":"Point","coordinates":[85.372538,27.643559]}},{"type":"Feature","properties":{"id":"n9610281498","type":"school","name":"New Rising English Secondary School, Block B"},"geometry":{"type":"Point","coordinates":[85.457363,27.598687]}},{"type":"Feature","properties":{"id":"n9610922441","type":"college","name":"Bal vikash English Secondary School Ground"},"geometry":{"type":"Point","coordinates":[85.442303,27.670831]}},{"type":"Feature","properties":{"id":"n9611039262","type":"clinic","name":"Shankhadevi Clinic"},"geometry":{"type":"Point","coordinates":[85.366354,27.631718]}},{"type":"Feature","properties":{"id":"n9611039276","type":"school","name":"Mount Olive Secondary School"},"geometry":{"type":"Point","coordinates":[85.36051,27.645324]}},{"type":"Feature","properties":{"id":"n9611039280","type":"school","name":"Navakunja English School"},"geometry":{"type":"Point","coordinates":[85.354531,27.64722]}},{"type":"Feature","properties":{"id":"n9611149594","type":"clinic","name":"Everyday medical Center"},"geometry":{"type":"Point","coordinates":[85.369392,27.64529]}},{"type":"Feature","properties":{"id":"n9611991110","type":"police","name":"Sirutar police Staion"},"geometry":{"type":"Point","coordinates":[85.377289,27.654041]}},{"type":"Feature","properties":{"id":"n9611991113","type":"hospital","name":"Avyudaya Swasthya Sewa Kendra"},"geometry":{"type":"Point","coordinates":[85.369883,27.661574]}},{"type":"Feature","properties":{"id":"n9612847502","type":"community_centre","name":"Ageytar pati pauwa"},"geometry":{"type":"Point","coordinates":[85.257746,27.668054]}},{"type":"Feature","properties":{"id":"n9612848941","type":"community_centre","name":"kalikasthan Chautara"},"geometry":{"type":"Point","coordinates":[85.264234,27.668536]}},{"type":"Feature","properties":{"id":"n9612948611","type":"school","name":"Bagh Bhairav School"},"geometry":{"type":"Point","coordinates":[85.25399,27.66173]}},{"type":"Feature","properties":{"id":"n9612948612","type":"community_centre","name":"Guthi"},"geometry":{"type":"Point","coordinates":[85.259589,27.661831]}},{"type":"Feature","properties":{"id":"n9612975131","type":"clinic","name":"Kankasundari    Medical  Hall"},"geometry":{"type":"Point","coordinates":[85.25468,27.662361]}},{"type":"Feature","properties":{"id":"n9614642353","type":"hospital","name":"Suryabinayak Municipality Hospital"},"geometry":{"type":"Point","coordinates":[85.391938,27.65651]}},{"type":"Feature","properties":{"id":"n9614642371","type":"hospital","name":"Brothers Health Care and Diagnostic Center"},"geometry":{"type":"Point","coordinates":[85.385551,27.669793]}},{"type":"Feature","properties":{"id":"n9619816135","type":"school","name":"balbatika school"},"geometry":{"type":"Point","coordinates":[85.380213,27.722999]}},{"type":"Feature","properties":{"id":"n9620834139","type":"police","name":"Chapagaun traffic Police Station"},"geometry":{"type":"Point","coordinates":[85.321989,27.607495]}},{"type":"Feature","properties":{"id":"n9620973648","type":"school","name":"Hill top secondary School"},"geometry":{"type":"Point","coordinates":[85.323115,27.601412]}},{"type":"Feature","properties":{"id":"n9622703382","type":"hospital","name":"Patan Healthcare"},"geometry":{"type":"Point","coordinates":[85.324326,27.599272]}},{"type":"Feature","properties":{"id":"n9626158698","type":"community_centre","name":"Sarvajanik Bhawan"},"geometry":{"type":"Point","coordinates":[85.275836,27.669127]}},{"type":"Feature","properties":{"id":"n9626214648","type":"community_centre","name":"Bhairavnath Ta Guthi"},"geometry":{"type":"Point","coordinates":[85.277204,27.669211]}},{"type":"Feature","properties":{"id":"n9626214685","type":"school","name":"Sunbeam Montessori"},"geometry":{"type":"Point","coordinates":[85.275732,27.666746]}},{"type":"Feature","properties":{"id":"n9626234263","type":"community_centre","name":"Chii guthi"},"geometry":{"type":"Point","coordinates":[85.277404,27.668729]}},{"type":"Feature","properties":{"id":"n9626244130","type":"community_centre","name":"Pati pauwa"},"geometry":{"type":"Point","coordinates":[85.276837,27.668917]}},{"type":"Feature","properties":{"id":"n9626245582","type":"community_centre","name":"Community center"},"geometry":{"type":"Point","coordinates":[85.276036,27.668577]}},{"type":"Feature","properties":{"id":"n9626250288","type":"school","name":"Jahka Pre School"},"geometry":{"type":"Point","coordinates":[85.271714,27.667558]}},{"type":"Feature","properties":{"id":"n9626261517","type":"community_centre","name":"Dhusi tole sudhar samiti"},"geometry":{"type":"Point","coordinates":[85.278236,27.668962]}},{"type":"Feature","properties":{"id":"n9626321724","type":"community_centre","name":"Guthi Bhawan"},"geometry":{"type":"Point","coordinates":[85.265081,27.662583]}},{"type":"Feature","properties":{"id":"n9626338002","type":"community_centre","name":"Sarbajanik Bhawan Bistagaun"},"geometry":{"type":"Point","coordinates":[85.264234,27.662072]}},{"type":"Feature","properties":{"id":"n9626343806","type":"school","name":"Green Village Education Foundation"},"geometry":{"type":"Point","coordinates":[85.267025,27.666396]}},{"type":"Feature","properties":{"id":"n9626942236","type":"school","name":"Bala Batika International School"},"geometry":{"type":"Point","coordinates":[85.303521,27.739041]}},{"type":"Feature","properties":{"id":"n9626942237","type":"school","name":"National model Secondary School"},"geometry":{"type":"Point","coordinates":[85.303635,27.740617]}},{"type":"Feature","properties":{"id":"n9627135231","type":"hospital","name":"Sahari Swasthya Kendra"},"geometry":{"type":"Point","coordinates":[85.239277,27.686098]}},{"type":"Feature","properties":{"id":"n9634963679","type":"community_centre","name":"Pati pauwa"},"geometry":{"type":"Point","coordinates":[85.292445,27.667224]}},{"type":"Feature","properties":{"id":"n9634998253","type":"community_centre","name":"Nani Pati"},"geometry":{"type":"Point","coordinates":[85.291348,27.666107]}},{"type":"Feature","properties":{"id":"n9635014604","type":"community_centre","name":"Chi bah (Pati)"},"geometry":{"type":"Point","coordinates":[85.291646,27.665845]}},{"type":"Feature","properties":{"id":"n9635014605","type":"community_centre","name":"Falcha"},"geometry":{"type":"Point","coordinates":[85.290294,27.665911]}},{"type":"Feature","properties":{"id":"n9635022584","type":"community_centre","name":"Bhoj ghar"},"geometry":{"type":"Point","coordinates":[85.289956,27.665632]}},{"type":"Feature","properties":{"id":"n9635024426","type":"community_centre","name":"Kot"},"geometry":{"type":"Point","coordinates":[85.291809,27.665911]}},{"type":"Feature","properties":{"id":"n9635032195","type":"community_centre","name":"Mandah Falcha"},"geometry":{"type":"Point","coordinates":[85.291516,27.66551]}},{"type":"Feature","properties":{"id":"n9635032663","type":"clinic","name":"Adinath Urban health center"},"geometry":{"type":"Point","coordinates":[85.291526,27.665647]}},{"type":"Feature","properties":{"id":"n9635034578","type":"school","name":"Periwinkle preschool academy"},"geometry":{"type":"Point","coordinates":[85.289916,27.6581]}},{"type":"Feature","properties":{"id":"n9635035452","type":"community_centre","name":"Dabali"},"geometry":{"type":"Point","coordinates":[85.29,27.666002]}},{"type":"Feature","properties":{"id":"n9635040454","type":"shelter","name":"टकर्च फल्चा"},"geometry":{"type":"Point","coordinates":[85.287278,27.657963]}},{"type":"Feature","properties":{"id":"n9635051875","type":"police","name":"Sasastra Prahari Bal Nepal"},"geometry":{"type":"Point","coordinates":[85.29022,27.671627]}},{"type":"Feature","properties":{"id":"n9635056178","type":"school","name":"Modern Indian High School"},"geometry":{"type":"Point","coordinates":[85.295763,27.667016]}},{"type":"Feature","properties":{"id":"n9635057666","type":"community_centre","name":"Mahankal guthi"},"geometry":{"type":"Point","coordinates":[85.289596,27.657646]}},{"type":"Feature","properties":{"id":"n9635065534","type":"shelter","name":"Tallo pati"},"geometry":{"type":"Point","coordinates":[85.290608,27.657307]}},{"type":"Feature","properties":{"id":"n9641098887","type":"community_centre","name":"Nagau Samudayik Building (Nagau Bhyey Chhey)"},"geometry":{"type":"Point","coordinates":[85.275833,27.672691]}},{"type":"Feature","properties":{"id":"n9642579880","type":"school","name":"Gloria school"},"geometry":{"type":"Point","coordinates":[85.278242,27.648808]}},{"type":"Feature","properties":{"id":"n9642632128","type":"clinic","name":"Shree  karya binayak  polyclinic"},"geometry":{"type":"Point","coordinates":[85.285803,27.654105]}},{"type":"Feature","properties":{"id":"n9642636344","type":"school","name":"Taudha school"},"geometry":{"type":"Point","coordinates":[85.284145,27.650928]}},{"type":"Feature","properties":{"id":"n9642755175","type":"shelter","name":"Kanpur Bot Pati"},"geometry":{"type":"Point","coordinates":[85.278059,27.660988]}},{"type":"Feature","properties":{"id":"n9643263484","type":"school","name":"Aarambha Academy"},"geometry":{"type":"Point","coordinates":[85.279608,27.65023]}},{"type":"Feature","properties":{"id":"n9645170771","type":"school","name":"Shree Kirtipur Grihini Mahila Vidhyalaya"},"geometry":{"type":"Point","coordinates":[85.273152,27.679369]}},{"type":"Feature","properties":{"id":"n9645170772","type":"community_centre","name":"Sidhwa-kha"},"geometry":{"type":"Point","coordinates":[85.273283,27.68015]}},{"type":"Feature","properties":{"id":"n9645207804","type":"community_centre","name":"Community Building"},"geometry":{"type":"Point","coordinates":[85.273305,27.680239]}},{"type":"Feature","properties":{"id":"n9645227677","type":"community_centre","name":"Shree Panchami Manandhar  Guthi"},"geometry":{"type":"Point","coordinates":[85.274894,27.6768]}},{"type":"Feature","properties":{"id":"n9645229857","type":"clinic","name":"Reyan medical hall"},"geometry":{"type":"Point","coordinates":[85.273414,27.67818]}},{"type":"Feature","properties":{"id":"n9645254130","type":"school","name":"Euro Kids School"},"geometry":{"type":"Point","coordinates":[85.272951,27.676493]}},{"type":"Feature","properties":{"id":"n9647431601","type":"school","name":"Aarambha Academy"},"geometry":{"type":"Point","coordinates":[85.279581,27.650045]}},{"type":"Feature","properties":{"id":"n9648111915","type":"school","name":"Kirtipur M.V School"},"geometry":{"type":"Point","coordinates":[85.276742,27.675347]}},{"type":"Feature","properties":{"id":"n9648136847","type":"hospital","name":"Kirtipur Samudayik Swastha Kendra"},"geometry":{"type":"Point","coordinates":[85.281283,27.673489]}},{"type":"Feature","properties":{"id":"n9648139363","type":"school","name":"River Valley School"},"geometry":{"type":"Point","coordinates":[85.277718,27.672829]}},{"type":"Feature","properties":{"id":"n9648153485","type":"clinic","name":"Indra medical hall and polyclinic"},"geometry":{"type":"Point","coordinates":[85.280119,27.674158]}},{"type":"Feature","properties":{"id":"n9648158137","type":"community_centre","name":"BahiriGaun Samudayic Bhawan"},"geometry":{"type":"Point","coordinates":[85.276943,27.676308]}},{"type":"Feature","properties":{"id":"n9648163043","type":"clinic","name":"Kirtipur Medical Hall"},"geometry":{"type":"Point","coordinates":[85.281034,27.675045]}},{"type":"Feature","properties":{"id":"n9648163951","type":"community_centre","name":"Elderly citizen home"},"geometry":{"type":"Point","coordinates":[85.275528,27.672706]}},{"type":"Feature","properties":{"id":"n9648167688","type":"shelter","name":"Ganesh Phalcha"},"geometry":{"type":"Point","coordinates":[85.276996,27.676026]}},{"type":"Feature","properties":{"id":"n9648174229","type":"school","name":"Turners Pathshala"},"geometry":{"type":"Point","coordinates":[85.276145,27.675285]}},{"type":"Feature","properties":{"id":"n9648175468","type":"school","name":"Shamrock Simrik Intl Pre-School"},"geometry":{"type":"Point","coordinates":[85.275463,27.674899]}},{"type":"Feature","properties":{"id":"n9648180761","type":"school","name":"Gorakhnath Secondary School"},"geometry":{"type":"Point","coordinates":[85.278503,27.675454]}},{"type":"Feature","properties":{"id":"n9651211449","type":"community_centre","name":"Kusicha guthi chenn"},"geometry":{"type":"Point","coordinates":[85.277238,27.677118]}},{"type":"Feature","properties":{"id":"n9655436472","type":"school","name":"Little Bud School"},"geometry":{"type":"Point","coordinates":[85.280535,27.683996]}},{"type":"Feature","properties":{"id":"n9655448942","type":"school","name":"Lok Adarsha Academy"},"geometry":{"type":"Point","coordinates":[85.280269,27.686203]}},{"type":"Feature","properties":{"id":"n9655499296","type":"community_centre","name":"Siddhashram Shakti kendra"},"geometry":{"type":"Point","coordinates":[85.27588,27.679285]}},{"type":"Feature","properties":{"id":"n9655505660","type":"shelter","name":"Lakhe Paa Phalcha"},"geometry":{"type":"Point","coordinates":[85.272898,27.682399]}},{"type":"Feature","properties":{"id":"n9655509042","type":"school","name":"CC Academy Montessori Based School"},"geometry":{"type":"Point","coordinates":[85.275333,27.685035]}},{"type":"Feature","properties":{"id":"n9655510383","type":"clinic","name":"Somehek Pharmacy and Clinic"},"geometry":{"type":"Point","coordinates":[85.277665,27.690465]}},{"type":"Feature","properties":{"id":"n9655511986","type":"school","name":"Lok Aadarsha Academy"},"geometry":{"type":"Point","coordinates":[85.278494,27.689609]}},{"type":"Feature","properties":{"id":"n9655516063","type":"community_centre","name":"Pati"},"geometry":{"type":"Point","coordinates":[85.276575,27.680888]}},{"type":"Feature","properties":{"id":"n9655519157","type":"community_centre","name":"Polio and vitamin A center"},"geometry":{"type":"Point","coordinates":[85.276242,27.679057]}},{"type":"Feature","properties":{"id":"n9655530508","type":"clinic","name":"Sakshi health care and diagnostic center Pvt ltd"},"geometry":{"type":"Point","coordinates":[85.281351,27.685001]}},{"type":"Feature","properties":{"id":"n9655544822","type":"clinic","name":"Suwarna Nepal Fertility and Abortion Center"},"geometry":{"type":"Point","coordinates":[85.277489,27.691125]}},{"type":"Feature","properties":{"id":"n9655546892","type":"clinic","name":"Pharmacy and Clinic"},"geometry":{"type":"Point","coordinates":[85.276642,27.686371]}},{"type":"Feature","properties":{"id":"n9655557013","type":"clinic","name":"Medimax Clinic and Lab"},"geometry":{"type":"Point","coordinates":[85.277226,27.686733]}},{"type":"Feature","properties":{"id":"n9657740100","type":"shelter","name":"Dwaksi Falcha"},"geometry":{"type":"Point","coordinates":[85.279544,27.676696]}},{"type":"Feature","properties":{"id":"n9657768054","type":"shelter","name":"Pati"},"geometry":{"type":"Point","coordinates":[85.278568,27.67675]}},{"type":"Feature","properties":{"id":"n9657784031","type":"community_centre","name":"Manka gwali dhuku"},"geometry":{"type":"Point","coordinates":[85.277201,27.678116]}},{"type":"Feature","properties":{"id":"n9657784407","type":"shelter","name":"Falcha"},"geometry":{"type":"Point","coordinates":[85.27968,27.676893]}},{"type":"Feature","properties":{"id":"n9657788314","type":"community_centre","name":"Jagatpal Mahabihar Digi Chen"},"geometry":{"type":"Point","coordinates":[85.277792,27.676731]}},{"type":"Feature","properties":{"id":"n9657789821","type":"shelter","name":"Pati"},"geometry":{"type":"Point","coordinates":[85.278215,27.676873]}},{"type":"Feature","properties":{"id":"n9657794526","type":"shelter","name":"Falcha"},"geometry":{"type":"Point","coordinates":[85.278937,27.677054]}},{"type":"Feature","properties":{"id":"n9657798622","type":"shelter","name":"Pati"},"geometry":{"type":"Point","coordinates":[85.279079,27.676943]}},{"type":"Feature","properties":{"id":"n9662430912","type":"police","name":"Community service center and community police service center"},"geometry":{"type":"Point","coordinates":[85.282097,27.685388]}},{"type":"Feature","properties":{"id":"n9662433165","type":"clinic","name":"Arbind eye clinic and glass store"},"geometry":{"type":"Point","coordinates":[85.279558,27.68195]}},{"type":"Feature","properties":{"id":"n9662433166","type":"school","name":"KEBS school"},"geometry":{"type":"Point","coordinates":[85.280202,27.682417]}},{"type":"Feature","properties":{"id":"n9662478422","type":"hospital","name":"Kirtipur Eye Hospital and research centre"},"geometry":{"type":"Point","coordinates":[85.28418,27.676774]}},{"type":"Feature","properties":{"id":"n9662506368","type":"university","name":"Tribhuwan University Service Commission"},"geometry":{"type":"Point","coordinates":[85.288075,27.678473]}},{"type":"Feature","properties":{"id":"n9667439817","type":"college","name":"Academia International College"},"geometry":{"type":"Point","coordinates":[85.332081,27.668617]}},{"type":"Feature","properties":{"id":"n9687101417","type":"clinic","name":"Vardhan Fertility Centre"},"geometry":{"type":"Point","coordinates":[85.339658,27.700938]}},{"type":"Feature","properties":{"id":"n9708693284","type":"clinic","name":"Subarna Nepal Surakshit Garbapatan"},"geometry":{"type":"Point","coordinates":[85.277257,27.690885]}},{"type":"Feature","properties":{"id":"n9708697774","type":"school","name":"Lok Adarsha Academy"},"geometry":{"type":"Point","coordinates":[85.280248,27.685948]}},{"type":"Feature","properties":{"id":"n9708711976","type":"clinic","name":"Senior Consultant Dermatologist"},"geometry":{"type":"Point","coordinates":[85.280483,27.686576]}},{"type":"Feature","properties":{"id":"n9708711979","type":"school","name":"CC Academy"},"geometry":{"type":"Point","coordinates":[85.275544,27.685802]}},{"type":"Feature","properties":{"id":"n9708735263","type":"school","name":"Landmark International School"},"geometry":{"type":"Point","coordinates":[85.277196,27.687214]}},{"type":"Feature","properties":{"id":"n9719638257","type":"hospital","name":"Vatsalya Natural IVF, Fertility Clinic"},"geometry":{"type":"Point","coordinates":[85.325276,27.715584]}},{"type":"Feature","properties":{"id":"n9720284264","type":"shelter","name":"Falcha"},"geometry":{"type":"Point","coordinates":[85.277212,27.678023]}},{"type":"Feature","properties":{"id":"n9722113224","type":"school","name":"Unicare Kids School"},"geometry":{"type":"Point","coordinates":[85.371576,27.733125]}},{"type":"Feature","properties":{"id":"n9722113225","type":"fire_station","name":"Mahanagar Fire Briged and Training Center"},"geometry":{"type":"Point","coordinates":[85.365543,27.73176]}},{"type":"Feature","properties":{"id":"n9722113318","type":"school","name":"Adharshila School"},"geometry":{"type":"Point","coordinates":[85.372824,27.732874]}},{"type":"Feature","properties":{"id":"n9722126504","type":"shelter","name":"Public Shelter"},"geometry":{"type":"Point","coordinates":[85.254953,27.662301]}},{"type":"Feature","properties":{"id":"n9722433053","type":"clinic","name":"Kanka Sundari Medical Hall"},"geometry":{"type":"Point","coordinates":[85.253905,27.66457]}},{"type":"Feature","properties":{"id":"n9794214371","type":"school","name":"Beersheba National Academy"},"geometry":{"type":"Point","coordinates":[85.266266,27.70792]}},{"type":"Feature","properties":{"id":"n9794214372","type":"school","name":"Nagarjun Valley School"},"geometry":{"type":"Point","coordinates":[85.286751,27.733082]}},{"type":"Feature","properties":{"id":"n9794214373","type":"school","name":"Standard Co Ed High School"},"geometry":{"type":"Point","coordinates":[85.276032,27.698841]}},{"type":"Feature","properties":{"id":"n9794214374","type":"school","name":"Radiant Secondary School"},"geometry":{"type":"Point","coordinates":[85.275555,27.701595]}},{"type":"Feature","properties":{"id":"n9794214375","type":"school","name":"Gyankunja Vidya Mandir"},"geometry":{"type":"Point","coordinates":[85.2733,27.700426]}},{"type":"Feature","properties":{"id":"n9794214376","type":"school","name":"Nepal Academy School"},"geometry":{"type":"Point","coordinates":[85.275147,27.698607]}},{"type":"Feature","properties":{"id":"n9794214377","type":"school","name":"Paradise English Boarding School"},"geometry":{"type":"Point","coordinates":[85.289362,27.734197]}},{"type":"Feature","properties":{"id":"n9794214378","type":"school","name":"Sabhyata Pathshala"},"geometry":{"type":"Point","coordinates":[85.283707,27.733946]}},{"type":"Feature","properties":{"id":"n9794214379","type":"school","name":"Chetana Sadan Secondary School"},"geometry":{"type":"Point","coordinates":[85.287811,27.72884]}},{"type":"Feature","properties":{"id":"n9794214380","type":"school","name":"World Vision Scholars Academy"},"geometry":{"type":"Point","coordinates":[85.287193,27.727571]}},{"type":"Feature","properties":{"id":"n9794214381","type":"school","name":"Swotishree Gurukul School "},"geometry":{"type":"Point","coordinates":[85.284912,27.724711]}},{"type":"Feature","properties":{"id":"n9794214382","type":"school","name":"Angels Home Academy"},"geometry":{"type":"Point","coordinates":[85.279904,27.700495]}},{"type":"Feature","properties":{"id":"n9794214383","type":"school","name":"Times Elementary School"},"geometry":{"type":"Point","coordinates":[85.279907,27.707533]}},{"type":"Feature","properties":{"id":"n9794214384","type":"school","name":"Pratibha World English School"},"geometry":{"type":"Point","coordinates":[85.265358,27.704878]}},{"type":"Feature","properties":{"id":"n9799097991","type":"college","name":"Sagarmatha College of Science and Techonology"},"geometry":{"type":"Point","coordinates":[85.302664,27.688257]}},{"type":"Feature","properties":{"id":"n9799355815","type":"clinic","name":"Arun Med"},"geometry":{"type":"Point","coordinates":[85.314856,27.729129]}},{"type":"Feature","properties":{"id":"n9805243432","type":"college","name":"Nagarjuna College of Information Technology"},"geometry":{"type":"Point","coordinates":[85.329928,27.679784]}},{"type":"Feature","properties":{"id":"n9818817146","type":"college","name":"school of geomatics"},"geometry":{"type":"Point","coordinates":[85.342687,27.697645]}},{"type":"Feature","properties":{"id":"n9825144117","type":"clinic","name":"Old care home"},"geometry":{"type":"Point","coordinates":[85.346609,27.730807]}},{"type":"Feature","properties":{"id":"n9845843806","type":"hospital","name":"DI Skin Hospital And Referral Center"},"geometry":{"type":"Point","coordinates":[85.345017,27.750149]}},{"type":"Feature","properties":{"id":"n9891284618","type":"school","name":"New Era Academy"},"geometry":{"type":"Point","coordinates":[85.30543,27.742734]}},{"type":"Feature","properties":{"id":"n9899002317","type":"clinic","name":"Prime Health Hub"},"geometry":{"type":"Point","coordinates":[85.281936,27.691473]}},{"type":"Feature","properties":{"id":"n9899604099","type":"school","name":"Manjushree English Boarding School"},"geometry":{"type":"Point","coordinates":[85.308046,27.675162]}},{"type":"Feature","properties":{"id":"n9899619785","type":"school","name":"Highland Park Montessori International Preschool"},"geometry":{"type":"Point","coordinates":[85.31005,27.679339]}},{"type":"Feature","properties":{"id":"n9913978536","type":"college","name":"Everest Engineering College"},"geometry":{"type":"Point","coordinates":[85.306618,27.683565]}},{"type":"Feature","properties":{"id":"n9914381748","type":"hospital","name":"Rhythm Neuropsychiatry Hospital & Research Center"},"geometry":{"type":"Point","coordinates":[85.309802,27.669447]}},{"type":"Feature","properties":{"id":"n9916636691","type":"hospital","name":"Somtala Patanjali Ayurvedic Center Pvt.Ltd"},"geometry":{"type":"Point","coordinates":[85.322919,27.705693]}},{"type":"Feature","properties":{"id":"n9916683278","type":"college","name":"Divya Gyan College"},"geometry":{"type":"Point","coordinates":[85.322029,27.707701]}},{"type":"Feature","properties":{"id":"n9916683279","type":"college","name":"APU (Asia pacific university of technology & innovation )"},"geometry":{"type":"Point","coordinates":[85.321935,27.70778]}},{"type":"Feature","properties":{"id":"n9916683303","type":"school","name":"Garden Of Buds Pre School"},"geometry":{"type":"Point","coordinates":[85.322591,27.707051]}},{"type":"Feature","properties":{"id":"n9916683310","type":"clinic","name":"Oral And Dental Clinic"},"geometry":{"type":"Point","coordinates":[85.322773,27.706757]}},{"type":"Feature","properties":{"id":"n9916725496","type":"clinic","name":"Subh Ultrasound Clinic"},"geometry":{"type":"Point","coordinates":[85.322269,27.701946]}},{"type":"Feature","properties":{"id":"n9916725527","type":"clinic","name":"Medical Clinic"},"geometry":{"type":"Point","coordinates":[85.321866,27.700054]}},{"type":"Feature","properties":{"id":"n9916725531","type":"college","name":"Himalayan White House International College"},"geometry":{"type":"Point","coordinates":[85.321755,27.69958]}},{"type":"Feature","properties":{"id":"n9926729641","type":"college","name":"Everest College"},"geometry":{"type":"Point","coordinates":[85.318098,27.692235]}},{"type":"Feature","properties":{"id":"n9926729664","type":"clinic","name":"Sai Jeevdhara Medi Concern Pvt.Ltd"},"geometry":{"type":"Point","coordinates":[85.31685,27.691213]}},{"type":"Feature","properties":{"id":"n9926734918","type":"hospital","name":"Dirgajiwan Health Care And Research Center Pvt.Ltd"},"geometry":{"type":"Point","coordinates":[85.314697,27.693426]}},{"type":"Feature","properties":{"id":"n9927091118","type":"school","name":"Xavier International School"},"geometry":{"type":"Point","coordinates":[85.350067,27.716625]}},{"type":"Feature","properties":{"id":"n9928590068","type":"clinic","name":"A.L Logistics Nepal Pvt.Ltd"},"geometry":{"type":"Point","coordinates":[85.31392,27.694458]}},{"type":"Feature","properties":{"id":"n9928590071","type":"clinic","name":"Navaratna Ayur Health Care and Reserch Center"},"geometry":{"type":"Point","coordinates":[85.313911,27.694513]}},{"type":"Feature","properties":{"id":"n9933907318","type":"hospital","name":"Samata Hospital"},"geometry":{"type":"Point","coordinates":[85.357209,27.716489]}},{"type":"Feature","properties":{"id":"n9942172617","type":"clinic","name":"Wada Paramarsa Tatha Swastha Sewa Kendra, Walkhu"},"geometry":{"type":"Point","coordinates":[85.326763,27.673591]}},{"type":"Feature","properties":{"id":"n9942198017","type":"clinic","name":"Gyani Healthcare Center"},"geometry":{"type":"Point","coordinates":[85.327279,27.672545]}},{"type":"Feature","properties":{"id":"n9942220020","type":"police","name":"Mahanagar temporary police officer"},"geometry":{"type":"Point","coordinates":[85.325817,27.676596]}},{"type":"Feature","properties":{"id":"n9942243721","type":"school","name":"Horizon English School"},"geometry":{"type":"Point","coordinates":[85.321937,27.675016]}},{"type":"Feature","properties":{"id":"n9942249019","type":"school","name":"Siddhartha Thanka painting School"},"geometry":{"type":"Point","coordinates":[85.324777,27.674995]}},{"type":"Feature","properties":{"id":"n9942249120","type":"school","name":"Kumbheshwor technical school"},"geometry":{"type":"Point","coordinates":[85.32613,27.676845]}},{"type":"Feature","properties":{"id":"n9942584718","type":"school","name":"Siddhartha Thanka Painting School"},"geometry":{"type":"Point","coordinates":[85.324792,27.674993]}},{"type":"Feature","properties":{"id":"n9942584720","type":"police","name":"Metropolitan Police Department"},"geometry":{"type":"Point","coordinates":[85.320021,27.676805]}},{"type":"Feature","properties":{"id":"n9942584721","type":"clinic","name":"Ratnadeep ENT Clinic"},"geometry":{"type":"Point","coordinates":[85.319566,27.676396]}},{"type":"Feature","properties":{"id":"n9944039818","type":"community_centre","name":"Mahapa Social Service Committee"},"geometry":{"type":"Point","coordinates":[85.323745,27.673335]}},{"type":"Feature","properties":{"id":"n9944040123","type":"community_centre","name":"Syasyah Samaj"},"geometry":{"type":"Point","coordinates":[85.323289,27.672429]}},{"type":"Feature","properties":{"id":"n9944168432","type":"school","name":"Sugata Buddhist Mahabidhyalaya"},"geometry":{"type":"Point","coordinates":[85.32435,27.671274]}},{"type":"Feature","properties":{"id":"n9944730529","type":"college","name":"Hospitality World Campus"},"geometry":{"type":"Point","coordinates":[85.307729,27.671805]}},{"type":"Feature","properties":{"id":"n9944842973","type":"clinic","name":"medharma clinix"},"geometry":{"type":"Point","coordinates":[85.307811,27.679162]}},{"type":"Feature","properties":{"id":"n9947394018","type":"clinic","name":"Siddhartha Medico & Pathology Clinic"},"geometry":{"type":"Point","coordinates":[85.356811,27.714312]}},{"type":"Feature","properties":{"id":"n9947394020","type":"clinic","name":"Karuna Polyclinic & Diagnostics Center"},"geometry":{"type":"Point","coordinates":[85.360142,27.716812]}},{"type":"Feature","properties":{"id":"n9951155217","type":"clinic","name":"Cozy Skin Clinic"},"geometry":{"type":"Point","coordinates":[85.359107,27.720439]}},{"type":"Feature","properties":{"id":"n9956141384","type":"clinic","name":"Vigen Nepal"},"geometry":{"type":"Point","coordinates":[85.36494,27.673243]}},{"type":"Feature","properties":{"id":"n9956141406","type":"clinic","name":"Dental Clinic"},"geometry":{"type":"Point","coordinates":[85.364804,27.674759]}},{"type":"Feature","properties":{"id":"n9956153323","type":"clinic","name":"Kausaltar Dental Clinic"},"geometry":{"type":"Point","coordinates":[85.363975,27.67481]}},{"type":"Feature","properties":{"id":"n9956153325","type":"community_centre","name":"Xemadevi Group"},"geometry":{"type":"Point","coordinates":[85.36389,27.674828]}},{"type":"Feature","properties":{"id":"n9956153336","type":"school","name":"Sahara Rastriya Vidhyalaya"},"geometry":{"type":"Point","coordinates":[85.362795,27.674896]}},{"type":"Feature","properties":{"id":"n9956153347","type":"college","name":"Sambriddhi College"},"geometry":{"type":"Point","coordinates":[85.360836,27.675018]}},{"type":"Feature","properties":{"id":"n9956153363","type":"clinic","name":"Manju Aayorbedh Pherma"},"geometry":{"type":"Point","coordinates":[85.359845,27.675102]}},{"type":"Feature","properties":{"id":"n9956153366","type":"school","name":"Vision Montessori School"},"geometry":{"type":"Point","coordinates":[85.358987,27.675151]}},{"type":"Feature","properties":{"id":"n9956153368","type":"college","name":"Koteshwor Multiple Campus"},"geometry":{"type":"Point","coordinates":[85.35467,27.675717]}},{"type":"Feature","properties":{"id":"n9956485576","type":"clinic","name":"Clinic NEO"},"geometry":{"type":"Point","coordinates":[85.362269,27.674419]}},{"type":"Feature","properties":{"id":"n9956485577","type":"college","name":"Kathmandu College Of Technology"},"geometry":{"type":"Point","coordinates":[85.362131,27.674414]}},{"type":"Feature","properties":{"id":"n9956485586","type":"clinic","name":"Lokanthali Wellness Clinic"},"geometry":{"type":"Point","coordinates":[85.360857,27.674443]}},{"type":"Feature","properties":{"id":"n9956485594","type":"college","name":"IEC School Of Art and Fashion"},"geometry":{"type":"Point","coordinates":[85.360498,27.674522]}},{"type":"Feature","properties":{"id":"n9956485626","type":"community_centre","name":"Shree Krishna Ambe Sadnam"},"geometry":{"type":"Point","coordinates":[85.356669,27.674732]}},{"type":"Feature","properties":{"id":"n9956485629","type":"police","name":"Police Bit Manohara Lokantali"},"geometry":{"type":"Point","coordinates":[85.355705,27.674895]}},{"type":"Feature","properties":{"id":"n9956485660","type":"police","name":"Metropolitan police bit"},"geometry":{"type":"Point","coordinates":[85.352824,27.675012]}},{"type":"Feature","properties":{"id":"n9956485661","type":"hospital","name":"Apex Policlinic and Dygonostic Center Pvt.Ltd"},"geometry":{"type":"Point","coordinates":[85.352746,27.675004]}},{"type":"Feature","properties":{"id":"n9956505746","type":"hospital","name":"Kathamandu Neuro and General Hospital"},"geometry":{"type":"Point","coordinates":[85.318001,27.705956]}},{"type":"Feature","properties":{"id":"n9956505747","type":"clinic","name":"One Health Clinic Pvt.Ltd"},"geometry":{"type":"Point","coordinates":[85.317976,27.705946]}},{"type":"Feature","properties":{"id":"n9956505748","type":"clinic","name":"Siddhi Ultra Sound Clinic"},"geometry":{"type":"Point","coordinates":[85.317983,27.705973]}},{"type":"Feature","properties":{"id":"n9956505820","type":"clinic","name":"Marie Stopes Center"},"geometry":{"type":"Point","coordinates":[85.321907,27.703135]}},{"type":"Feature","properties":{"id":"n9956505828","type":"clinic","name":"Hiranya Ayurvedic Pharma"},"geometry":{"type":"Point","coordinates":[85.320698,27.703098]}},{"type":"Feature","properties":{"id":"n9956505844","type":"clinic","name":"Shishir Medical Hall"},"geometry":{"type":"Point","coordinates":[85.319827,27.703187]}},{"type":"Feature","properties":{"id":"n9956505875","type":"clinic","name":"Bishnu Purna Aayurvedic Center"},"geometry":{"type":"Point","coordinates":[85.317614,27.7033]}},{"type":"Feature","properties":{"id":"n9956505928","type":"clinic","name":"Bhirkuti Polyclinic Pvt. Ltd"},"geometry":{"type":"Point","coordinates":[85.321947,27.701753]}},{"type":"Feature","properties":{"id":"n9966886017","type":"college","name":"Madan Ashrit Memorial Polytechnic Institute"},"geometry":{"type":"Point","coordinates":[85.377259,27.710737]}},{"type":"Feature","properties":{"id":"n9967102420","type":"clinic","name":"Koteshwor Medical"},"geometry":{"type":"Point","coordinates":[85.34928,27.679241]}},{"type":"Feature","properties":{"id":"n9967126952","type":"clinic","name":"Aananada Aayurbedic Upachar Kendra"},"geometry":{"type":"Point","coordinates":[85.348067,27.678343]}},{"type":"Feature","properties":{"id":"n9967126985","type":"hospital","name":"Advance Oral Dental Hospital"},"geometry":{"type":"Point","coordinates":[85.347324,27.677836]}},{"type":"Feature","properties":{"id":"n9967127001","type":"clinic","name":"Hayat Homiyo And Aayurbedic Pharmacy"},"geometry":{"type":"Point","coordinates":[85.347072,27.677651]}},{"type":"Feature","properties":{"id":"n9967127037","type":"clinic","name":"Amul Aayurbedh Sewa Kendra Pvt.Ltd"},"geometry":{"type":"Point","coordinates":[85.3462,27.677072]}},{"type":"Feature","properties":{"id":"n9967127058","type":"clinic","name":"Easylife Clinic"},"geometry":{"type":"Point","coordinates":[85.345119,27.676369]}},{"type":"Feature","properties":{"id":"n9967127073","type":"college","name":"New Vision Academy"},"geometry":{"type":"Point","coordinates":[85.343336,27.675063]}},{"type":"Feature","properties":{"id":"n9967970617","type":"shelter"},"geometry":{"type":"Point","coordinates":[85.329207,27.62863]}},{"type":"Feature","properties":{"id":"n9969194231","type":"clinic","name":"Alive Health Clinic Pvt.Ltd"},"geometry":{"type":"Point","coordinates":[85.346449,27.676467]}},{"type":"Feature","properties":{"id":"n9969194242","type":"clinic","name":"Sunaulo Future Nepal"},"geometry":{"type":"Point","coordinates":[85.346188,27.676295]}},{"type":"Feature","properties":{"id":"n9969194346","type":"school","name":"Smriti Multidisciplinary School"},"geometry":{"type":"Point","coordinates":[85.349732,27.668584]}},{"type":"Feature","properties":{"id":"n9969194347","type":"school","name":"Fairy Land Montessori"},"geometry":{"type":"Point","coordinates":[85.350536,27.66853]}},{"type":"Feature","properties":{"id":"n9969216604","type":"clinic","name":"Sudurpaschim Polyclinic Pvt.Ltd"},"geometry":{"type":"Point","coordinates":[85.359679,27.673086]}},{"type":"Feature","properties":{"id":"n9969217024","type":"clinic","name":"Lucent Skin Care And Hair Clinic"},"geometry":{"type":"Point","coordinates":[85.360037,27.674269]}},{"type":"Feature","properties":{"id":"n9969339014","type":"clinic","name":"Himalayan Diagonostic Clinic Pvt.Ltd"},"geometry":{"type":"Point","coordinates":[85.348788,27.677981]}},{"type":"Feature","properties":{"id":"n9969345719","type":"clinic","name":"Aayurved Upachar Center"},"geometry":{"type":"Point","coordinates":[85.348776,27.677971]}},{"type":"Feature","properties":{"id":"n9969437682","type":"clinic","name":"Chhabi Medical"},"geometry":{"type":"Point","coordinates":[85.36448,27.674256]}},{"type":"Feature","properties":{"id":"n9969484815","type":"clinic","name":"Jasmine Pharmacy And Clinic Pvt.Ltd"},"geometry":{"type":"Point","coordinates":[85.320455,27.703214]}},{"type":"Feature","properties":{"id":"n9969484836","type":"clinic","name":"Subhaya Medical Hall"},"geometry":{"type":"Point","coordinates":[85.319556,27.703282]}},{"type":"Feature","properties":{"id":"n9969484840","type":"clinic","name":"Civil Dental Home"},"geometry":{"type":"Point","coordinates":[85.319475,27.703286]}},{"type":"Feature","properties":{"id":"n9969484880","type":"hospital","name":"Kathmandu Ent Hospital Pvt.Ltd"},"geometry":{"type":"Point","coordinates":[85.318441,27.703323]}},{"type":"Feature","properties":{"id":"n9974264436","type":"clinic","name":"Sudurpachim Polyclinic Pvt.Ltd"},"geometry":{"type":"Point","coordinates":[85.356475,27.673438]}},{"type":"Feature","properties":{"id":"n9974264455","type":"clinic","name":"Homeopathic Physician"},"geometry":{"type":"Point","coordinates":[85.357274,27.67275]}},{"type":"Feature","properties":{"id":"n9974264456","type":"school","name":"Kovida Kids"},"geometry":{"type":"Point","coordinates":[85.357481,27.672059]}},{"type":"Feature","properties":{"id":"n9983502717","type":"college","name":"V. S. College"},"geometry":{"type":"Point","coordinates":[85.347598,27.718379]}},{"type":"Feature","properties":{"id":"n9990227085","type":"police","name":"Mahanagariya Traffic Prahari Prabhag, Sukedhara"},"geometry":{"type":"Point","coordinates":[85.345992,27.728236]}},{"type":"Feature","properties":{"id":"n9993385215","type":"clinic","name":"Narephat Health Care And Digonestic Center"},"geometry":{"type":"Point","coordinates":[85.349677,27.66889]}},{"type":"Feature","properties":{"id":"n9993397531","type":"clinic","name":"Phisiyotherapy And Lifstyle Clinic"},"geometry":{"type":"Point","coordinates":[85.352479,27.672868]}},{"type":"Feature","properties":{"id":"n9993397569","type":"clinic","name":"Badimalika Medical Hall"},"geometry":{"type":"Point","coordinates":[85.352064,27.67108]}},{"type":"Feature","properties":{"id":"n9993397611","type":"clinic","name":"Nepal family planning sangh"},"geometry":{"type":"Point","coordinates":[85.353408,27.674324]}},{"type":"Feature","properties":{"id":"n9999286870","type":"clinic","name":"Dynamic Health Care Center"},"geometry":{"type":"Point","coordinates":[85.352826,27.670415]}},{"type":"Feature","properties":{"id":"n9999286879","type":"clinic","name":"Diti wellness Clinic And Digonestic Center"},"geometry":{"type":"Point","coordinates":[85.353985,27.670219]}},{"type":"Feature","properties":{"id":"n9999375366","type":"clinic","name":"Jadibuti Health Care"},"geometry":{"type":"Point","coordinates":[85.351517,27.674154]}},{"type":"Feature","properties":{"id":"n9999376986","type":"community_centre","name":"Nepal Yog Sadhana Kendra"},"geometry":{"type":"Point","coordinates":[85.355614,27.669336]}},{"type":"Feature","properties":{"id":"n9999414288","type":"clinic","name":"Rashmi Medical Hall"},"geometry":{"type":"Point","coordinates":[85.35486,27.6701]}},{"type":"Feature","properties":{"id":"n9999414524","type":"clinic","name":"Re Active Physiotherapy And Wellness Pvt.Ltd"},"geometry":{"type":"Point","coordinates":[85.355462,27.672747]}},{"type":"Feature","properties":{"id":"n9999414525","type":"clinic","name":"Moms Medicare Clinic Pvt.Ltd"},"geometry":{"type":"Point","coordinates":[85.35547,27.672784]}},{"type":"Feature","properties":{"id":"n10004438856","type":"clinic","name":"Femme Wellness Clinic Pvt.Ltd"},"geometry":{"type":"Point","coordinates":[85.360665,27.67177]}},{"type":"Feature","properties":{"id":"n10004786614","type":"clinic","name":"Pharmacy"},"geometry":{"type":"Point","coordinates":[85.353625,27.673597]}},{"type":"Feature","properties":{"id":"n10005438012","type":"school","name":"Adhyayan School"},"geometry":{"type":"Point","coordinates":[85.319267,27.736693]}},{"type":"Feature","properties":{"id":"n10005482993","type":"school","name":"Gyan Sanskar International School"},"geometry":{"type":"Point","coordinates":[85.317876,27.735971]}},{"type":"Feature","properties":{"id":"n10006354401","type":"school","name":"Kingdom Himalayan Secondary Boarding School"},"geometry":{"type":"Point","coordinates":[85.323486,27.73851]}},{"type":"Feature","properties":{"id":"n10007016634","type":"clinic","name":"Aashirbad Dental clinic"},"geometry":{"type":"Point","coordinates":[85.319066,27.762243]}},{"type":"Feature","properties":{"id":"n10007209395","type":"college","name":"Shree Manohar secondary school"},"geometry":{"type":"Point","coordinates":[85.319248,27.737898]}},{"type":"Feature","properties":{"id":"n10007887784","type":"hospital","name":"All Nepal Hospital"},"geometry":{"type":"Point","coordinates":[85.317706,27.735948]}},{"type":"Feature","properties":{"id":"n10009080554","type":"college","name":"Amity Global Education (Lord Budhha College)"},"geometry":{"type":"Point","coordinates":[85.320092,27.743345]}},{"type":"Feature","properties":{"id":"n10009080577","type":"college","name":"Kantipur College"},"geometry":{"type":"Point","coordinates":[85.322181,27.743143]}},{"type":"Feature","properties":{"id":"n10009137503","type":"school","name":"Greenland Junior Wing"},"geometry":{"type":"Point","coordinates":[85.32322,27.746553]}},{"type":"Feature","properties":{"id":"n10009207868","type":"school","name":"Rona International Academy"},"geometry":{"type":"Point","coordinates":[85.320208,27.748496]}},{"type":"Feature","properties":{"id":"n10009750635","type":"clinic","name":"Anjila Medical Hall"},"geometry":{"type":"Point","coordinates":[85.33027,27.761963]}},{"type":"Feature","properties":{"id":"n10009810859","type":"clinic","name":"Aradhana Health Care Center"},"geometry":{"type":"Point","coordinates":[85.324659,27.748144]}},{"type":"Feature","properties":{"id":"n10009815103","type":"hospital","name":"Aayansh Hospital"},"geometry":{"type":"Point","coordinates":[85.330685,27.763547]}},{"type":"Feature","properties":{"id":"n10009889051","type":"clinic","name":"Tokha Horizon Dental and health care"},"geometry":{"type":"Point","coordinates":[85.325298,27.749613]}},{"type":"Feature","properties":{"id":"n10010459028","type":"school","name":"Divine School"},"geometry":{"type":"Point","coordinates":[85.331232,27.768226]}},{"type":"Feature","properties":{"id":"n10010591839","type":"clinic","name":"Pristine Polyclinic;Saransh Pharmacy"},"geometry":{"type":"Point","coordinates":[85.324702,27.746338]}},{"type":"Feature","properties":{"id":"n10010867928","type":"clinic","name":"Greentara Medical Hall"},"geometry":{"type":"Point","coordinates":[85.321182,27.739739]}},{"type":"Feature","properties":{"id":"n10010890273","type":"clinic","name":"Ojaswi Eye Clinic and Binayak Optical"},"geometry":{"type":"Point","coordinates":[85.320118,27.738412]}},{"type":"Feature","properties":{"id":"n10010983344","type":"clinic","name":"Om Sai Optical and Eye Clinic"},"geometry":{"type":"Point","coordinates":[85.323881,27.739145]}},{"type":"Feature","properties":{"id":"n10010983357","type":"college","name":"Southwestern Business College"},"geometry":{"type":"Point","coordinates":[85.323171,27.739906]}},{"type":"Feature","properties":{"id":"n10011219640","type":"college","name":"BST College"},"geometry":{"type":"Point","coordinates":[85.307997,27.736424]}},{"type":"Feature","properties":{"id":"n10011219642","type":"school","name":"Bishnumati Awasiya Secondary School"},"geometry":{"type":"Point","coordinates":[85.308371,27.736089]}},{"type":"Feature","properties":{"id":"n10011753417","type":"school","name":"Souveneir Boarding School"},"geometry":{"type":"Point","coordinates":[85.32681,27.746337]}},{"type":"Feature","properties":{"id":"n10011753561","type":"school","name":"Tilingatar Higher Secondary School"},"geometry":{"type":"Point","coordinates":[85.33039,27.746393]}},{"type":"Feature","properties":{"id":"n10011817573","type":"school"},"geometry":{"type":"Point","coordinates":[85.333022,27.745572]}},{"type":"Feature","properties":{"id":"n10011882079","type":"clinic","name":"Asian Medi Mart Pvt Ltd"},"geometry":{"type":"Point","coordinates":[85.329994,27.743785]}},{"type":"Feature","properties":{"id":"n10012900391","type":"community_centre","name":"shiva yog sadhana kendra nepal"},"geometry":{"type":"Point","coordinates":[85.375841,27.680265]}},{"type":"Feature","properties":{"id":"n10013010971","type":"clinic","name":"Shree Pashupatinath Homeopathic Clinic"},"geometry":{"type":"Point","coordinates":[85.312544,27.740468]}},{"type":"Feature","properties":{"id":"n10013010973","type":"clinic","name":"Natioonal Prakritik Hospital"},"geometry":{"type":"Point","coordinates":[85.312475,27.740394]}},{"type":"Feature","properties":{"id":"n10013010978","type":"clinic","name":"my life healthj center"},"geometry":{"type":"Point","coordinates":[85.312371,27.740319]}},{"type":"Feature","properties":{"id":"n10013020923","type":"clinic","name":"MAhalaxmi Eye and dental clinic"},"geometry":{"type":"Point","coordinates":[85.30913,27.737526]}},{"type":"Feature","properties":{"id":"n10013020927","type":"clinic","name":"Alfresco Polyclinic and Diagonistics"},"geometry":{"type":"Point","coordinates":[85.30899,27.737349]}},{"type":"Feature","properties":{"id":"n10013199477","type":"hospital","name":"Tokha Chandeshwori Hospital"},"geometry":{"type":"Point","coordinates":[85.329547,27.77016]}},{"type":"Feature","properties":{"id":"n10013199480","type":"hospital","name":"Nepal Aakha Hospital"},"geometry":{"type":"Point","coordinates":[85.330194,27.768702]}},{"type":"Feature","properties":{"id":"n10013199482","type":"school","name":"The White Mountain School"},"geometry":{"type":"Point","coordinates":[85.330098,27.768483]}},{"type":"Feature","properties":{"id":"n10013326042","type":"clinic","name":"Suyogya Health Care"},"geometry":{"type":"Point","coordinates":[85.312625,27.739983]}},{"type":"Feature","properties":{"id":"n10013692746","type":"college","name":"Supreme College"},"geometry":{"type":"Point","coordinates":[85.316949,27.738056]}},{"type":"Feature","properties":{"id":"n10013692750","type":"college","name":"Navjewan School and college"},"geometry":{"type":"Point","coordinates":[85.316998,27.737854]}},{"type":"Feature","properties":{"id":"n10013827829","type":"clinic","name":"Mediscope Clinic and Pharmacy"},"geometry":{"type":"Point","coordinates":[85.315601,27.742878]}},{"type":"Feature","properties":{"id":"n10015111964","type":"college","name":"Supreme School and college"},"geometry":{"type":"Point","coordinates":[85.317698,27.738591]}},{"type":"Feature","properties":{"id":"n10015176124","type":"clinic","name":"Ratna Dental clinic"},"geometry":{"type":"Point","coordinates":[85.313843,27.739572]}},{"type":"Feature","properties":{"id":"n10015176129","type":"clinic","name":"Aayan Dental Care"},"geometry":{"type":"Point","coordinates":[85.313918,27.739903]}},{"type":"Feature","properties":{"id":"n10015228502","type":"clinic","name":"Sambhabh Polycliunic"},"geometry":{"type":"Point","coordinates":[85.313738,27.739078]}},{"type":"Feature","properties":{"id":"n10015228515","type":"clinic","name":"Eye checkup Clinnic"},"geometry":{"type":"Point","coordinates":[85.312379,27.738582]}},{"type":"Feature","properties":{"id":"n10015291528","type":"clinic","name":"SOUTH ASIAN POLYCLINIC"},"geometry":{"type":"Point","coordinates":[85.325752,27.739146]}},{"type":"Feature","properties":{"id":"n10015524905","type":"school","name":"Kathmandu Euro School"},"geometry":{"type":"Point","coordinates":[85.317778,27.746882]}},{"type":"Feature","properties":{"id":"n10015534441","type":"clinic","name":"Laxmi Medical Hall"},"geometry":{"type":"Point","coordinates":[85.317722,27.747829]}},{"type":"Feature","properties":{"id":"n10015534560","type":"school","name":"Children Heaven School"},"geometry":{"type":"Point","coordinates":[85.315987,27.749246]}},{"type":"Feature","properties":{"id":"n10016135265","type":"school","name":"New Malashree English School"},"geometry":{"type":"Point","coordinates":[85.318074,27.760053]}},{"type":"Feature","properties":{"id":"n10016163377","type":"school","name":"North Pole Kids Academy"},"geometry":{"type":"Point","coordinates":[85.317268,27.758437]}},{"type":"Feature","properties":{"id":"n10016195927","type":"school","name":"Paramount Academy"},"geometry":{"type":"Point","coordinates":[85.319459,27.747916]}},{"type":"Feature","properties":{"id":"n10016195928","type":"college","name":"PA College"},"geometry":{"type":"Point","coordinates":[85.31953,27.747884]}},{"type":"Feature","properties":{"id":"n10016234262","type":"school"},"geometry":{"type":"Point","coordinates":[85.319735,27.757386]}},{"type":"Feature","properties":{"id":"n10016451834","type":"school","name":"Shree Dhapasi Madhyamik Vidyalaya"},"geometry":{"type":"Point","coordinates":[85.338374,27.749679]}},{"type":"Feature","properties":{"id":"n10016451848","type":"hospital","name":"Ishan Children and Women's Hospital"},"geometry":{"type":"Point","coordinates":[85.336916,27.748133]}},{"type":"Feature","properties":{"id":"n10017182674","type":"school","name":"Fluorescent Secondary School"},"geometry":{"type":"Point","coordinates":[85.317918,27.745199]}},{"type":"Feature","properties":{"id":"n10017245698","type":"school","name":"Third Eye Academy"},"geometry":{"type":"Point","coordinates":[85.315455,27.739615]}},{"type":"Feature","properties":{"id":"n10017252934","type":"school"},"geometry":{"type":"Point","coordinates":[85.311828,27.740379]}},{"type":"Feature","properties":{"id":"n10017252939","type":"college","name":"Navodit College"},"geometry":{"type":"Point","coordinates":[85.3138,27.742182]}},{"type":"Feature","properties":{"id":"n10017278876","type":"clinic","name":"Sarbottam medical centre"},"geometry":{"type":"Point","coordinates":[85.328981,27.74076]}},{"type":"Feature","properties":{"id":"n10017313502","type":"clinic","name":"Universal Pathology clinic"},"geometry":{"type":"Point","coordinates":[85.332791,27.742446]}},{"type":"Feature","properties":{"id":"n10017388715","type":"school","name":"JB School"},"geometry":{"type":"Point","coordinates":[85.332637,27.756437]}},{"type":"Feature","properties":{"id":"n10018318394","type":"college","name":"XAVIER INTERNATIONAL SCHOOL/COLLEGE"},"geometry":{"type":"Point","coordinates":[85.358748,27.720363]}},{"type":"Feature","properties":{"id":"n10018671776","type":"police","name":"Temprorary Traffic Post"},"geometry":{"type":"Point","coordinates":[85.33791,27.676176]}},{"type":"Feature","properties":{"id":"n10023832445","type":"hospital","name":"Crystal Dental Hospital"},"geometry":{"type":"Point","coordinates":[85.374875,27.674109]}},{"type":"Feature","properties":{"id":"n10024492590","type":"school","name":"Sun Shine Montessori"},"geometry":{"type":"Point","coordinates":[85.380199,27.673264]}},{"type":"Feature","properties":{"id":"n10024492599","type":"college","name":"Swostik College"},"geometry":{"type":"Point","coordinates":[85.380075,27.67367]}},{"type":"Feature","properties":{"id":"n10024492600","type":"hospital","name":"Nepal Korea Friendship Hospital"},"geometry":{"type":"Point","coordinates":[85.379534,27.6737]}},{"type":"Feature","properties":{"id":"n10024794497","type":"clinic","name":"Innovative Hospitality Services Pvt.Ltd"},"geometry":{"type":"Point","coordinates":[85.342641,27.682994]}},{"type":"Feature","properties":{"id":"n10024851056","type":"clinic","name":"Bloom Eye Clinic Vision Therapy Center"},"geometry":{"type":"Point","coordinates":[85.344358,27.684405]}},{"type":"Feature","properties":{"id":"n10026882891","type":"school","name":"Aayam Montessori"},"geometry":{"type":"Point","coordinates":[85.370907,27.67455]}},{"type":"Feature","properties":{"id":"n10027674669","type":"clinic","name":"Tokha Healthcare and diagostic centre"},"geometry":{"type":"Point","coordinates":[85.330511,27.766823]}},{"type":"Feature","properties":{"id":"n10033276186","type":"police","name":"Samudayik prahari sewa"},"geometry":{"type":"Point","coordinates":[85.307952,27.736538]}},{"type":"Feature","properties":{"id":"n10034114462","type":"clinic"},"geometry":{"type":"Point","coordinates":[85.313132,27.735167]}},{"type":"Feature","properties":{"id":"n10035781447","type":"college","name":"Supreme College"},"geometry":{"type":"Point","coordinates":[85.317779,27.73539]}},{"type":"Feature","properties":{"id":"n10035888754","type":"school","name":"Pragyan Academy"},"geometry":{"type":"Point","coordinates":[85.322421,27.757861]}},{"type":"Feature","properties":{"id":"n10035888757","type":"school","name":"Pragyan Academy"},"geometry":{"type":"Point","coordinates":[85.320844,27.7564]}},{"type":"Feature","properties":{"id":"n10036073645","type":"school","name":"Panchayan Celestial School"},"geometry":{"type":"Point","coordinates":[85.326032,27.740454]}},{"type":"Feature","properties":{"id":"n10036366886","type":"school","name":"Olympus School"},"geometry":{"type":"Point","coordinates":[85.336212,27.747153]}},{"type":"Feature","properties":{"id":"n10036515909","type":"clinic","name":"Dwarka Medical Hall"},"geometry":{"type":"Point","coordinates":[85.309887,27.735146]}},{"type":"Feature","properties":{"id":"n10046431518","type":"school","name":"Baby Palace Montessori & Child Care"},"geometry":{"type":"Point","coordinates":[85.365675,27.675044]}},{"type":"Feature","properties":{"id":"n10048965009","type":"college","name":"School of Technical Education Pvt.Ltd."},"geometry":{"type":"Point","coordinates":[85.378691,27.683112]}},{"type":"Feature","properties":{"id":"n10049306625","type":"school","name":"Sanothimi Campus"},"geometry":{"type":"Point","coordinates":[85.376269,27.68244]}},{"type":"Feature","properties":{"id":"n10050423448","type":"hospital","name":"NRN Health Care Pvt.Ltd."},"geometry":{"type":"Point","coordinates":[85.382679,27.689867]}},{"type":"Feature","properties":{"id":"n10050457843","type":"clinic","name":"Dino Children Clinic"},"geometry":{"type":"Point","coordinates":[85.397919,27.676383]}},{"type":"Feature","properties":{"id":"n10050457861","type":"clinic","name":"Bhaktapur Skin Cosemtic Center"},"geometry":{"type":"Point","coordinates":[85.398141,27.67699]}},{"type":"Feature","properties":{"id":"n10050457866","type":"clinic","name":"Reliable Polyclinic"},"geometry":{"type":"Point","coordinates":[85.398205,27.677183]}},{"type":"Feature","properties":{"id":"n10050667509","type":"clinic","name":"Nepal Homeopathic Clinic"},"geometry":{"type":"Point","coordinates":[85.387645,27.673277]}},{"type":"Feature","properties":{"id":"n10050716145","type":"clinic","name":"Biruwa Swastha Clinic"},"geometry":{"type":"Point","coordinates":[85.366894,27.664966]}},{"type":"Feature","properties":{"id":"n10050716180","type":"college","name":"ShreeJana Kalyana Secondary School"},"geometry":{"type":"Point","coordinates":[85.368431,27.665091]}},{"type":"Feature","properties":{"id":"n10050716186","type":"college","name":"Mount View English Boarding School"},"geometry":{"type":"Point","coordinates":[85.369174,27.665081]}},{"type":"Feature","properties":{"id":"n10050956439","type":"school","name":"Alive Montessori Preschool & Trainning Center"},"geometry":{"type":"Point","coordinates":[85.397659,27.679229]}},{"type":"Feature","properties":{"id":"n10051081545","type":"college","name":"NEB"},"geometry":{"type":"Point","coordinates":[85.376573,27.680532]}},{"type":"Feature","properties":{"id":"n10052781401","type":"clinic","name":"TDC Skin & Hair Clinic"},"geometry":{"type":"Point","coordinates":[85.391077,27.674146]}},{"type":"Feature","properties":{"id":"n10054941261","type":"college","name":"Samriddhi College"},"geometry":{"type":"Point","coordinates":[85.361343,27.676459]}},{"type":"Feature","properties":{"id":"n10055039153","type":"clinic","name":"Dibya Pharmacy and Clinic"},"geometry":{"type":"Point","coordinates":[85.365754,27.676854]}},{"type":"Feature","properties":{"id":"n10056130440","type":"clinic","name":"Sahari Swasthya Kendra"},"geometry":{"type":"Point","coordinates":[85.386433,27.680029]}},{"type":"Feature","properties":{"id":"n10060007982","type":"school","name":"Jana Adarsha Campus"},"geometry":{"type":"Point","coordinates":[85.385323,27.674912]}},{"type":"Feature","properties":{"id":"n10068876002","type":"school","name":"Jana Adarsha Campus"},"geometry":{"type":"Point","coordinates":[85.38577,27.677412]}},{"type":"Feature","properties":{"id":"n10068876006","type":"clinic","name":"Balkumari Health Centre"},"geometry":{"type":"Point","coordinates":[85.385646,27.676607]}},{"type":"Feature","properties":{"id":"n10068916079","type":"shelter"},"geometry":{"type":"Point","coordinates":[85.385093,27.678641]}},{"type":"Feature","properties":{"id":"n10068916080","type":"school","name":"Nawaratna english secondary school"},"geometry":{"type":"Point","coordinates":[85.385483,27.679364]}},{"type":"Feature","properties":{"id":"n10068916081","type":"shelter"},"geometry":{"type":"Point","coordinates":[85.386036,27.68009]}},{"type":"Feature","properties":{"id":"n10068916084","type":"shelter"},"geometry":{"type":"Point","coordinates":[85.385825,27.679275]}},{"type":"Feature","properties":{"id":"n10068916085","type":"shelter"},"geometry":{"type":"Point","coordinates":[85.385727,27.678872]}},{"type":"Feature","properties":{"id":"n10068916087","type":"shelter"},"geometry":{"type":"Point","coordinates":[85.385697,27.678683]}},{"type":"Feature","properties":{"id":"n10068922298","type":"shelter"},"geometry":{"type":"Point","coordinates":[85.387318,27.674807]}},{"type":"Feature","properties":{"id":"n10068927126","type":"shelter"},"geometry":{"type":"Point","coordinates":[85.386117,27.678313]}},{"type":"Feature","properties":{"id":"n10068927127","type":"shelter"},"geometry":{"type":"Point","coordinates":[85.385766,27.677948]}},{"type":"Feature","properties":{"id":"n10068927132","type":"shelter","name":"falcha"},"geometry":{"type":"Point","coordinates":[85.385611,27.676565]}},{"type":"Feature","properties":{"id":"n10068927134","type":"shelter"},"geometry":{"type":"Point","coordinates":[85.385592,27.676495]}},{"type":"Feature","properties":{"id":"n10076089187","type":"shelter"},"geometry":{"type":"Point","coordinates":[85.385687,27.678389]}},{"type":"Feature","properties":{"id":"n10076089190","type":"shelter"},"geometry":{"type":"Point","coordinates":[85.386073,27.681086]}},{"type":"Feature","properties":{"id":"n10076089195","type":"shelter"},"geometry":{"type":"Point","coordinates":[85.384366,27.680942]}},{"type":"Feature","properties":{"id":"n10076089197","type":"shelter"},"geometry":{"type":"Point","coordinates":[85.386753,27.680474]}},{"type":"Feature","properties":{"id":"n10076089199","type":"shelter"},"geometry":{"type":"Point","coordinates":[85.387134,27.680425]}},{"type":"Feature","properties":{"id":"n10076089200","type":"shelter"},"geometry":{"type":"Point","coordinates":[85.387021,27.680074]}},{"type":"Feature","properties":{"id":"n10076089202","type":"shelter"},"geometry":{"type":"Point","coordinates":[85.387316,27.681406]}},{"type":"Feature","properties":{"id":"n10076089203","type":"shelter"},"geometry":{"type":"Point","coordinates":[85.387326,27.682012]}},{"type":"Feature","properties":{"id":"n10076152722","type":"clinic","name":"S.S Clinic"},"geometry":{"type":"Point","coordinates":[85.37349,27.674344]}},{"type":"Feature","properties":{"id":"n10076152731","type":"school","name":"orbit english secondary school"},"geometry":{"type":"Point","coordinates":[85.37442,27.676181]}},{"type":"Feature","properties":{"id":"n10081024013","type":"shelter"},"geometry":{"type":"Point","coordinates":[85.387359,27.678762]}},{"type":"Feature","properties":{"id":"n10081024014","type":"shelter"},"geometry":{"type":"Point","coordinates":[85.387681,27.679183]}},{"type":"Feature","properties":{"id":"n10081035117","type":"shelter"},"geometry":{"type":"Point","coordinates":[85.386213,27.678577]}},{"type":"Feature","properties":{"id":"n10081035118","type":"clinic"},"geometry":{"type":"Point","coordinates":[85.384343,27.675887]}},{"type":"Feature","properties":{"id":"n10081084603","type":"shelter"},"geometry":{"type":"Point","coordinates":[85.385844,27.679804]}},{"type":"Feature","properties":{"id":"n10081084604","type":"shelter"},"geometry":{"type":"Point","coordinates":[85.382963,27.680583]}},{"type":"Feature","properties":{"id":"n10081084605","type":"shelter"},"geometry":{"type":"Point","coordinates":[85.385712,27.677906]}},{"type":"Feature","properties":{"id":"n10081084606","type":"shelter"},"geometry":{"type":"Point","coordinates":[85.385642,27.677704]}},{"type":"Feature","properties":{"id":"n10081084607","type":"shelter"},"geometry":{"type":"Point","coordinates":[85.385481,27.675968]}},{"type":"Feature","properties":{"id":"n10081084608","type":"shelter"},"geometry":{"type":"Point","coordinates":[85.385339,27.676006]}},{"type":"Feature","properties":{"id":"n10081084609","type":"shelter"},"geometry":{"type":"Point","coordinates":[85.385288,27.67516]}},{"type":"Feature","properties":{"id":"n10081084610","type":"shelter"},"geometry":{"type":"Point","coordinates":[85.386765,27.677791]}},{"type":"Feature","properties":{"id":"n10091933184","type":"shelter"},"geometry":{"type":"Point","coordinates":[85.415519,27.671723]}},{"type":"Feature","properties":{"id":"n10108228780","type":"clinic","name":"Physiotherapy"},"geometry":{"type":"Point","coordinates":[85.366461,27.665677]}},{"type":"Feature","properties":{"id":"n10110364484","type":"school","name":"S S Montessori Pre School"},"geometry":{"type":"Point","coordinates":[85.380617,27.673274]}},{"type":"Feature","properties":{"id":"n10110388873","type":"school","name":"Gyansudha Pathsala"},"geometry":{"type":"Point","coordinates":[85.387567,27.689885]}},{"type":"Feature","properties":{"id":"n10110405730","type":"school","name":"Gladstone Academy"},"geometry":{"type":"Point","coordinates":[85.388221,27.686821]}},{"type":"Feature","properties":{"id":"n10110630360","type":"clinic","name":"Bahakha Pharmacy and Dental Optical"},"geometry":{"type":"Point","coordinates":[85.389491,27.682804]}},{"type":"Feature","properties":{"id":"n10110630361","type":"clinic","name":"Thimi Health City"},"geometry":{"type":"Point","coordinates":[85.389141,27.682887]}},{"type":"Feature","properties":{"id":"n10114575536","type":"school","name":"Ramailo Bal Sansaar Montessori School"},"geometry":{"type":"Point","coordinates":[85.397202,27.677263]}},{"type":"Feature","properties":{"id":"n10114575539","type":"clinic","name":"Pathology Lab"},"geometry":{"type":"Point","coordinates":[85.398191,27.677185]}},{"type":"Feature","properties":{"id":"n10115971835","type":"clinic","name":"Kriti polyclinic"},"geometry":{"type":"Point","coordinates":[85.280989,27.677003]}},{"type":"Feature","properties":{"id":"n10121362100","type":"clinic","name":"Janata Polyclinic"},"geometry":{"type":"Point","coordinates":[85.349279,27.67984]}},{"type":"Feature","properties":{"id":"n10121388521","type":"clinic","name":"Rastriya Aayurved Association Nepal"},"geometry":{"type":"Point","coordinates":[85.349245,27.680564]}},{"type":"Feature","properties":{"id":"n10121388525","type":"clinic","name":"Koteshwor Diagonostic Center Pvt Ltd"},"geometry":{"type":"Point","coordinates":[85.349237,27.680603]}},{"type":"Feature","properties":{"id":"n10121388526","type":"clinic","name":"Aasthanga Ayurved Hospital and Research Center Pvt.Ltd"},"geometry":{"type":"Point","coordinates":[85.349232,27.680615]}},{"type":"Feature","properties":{"id":"n10121388548","type":"clinic","name":"Janasewa Daigonostic and Medical Center Pvt.Ltd"},"geometry":{"type":"Point","coordinates":[85.349163,27.681566]}},{"type":"Feature","properties":{"id":"n10121388551","type":"clinic","name":"Subham PolyClinc and Diagonostic Center Pvt.Ltd"},"geometry":{"type":"Point","coordinates":[85.349176,27.681642]}},{"type":"Feature","properties":{"id":"n10121388590","type":"clinic","name":"Hiling Health Pvt.Ltd"},"geometry":{"type":"Point","coordinates":[85.34855,27.684108]}},{"type":"Feature","properties":{"id":"n10121388606","type":"clinic","name":"EyeMart Nepal"},"geometry":{"type":"Point","coordinates":[85.348056,27.684707]}},{"type":"Feature","properties":{"id":"n10121388636","type":"clinic","name":"Sarbanga Aayurved Upachar Kendra"},"geometry":{"type":"Point","coordinates":[85.345481,27.685775]}},{"type":"Feature","properties":{"id":"n10121388641","type":"hospital","name":"Kantipur Hospital"},"geometry":{"type":"Point","coordinates":[85.345222,27.68588]}},{"type":"Feature","properties":{"id":"n10121388675","type":"clinic","name":"Riddhi Siddhi Diagonostic and Research Center Pvt.Ltd"},"geometry":{"type":"Point","coordinates":[85.343596,27.685401]}},{"type":"Feature","properties":{"id":"n10121388697","type":"clinic","name":"Metro Eye Care"},"geometry":{"type":"Point","coordinates":[85.34211,27.682382]}},{"type":"Feature","properties":{"id":"n10121388723","type":"community_centre","name":"Shreekrishna Kunja"},"geometry":{"type":"Point","coordinates":[85.337663,27.681036]}},{"type":"Feature","properties":{"id":"n10121397647","type":"clinic","name":"Enrich Hair and Beauty Clinic"},"geometry":{"type":"Point","coordinates":[85.344459,27.684049]}},{"type":"Feature","properties":{"id":"n10121400970","type":"clinic","name":"P.D.P Health Care Pvt.Ltd"},"geometry":{"type":"Point","coordinates":[85.33884,27.677832]}},{"type":"Feature","properties":{"id":"n10121400980","type":"clinic","name":"Doctors Clinic"},"geometry":{"type":"Point","coordinates":[85.338315,27.677309]}},{"type":"Feature","properties":{"id":"n10121408453","type":"community_centre","name":"Pitri Mukti Sadan"},"geometry":{"type":"Point","coordinates":[85.340803,27.680502]}},{"type":"Feature","properties":{"id":"n10121408478","type":"clinic","name":"Homiyopythic Sagarmatha Clinic"},"geometry":{"type":"Point","coordinates":[85.342104,27.67983]}},{"type":"Feature","properties":{"id":"n10121412586","type":"clinic","name":"Advance Oral Dental Hospital"},"geometry":{"type":"Point","coordinates":[85.346155,27.678174]}},{"type":"Feature","properties":{"id":"n10121417227","type":"hospital","name":"Pics Nepal"},"geometry":{"type":"Point","coordinates":[85.347345,27.683042]}},{"type":"Feature","properties":{"id":"n10121417288","type":"school","name":"Passion International Education Pvt.Ltd"},"geometry":{"type":"Point","coordinates":[85.34647,27.68413]}},{"type":"Feature","properties":{"id":"n10121424320","type":"clinic","name":"Srijanshil Healthcare Daigonostic Center Pvt.Ltd"},"geometry":{"type":"Point","coordinates":[85.343799,27.678738]}},{"type":"Feature","properties":{"id":"n10121424417","type":"clinic","name":"Panchanga Aayurved Health Home Pvt.Ltd"},"geometry":{"type":"Point","coordinates":[85.344592,27.676453]}},{"type":"Feature","properties":{"id":"n10121523043","type":"school","name":"Shemrock Kids Wonderland"},"geometry":{"type":"Point","coordinates":[85.347349,27.68114]}},{"type":"Feature","properties":{"id":"n10121542424","type":"clinic","name":"Jeevanta Pharma Care And Clinic Pvt.Ltd"},"geometry":{"type":"Point","coordinates":[85.345822,27.685293]}},{"type":"Feature","properties":{"id":"n10121542435","type":"clinic","name":"Advance Hearing Digonestic And Rehabiliation"},"geometry":{"type":"Point","coordinates":[85.346482,27.684941]}},{"type":"Feature","properties":{"id":"n10121542476","type":"clinic","name":"Equator Pharma And Laboratory Clinic"},"geometry":{"type":"Point","coordinates":[85.345584,27.684451]}},{"type":"Feature","properties":{"id":"n10121542488","type":"clinic","name":"Novo Dental Clinic"},"geometry":{"type":"Point","coordinates":[85.345595,27.685022]}},{"type":"Feature","properties":{"id":"n10121566049","type":"clinic","name":"Yasodha Medical Hall"},"geometry":{"type":"Point","coordinates":[85.338453,27.677803]}},{"type":"Feature","properties":{"id":"n10147413989","type":"clinic","name":"Agarta Health Care Pvt.Ltd"},"geometry":{"type":"Point","coordinates":[85.344525,27.677202]}},{"type":"Feature","properties":{"id":"n10147414158","type":"community_centre","name":"KM Mobile Hub And Cyber Communication"},"geometry":{"type":"Point","coordinates":[85.348521,27.680384]}},{"type":"Feature","properties":{"id":"n10147752656","type":"clinic","name":"Bhaktapur Center"},"geometry":{"type":"Point","coordinates":[85.406776,27.67202]}},{"type":"Feature","properties":{"id":"n10148684187","type":"clinic","name":"Spark Ortho Neuro Center"},"geometry":{"type":"Point","coordinates":[85.374647,27.675617]}},{"type":"Feature","properties":{"id":"n10148831427","type":"shelter"},"geometry":{"type":"Point","coordinates":[85.385276,27.675835]}},{"type":"Feature","properties":{"id":"n10148831437","type":"shelter","name":"s"},"geometry":{"type":"Point","coordinates":[85.385583,27.676941]}},{"type":"Feature","properties":{"id":"n10148831438","type":"shelter"},"geometry":{"type":"Point","coordinates":[85.385599,27.677362]}},{"type":"Feature","properties":{"id":"n10148831446","type":"shelter"},"geometry":{"type":"Point","coordinates":[85.385605,27.678705]}},{"type":"Feature","properties":{"id":"n10148831449","type":"shelter"},"geometry":{"type":"Point","coordinates":[85.385611,27.679238]}},{"type":"Feature","properties":{"id":"n10148831460","type":"shelter"},"geometry":{"type":"Point","coordinates":[85.386119,27.68115]}},{"type":"Feature","properties":{"id":"n10148831468","type":"shelter"},"geometry":{"type":"Point","coordinates":[85.386401,27.681796]}},{"type":"Feature","properties":{"id":"n10154815006","type":"hospital","name":"kalpana health  care center"},"geometry":{"type":"Point","coordinates":[85.30062,27.767043]}},{"type":"Feature","properties":{"id":"n10177545617","type":"community_centre"},"geometry":{"type":"Point","coordinates":[85.264795,27.715958]}},{"type":"Feature","properties":{"id":"n10177545618","type":"community_centre"},"geometry":{"type":"Point","coordinates":[85.264187,27.717302]}},{"type":"Feature","properties":{"id":"n10177551017","type":"community_centre","name":"Nagarjun Coloney"},"geometry":{"type":"Point","coordinates":[85.264161,27.717657]}},{"type":"Feature","properties":{"id":"n10177551917","type":"community_centre","name":"Nagarjun Coloney"},"geometry":{"type":"Point","coordinates":[85.264232,27.717219]}},{"type":"Feature","properties":{"id":"n10185127417","type":"shelter","name":"My Home Khushibu"},"geometry":{"type":"Point","coordinates":[85.301753,27.721759]}},{"type":"Feature","properties":{"id":"n10187716417","type":"clinic"},"geometry":{"type":"Point","coordinates":[85.317801,27.763157]}},{"type":"Feature","properties":{"id":"n10196862717","type":"community_centre","name":"nagarjun coloney"},"geometry":{"type":"Point","coordinates":[85.264144,27.717173]}},{"type":"Feature","properties":{"id":"n10198512117","type":"hospital","name":"ALIF SWASTHYA SEWA KENDRA"},"geometry":{"type":"Point","coordinates":[85.317815,27.761693]}},{"type":"Feature","properties":{"id":"n10201140817","type":"clinic"},"geometry":{"type":"Point","coordinates":[85.32154,27.676054]}},{"type":"Feature","properties":{"id":"n10204311110","type":"hospital"},"geometry":{"type":"Point","coordinates":[85.380951,27.721552]}},{"type":"Feature","properties":{"id":"n10214617417","type":"hospital","name":"District Ayurveda Health Center"},"geometry":{"type":"Point","coordinates":[85.349114,27.697497]}},{"type":"Feature","properties":{"id":"n10221011717","type":"college","name":"Central College"},"geometry":{"type":"Point","coordinates":[85.349261,27.697634]}},{"type":"Feature","properties":{"id":"n10221011718","type":"clinic","name":"Saira Polypathlab & Multispeciality Clinic"},"geometry":{"type":"Point","coordinates":[85.350206,27.719211]}},{"type":"Feature","properties":{"id":"n10221032025","type":"school"},"geometry":{"type":"Point","coordinates":[85.356031,27.730434]}},{"type":"Feature","properties":{"id":"n10221032026","type":"school"},"geometry":{"type":"Point","coordinates":[85.35461,27.729982]}},{"type":"Feature","properties":{"id":"n10228658519","type":"school","name":"Akshari School"},"geometry":{"type":"Point","coordinates":[85.384033,27.707202]}},{"type":"Feature","properties":{"id":"n10229715412","type":"school","name":"Shree Jagriti Basic School"},"geometry":{"type":"Point","coordinates":[85.460461,27.61841]}},{"type":"Feature","properties":{"id":"n10230034824","type":"police","name":"Mahanagariya Asthayi Prahari Beat"},"geometry":{"type":"Point","coordinates":[85.459908,27.618578]}},{"type":"Feature","properties":{"id":"n10233487322","type":"school","name":"Bal Srijanalaya Secondary School"},"geometry":{"type":"Point","coordinates":[85.380218,27.723055]}},{"type":"Feature","properties":{"id":"n10236691409","type":"clinic","name":"Snow Region Welfare Clinic"},"geometry":{"type":"Point","coordinates":[85.368065,27.72677]}},{"type":"Feature","properties":{"id":"n10285594909","type":"community_centre"},"geometry":{"type":"Point","coordinates":[85.360234,27.723604]}},{"type":"Feature","properties":{"id":"n10285931604","type":"police","name":"Area Police Office Khanikhola Dhading"},"geometry":{"type":"Point","coordinates":[85.162468,27.71783]}},{"type":"Feature","properties":{"id":"n10286941803","type":"clinic","name":"Healthy Choice Clinic"},"geometry":{"type":"Point","coordinates":[85.331577,27.721222]}},{"type":"Feature","properties":{"id":"n10290840609","type":"school","name":"Janak Nath Memorial Secondary School"},"geometry":{"type":"Point","coordinates":[85.313682,27.71827]}},{"type":"Feature","properties":{"id":"n10290840610","type":"school","name":"Shree Shanti Vidyagriha S.S."},"geometry":{"type":"Point","coordinates":[85.31367,27.717951]}},{"type":"Feature","properties":{"id":"n10294835214","type":"hospital","name":"Let Me In"},"geometry":{"type":"Point","coordinates":[85.333848,27.737267]}},{"type":"Feature","properties":{"id":"n10305067097","type":"school","name":"Bagmati Boarding School"},"geometry":{"type":"Point","coordinates":[85.346397,27.727608]}},{"type":"Feature","properties":{"id":"n10305102342","type":"hospital","name":"Om Hospital & Research Center Pvt.Ltd"},"geometry":{"type":"Point","coordinates":[85.344803,27.72142]}},{"type":"Feature","properties":{"id":"n10608402705","type":"clinic","name":"Nagadesh Health Post"},"geometry":{"type":"Point","coordinates":[85.38561,27.685035]}},{"type":"Feature","properties":{"id":"n10610495708","type":"hospital","name":"Orisan Medical Hall"},"geometry":{"type":"Point","coordinates":[85.378997,27.707177]}},{"type":"Feature","properties":{"id":"n10610495807","type":"hospital","name":"Dirghajivan Medical Hall"},"geometry":{"type":"Point","coordinates":[85.379038,27.706729]}},{"type":"Feature","properties":{"id":"n10611337607","type":"school","name":"Korean language centre"},"geometry":{"type":"Point","coordinates":[85.370456,27.705829]}},{"type":"Feature","properties":{"id":"n10611337608","type":"school","name":"Temple tree montessori"},"geometry":{"type":"Point","coordinates":[85.377577,27.707433]}},{"type":"Feature","properties":{"id":"n10611337612","type":"community_centre","name":"Jestha Nagharik Building"},"geometry":{"type":"Point","coordinates":[85.383303,27.707774]}},{"type":"Feature","properties":{"id":"n10611337907","type":"school","name":"Kopila kids academy"},"geometry":{"type":"Point","coordinates":[85.371367,27.70917]}},{"type":"Feature","properties":{"id":"n10611337914","type":"clinic","name":"Physiotherapy"},"geometry":{"type":"Point","coordinates":[85.378414,27.706893]}},{"type":"Feature","properties":{"id":"n10614011606","type":"school","name":"PRADESH MONTESSORI SCHOOL"},"geometry":{"type":"Point","coordinates":[85.377638,27.703435]}},{"type":"Feature","properties":{"id":"n10614867910","type":"hospital","name":"Basic Health Center"},"geometry":{"type":"Point","coordinates":[85.379392,27.707169]}},{"type":"Feature","properties":{"id":"n10614867914","type":"school","name":"Greenwhich academy"},"geometry":{"type":"Point","coordinates":[85.377737,27.701126]}},{"type":"Feature","properties":{"id":"n10617740510","type":"school","name":"Ekalayav Kshya Shadan"},"geometry":{"type":"Point","coordinates":[85.377867,27.696435]}},{"type":"Feature","properties":{"id":"n10617740511","type":"school","name":"Sheevya Pre School"},"geometry":{"type":"Point","coordinates":[85.384128,27.700529]}},{"type":"Feature","properties":{"id":"n10629351305","type":"hospital","name":"Medd star heath care"},"geometry":{"type":"Point","coordinates":[85.377914,27.69639]}},{"type":"Feature","properties":{"id":"n10637324505","type":"shelter"},"geometry":{"type":"Point","coordinates":[85.370636,27.719373]}},{"type":"Feature","properties":{"id":"n10648641715","type":"community_centre","name":"Paurakhi Tole"},"geometry":{"type":"Point","coordinates":[85.277279,27.682083]}},{"type":"Feature","properties":{"id":"n10654444705","type":"college","name":"loksewa ayoge"},"geometry":{"type":"Point","coordinates":[85.325635,27.700965]}},{"type":"Feature","properties":{"id":"n10711363605","type":"clinic","name":"Kopila Baby Clinic"},"geometry":{"type":"Point","coordinates":[85.317215,27.676737]}},{"type":"Feature","properties":{"id":"n10716584878","type":"college","name":"Nepal bank limited"},"geometry":{"type":"Point","coordinates":[85.325372,27.689605]}},{"type":"Feature","properties":{"id":"n10724948065","type":"hospital","name":"Kirtipur Phect Hospital"},"geometry":{"type":"Point","coordinates":[85.273727,27.682539]}},{"type":"Feature","properties":{"id":"n10745279448","type":"community_centre","name":"Khowpa Banquet"},"geometry":{"type":"Point","coordinates":[85.444092,27.679882]}},{"type":"Feature","properties":{"id":"n10758038828","type":"clinic","name":"Marie Stopes Center - Satdobato"},"geometry":{"type":"Point","coordinates":[85.325925,27.659887]}},{"type":"Feature","properties":{"id":"n10810623305","type":"community_centre","name":"Alok Shrestha"},"geometry":{"type":"Point","coordinates":[85.34744,27.671057]}},{"type":"Feature","properties":{"id":"n10825695505","type":"college","name":"Nepal Medical College Basic Sciences Building"},"geometry":{"type":"Point","coordinates":[85.377398,27.731852]}},{"type":"Feature","properties":{"id":"n10859365522","type":"shelter"},"geometry":{"type":"Point","coordinates":[85.329918,27.744923]}},{"type":"Feature","properties":{"id":"n10895775364","type":"school"},"geometry":{"type":"Point","coordinates":[85.338969,27.671394]}},{"type":"Feature","properties":{"id":"n10938910381","type":"clinic","name":"Buddha Park Pharmacy"},"geometry":{"type":"Point","coordinates":[85.292713,27.731845]}},{"type":"Feature","properties":{"id":"n10938992087","type":"community_centre","name":"A One Party Venue"},"geometry":{"type":"Point","coordinates":[85.276597,27.671769]}},{"type":"Feature","properties":{"id":"n10970027905","type":"shelter"},"geometry":{"type":"Point","coordinates":[85.275819,27.703087]}},{"type":"Feature","properties":{"id":"n10971613623","type":"college","name":"Khwopa Engineering College"},"geometry":{"type":"Point","coordinates":[85.439689,27.670884]}},{"type":"Feature","properties":{"id":"n10988346447","type":"school","name":"Himchuli English Secondary School"},"geometry":{"type":"Point","coordinates":[85.338531,27.662246]}},{"type":"Feature","properties":{"id":"n10994040476","type":"school","name":"Kids World Academy"},"geometry":{"type":"Point","coordinates":[85.385746,27.702346]}},{"type":"Feature","properties":{"id":"n11011936485","type":"school","name":"Kathmandu Meridian School"},"geometry":{"type":"Point","coordinates":[85.344045,27.739276]}},{"type":"Feature","properties":{"id":"n11035159505","type":"college","name":"Institute of Engineering, Thapathali Campus"},"geometry":{"type":"Point","coordinates":[85.319085,27.69413]}},{"type":"Feature","properties":{"id":"n11061895705","type":"school","name":"AVS School"},"geometry":{"type":"Point","coordinates":[85.33176,27.664273]}},{"type":"Feature","properties":{"id":"n11073546582","type":"school","name":"Samaj Secondary School"},"geometry":{"type":"Point","coordinates":[85.437255,27.671283]}},{"type":"Feature","properties":{"id":"n11073546586","type":"school","name":"Khwopring Secondary School"},"geometry":{"type":"Point","coordinates":[85.440526,27.670768]}},{"type":"Feature","properties":{"id":"n11076657705","type":"shelter"},"geometry":{"type":"Point","coordinates":[85.437281,27.684818]}},{"type":"Feature","properties":{"id":"n11076657706","type":"shelter"},"geometry":{"type":"Point","coordinates":[85.436122,27.680698]}},{"type":"Feature","properties":{"id":"n11080760305","type":"school"},"geometry":{"type":"Point","coordinates":[85.288509,27.739126]}},{"type":"Feature","properties":{"id":"n11158531706","type":"community_centre","name":"KVD Complex"},"geometry":{"type":"Point","coordinates":[85.338873,27.670943]}},{"type":"Feature","properties":{"id":"n11220906037","type":"school","name":"Budhanilkantha School"},"geometry":{"type":"Point","coordinates":[85.358126,27.779787]}},{"type":"Feature","properties":{"id":"n11235075337","type":"clinic","name":"Travel and Mountain Medicine Center"},"geometry":{"type":"Point","coordinates":[85.306682,27.716432]}},{"type":"Feature","properties":{"id":"n11247589418","type":"clinic","name":"Chayanath health care"},"geometry":{"type":"Point","coordinates":[85.41541,27.71032]}},{"type":"Feature","properties":{"id":"n11247628195","type":"college","name":"Drawing and Lecture Halls"},"geometry":{"type":"Point","coordinates":[85.415607,27.710072]}},{"type":"Feature","properties":{"id":"n11252217741","type":"school","name":"Mickey's International Pre-Primary School"},"geometry":{"type":"Point","coordinates":[85.319375,27.686599]}},{"type":"Feature","properties":{"id":"n11285942479","type":"shelter"},"geometry":{"type":"Point","coordinates":[85.427654,27.771016]}},{"type":"Feature","properties":{"id":"n11285942482","type":"shelter"},"geometry":{"type":"Point","coordinates":[85.426418,27.771201]}},{"type":"Feature","properties":{"id":"n11292286266","type":"school","name":"Jeevan Jyoti Secondary School"},"geometry":{"type":"Point","coordinates":[85.30644,27.747441]}},{"type":"Feature","properties":{"id":"n11331070169","type":"hospital","name":"Healthpost"},"geometry":{"type":"Point","coordinates":[85.385181,27.67597]}},{"type":"Feature","properties":{"id":"n11336017070","type":"college"},"geometry":{"type":"Point","coordinates":[85.280987,27.699102]}},{"type":"Feature","properties":{"id":"n11345556685","type":"school","name":"vedic school"},"geometry":{"type":"Point","coordinates":[85.363606,27.668312]}},{"type":"Feature","properties":{"id":"n11396088369","type":"shelter"},"geometry":{"type":"Point","coordinates":[85.340096,27.713714]}},{"type":"Feature","properties":{"id":"n11442942719","type":"college","name":"Liberty College"},"geometry":{"type":"Point","coordinates":[85.328897,27.694473]}},{"type":"Feature","properties":{"id":"n11455002572","type":"clinic","name":"Super Vision eye clinic & optical center"},"geometry":{"type":"Point","coordinates":[85.317579,27.747185]}},{"type":"Feature","properties":{"id":"n11472669704","type":"community_centre","name":"cruiseaids"},"geometry":{"type":"Point","coordinates":[85.320731,27.718102]}},{"type":"Feature","properties":{"id":"n11505176618","type":"school","name":"Holi Garden Boarding High School"},"geometry":{"type":"Point","coordinates":[85.304949,27.732803]}},{"type":"Feature","properties":{"id":"n11690920994","type":"police"},"geometry":{"type":"Point","coordinates":[85.306683,27.703775]}},{"type":"Feature","properties":{"id":"n11701254293","type":"hospital","name":"Stupa community hospital"},"geometry":{"type":"Point","coordinates":[85.351206,27.720303]}},{"type":"Feature","properties":{"id":"n11762755369","type":"clinic","name":"Seeing Hands Nepal (Kaldhara) - Blind Message Clinic"},"geometry":{"type":"Point","coordinates":[85.307833,27.716685]}},{"type":"Feature","properties":{"id":"n11767842469","type":"college","name":"Triton College"},"geometry":{"type":"Point","coordinates":[85.338447,27.67602]}},{"type":"Feature","properties":{"id":"n11875477270","type":"clinic","name":"MS Health Care and Gastro Center"},"geometry":{"type":"Point","coordinates":[85.346246,27.672103]}},{"type":"Feature","properties":{"id":"n11875486985","type":"college","name":"CCRC College"},"geometry":{"type":"Point","coordinates":[85.343557,27.67289]}},{"type":"Feature","properties":{"id":"n11876294169","type":"college","name":"King collage"},"geometry":{"type":"Point","coordinates":[85.327985,27.689126]}},{"type":"Feature","properties":{"id":"n11933003491","type":"school","name":"Study Destination Center"},"geometry":{"type":"Point","coordinates":[85.323227,27.667796]}},{"type":"Feature","properties":{"id":"n11933256980","type":"clinic","name":"HRL & Clinic"},"geometry":{"type":"Point","coordinates":[85.324299,27.66703]}},{"type":"Feature","properties":{"id":"n11933329642","type":"community_centre","name":"Lagankhel Youth Club"},"geometry":{"type":"Point","coordinates":[85.324285,27.66551]}},{"type":"Feature","properties":{"id":"n11933494158","type":"clinic","name":"Eye Clinic"},"geometry":{"type":"Point","coordinates":[85.425751,27.671008]}},{"type":"Feature","properties":{"id":"n11933561846","type":"clinic","name":"Orential Care Optical"},"geometry":{"type":"Point","coordinates":[85.428386,27.670412]}},{"type":"Feature","properties":{"id":"n11934397703","type":"clinic","name":"Bhaktapur Heart & Diabetic Centre"},"geometry":{"type":"Point","coordinates":[85.430633,27.672329]}},{"type":"Feature","properties":{"id":"n11934784320","type":"community_centre","name":"World New Guthi"},"geometry":{"type":"Point","coordinates":[85.435399,27.673734]}},{"type":"Feature","properties":{"id":"n11934972050","type":"clinic","name":"Khowpa Home Health Care Center"},"geometry":{"type":"Point","coordinates":[85.437011,27.675149]}},{"type":"Feature","properties":{"id":"n11939796142","type":"clinic","name":"Happy Medicare"},"geometry":{"type":"Point","coordinates":[85.441439,27.678788]}},{"type":"Feature","properties":{"id":"n11939799211","type":"clinic","name":"Relief Medical Hall"},"geometry":{"type":"Point","coordinates":[85.444248,27.67926]}},{"type":"Feature","properties":{"id":"n11949549134","type":"college","name":"Suwal International College"},"geometry":{"type":"Point","coordinates":[85.419827,27.666486]}},{"type":"Feature","properties":{"id":"n11949808339","type":"clinic","name":"Niwaran Poly Clinic"},"geometry":{"type":"Point","coordinates":[85.373556,27.67367]}},{"type":"Feature","properties":{"id":"n11964350927","type":"college","name":"Modern School/College"},"geometry":{"type":"Point","coordinates":[85.405246,27.673763]}},{"type":"Feature","properties":{"id":"n11974912387","type":"school","name":"Demos English School"},"geometry":{"type":"Point","coordinates":[85.426877,27.666847]}},{"type":"Feature","properties":{"id":"n11974969347","type":"school","name":"Bright Star English School"},"geometry":{"type":"Point","coordinates":[85.427045,27.667196]}},{"type":"Feature","properties":{"id":"n11974973774","type":"school","name":"Minerva English School"},"geometry":{"type":"Point","coordinates":[85.427053,27.666888]}},{"type":"Feature","properties":{"id":"n12118555656","type":"college","name":"Geomatic Institute of Technology"},"geometry":{"type":"Point","coordinates":[85.323709,27.687247]}},{"type":"Feature","properties":{"id":"n12124813132","type":"police","name":"Hepali Height Police Station"},"geometry":{"type":"Point","coordinates":[85.340202,27.75356]}},{"type":"Feature","properties":{"id":"n12125902026","type":"school","name":"Deerwalk Sifal School"},"geometry":{"type":"Point","coordinates":[85.341935,27.711915]}},{"type":"Feature","properties":{"id":"n12147778480","type":"school","name":"Deneb Nepal"},"geometry":{"type":"Point","coordinates":[85.338062,27.694197]}},{"type":"Feature","properties":{"id":"n12147778481","type":"school","name":"Everest Florida College"},"geometry":{"type":"Point","coordinates":[85.336341,27.694202]}},{"type":"Feature","properties":{"id":"n12247587057","type":"hospital","name":"Golfutar Eye Hospital"},"geometry":{"type":"Point","coordinates":[85.345687,27.751521]}},{"type":"Feature","properties":{"id":"n12290271777","type":"school","name":"Manichud Payul Ling Monastery school"},"geometry":{"type":"Point","coordinates":[85.469708,27.760759]}},{"type":"Feature","properties":{"id":"n12318212001","type":"hospital","name":"Valley Hospital (Putalisadak)"},"geometry":{"type":"Point","coordinates":[85.323231,27.705249]}},{"type":"Feature","properties":{"id":"n12328790501","type":"clinic","name":"Sarwanidan Clinic (Ratopul)"},"geometry":{"type":"Point","coordinates":[85.337552,27.708148]}},{"type":"Feature","properties":{"id":"n12394363202","type":"police","name":"Police Beat (Ratopul)"},"geometry":{"type":"Point","coordinates":[85.337216,27.708091]}},{"type":"Feature","properties":{"id":"n12589388685","type":"hospital","name":"Derma Clinic"},"geometry":{"type":"Point","coordinates":[85.326391,27.73854]}},{"type":"Feature","properties":{"id":"n12797264819","type":"school","name":"Jaya Bording School"},"geometry":{"type":"Point","coordinates":[85.396612,27.693066]}},{"type":"Feature","properties":{"id":"n12797264820","type":"police","name":"Police Bit"},"geometry":{"type":"Point","coordinates":[85.395688,27.690739]}},{"type":"Feature","properties":{"id":"n12950805170","type":"shelter"},"geometry":{"type":"Point","coordinates":[85.302761,27.551765]}},{"type":"Feature","properties":{"id":"n12964017901","type":"school","name":"Golden Flower Secondary School"},"geometry":{"type":"Point","coordinates":[85.256165,27.695452]}},{"type":"Feature","properties":{"id":"n13021992796","type":"school","name":"Aksharaa School"},"geometry":{"type":"Point","coordinates":[85.36745,27.697516]}},{"type":"Feature","properties":{"id":"n13084006723","type":"community_centre","name":"Banasthali Party Palace"},"geometry":{"type":"Point","coordinates":[85.294621,27.722761]}},{"type":"Feature","properties":{"id":"n13237557594","type":"school","name":"Eden Garden English School(New Block)"},"geometry":{"type":"Point","coordinates":[85.381218,27.666885]}},{"type":"Feature","properties":{"id":"n13237574803","type":"school","name":"Ganesh Basic School"},"geometry":{"type":"Point","coordinates":[85.380555,27.666917]}},{"type":"Feature","properties":{"id":"n13237621132","type":"police","name":"Police Beat, Balkot, Bhaktapur"},"geometry":{"type":"Point","coordinates":[85.379744,27.664855]}},{"type":"Feature","properties":{"id":"n13339758218","type":"hospital","name":"Kathmandu Netralaya"},"geometry":{"type":"Point","coordinates":[85.345286,27.750303]}},{"type":"Feature","properties":{"id":"n13347308601","type":"college","name":"St. Xavier's College Loyola Campus"},"geometry":{"type":"Point","coordinates":[85.320327,27.691704]}},{"type":"Feature","properties":{"id":"n13604473229","type":"college","name":"Mid Valley SS/College"},"geometry":{"type":"Point","coordinates":[85.389037,27.670021]}},{"type":"Feature","properties":{"id":"n13851562701","type":"clinic","name":"Sudristi eye clinic"},"geometry":{"type":"Point","coordinates":[85.318311,27.711114]}},{"type":"Feature","properties":{"id":"n13982195841","type":"school","name":"Pineridge Academy"},"geometry":{"type":"Point","coordinates":[85.353977,27.734911]}},{"type":"Feature","properties":{"id":"n14019369747","type":"college","name":"Techspire College"},"geometry":{"type":"Point","coordinates":[85.334689,27.687414]}},{"type":"Feature","properties":{"id":"n14061119407","type":"school","name":"Shree Jyoti Secondary School"},"geometry":{"type":"Point","coordinates":[85.400739,27.657808]}},{"type":"Feature","properties":{"id":"n14061119410","type":"school","name":"Modern School"},"geometry":{"type":"Point","coordinates":[85.395599,27.659562]}},{"type":"Feature","properties":{"id":"n14061119412","type":"school","name":"Kathmandu World School"},"geometry":{"type":"Point","coordinates":[85.413188,27.653112]}},{"type":"Feature","properties":{"id":"n14081637984","type":"hospital","name":"Millennium Aesthetics"},"geometry":{"type":"Point","coordinates":[85.301255,27.676207]}},{"type":"Feature","properties":{"id":"w53017598","type":"school","name":"The British School"},"geometry":{"type":"Point","coordinates":[85.311647,27.682106]}},{"type":"Feature","properties":{"id":"w84035026","type":"college","name":"St. Xavier's College"},"geometry":{"type":"Point","coordinates":[85.32114,27.693254]}},{"type":"Feature","properties":{"id":"w84035028","type":"university","name":"TU Controller of Examinations"},"geometry":{"type":"Point","coordinates":[85.295339,27.684145]}},{"type":"Feature","properties":{"id":"w112117057","type":"police","name":"Metropolitan Police Commissioner’s Office"},"geometry":{"type":"Point","coordinates":[85.316076,27.706948]}},{"type":"Feature","properties":{"id":"w112117062","type":"hospital","name":"National Trauma Center"},"geometry":{"type":"Point","coordinates":[85.313067,27.7043]}},{"type":"Feature","properties":{"id":"w112654802","type":"school","name":"Tindhara Pathshala"},"geometry":{"type":"Point","coordinates":[85.317464,27.709555]}},{"type":"Feature","properties":{"id":"w120435385","type":"hospital","name":"Tilganga Institute of Opthalmology"},"geometry":{"type":"Point","coordinates":[85.350669,27.705359]}},{"type":"Feature","properties":{"id":"w124300987","type":"college","name":"Olympia World College / Milton International College"},"geometry":{"type":"Point","coordinates":[85.327406,27.687173]}},{"type":"Feature","properties":{"id":"w124304055","type":"hospital","name":"Norvic Hospital"},"geometry":{"type":"Point","coordinates":[85.319199,27.689967]}},{"type":"Feature","properties":{"id":"w124304057","type":"hospital","name":"Paropakar Maternity Hospital"},"geometry":{"type":"Point","coordinates":[85.318916,27.689346]}},{"type":"Feature","properties":{"id":"w124480163","type":"college","name":"Janakpur Engineering College"},"geometry":{"type":"Point","coordinates":[85.312473,27.686878]}},{"type":"Feature","properties":{"id":"w124480166","type":"hospital","name":"Everest Hospital (New Baneshwor)"},"geometry":{"type":"Point","coordinates":[85.332899,27.688495]}},{"type":"Feature","properties":{"id":"w125637523","type":"college","name":"Classic College International"},"geometry":{"type":"Point","coordinates":[85.34923,27.702476]}},{"type":"Feature","properties":{"id":"w126322078","type":"school","name":"Lincoln School"},"geometry":{"type":"Point","coordinates":[85.293724,27.693955]}},{"type":"Feature","properties":{"id":"w134726860","type":"school","name":"St. Xavier's School"},"geometry":{"type":"Point","coordinates":[85.312805,27.674527]}},{"type":"Feature","properties":{"id":"w136485908","type":"college","name":"Public Youth Campus"},"geometry":{"type":"Point","coordinates":[85.307282,27.713013]}},{"type":"Feature","properties":{"id":"w138451637","type":"hospital","name":"Ayurveda Hospital"},"geometry":{"type":"Point","coordinates":[85.305394,27.70783]}},{"type":"Feature","properties":{"id":"w163689798","type":"school","name":"Madan Smarak Higher Secondary School"},"geometry":{"type":"Point","coordinates":[85.318262,27.676524]}},{"type":"Feature","properties":{"id":"w168839124","type":"school","name":"Glacier International Higher Secondary School"},"geometry":{"type":"Point","coordinates":[85.345451,27.68801]}},{"type":"Feature","properties":{"id":"w169078006","type":"school","name":"Jaljala Shishu Sadan Secondary School"},"geometry":{"type":"Point","coordinates":[85.305137,27.708651]}},{"type":"Feature","properties":{"id":"w169429526","type":"school","name":"Nava Adarsha Secondary School"},"geometry":{"type":"Point","coordinates":[85.306679,27.703556]}},{"type":"Feature","properties":{"id":"w170428974","type":"hospital","name":"Animal Hospital"},"geometry":{"type":"Point","coordinates":[85.311931,27.673378]}},{"type":"Feature","properties":{"id":"w170430563","type":"college","name":"DAV College"},"geometry":{"type":"Point","coordinates":[85.309365,27.674958]}},{"type":"Feature","properties":{"id":"w170430565","type":"school","name":"DAV Sushil Kedia Vishwa Bharati School"},"geometry":{"type":"Point","coordinates":[85.308656,27.674241]}},{"type":"Feature","properties":{"id":"w171382518","type":"school","name":"Adarsha Janapremi Higher Secondary School"},"geometry":{"type":"Point","coordinates":[85.365126,27.675292]}},{"type":"Feature","properties":{"id":"w171495941","type":"school","name":"SOS Hermann Gmeiner School"},"geometry":{"type":"Point","coordinates":[85.371216,27.683806]}},{"type":"Feature","properties":{"id":"w172386318","type":"police","name":"Police Headquarter"},"geometry":{"type":"Point","coordinates":[85.328737,27.715927]}},{"type":"Feature","properties":{"id":"w172774282","type":"school","name":"Shree Bhaisnavi Secondary School"},"geometry":{"type":"Point","coordinates":[85.283918,27.672438]}},{"type":"Feature","properties":{"id":"w172952535","type":"police","name":"metropolitan Traffic Police"},"geometry":{"type":"Point","coordinates":[85.349221,27.678082]}},{"type":"Feature","properties":{"id":"w172953244","type":"school","name":"Cosmic International Academy"},"geometry":{"type":"Point","coordinates":[85.345369,27.674778]}},{"type":"Feature","properties":{"id":"w172954057","type":"school","name":"SOS koteshwar"},"geometry":{"type":"Point","coordinates":[85.344338,27.676259]}},{"type":"Feature","properties":{"id":"w176768699","type":"hospital","name":"Upendra Devkota Memorial - National Institute of Neurological and Allied Sciences"},"geometry":{"type":"Point","coordinates":[85.345961,27.74871]}},{"type":"Feature","properties":{"id":"w176772311","type":"hospital","name":"Shahid Gangalal National Heart Centre"},"geometry":{"type":"Point","coordinates":[85.343644,27.745821]}},{"type":"Feature","properties":{"id":"w176926682","type":"college","name":"Yeti Health Science Academy"},"geometry":{"type":"Point","coordinates":[85.328132,27.735542]}},{"type":"Feature","properties":{"id":"w177098888","type":"school","name":"Kaasthamandap Vidhyalaya"},"geometry":{"type":"Point","coordinates":[85.347705,27.735387]}},{"type":"Feature","properties":{"id":"w177098890","type":"school","name":"NIBS School"},"geometry":{"type":"Point","coordinates":[85.348493,27.736792]}},{"type":"Feature","properties":{"id":"w177582761","type":"fire_station","name":"Phulchowk Fire Station"},"geometry":{"type":"Point","coordinates":[85.314972,27.675535]}},{"type":"Feature","properties":{"id":"w177582762","type":"school","name":"Ideal Model School"},"geometry":{"type":"Point","coordinates":[85.308347,27.67709]}},{"type":"Feature","properties":{"id":"w177616021","type":"school","name":"Laboratory Higher SecondarySchool"},"geometry":{"type":"Point","coordinates":[85.294977,27.67768]}},{"type":"Feature","properties":{"id":"w177618128","type":"school","name":"Indian Modern High School"},"geometry":{"type":"Point","coordinates":[85.296043,27.66731]}},{"type":"Feature","properties":{"id":"w177618132","type":"school","name":"Pushpa Sadan Boarding School"},"geometry":{"type":"Point","coordinates":[85.273971,27.674615]}},{"type":"Feature","properties":{"id":"w177789379","type":"school","name":"Malpi International College"},"geometry":{"type":"Point","coordinates":[85.328002,27.723984]}},{"type":"Feature","properties":{"id":"w177949335","type":"school","name":"Future Star School"},"geometry":{"type":"Point","coordinates":[85.315037,27.672453]}},{"type":"Feature","properties":{"id":"w178414856","type":"college","name":"Camad College"},"geometry":{"type":"Point","coordinates":[85.347824,27.730255]}},{"type":"Feature","properties":{"id":"w178494190","type":"university","name":"Nepal Academy of Science and Technology (NAST)"},"geometry":{"type":"Point","coordinates":[85.328302,27.656057]}},{"type":"Feature","properties":{"id":"w178606435","type":"school"},"geometry":{"type":"Point","coordinates":[85.349487,27.73659]}},{"type":"Feature","properties":{"id":"w178772718","type":"school","name":"Lumbini Beginner's Academy"},"geometry":{"type":"Point","coordinates":[85.345842,27.734516]}},{"type":"Feature","properties":{"id":"w178772801","type":"school","name":"Edmund English School"},"geometry":{"type":"Point","coordinates":[85.344898,27.733202]}},{"type":"Feature","properties":{"id":"w178782986","type":"school","name":"Rhododendron International Higher Secondary Boarding School"},"geometry":{"type":"Point","coordinates":[85.239008,27.689602]}},{"type":"Feature","properties":{"id":"w178791628","type":"school","name":"Prabhat Higher Secondary School"},"geometry":{"type":"Point","coordinates":[85.226247,27.688899]}},{"type":"Feature","properties":{"id":"w178914637","type":"school","name":"Malpi Primary School"},"geometry":{"type":"Point","coordinates":[85.326842,27.71708]}},{"type":"Feature","properties":{"id":"w178915271","type":"school","name":"Herald International School"},"geometry":{"type":"Point","coordinates":[85.322526,27.679346]}},{"type":"Feature","properties":{"id":"w178915316","type":"school","name":"Manjushri English Medium High School"},"geometry":{"type":"Point","coordinates":[85.308406,27.674983]}},{"type":"Feature","properties":{"id":"w178915320","type":"school","name":"Shri Sanchetana Primary School"},"geometry":{"type":"Point","coordinates":[85.305514,27.674851]}},{"type":"Feature","properties":{"id":"w178915839","type":"school","name":"Bhaktapur NIST School"},"geometry":{"type":"Point","coordinates":[85.362014,27.678577]}},{"type":"Feature","properties":{"id":"w178915842","type":"school","name":"Om Gyan Mandir School"},"geometry":{"type":"Point","coordinates":[85.359878,27.675188]}},{"type":"Feature","properties":{"id":"w178915843","type":"college","name":"Acer International College"},"geometry":{"type":"Point","coordinates":[85.360878,27.674417]}},{"type":"Feature","properties":{"id":"w178927729","type":"hospital","name":"Alka Hospital"},"geometry":{"type":"Point","coordinates":[85.315091,27.674555]}},{"type":"Feature","properties":{"id":"w178966697","type":"school","name":"Little Stars Academy"},"geometry":{"type":"Point","coordinates":[85.24907,27.687343]}},{"type":"Feature","properties":{"id":"w179078560","type":"school","name":"Hindu Vidyapeeth - Nepal"},"geometry":{"type":"Point","coordinates":[85.337843,27.671217]}},{"type":"Feature","properties":{"id":"w179085139","type":"police","name":"Jawalakhel Police Station"},"geometry":{"type":"Point","coordinates":[85.312387,27.67377]}},{"type":"Feature","properties":{"id":"w179092016","type":"community_centre","name":"kwaelachi chapa"},"geometry":{"type":"Point","coordinates":[85.328289,27.67385]}},{"type":"Feature","properties":{"id":"w179092028","type":"school","name":"Matribhumi School"},"geometry":{"type":"Point","coordinates":[85.366725,27.681221]}},{"type":"Feature","properties":{"id":"w179243141","type":"hospital","name":"Ayurvedic Hospital"},"geometry":{"type":"Point","coordinates":[85.289335,27.676792]}},{"type":"Feature","properties":{"id":"w179243142","type":"hospital","name":"Ayurvedic Teaching Hospital (OPD)"},"geometry":{"type":"Point","coordinates":[85.290194,27.675783]}},{"type":"Feature","properties":{"id":"w179465469","type":"school","name":"Mount Gaurishankar School"},"geometry":{"type":"Point","coordinates":[85.328205,27.722061]}},{"type":"Feature","properties":{"id":"w179469145","type":"hospital","name":"BioMed Hospital"},"geometry":{"type":"Point","coordinates":[85.331051,27.722693]}},{"type":"Feature","properties":{"id":"w179736868","type":"school","name":"Shaheed Shukra Secondary School"},"geometry":{"type":"Point","coordinates":[85.318802,27.703538]}},{"type":"Feature","properties":{"id":"w179746772","type":"school","name":"Shri Mahankal Janajagarit H.S. School"},"geometry":{"type":"Point","coordinates":[85.348982,27.748666]}},{"type":"Feature","properties":{"id":"w179746775","type":"school","name":"Blossom Co-ed Academy"},"geometry":{"type":"Point","coordinates":[85.349003,27.747789]}},{"type":"Feature","properties":{"id":"w180082302","type":"school","name":"Samye Memorial Buddist Vihara"},"geometry":{"type":"Point","coordinates":[85.344023,27.740012]}},{"type":"Feature","properties":{"id":"w180082316","type":"clinic","name":"Basundhara Polyclinic"},"geometry":{"type":"Point","coordinates":[85.335944,27.741015]}},{"type":"Feature","properties":{"id":"w180082335","type":"college","name":"Norvic Institute of Nursing Education"},"geometry":{"type":"Point","coordinates":[85.340005,27.74018]}},{"type":"Feature","properties":{"id":"w180082360","type":"police","name":"Narayan Gopal Chok Police Checkpost"},"geometry":{"type":"Point","coordinates":[85.338555,27.739508]}},{"type":"Feature","properties":{"id":"w180086303","type":"school","name":"Bhassara School"},"geometry":{"type":"Point","coordinates":[85.338244,27.673022]}},{"type":"Feature","properties":{"id":"w180086304","type":"college","name":"Milestone International College"},"geometry":{"type":"Point","coordinates":[85.339823,27.672189]}},{"type":"Feature","properties":{"id":"w180087479","type":"school","name":"Phoenix College"},"geometry":{"type":"Point","coordinates":[85.332175,27.704161]}},{"type":"Feature","properties":{"id":"w180349345","type":"school","name":"Shiradi Sai Academy"},"geometry":{"type":"Point","coordinates":[85.334345,27.726889]}},{"type":"Feature","properties":{"id":"w180933580","type":"school","name":"Guheswari Higher Secondary School"},"geometry":{"type":"Point","coordinates":[85.351955,27.694706]}},{"type":"Feature","properties":{"id":"w181280882","type":"police","name":"Nepal Police Training Academy"},"geometry":{"type":"Point","coordinates":[85.327985,27.733815]}},{"type":"Feature","properties":{"id":"w181340174","type":"school"},"geometry":{"type":"Point","coordinates":[85.344652,27.684312]}},{"type":"Feature","properties":{"id":"w181376781","type":"school","name":"Arunima Higher Secondary School"},"geometry":{"type":"Point","coordinates":[85.358703,27.716927]}},{"type":"Feature","properties":{"id":"w181376800","type":"school","name":"Samata School"},"geometry":{"type":"Point","coordinates":[85.360922,27.71696]}},{"type":"Feature","properties":{"id":"w181391493","type":"community_centre","name":"Vamalu Chok"},"geometry":{"type":"Point","coordinates":[85.313508,27.709009]}},{"type":"Feature","properties":{"id":"w181427346","type":"hospital","name":"ManMohan Cardiothoracic Vascular & Transplant Center"},"geometry":{"type":"Point","coordinates":[85.328709,27.735821]}},{"type":"Feature","properties":{"id":"w181573414","type":"college","name":"Bridgewater College"},"geometry":{"type":"Point","coordinates":[85.352348,27.696295]}},{"type":"Feature","properties":{"id":"w181573533","type":"college","name":"Ace Institute of Management"},"geometry":{"type":"Point","coordinates":[85.34772,27.699115]}},{"type":"Feature","properties":{"id":"w181575432","type":"hospital","name":"Mental Hospital"},"geometry":{"type":"Point","coordinates":[85.322406,27.667962]}},{"type":"Feature","properties":{"id":"w181976128","type":"school","name":"Bhimsengola Secondary School"},"geometry":{"type":"Point","coordinates":[85.340689,27.689971]}},{"type":"Feature","properties":{"id":"w181977687","type":"school","name":"Ace Institute of Management"},"geometry":{"type":"Point","coordinates":[85.339259,27.690834]}},{"type":"Feature","properties":{"id":"w182040664","type":"school","name":"Angel Lord Academy High School"},"geometry":{"type":"Point","coordinates":[85.347534,27.679857]}},{"type":"Feature","properties":{"id":"w182115996","type":"clinic","name":"City Polyclinic"},"geometry":{"type":"Point","coordinates":[85.34611,27.678346]}},{"type":"Feature","properties":{"id":"w182395651","type":"police","name":"Metropolitan Police Department Koteshwor"},"geometry":{"type":"Point","coordinates":[85.348842,27.678822]}},{"type":"Feature","properties":{"id":"w182974756","type":"college","name":"Nepal Commerce Campus"},"geometry":{"type":"Point","coordinates":[85.337463,27.685364]}},{"type":"Feature","properties":{"id":"w182979027","type":"college","name":"Little Buddha College of Health Science"},"geometry":{"type":"Point","coordinates":[85.337469,27.683717]}},{"type":"Feature","properties":{"id":"w182979998","type":"school","name":"V. S. Niketan HS School"},"geometry":{"type":"Point","coordinates":[85.342788,27.685961]}},{"type":"Feature","properties":{"id":"w183256312","type":"college"},"geometry":{"type":"Point","coordinates":[85.337453,27.694317]}},{"type":"Feature","properties":{"id":"w183394263","type":"police","name":"Nakhu Police Check Post"},"geometry":{"type":"Point","coordinates":[85.306459,27.662254]}},{"type":"Feature","properties":{"id":"w183401373","type":"college","name":"Lalitpur Valley College"},"geometry":{"type":"Point","coordinates":[85.316565,27.673689]}},{"type":"Feature","properties":{"id":"w183401379","type":"college","name":"Welhams College"},"geometry":{"type":"Point","coordinates":[85.315635,27.672503]}},{"type":"Feature","properties":{"id":"w183559497","type":"shelter","name":"Laxmi Narayan Sattal"},"geometry":{"type":"Point","coordinates":[85.306025,27.704041]}},{"type":"Feature","properties":{"id":"w183559499","type":"shelter","name":"Simha Sattal"},"geometry":{"type":"Point","coordinates":[85.305742,27.703632]}},{"type":"Feature","properties":{"id":"w184109147","type":"community_centre","name":"Buddhanagar Party Palace"},"geometry":{"type":"Point","coordinates":[85.326497,27.687336]}},{"type":"Feature","properties":{"id":"w184109157","type":"school","name":"Shrijanshil English School"},"geometry":{"type":"Point","coordinates":[85.326435,27.688335]}},{"type":"Feature","properties":{"id":"w184128909","type":"college","name":"Mahendra Ratna Campus(Tahachal Campus)"},"geometry":{"type":"Point","coordinates":[85.300244,27.703639]}},{"type":"Feature","properties":{"id":"w184257640","type":"school","name":"Radiant Readers Academy"},"geometry":{"type":"Point","coordinates":[85.305927,27.688927]}},{"type":"Feature","properties":{"id":"w184562370","type":"shelter"},"geometry":{"type":"Point","coordinates":[85.342498,27.73309]}},{"type":"Feature","properties":{"id":"w184562371","type":"shelter"},"geometry":{"type":"Point","coordinates":[85.342871,27.732945]}},{"type":"Feature","properties":{"id":"w185033886","type":"school","name":"Phoenix Academy"},"geometry":{"type":"Point","coordinates":[85.304788,27.689873]}},{"type":"Feature","properties":{"id":"w185578988","type":"school","name":"Ekita International School"},"geometry":{"type":"Point","coordinates":[85.335931,27.729997]}},{"type":"Feature","properties":{"id":"w185625644","type":"community_centre","name":"Bishal Milan Kendra"},"geometry":{"type":"Point","coordinates":[85.336161,27.724825]}},{"type":"Feature","properties":{"id":"w185943150","type":"school","name":"Nazereth School"},"geometry":{"type":"Point","coordinates":[85.3063,27.690186]}},{"type":"Feature","properties":{"id":"w185943152","type":"hospital","name":"Nepal Eye Hospital"},"geometry":{"type":"Point","coordinates":[85.313702,27.693087]}},{"type":"Feature","properties":{"id":"w185943727","type":"hospital","name":"National Tuberculosis Center"},"geometry":{"type":"Point","coordinates":[85.38263,27.673881]}},{"type":"Feature","properties":{"id":"w186144703","type":"school","name":"NIIT Kathmandu Center"},"geometry":{"type":"Point","coordinates":[85.314867,27.709493]}},{"type":"Feature","properties":{"id":"w186144710","type":"school","name":"जन प्रसासन केन्द्रिय विभाग"},"geometry":{"type":"Point","coordinates":[85.315222,27.709541]}},{"type":"Feature","properties":{"id":"w186261914","type":"shelter"},"geometry":{"type":"Point","coordinates":[85.429744,27.682279]}},{"type":"Feature","properties":{"id":"w186266672","type":"college","name":"Block A"},"geometry":{"type":"Point","coordinates":[85.415449,27.711157]}},{"type":"Feature","properties":{"id":"w187756136","type":"school","name":"Shree Rani Bari Lower Secondary School"},"geometry":{"type":"Point","coordinates":[85.320974,27.727268]}},{"type":"Feature","properties":{"id":"w188322217","type":"school","name":"Kenji International School"},"geometry":{"type":"Point","coordinates":[85.342884,27.6818]}},{"type":"Feature","properties":{"id":"w188322220","type":"community_centre","name":"Taj Banquet"},"geometry":{"type":"Point","coordinates":[85.348443,27.68349]}},{"type":"Feature","properties":{"id":"w188434753","type":"college","name":"Old Whitehouse International College"},"geometry":{"type":"Point","coordinates":[85.337309,27.694031]}},{"type":"Feature","properties":{"id":"w188440140","type":"college","name":"Vibes College"},"geometry":{"type":"Point","coordinates":[85.376659,27.673284]}},{"type":"Feature","properties":{"id":"w188452053","type":"school","name":"Sainik Awasiya Mahavidyalaya"},"geometry":{"type":"Point","coordinates":[85.417538,27.673171]}},{"type":"Feature","properties":{"id":"w188723398","type":"college","name":"Kantipur Dental College"},"geometry":{"type":"Point","coordinates":[85.323944,27.736459]}},{"type":"Feature","properties":{"id":"w190005944","type":"school","name":"Shree Tangal Higher Secondary School"},"geometry":{"type":"Point","coordinates":[85.3319,27.716152]}},{"type":"Feature","properties":{"id":"w190883501","type":"school","name":"St. Davis Academy"},"geometry":{"type":"Point","coordinates":[85.348949,27.731203]}},{"type":"Feature","properties":{"id":"w190889375","type":"hospital","name":"Om Hospital and Research Center"},"geometry":{"type":"Point","coordinates":[85.344867,27.721335]}},{"type":"Feature","properties":{"id":"w190900948","type":"school","name":"Gyan Bijaya Lower Secondary School"},"geometry":{"type":"Point","coordinates":[85.422737,27.672878]}},{"type":"Feature","properties":{"id":"w191189605","type":"school","name":"Wendy's House"},"geometry":{"type":"Point","coordinates":[85.333184,27.722537]}},{"type":"Feature","properties":{"id":"w191412300","type":"school","name":"The Spangle Boarding School"},"geometry":{"type":"Point","coordinates":[85.326198,27.702176]}},{"type":"Feature","properties":{"id":"w191533972","type":"college","name":"Saipal Academy"},"geometry":{"type":"Point","coordinates":[85.338894,27.723494]}},{"type":"Feature","properties":{"id":"w191861041","type":"college","name":"Baneshwar Campus"},"geometry":{"type":"Point","coordinates":[85.347779,27.688985]}},{"type":"Feature","properties":{"id":"w191861070","type":"school","name":"Continental Academy"},"geometry":{"type":"Point","coordinates":[85.350727,27.693053]}},{"type":"Feature","properties":{"id":"w192049641","type":"school","name":"Mount Gauri Shankar School"},"geometry":{"type":"Point","coordinates":[85.328153,27.721728]}},{"type":"Feature","properties":{"id":"w192050727","type":"school","name":"Nepal Pathfinder Co-ed School"},"geometry":{"type":"Point","coordinates":[85.345836,27.70284]}},{"type":"Feature","properties":{"id":"w192307560","type":"college","name":"Global College of Management"},"geometry":{"type":"Point","coordinates":[85.342284,27.698612]}},{"type":"Feature","properties":{"id":"w192307564","type":"community_centre","name":"King Kong club"},"geometry":{"type":"Point","coordinates":[85.344498,27.699392]}},{"type":"Feature","properties":{"id":"w192307568","type":"school","name":"Sishu Niketan School"},"geometry":{"type":"Point","coordinates":[85.341285,27.69982]}},{"type":"Feature","properties":{"id":"w192307579","type":"community_centre"},"geometry":{"type":"Point","coordinates":[85.344769,27.700159]}},{"type":"Feature","properties":{"id":"w192882935","type":"school","name":"Mahendra Rastriya Higher Secondary School"},"geometry":{"type":"Point","coordinates":[85.331056,27.72495]}},{"type":"Feature","properties":{"id":"w193088953","type":"school","name":"Anapuram Vidya Sadan Elementary School"},"geometry":{"type":"Point","coordinates":[85.323791,27.719813]}},{"type":"Feature","properties":{"id":"w193295133","type":"college","name":"International College Of Hotel Management And Tourism"},"geometry":{"type":"Point","coordinates":[85.333002,27.709839]}},{"type":"Feature","properties":{"id":"w194056909","type":"school","name":"Best's Montessori Children's House"},"geometry":{"type":"Point","coordinates":[85.340235,27.702336]}},{"type":"Feature","properties":{"id":"w194286927","type":"college","name":"Reliance International Academy (RIA)"},"geometry":{"type":"Point","coordinates":[85.348743,27.722668]}},{"type":"Feature","properties":{"id":"w194292909","type":"school","name":"Apex School"},"geometry":{"type":"Point","coordinates":[85.356,27.726485]}},{"type":"Feature","properties":{"id":"w195856303","type":"college","name":"Shanker Dev Campus"},"geometry":{"type":"Point","coordinates":[85.321876,27.703588]}},{"type":"Feature","properties":{"id":"w196060481","type":"school","name":"Baluwatar School"},"geometry":{"type":"Point","coordinates":[85.334355,27.726496]}},{"type":"Feature","properties":{"id":"w196060510","type":"school","name":"Prime Time Pre-School"},"geometry":{"type":"Point","coordinates":[85.336779,27.73454]}},{"type":"Feature","properties":{"id":"w196112325","type":"police","name":"Hanuman Dokha Police Station"},"geometry":{"type":"Point","coordinates":[85.306879,27.705199]}},{"type":"Feature","properties":{"id":"w196277525","type":"school","name":"Jana Sewa Higher Secondary School"},"geometry":{"type":"Point","coordinates":[85.274731,27.667756]}},{"type":"Feature","properties":{"id":"w196838739","type":"school","name":"Sun Moon English School"},"geometry":{"type":"Point","coordinates":[85.325998,27.73129]}},{"type":"Feature","properties":{"id":"w196839219","type":"clinic","name":"nita poly"},"geometry":{"type":"Point","coordinates":[85.326806,27.731169]}},{"type":"Feature","properties":{"id":"w196950152","type":"school","name":"Shivapuri High School"},"geometry":{"type":"Point","coordinates":[85.330166,27.730546]}},{"type":"Feature","properties":{"id":"w197128939","type":"college","name":"Morgan College"},"geometry":{"type":"Point","coordinates":[85.327673,27.739059]}},{"type":"Feature","properties":{"id":"w197486695","type":"school","name":"Minar English Boarding School"},"geometry":{"type":"Point","coordinates":[85.335474,27.742183]}},{"type":"Feature","properties":{"id":"w197753615","type":"school","name":"Glen BUDS Secondary School"},"geometry":{"type":"Point","coordinates":[85.327811,27.735444]}},{"type":"Feature","properties":{"id":"w197772725","type":"college","name":"BP Smriti Hospital and Research center"},"geometry":{"type":"Point","coordinates":[85.323954,27.738809]}},{"type":"Feature","properties":{"id":"w198024439","type":"school","name":"Shri Pashupati Mitra Secondary School"},"geometry":{"type":"Point","coordinates":[85.345917,27.716423]}},{"type":"Feature","properties":{"id":"w198032237","type":"hospital","name":"Nepal Medical College and Teaching Hospital"},"geometry":{"type":"Point","coordinates":[85.380579,27.733498]}},{"type":"Feature","properties":{"id":"w198118238","type":"school","name":"shree amritanksha jadibuti udyog"},"geometry":{"type":"Point","coordinates":[85.334125,27.720238]}},{"type":"Feature","properties":{"id":"w198118487","type":"school","name":"St. George International School"},"geometry":{"type":"Point","coordinates":[85.338137,27.720555]}},{"type":"Feature","properties":{"id":"w198407525","type":"hospital","name":"Nepal Hypnosis"},"geometry":{"type":"Point","coordinates":[85.334109,27.71759]}},{"type":"Feature","properties":{"id":"w198635907","type":"school","name":"Euro School"},"geometry":{"type":"Point","coordinates":[85.335309,27.719352]}},{"type":"Feature","properties":{"id":"w198893865","type":"school","name":"Meridian International School"},"geometry":{"type":"Point","coordinates":[85.326365,27.727939]}},{"type":"Feature","properties":{"id":"w199011348","type":"school","name":"Ashirwad Boarding School"},"geometry":{"type":"Point","coordinates":[85.333078,27.72807]}},{"type":"Feature","properties":{"id":"w199785860","type":"school","name":"New Knowledge Boarding Secondary School"},"geometry":{"type":"Point","coordinates":[85.335605,27.730426]}},{"type":"Feature","properties":{"id":"w199964916","type":"school","name":"nawa jeewan sisu niketan"},"geometry":{"type":"Point","coordinates":[85.346293,27.670879]}},{"type":"Feature","properties":{"id":"w200101355","type":"school","name":"Sanskar School"},"geometry":{"type":"Point","coordinates":[85.339465,27.729442]}},{"type":"Feature","properties":{"id":"w200132157","type":"college","name":"Central Department of Fine Arts"},"geometry":{"type":"Point","coordinates":[85.283253,27.679379]}},{"type":"Feature","properties":{"id":"w201027582","type":"hospital"},"geometry":{"type":"Point","coordinates":[85.306487,27.694795]}},{"type":"Feature","properties":{"id":"w201380500","type":"school","name":"Maple School"},"geometry":{"type":"Point","coordinates":[85.326506,27.706621]}},{"type":"Feature","properties":{"id":"w201380503","type":"hospital","name":"Swatha Parichyan"},"geometry":{"type":"Point","coordinates":[85.325089,27.70563]}},{"type":"Feature","properties":{"id":"w202646411","type":"college","name":"Patan Multiple Campus"},"geometry":{"type":"Point","coordinates":[85.321437,27.679469]}},{"type":"Feature","properties":{"id":"w202773359","type":"school","name":"Sigma Higher Secondary School"},"geometry":{"type":"Point","coordinates":[85.308039,27.718291]}},{"type":"Feature","properties":{"id":"w202918937","type":"college","name":"Nagarjun College of Information Technology"},"geometry":{"type":"Point","coordinates":[85.317052,27.681535]}},{"type":"Feature","properties":{"id":"w202983099","type":"school","name":"Shanti Nikanj School"},"geometry":{"type":"Point","coordinates":[85.303969,27.704559]}},{"type":"Feature","properties":{"id":"w203098747","type":"school","name":"J.P. School"},"geometry":{"type":"Point","coordinates":[85.309936,27.712483]}},{"type":"Feature","properties":{"id":"w203546792","type":"police"},"geometry":{"type":"Point","coordinates":[85.307465,27.712479]}},{"type":"Feature","properties":{"id":"w203561339","type":"school","name":"Little Flower Public School"},"geometry":{"type":"Point","coordinates":[85.326683,27.679299]}},{"type":"Feature","properties":{"id":"w203571380","type":"clinic","name":"ojaswi polyclinic"},"geometry":{"type":"Point","coordinates":[85.344876,27.743704]}},{"type":"Feature","properties":{"id":"w203573932","type":"school","name":"Bon Sky Lark INt. School"},"geometry":{"type":"Point","coordinates":[85.32229,27.718384]}},{"type":"Feature","properties":{"id":"w203906443","type":"college","name":"Kathmandu Engineering College"},"geometry":{"type":"Point","coordinates":[85.297029,27.69878]}},{"type":"Feature","properties":{"id":"w203968995","type":"school","name":"Seasons Academic Boarding School"},"geometry":{"type":"Point","coordinates":[85.338717,27.694146]}},{"type":"Feature","properties":{"id":"w204099236","type":"school","name":"Columbus School"},"geometry":{"type":"Point","coordinates":[85.331193,27.687278]}},{"type":"Feature","properties":{"id":"w204906259","type":"college","name":"Excel International College"},"geometry":{"type":"Point","coordinates":[85.335373,27.693974]}},{"type":"Feature","properties":{"id":"w205315887","type":"college","name":"Nepal Engineering College"},"geometry":{"type":"Point","coordinates":[85.413957,27.708156]}},{"type":"Feature","properties":{"id":"w205438152","type":"hospital","name":"Ayurvedic Hospital"},"geometry":{"type":"Point","coordinates":[85.289853,27.675972]}},{"type":"Feature","properties":{"id":"w205714652","type":"school","name":"Ankur Vidyashram"},"geometry":{"type":"Point","coordinates":[85.346275,27.701433]}},{"type":"Feature","properties":{"id":"w205718505","type":"hospital","name":"Mahendra Narayan Nidhi Memorial Hospital"},"geometry":{"type":"Point","coordinates":[85.345249,27.705757]}},{"type":"Feature","properties":{"id":"w205723462","type":"clinic","name":"Revive Polyclinic Private Limited"},"geometry":{"type":"Point","coordinates":[85.346234,27.705458]}},{"type":"Feature","properties":{"id":"w205724200","type":"school","name":"Nepal Music School"},"geometry":{"type":"Point","coordinates":[85.348647,27.702156]}},{"type":"Feature","properties":{"id":"w205874172","type":"school","name":"Shambhavi School"},"geometry":{"type":"Point","coordinates":[85.344134,27.705856]}},{"type":"Feature","properties":{"id":"w206050404","type":"community_centre","name":"Golfutar Party Palace"},"geometry":{"type":"Point","coordinates":[85.346813,27.753761]}},{"type":"Feature","properties":{"id":"w206055273","type":"college","name":"Wigan & Leigh College"},"geometry":{"type":"Point","coordinates":[85.339149,27.708162]}},{"type":"Feature","properties":{"id":"w206055275","type":"school","name":"Himalaya Vidya Mandir Higher Secondary School"},"geometry":{"type":"Point","coordinates":[85.338681,27.709776]}},{"type":"Feature","properties":{"id":"w206056043","type":"clinic","name":"MV Polyclinic"},"geometry":{"type":"Point","coordinates":[85.347899,27.698483]}},{"type":"Feature","properties":{"id":"w206056045","type":"clinic","name":"City Top Polyclinic and Medical Center"},"geometry":{"type":"Point","coordinates":[85.348016,27.698274]}},{"type":"Feature","properties":{"id":"w206067460","type":"clinic","name":"Happydent Dental Service Center Pvt. Ltd."},"geometry":{"type":"Point","coordinates":[85.349425,27.756714]}},{"type":"Feature","properties":{"id":"w206074236","type":"college","name":"(TITI) Technical Institute for technical instrution"},"geometry":{"type":"Point","coordinates":[85.375449,27.680825]}},{"type":"Feature","properties":{"id":"w206075264","type":"school","name":"Adarsha Higher Secondary School"},"geometry":{"type":"Point","coordinates":[85.376097,27.681617]}},{"type":"Feature","properties":{"id":"w206078320","type":"college"},"geometry":{"type":"Point","coordinates":[85.319445,27.702728]}},{"type":"Feature","properties":{"id":"w206100460","type":"school","name":"Venus English School"},"geometry":{"type":"Point","coordinates":[85.347475,27.700051]}},{"type":"Feature","properties":{"id":"w206130424","type":"clinic","name":"Pk Diagnostic Center"},"geometry":{"type":"Point","coordinates":[85.349057,27.697674]}},{"type":"Feature","properties":{"id":"w206343634","type":"school","name":"New English School"},"geometry":{"type":"Point","coordinates":[85.352219,27.717146]}},{"type":"Feature","properties":{"id":"w206477379","type":"school","name":"Balambu Madhyamik Vidhyalaya"},"geometry":{"type":"Point","coordinates":[85.246146,27.692131]}},{"type":"Feature","properties":{"id":"w206479734","type":"school","name":"Eureka High School"},"geometry":{"type":"Point","coordinates":[85.303184,27.742832]}},{"type":"Feature","properties":{"id":"w206485815","type":"school","name":"Rikast Intensive Academy"},"geometry":{"type":"Point","coordinates":[85.243128,27.687148]}},{"type":"Feature","properties":{"id":"w206488763","type":"school","name":"Shahid Dharma Bhakta School"},"geometry":{"type":"Point","coordinates":[85.305498,27.66099]}},{"type":"Feature","properties":{"id":"w206508440","type":"school","name":"The Chanbagh School (SLC Block)"},"geometry":{"type":"Point","coordinates":[85.342858,27.744676]}},{"type":"Feature","properties":{"id":"w206543911","type":"university","name":"evangelical presbyterian theological seminary"},"geometry":{"type":"Point","coordinates":[85.308768,27.655835]}},{"type":"Feature","properties":{"id":"w206715753","type":"college","name":"Green Tara College of Health Science"},"geometry":{"type":"Point","coordinates":[85.305001,27.645721]}},{"type":"Feature","properties":{"id":"w206762991","type":"school","name":"Alliance Academy Higher Secondary School"},"geometry":{"type":"Point","coordinates":[85.330849,27.691713]}},{"type":"Feature","properties":{"id":"w206805748","type":"police","name":"Nepal police"},"geometry":{"type":"Point","coordinates":[85.374087,27.698446]}},{"type":"Feature","properties":{"id":"w206809361","type":"police","name":"Traffic Police Office"},"geometry":{"type":"Point","coordinates":[85.326808,27.661404]}},{"type":"Feature","properties":{"id":"w206835937","type":"school","name":"Golden Peak High School"},"geometry":{"type":"Point","coordinates":[85.354086,27.725895]}},{"type":"Feature","properties":{"id":"w206839568","type":"college","name":"International College of Hospitality management"},"geometry":{"type":"Point","coordinates":[85.340358,27.692368]}},{"type":"Feature","properties":{"id":"w206840867","type":"school","name":"Sagarmatha High School"},"geometry":{"type":"Point","coordinates":[85.353085,27.726591]}},{"type":"Feature","properties":{"id":"w206841146","type":"community_centre"},"geometry":{"type":"Point","coordinates":[85.354641,27.726412]}},{"type":"Feature","properties":{"id":"w206848560","type":"school"},"geometry":{"type":"Point","coordinates":[85.335912,27.686962]}},{"type":"Feature","properties":{"id":"w206902746","type":"hospital","name":"Shri Tribhuwan Chandra Sainik Hospital"},"geometry":{"type":"Point","coordinates":[85.313148,27.703688]}},{"type":"Feature","properties":{"id":"w206986083","type":"college"},"geometry":{"type":"Point","coordinates":[85.334862,27.686075]}},{"type":"Feature","properties":{"id":"w207150005","type":"school","name":"Pathshala Nepal Foundation"},"geometry":{"type":"Point","coordinates":[85.33289,27.694633]}},{"type":"Feature","properties":{"id":"w207175879","type":"school","name":"Little Diamond School"},"geometry":{"type":"Point","coordinates":[85.288379,27.737368]}},{"type":"Feature","properties":{"id":"w207198016","type":"school","name":"Shree Lokanthali Primary School"},"geometry":{"type":"Point","coordinates":[85.378004,27.685816]}},{"type":"Feature","properties":{"id":"w207265905","type":"school","name":"Moral Academy"},"geometry":{"type":"Point","coordinates":[85.336881,27.695555]}},{"type":"Feature","properties":{"id":"w207267417","type":"college","name":"SchEMS"},"geometry":{"type":"Point","coordinates":[85.337389,27.69419]}},{"type":"Feature","properties":{"id":"w207268965","type":"school","name":"Prefect Educational Institute"},"geometry":{"type":"Point","coordinates":[85.339281,27.694291]}},{"type":"Feature","properties":{"id":"w207269660","type":"college","name":"WELHAMS COLLEGE ( वेलहम्स कलेज )"},"geometry":{"type":"Point","coordinates":[85.335975,27.692928]}},{"type":"Feature","properties":{"id":"w207298033","type":"school","name":"Ananda Kuti Vidyapeth"},"geometry":{"type":"Point","coordinates":[85.286588,27.71599]}},{"type":"Feature","properties":{"id":"w207412810","type":"hospital","name":"Suvechhya Hospital"},"geometry":{"type":"Point","coordinates":[85.28109,27.709082]}},{"type":"Feature","properties":{"id":"w207416843","type":"school","name":"Nepal Ideal School"},"geometry":{"type":"Point","coordinates":[85.337282,27.697024]}},{"type":"Feature","properties":{"id":"w207464038","type":"school","name":"Sitala Higher Secondary School"},"geometry":{"type":"Point","coordinates":[85.294779,27.736944]}},{"type":"Feature","properties":{"id":"w207666455","type":"police"},"geometry":{"type":"Point","coordinates":[85.408844,27.671735]}},{"type":"Feature","properties":{"id":"w207900595","type":"school","name":"Bal Uddhar Higher Secondary School"},"geometry":{"type":"Point","coordinates":[85.355998,27.730447]}},{"type":"Feature","properties":{"id":"w208008230","type":"college","name":"Kamana International College"},"geometry":{"type":"Point","coordinates":[85.293751,27.723372]}},{"type":"Feature","properties":{"id":"w208008292","type":"police","name":"Banasthali Police Station"},"geometry":{"type":"Point","coordinates":[85.297468,27.724917]}},{"type":"Feature","properties":{"id":"w208172022","type":"school","name":"Vidya Sadan School"},"geometry":{"type":"Point","coordinates":[85.349209,27.724224]}},{"type":"Feature","properties":{"id":"w208172023","type":"college","name":"Om Nursing College"},"geometry":{"type":"Point","coordinates":[85.348838,27.721495]}},{"type":"Feature","properties":{"id":"w208172625","type":"police","name":"Balaju Police Station"},"geometry":{"type":"Point","coordinates":[85.302728,27.732306]}},{"type":"Feature","properties":{"id":"w208175247","type":"hospital","name":"Silverline Hospital"},"geometry":{"type":"Point","coordinates":[85.303319,27.728184]}},{"type":"Feature","properties":{"id":"w208196591","type":"school","name":"Kali Devi Primary School"},"geometry":{"type":"Point","coordinates":[85.301979,27.601451]}},{"type":"Feature","properties":{"id":"w208214269","type":"school","name":"Dikshyanta Academy"},"geometry":{"type":"Point","coordinates":[85.348379,27.727028]}},{"type":"Feature","properties":{"id":"w208363608","type":"school","name":"BC-CAPS Montessori"},"geometry":{"type":"Point","coordinates":[85.287462,27.721633]}},{"type":"Feature","properties":{"id":"w208363609","type":"school","name":"Bardford International School"},"geometry":{"type":"Point","coordinates":[85.290468,27.727242]}},{"type":"Feature","properties":{"id":"w208363610","type":"school","name":"Coronal International School"},"geometry":{"type":"Point","coordinates":[85.291546,27.725919]}},{"type":"Feature","properties":{"id":"w208363611","type":"school","name":"Global Vision School Academy"},"geometry":{"type":"Point","coordinates":[85.287088,27.729551]}},{"type":"Feature","properties":{"id":"w208363612","type":"school","name":"Kamana International School (play group)"},"geometry":{"type":"Point","coordinates":[85.288269,27.721734]}},{"type":"Feature","properties":{"id":"w208363613","type":"school","name":"Nagarjun Valley Academy"},"geometry":{"type":"Point","coordinates":[85.291333,27.727984]}},{"type":"Feature","properties":{"id":"w208681773","type":"hospital","name":"Nepal Plastic Surgery Hospital"},"geometry":{"type":"Point","coordinates":[85.337787,27.643462]}},{"type":"Feature","properties":{"id":"w208869758","type":"college","name":"Gateway College"},"geometry":{"type":"Point","coordinates":[85.335593,27.745778]}},{"type":"Feature","properties":{"id":"w209129746","type":"school","name":"Twinkle Toes Infant School"},"geometry":{"type":"Point","coordinates":[85.298754,27.732993]}},{"type":"Feature","properties":{"id":"w209426653","type":"school","name":"Nilbarahi Primary School"},"geometry":{"type":"Point","coordinates":[85.396455,27.694631]}},{"type":"Feature","properties":{"id":"w209488771","type":"clinic","name":"Smile Dental Hospital"},"geometry":{"type":"Point","coordinates":[85.361625,27.720483]}},{"type":"Feature","properties":{"id":"w209529915","type":"school"},"geometry":{"type":"Point","coordinates":[85.362425,27.719739]}},{"type":"Feature","properties":{"id":"w209529981","type":"college","name":"Xavier Int’l College"},"geometry":{"type":"Point","coordinates":[85.358619,27.720466]}},{"type":"Feature","properties":{"id":"w209530175","type":"school","name":"mohan siddartha H.S. school"},"geometry":{"type":"Point","coordinates":[85.356716,27.715338]}},{"type":"Feature","properties":{"id":"w209534677","type":"college","name":"Crimson International College"},"geometry":{"type":"Point","coordinates":[85.333383,27.68315]}},{"type":"Feature","properties":{"id":"w209538203","type":"clinic","name":"Janaki Polyclinic"},"geometry":{"type":"Point","coordinates":[85.351495,27.673935]}},{"type":"Feature","properties":{"id":"w209610809","type":"school","name":"Naba Gyanbhumi Boarding High School"},"geometry":{"type":"Point","coordinates":[85.351782,27.767335]}},{"type":"Feature","properties":{"id":"w209665658","type":"school","name":"Saraswati English School"},"geometry":{"type":"Point","coordinates":[85.402487,27.693763]}},{"type":"Feature","properties":{"id":"w209874598","type":"school","name":"Champak Binayak Primary School"},"geometry":{"type":"Point","coordinates":[85.415934,27.736621]}},{"type":"Feature","properties":{"id":"w209874600","type":"hospital","name":"Mental hospital"},"geometry":{"type":"Point","coordinates":[85.415594,27.735574]}},{"type":"Feature","properties":{"id":"w209874602","type":"school","name":"Shree Adarsha Higher Secondary School"},"geometry":{"type":"Point","coordinates":[85.418855,27.739138]}},{"type":"Feature","properties":{"id":"w210180100","type":"university","name":"Central Department of Nepali"},"geometry":{"type":"Point","coordinates":[85.282684,27.680937]}},{"type":"Feature","properties":{"id":"w210180107","type":"university","name":"M. Phil department"},"geometry":{"type":"Point","coordinates":[85.282803,27.684144]}},{"type":"Feature","properties":{"id":"w210579938","type":"school","name":"Gitanjali Secondary School"},"geometry":{"type":"Point","coordinates":[85.307356,27.709956]}},{"type":"Feature","properties":{"id":"w210706863","type":"school","name":"Bonsai Academy"},"geometry":{"type":"Point","coordinates":[85.286486,27.690176]}},{"type":"Feature","properties":{"id":"w211109728","type":"school","name":"Uma Maheshwor Higher Secondary School"},"geometry":{"type":"Point","coordinates":[85.317744,27.657363]}},{"type":"Feature","properties":{"id":"w211260702","type":"school","name":"Bhrikuti Secondary School"},"geometry":{"type":"Point","coordinates":[85.357067,27.726662]}},{"type":"Feature","properties":{"id":"w211436969","type":"hospital","name":"Laliguras Hospital"},"geometry":{"type":"Point","coordinates":[85.321464,27.658335]}},{"type":"Feature","properties":{"id":"w211651975","type":"clinic","name":"Sunaulo Vabisya Nepal"},"geometry":{"type":"Point","coordinates":[85.345735,27.713818]}},{"type":"Feature","properties":{"id":"w211750710","type":"hospital","name":"Sumeru Hospital"},"geometry":{"type":"Point","coordinates":[85.325761,27.644825]}},{"type":"Feature","properties":{"id":"w211750777","type":"school","name":"Kumbeshwor Lower Secondary School"},"geometry":{"type":"Point","coordinates":[85.325803,27.676988]}},{"type":"Feature","properties":{"id":"w211751501","type":"fire_station"},"geometry":{"type":"Point","coordinates":[85.361184,27.696189]}},{"type":"Feature","properties":{"id":"w211752795","type":"school","name":"Marvellous English Boarding School"},"geometry":{"type":"Point","coordinates":[85.333758,27.702791]}},{"type":"Feature","properties":{"id":"w211752904","type":"school","name":"Pious English Boarding School"},"geometry":{"type":"Point","coordinates":[85.332383,27.700651]}},{"type":"Feature","properties":{"id":"w211851297","type":"clinic","name":"Elite Pathology Clinic & dental House"},"geometry":{"type":"Point","coordinates":[85.339857,27.700846]}},{"type":"Feature","properties":{"id":"w211858815","type":"hospital","name":"Ganesh memorial hospital"},"geometry":{"type":"Point","coordinates":[85.318803,27.661571]}},{"type":"Feature","properties":{"id":"w211890950","type":"school","name":"Shree Ganesh Primary School"},"geometry":{"type":"Point","coordinates":[85.463186,27.731796]}},{"type":"Feature","properties":{"id":"w211897513","type":"hospital","name":"Natural Health Hospital"},"geometry":{"type":"Point","coordinates":[85.345555,27.695892]}},{"type":"Feature","properties":{"id":"w211905458","type":"school","name":"nilkantha secondary boarding school"},"geometry":{"type":"Point","coordinates":[85.364159,27.719797]}},{"type":"Feature","properties":{"id":"w212678297","type":"clinic","name":"Charu Polyclinic and Diagonostic Centre"},"geometry":{"type":"Point","coordinates":[85.345577,27.716951]}},{"type":"Feature","properties":{"id":"w213450012","type":"school","name":"Shree Gandhi Tulsi School"},"geometry":{"type":"Point","coordinates":[85.369808,27.69653]}},{"type":"Feature","properties":{"id":"w213485542","type":"clinic","name":"Cosmos Diagonosis and Research Centre"},"geometry":{"type":"Point","coordinates":[85.339788,27.708133]}},{"type":"Feature","properties":{"id":"w213694297","type":"school","name":"Shree Krishna Prabha Primary School"},"geometry":{"type":"Point","coordinates":[85.33652,27.718543]}},{"type":"Feature","properties":{"id":"w213699273","type":"school","name":"Little Children Academy"},"geometry":{"type":"Point","coordinates":[85.335403,27.716572]}},{"type":"Feature","properties":{"id":"w214073216","type":"college","name":"Ambition College(Affiliated to TU)"},"geometry":{"type":"Point","coordinates":[85.335165,27.695098]}},{"type":"Feature","properties":{"id":"w214073368","type":"school","name":"Axis International Higher Secondary School"},"geometry":{"type":"Point","coordinates":[85.344262,27.695691]}},{"type":"Feature","properties":{"id":"w214961077","type":"school","name":"Faryland Boarding School"},"geometry":{"type":"Point","coordinates":[85.325604,27.720368]}},{"type":"Feature","properties":{"id":"w215032245","type":"college","name":"Kantipur City College"},"geometry":{"type":"Point","coordinates":[85.323302,27.703607]}},{"type":"Feature","properties":{"id":"w215034905","type":"college","name":"KIST College"},"geometry":{"type":"Point","coordinates":[85.325211,27.711726]}},{"type":"Feature","properties":{"id":"w215037376","type":"college","name":"National Integrated College"},"geometry":{"type":"Point","coordinates":[85.325597,27.706752]}},{"type":"Feature","properties":{"id":"w215053608","type":"college","name":"Active Academy College"},"geometry":{"type":"Point","coordinates":[85.330068,27.741527]}},{"type":"Feature","properties":{"id":"w215053610","type":"college","name":"Gunraj Pathak Memorial Nursing Campus"},"geometry":{"type":"Point","coordinates":[85.334999,27.724986]}},{"type":"Feature","properties":{"id":"w215053611","type":"school"},"geometry":{"type":"Point","coordinates":[85.329806,27.73124]}},{"type":"Feature","properties":{"id":"w215053613","type":"school","name":"Morning Bells Montessori"},"geometry":{"type":"Point","coordinates":[85.329463,27.731543]}},{"type":"Feature","properties":{"id":"w215053734","type":"college","name":"Prolific Higher Secondary School"},"geometry":{"type":"Point","coordinates":[85.344534,27.729535]}},{"type":"Feature","properties":{"id":"w215091206","type":"school","name":"Nalander Bidhya Mandir"},"geometry":{"type":"Point","coordinates":[85.371127,27.681968]}},{"type":"Feature","properties":{"id":"w215092879","type":"college","name":"Sanothimi Campus"},"geometry":{"type":"Point","coordinates":[85.37746,27.684579]}},{"type":"Feature","properties":{"id":"w215093217","type":"school","name":"Bhaktapur English School"},"geometry":{"type":"Point","coordinates":[85.375865,27.679047]}},{"type":"Feature","properties":{"id":"w215093311","type":"school","name":"Sidhartha bidhyapith"},"geometry":{"type":"Point","coordinates":[85.376311,27.678492]}},{"type":"Feature","properties":{"id":"w215093380","type":"school","name":"Emmanual School"},"geometry":{"type":"Point","coordinates":[85.37285,27.674532]}},{"type":"Feature","properties":{"id":"w215212424","type":"school","name":"Ananda Bhumi High School"},"geometry":{"type":"Point","coordinates":[85.334399,27.705437]}},{"type":"Feature","properties":{"id":"w215212425","type":"school","name":"Bal Bagaicha"},"geometry":{"type":"Point","coordinates":[85.329556,27.705296]}},{"type":"Feature","properties":{"id":"w215212426","type":"school","name":"Maitidevi Boarding High School"},"geometry":{"type":"Point","coordinates":[85.328109,27.703808]}},{"type":"Feature","properties":{"id":"w215212428","type":"college","name":"Mid-Valley International College"},"geometry":{"type":"Point","coordinates":[85.330723,27.706783]}},{"type":"Feature","properties":{"id":"w215212430","type":"college","name":"Sagarmatha Multiple College"},"geometry":{"type":"Point","coordinates":[85.329324,27.70366]}},{"type":"Feature","properties":{"id":"w215212438","type":"college","name":"Lord Budhha Education Foundation"},"geometry":{"type":"Point","coordinates":[85.333077,27.705631]}},{"type":"Feature","properties":{"id":"w215390882","type":"college","name":"Thapathali Engineering Campus"},"geometry":{"type":"Point","coordinates":[85.318849,27.694577]}},{"type":"Feature","properties":{"id":"w215554749","type":"hospital","name":"Helping Hands Community Hospital"},"geometry":{"type":"Point","coordinates":[85.346202,27.717464]}},{"type":"Feature","properties":{"id":"w215554750","type":"clinic","name":"Siddhi Poly Path Lab"},"geometry":{"type":"Point","coordinates":[85.327045,27.707212]}},{"type":"Feature","properties":{"id":"w216441227","type":"school","name":"Advanced English Boarding High School"},"geometry":{"type":"Point","coordinates":[85.337508,27.71641]}},{"type":"Feature","properties":{"id":"w216441228","type":"school","name":"Boston International High School"},"geometry":{"type":"Point","coordinates":[85.336553,27.712456]}},{"type":"Feature","properties":{"id":"w216441231","type":"school","name":"New Sunshine Secondary School"},"geometry":{"type":"Point","coordinates":[85.338709,27.717716]}},{"type":"Feature","properties":{"id":"w216441232","type":"college","name":"Xavier International College"},"geometry":{"type":"Point","coordinates":[85.336995,27.714003]}},{"type":"Feature","properties":{"id":"w216443374","type":"college","name":"Kendriya Bahira Higher Secondary School"},"geometry":{"type":"Point","coordinates":[85.33114,27.714366]}},{"type":"Feature","properties":{"id":"w216443377","type":"school","name":"Nandi Secondary School"},"geometry":{"type":"Point","coordinates":[85.325419,27.713741]}},{"type":"Feature","properties":{"id":"w216443708","type":"hospital","name":"Nepal Beijing Friendship Hospital"},"geometry":{"type":"Point","coordinates":[85.330015,27.731447]}},{"type":"Feature","properties":{"id":"w216504836","type":"school","name":"Bal Sudhar Griha"},"geometry":{"type":"Point","coordinates":[85.374274,27.680954]}},{"type":"Feature","properties":{"id":"w216607331","type":"school","name":"Albert English Boarding School"},"geometry":{"type":"Point","coordinates":[85.334649,27.70635]}},{"type":"Feature","properties":{"id":"w216607332","type":"school","name":"Apple Academy"},"geometry":{"type":"Point","coordinates":[85.335441,27.708494]}},{"type":"Feature","properties":{"id":"w216607333","type":"school","name":"Little Flower Secondary School"},"geometry":{"type":"Point","coordinates":[85.334055,27.708684]}},{"type":"Feature","properties":{"id":"w216607334","type":"school","name":"Martyrs' Memorial Boarding Secondary School"},"geometry":{"type":"Point","coordinates":[85.336081,27.709634]}},{"type":"Feature","properties":{"id":"w216607335","type":"school","name":"Sai Educare Boarding High School"},"geometry":{"type":"Point","coordinates":[85.33644,27.709802]}},{"type":"Feature","properties":{"id":"w216612476","type":"school","name":"Eden Public School"},"geometry":{"type":"Point","coordinates":[85.343395,27.716972]}},{"type":"Feature","properties":{"id":"w216612478","type":"school","name":"Shridiwa International School"},"geometry":{"type":"Point","coordinates":[85.337926,27.71836]}},{"type":"Feature","properties":{"id":"w216612479","type":"school","name":"Subharambha Secondary School"},"geometry":{"type":"Point","coordinates":[85.342478,27.717572]}},{"type":"Feature","properties":{"id":"w216612503","type":"school","name":"Clinton School"},"geometry":{"type":"Point","coordinates":[85.343835,27.717291]}},{"type":"Feature","properties":{"id":"w216612525","type":"school","name":"Odyssey International Academy"},"geometry":{"type":"Point","coordinates":[85.327131,27.740556]}},{"type":"Feature","properties":{"id":"w216612526","type":"school","name":"Panchayan Celestial School"},"geometry":{"type":"Point","coordinates":[85.325886,27.740492]}},{"type":"Feature","properties":{"id":"w216703641","type":"school","name":"Himalayan Heart Academy"},"geometry":{"type":"Point","coordinates":[85.339004,27.74876]}},{"type":"Feature","properties":{"id":"w216703642","type":"school","name":"Shri Dhapasi Lower Secondary School"},"geometry":{"type":"Point","coordinates":[85.338244,27.749488]}},{"type":"Feature","properties":{"id":"w216703643","type":"school","name":"The Skylark English School"},"geometry":{"type":"Point","coordinates":[85.331378,27.748292]}},{"type":"Feature","properties":{"id":"w216704725","type":"school","name":"Holy Care School"},"geometry":{"type":"Point","coordinates":[85.345349,27.744041]}},{"type":"Feature","properties":{"id":"w216705045","type":"school","name":"The Chandbagh Pre-School"},"geometry":{"type":"Point","coordinates":[85.344962,27.742763]}},{"type":"Feature","properties":{"id":"w216705741","type":"school","name":"Elim Kids Academy"},"geometry":{"type":"Point","coordinates":[85.332163,27.734272]}},{"type":"Feature","properties":{"id":"w216705742","type":"school","name":"Gorakshya Dibya Nikhil Jyoti Vidyashram"},"geometry":{"type":"Point","coordinates":[85.329184,27.738596]}},{"type":"Feature","properties":{"id":"w216705743","type":"hospital","name":"Maruti Children Hospital"},"geometry":{"type":"Point","coordinates":[85.328622,27.735303]}},{"type":"Feature","properties":{"id":"w216914206","type":"school","name":"Whiz Kids International School"},"geometry":{"type":"Point","coordinates":[85.330119,27.727966]}},{"type":"Feature","properties":{"id":"w216931869","type":"school","name":"Anupam Higher Secondary School"},"geometry":{"type":"Point","coordinates":[85.32565,27.719887]}},{"type":"Feature","properties":{"id":"w216931872","type":"school","name":"Newton High School"},"geometry":{"type":"Point","coordinates":[85.336546,27.725717]}},{"type":"Feature","properties":{"id":"w216935004","type":"college","name":"AJW College - (A Level)"},"geometry":{"type":"Point","coordinates":[85.326052,27.73019]}},{"type":"Feature","properties":{"id":"w216935005","type":"school","name":"Bellmount International School"},"geometry":{"type":"Point","coordinates":[85.317149,27.731722]}},{"type":"Feature","properties":{"id":"w216935006","type":"school","name":"Diptimaya Bal Awasiya Vidyalaya"},"geometry":{"type":"Point","coordinates":[85.3242,27.730882]}},{"type":"Feature","properties":{"id":"w216939553","type":"school","name":"Motherland Academy"},"geometry":{"type":"Point","coordinates":[85.331104,27.72199]}},{"type":"Feature","properties":{"id":"w216939554","type":"school","name":"New Leera School"},"geometry":{"type":"Point","coordinates":[85.328819,27.721034]}},{"type":"Feature","properties":{"id":"w216940426","type":"college","name":"Everest College"},"geometry":{"type":"Point","coordinates":[85.317601,27.692647]}},{"type":"Feature","properties":{"id":"w216940427","type":"college","name":"Lincoln College"},"geometry":{"type":"Point","coordinates":[85.317325,27.733377]}},{"type":"Feature","properties":{"id":"w216940429","type":"college","name":"Takshashila Academy"},"geometry":{"type":"Point","coordinates":[85.322009,27.735506]}},{"type":"Feature","properties":{"id":"w217106760","type":"school","name":"Learning Zone Academy"},"geometry":{"type":"Point","coordinates":[85.317686,27.730661]}},{"type":"Feature","properties":{"id":"w217117229","type":"college","name":"Pushpalal Memorial College"},"geometry":{"type":"Point","coordinates":[85.345304,27.718018]}},{"type":"Feature","properties":{"id":"w217129152","type":"clinic","name":"Samrat Polyclinic"},"geometry":{"type":"Point","coordinates":[85.346032,27.719827]}},{"type":"Feature","properties":{"id":"w217517830","type":"college","name":"Lord Buddha Education Foundation"},"geometry":{"type":"Point","coordinates":[85.316904,27.684574]}},{"type":"Feature","properties":{"id":"w217518127","type":"college","name":"Lalitpur Engineering College"},"geometry":{"type":"Point","coordinates":[85.325497,27.680704]}},{"type":"Feature","properties":{"id":"w217523977","type":"school","name":"Suryodaya Jyoti Awasiya English Boarding School"},"geometry":{"type":"Point","coordinates":[85.330235,27.703661]}},{"type":"Feature","properties":{"id":"w217525517","type":"school","name":"Charumati English School"},"geometry":{"type":"Point","coordinates":[85.343734,27.716536]}},{"type":"Feature","properties":{"id":"w217525521","type":"school","name":"Texas International School"},"geometry":{"type":"Point","coordinates":[85.341171,27.712837]}},{"type":"Feature","properties":{"id":"w217525625","type":"college","name":"Cosmopolitan College"},"geometry":{"type":"Point","coordinates":[85.342445,27.714872]}},{"type":"Feature","properties":{"id":"w217525626","type":"school","name":"Jagat Mandir English Boarding School"},"geometry":{"type":"Point","coordinates":[85.342404,27.715172]}},{"type":"Feature","properties":{"id":"w217526506","type":"school","name":"nepal mega school"},"geometry":{"type":"Point","coordinates":[85.330047,27.696745]}},{"type":"Feature","properties":{"id":"w217526507","type":"school","name":"City Montessori"},"geometry":{"type":"Point","coordinates":[85.328852,27.700182]}},{"type":"Feature","properties":{"id":"w217526805","type":"school","name":"APS Sadan"},"geometry":{"type":"Point","coordinates":[85.320164,27.740957]}},{"type":"Feature","properties":{"id":"w217526806","type":"school","name":"Greenland International Secondary Boarding School"},"geometry":{"type":"Point","coordinates":[85.323859,27.746745]}},{"type":"Feature","properties":{"id":"w217526808","type":"college","name":"Lord Buddha College"},"geometry":{"type":"Point","coordinates":[85.32008,27.743135]}},{"type":"Feature","properties":{"id":"w217526810","type":"school","name":"New Glorious Academy"},"geometry":{"type":"Point","coordinates":[85.321536,27.740476]}},{"type":"Feature","properties":{"id":"w217526813","type":"school","name":"Nirmal Batika Academy"},"geometry":{"type":"Point","coordinates":[85.320631,27.743503]}},{"type":"Feature","properties":{"id":"w217526815","type":"school","name":"Shree Manohar Higher Secondary School"},"geometry":{"type":"Point","coordinates":[85.319227,27.737592]}},{"type":"Feature","properties":{"id":"w217526818","type":"school","name":"Souvenir Boarding School"},"geometry":{"type":"Point","coordinates":[85.326699,27.746218]}},{"type":"Feature","properties":{"id":"w217526822","type":"school","name":"Triyog Higher Secondary School"},"geometry":{"type":"Point","coordinates":[85.325892,27.747222]}},{"type":"Feature","properties":{"id":"w217526987","type":"school","name":"Paradise International Academy"},"geometry":{"type":"Point","coordinates":[85.339242,27.713262]}},{"type":"Feature","properties":{"id":"w217533470","type":"school","name":"Creative English School"},"geometry":{"type":"Point","coordinates":[85.343392,27.714064]}},{"type":"Feature","properties":{"id":"w217534479","type":"college","name":"Nepa School of Social Sciences and Humanities"},"geometry":{"type":"Point","coordinates":[85.343026,27.714948]}},{"type":"Feature","properties":{"id":"w217535658","type":"school","name":"National Orchid Boarding School"},"geometry":{"type":"Point","coordinates":[85.343837,27.715076]}},{"type":"Feature","properties":{"id":"w217604710","type":"school","name":"The Pole Star English School"},"geometry":{"type":"Point","coordinates":[85.320917,27.740991]}},{"type":"Feature","properties":{"id":"w217604725","type":"school","name":"Golden Garden International School"},"geometry":{"type":"Point","coordinates":[85.349061,27.72794]}},{"type":"Feature","properties":{"id":"w217606159","type":"college","name":"Bagmati Modern College"},"geometry":{"type":"Point","coordinates":[85.346776,27.727672]}},{"type":"Feature","properties":{"id":"w217606261","type":"college","name":"Brooklyn International College"},"geometry":{"type":"Point","coordinates":[85.346273,27.726721]}},{"type":"Feature","properties":{"id":"w217607659","type":"school","name":"Mahendra Bhawan Higher Secondary School"},"geometry":{"type":"Point","coordinates":[85.33396,27.712971]}},{"type":"Feature","properties":{"id":"w217608186","type":"school","name":"Bijaya Smarak Higher Secondary School"},"geometry":{"type":"Point","coordinates":[85.326989,27.705011]}},{"type":"Feature","properties":{"id":"w217613424","type":"school","name":"Saipal Academy"},"geometry":{"type":"Point","coordinates":[85.34858,27.724861]}},{"type":"Feature","properties":{"id":"w217614016","type":"college","name":"Canvas International College"},"geometry":{"type":"Point","coordinates":[85.326785,27.738361]}},{"type":"Feature","properties":{"id":"w217616641","type":"school","name":"Padma Gyan Mandir English School"},"geometry":{"type":"Point","coordinates":[85.336458,27.717142]}},{"type":"Feature","properties":{"id":"w217616698","type":"school","name":"Vidya Sadan High School"},"geometry":{"type":"Point","coordinates":[85.350603,27.723126]}},{"type":"Feature","properties":{"id":"w217617107","type":"school","name":"Jeevan Jyoti Baikalpik School"},"geometry":{"type":"Point","coordinates":[85.346608,27.723765]}},{"type":"Feature","properties":{"id":"w217617209","type":"school","name":"Tashi Waldorf School"},"geometry":{"type":"Point","coordinates":[85.339358,27.741633]}},{"type":"Feature","properties":{"id":"w217621346","type":"college","name":"SchEMS Public School/College"},"geometry":{"type":"Point","coordinates":[85.338377,27.740844]}},{"type":"Feature","properties":{"id":"w217622177","type":"school","name":"Universal College Preparatory School"},"geometry":{"type":"Point","coordinates":[85.335004,27.726466]}},{"type":"Feature","properties":{"id":"w217622732","type":"school","name":"Compact English School"},"geometry":{"type":"Point","coordinates":[85.334938,27.718652]}},{"type":"Feature","properties":{"id":"w217622812","type":"school","name":"Children's Model High School"},"geometry":{"type":"Point","coordinates":[85.332731,27.724137]}},{"type":"Feature","properties":{"id":"w217622833","type":"school","name":"Alakapuri Boarding High School"},"geometry":{"type":"Point","coordinates":[85.335686,27.720764]}},{"type":"Feature","properties":{"id":"w217630048","type":"college","name":"Campion Kathmandu College"},"geometry":{"type":"Point","coordinates":[85.333342,27.71726]}},{"type":"Feature","properties":{"id":"w217654467","type":"school","name":"Anmol Jyoti Secondary English Boarding School"},"geometry":{"type":"Point","coordinates":[85.335501,27.714164]}},{"type":"Feature","properties":{"id":"w217656357","type":"school","name":"Anmol Jyoti Secondary School"},"geometry":{"type":"Point","coordinates":[85.334955,27.713844]}},{"type":"Feature","properties":{"id":"w217720479","type":"school","name":"Columbus International School"},"geometry":{"type":"Point","coordinates":[85.335269,27.713621]}},{"type":"Feature","properties":{"id":"w217723736","type":"school","name":"Baluwatar School"},"geometry":{"type":"Point","coordinates":[85.334355,27.726479]}},{"type":"Feature","properties":{"id":"w217724333","type":"school","name":"St. Julian English Boarding School"},"geometry":{"type":"Point","coordinates":[85.352087,27.723964]}},{"type":"Feature","properties":{"id":"w217726517","type":"college","name":"College of Business Management"},"geometry":{"type":"Point","coordinates":[85.326109,27.705983]}},{"type":"Feature","properties":{"id":"w217727953","type":"school","name":"The Elite's Co-Ed"},"geometry":{"type":"Point","coordinates":[85.329861,27.712049]}},{"type":"Feature","properties":{"id":"w217832006","type":"clinic","name":"Meridian Health Care Center"},"geometry":{"type":"Point","coordinates":[85.335518,27.738734]}},{"type":"Feature","properties":{"id":"w217922957","type":"school","name":"United Preparatory English School"},"geometry":{"type":"Point","coordinates":[85.430325,27.694826]}},{"type":"Feature","properties":{"id":"w217925099","type":"school","name":"Ganesh English School"},"geometry":{"type":"Point","coordinates":[85.422155,27.696386]}},{"type":"Feature","properties":{"id":"w217929253","type":"school","name":"North East English School"},"geometry":{"type":"Point","coordinates":[85.417858,27.698793]}},{"type":"Feature","properties":{"id":"w217931607","type":"school","name":"Sungava School"},"geometry":{"type":"Point","coordinates":[85.410783,27.681708]}},{"type":"Feature","properties":{"id":"w217940509","type":"school","name":"Shree Yapi Bhairab Lower Secondary School"},"geometry":{"type":"Point","coordinates":[85.420228,27.698412]}},{"type":"Feature","properties":{"id":"w217957279","type":"school"},"geometry":{"type":"Point","coordinates":[85.303562,27.704467]}},{"type":"Feature","properties":{"id":"w218203441","type":"hospital","name":"Green City Hospital (Basundhara)"},"geometry":{"type":"Point","coordinates":[85.322771,27.737245]}},{"type":"Feature","properties":{"id":"w218204662","type":"school","name":"Araniko Higher Secondary School"},"geometry":{"type":"Point","coordinates":[85.391357,27.653192]}},{"type":"Feature","properties":{"id":"w218204663","type":"school","name":"Shri Subarneshwar School"},"geometry":{"type":"Point","coordinates":[85.412073,27.661939]}},{"type":"Feature","properties":{"id":"w218208161","type":"school","name":"Prithvi Secondary Boarding School"},"geometry":{"type":"Point","coordinates":[85.331797,27.742998]}},{"type":"Feature","properties":{"id":"w218352812","type":"school","name":"Global Public School"},"geometry":{"type":"Point","coordinates":[85.367143,27.695862]}},{"type":"Feature","properties":{"id":"w218429130","type":"school","name":"Ashraya Vidya Sadan"},"geometry":{"type":"Point","coordinates":[85.303801,27.703367]}},{"type":"Feature","properties":{"id":"w218429131","type":"school","name":"Kalash Vidya Mandir"},"geometry":{"type":"Point","coordinates":[85.303682,27.703065]}},{"type":"Feature","properties":{"id":"w218430310","type":"school","name":"Paropakar Higher Secondary School"},"geometry":{"type":"Point","coordinates":[85.303233,27.701769]}},{"type":"Feature","properties":{"id":"w218433448","type":"school","name":"English Preparatory School"},"geometry":{"type":"Point","coordinates":[85.308056,27.699955]}},{"type":"Feature","properties":{"id":"w218433450","type":"school","name":"Shree Saraswati Niketan Secondary School"},"geometry":{"type":"Point","coordinates":[85.304047,27.698898]}},{"type":"Feature","properties":{"id":"w218441369","type":"school","name":"Gautam English Boarding School"},"geometry":{"type":"Point","coordinates":[85.308068,27.700342]}},{"type":"Feature","properties":{"id":"w218458931","type":"college","name":"Prime College"},"geometry":{"type":"Point","coordinates":[85.3029,27.720791]}},{"type":"Feature","properties":{"id":"w218460860","type":"college"},"geometry":{"type":"Point","coordinates":[85.302402,27.718045]}},{"type":"Feature","properties":{"id":"w218463953","type":"college","name":"Darwin Academy"},"geometry":{"type":"Point","coordinates":[85.304462,27.719255]}},{"type":"Feature","properties":{"id":"w218464703","type":"school","name":"Kathmandu Model School"},"geometry":{"type":"Point","coordinates":[85.305373,27.719192]}},{"type":"Feature","properties":{"id":"w218465676","type":"college","name":"Geetanjali English Higher Secondary School"},"geometry":{"type":"Point","coordinates":[85.304037,27.721406]}},{"type":"Feature","properties":{"id":"w218467223","type":"college","name":"Manasalu Public Higher Secondary School"},"geometry":{"type":"Point","coordinates":[85.307273,27.720908]}},{"type":"Feature","properties":{"id":"w218469511","type":"college","name":"Sigma College"},"geometry":{"type":"Point","coordinates":[85.30779,27.719345]}},{"type":"Feature","properties":{"id":"w218567238","type":"college","name":"Shahid Ramnath Dahal Memorial Academy"},"geometry":{"type":"Point","coordinates":[85.297644,27.724401]}},{"type":"Feature","properties":{"id":"w218567651","type":"college","name":"Oxford Higher Secondary School"},"geometry":{"type":"Point","coordinates":[85.302683,27.722404]}},{"type":"Feature","properties":{"id":"w218573677","type":"school","name":"A.V.M Secondary School"},"geometry":{"type":"Point","coordinates":[85.297417,27.720878]}},{"type":"Feature","properties":{"id":"w218574909","type":"school","name":"Paradise English Secondary School"},"geometry":{"type":"Point","coordinates":[85.299952,27.723064]}},{"type":"Feature","properties":{"id":"w218576371","type":"school","name":"Namuna English Boarding School"},"geometry":{"type":"Point","coordinates":[85.303214,27.703438]}},{"type":"Feature","properties":{"id":"w218583059","type":"school","name":"Columbus College"},"geometry":{"type":"Point","coordinates":[85.334842,27.686101]}},{"type":"Feature","properties":{"id":"w218583062","type":"school","name":"Kavya School"},"geometry":{"type":"Point","coordinates":[85.334783,27.68756]}},{"type":"Feature","properties":{"id":"w218583064","type":"school","name":"Kids Land Montessori Based School"},"geometry":{"type":"Point","coordinates":[85.33574,27.687429]}},{"type":"Feature","properties":{"id":"w218583065","type":"school","name":"Swoyambhu College/Prime CA"},"geometry":{"type":"Point","coordinates":[85.335732,27.686969]}},{"type":"Feature","properties":{"id":"w218587567","type":"school","name":"Gyan Niketan School"},"geometry":{"type":"Point","coordinates":[85.333639,27.683889]}},{"type":"Feature","properties":{"id":"w218658111","type":"clinic","name":"Shrijanshil Polyclinic"},"geometry":{"type":"Point","coordinates":[85.371421,27.694389]}},{"type":"Feature","properties":{"id":"w218684042","type":"school","name":"Nepal Model School"},"geometry":{"type":"Point","coordinates":[85.331739,27.743921]}},{"type":"Feature","properties":{"id":"w218684044","type":"school","name":"Shree Chandra Bindu International Boarding School"},"geometry":{"type":"Point","coordinates":[85.332595,27.743667]}},{"type":"Feature","properties":{"id":"w218689327","type":"school","name":"Shuvadeep Primary School"},"geometry":{"type":"Point","coordinates":[85.310795,27.69788]}},{"type":"Feature","properties":{"id":"w218698237","type":"school","name":"Basundhara National School"},"geometry":{"type":"Point","coordinates":[85.331359,27.744213]}},{"type":"Feature","properties":{"id":"w218698238","type":"school","name":"Eden Bridge Academy"},"geometry":{"type":"Point","coordinates":[85.333131,27.74995]}},{"type":"Feature","properties":{"id":"w218698239","type":"school","name":"Mount Glory International Boarding High School"},"geometry":{"type":"Point","coordinates":[85.33194,27.745462]}},{"type":"Feature","properties":{"id":"w218698240","type":"school","name":"Namo Buddha International Model School"},"geometry":{"type":"Point","coordinates":[85.329817,27.752114]}},{"type":"Feature","properties":{"id":"w218698242","type":"school","name":"Tilingatar Higher Secondary School"},"geometry":{"type":"Point","coordinates":[85.330759,27.746159]}},{"type":"Feature","properties":{"id":"w218877429","type":"school","name":"Babyland English Secondary School"},"geometry":{"type":"Point","coordinates":[85.316332,27.743387]}},{"type":"Feature","properties":{"id":"w218877430","type":"school","name":"Fluorescent Higher Secondary School"},"geometry":{"type":"Point","coordinates":[85.318437,27.745644]}},{"type":"Feature","properties":{"id":"w218877432","type":"school","name":"Lunar English Boarding School"},"geometry":{"type":"Point","coordinates":[85.316811,27.737626]}},{"type":"Feature","properties":{"id":"w218877433","type":"school","name":"Nature Boarding High School"},"geometry":{"type":"Point","coordinates":[85.31745,27.73648]}},{"type":"Feature","properties":{"id":"w218877434","type":"school","name":"Gyan Sanskar International School"},"geometry":{"type":"Point","coordinates":[85.318011,27.735961]}},{"type":"Feature","properties":{"id":"w218877435","type":"school","name":"Nepal Matri Griha"},"geometry":{"type":"Point","coordinates":[85.316059,27.7406]}},{"type":"Feature","properties":{"id":"w218877436","type":"school","name":"Nimble Secondary School"},"geometry":{"type":"Point","coordinates":[85.316882,27.741768]}},{"type":"Feature","properties":{"id":"w218877438","type":"school","name":"Rona International Academy"},"geometry":{"type":"Point","coordinates":[85.32053,27.74762]}},{"type":"Feature","properties":{"id":"w218877440","type":"school","name":"Nature Boarding School"},"geometry":{"type":"Point","coordinates":[85.315572,27.739477]}},{"type":"Feature","properties":{"id":"w218982307","type":"school","name":"Shree Azad Secondary School"},"geometry":{"type":"Point","coordinates":[85.427115,27.687023]}},{"type":"Feature","properties":{"id":"w218982315","type":"school","name":"Madan Bhandari Memorial English Boarding School"},"geometry":{"type":"Point","coordinates":[85.362488,27.719704]}},{"type":"Feature","properties":{"id":"w218982609","type":"school","name":"Bal Bhusan Lower Secondary School"},"geometry":{"type":"Point","coordinates":[85.428604,27.703095]}},{"type":"Feature","properties":{"id":"w218983251","type":"school","name":"Kathmandu International School"},"geometry":{"type":"Point","coordinates":[85.353194,27.713178]}},{"type":"Feature","properties":{"id":"w218983815","type":"school","name":"Hilary High School"},"geometry":{"type":"Point","coordinates":[85.349651,27.713963]}},{"type":"Feature","properties":{"id":"w218983816","type":"school","name":"Som Sarala Ved Vidhyala"},"geometry":{"type":"Point","coordinates":[85.349881,27.71387]}},{"type":"Feature","properties":{"id":"w218983843","type":"college","name":"Changu Narayan Higher Secondary School"},"geometry":{"type":"Point","coordinates":[85.418084,27.705178]}},{"type":"Feature","properties":{"id":"w218983844","type":"school","name":"Fulbright School"},"geometry":{"type":"Point","coordinates":[85.420361,27.703211]}},{"type":"Feature","properties":{"id":"w218983846","type":"school","name":"Ganesh Primary School"},"geometry":{"type":"Point","coordinates":[85.434748,27.695835]}},{"type":"Feature","properties":{"id":"w218983848","type":"school","name":"Mandev Amrit Smriti School"},"geometry":{"type":"Point","coordinates":[85.426057,27.703127]}},{"type":"Feature","properties":{"id":"w218984047","type":"school","name":"Nabin English School"},"geometry":{"type":"Point","coordinates":[85.418472,27.706112]}},{"type":"Feature","properties":{"id":"w218984209","type":"school","name":"Gyandeep Siksha Sadan"},"geometry":{"type":"Point","coordinates":[85.349864,27.714732]}},{"type":"Feature","properties":{"id":"w218984210","type":"hospital","name":"New Life Health Care Pvt. Ltd."},"geometry":{"type":"Point","coordinates":[85.349997,27.71434]}},{"type":"Feature","properties":{"id":"w218985559","type":"school","name":"Adarsha Jyoti English Secondary School"},"geometry":{"type":"Point","coordinates":[85.422942,27.664646]}},{"type":"Feature","properties":{"id":"w218985741","type":"college","name":"Innovative College of Health Science Pvt. Ltd."},"geometry":{"type":"Point","coordinates":[85.34037,27.71126]}},{"type":"Feature","properties":{"id":"w218986002","type":"school","name":"Siddhidas Secondary School"},"geometry":{"type":"Point","coordinates":[85.423378,27.665094]}},{"type":"Feature","properties":{"id":"w218986249","type":"school","name":"Vishwa Niketan Higher Secondary School"},"geometry":{"type":"Point","coordinates":[85.311871,27.692883]}},{"type":"Feature","properties":{"id":"w218986452","type":"school","name":"Mahan Siddhartha High School"},"geometry":{"type":"Point","coordinates":[85.354548,27.715315]}},{"type":"Feature","properties":{"id":"w218988529","type":"school","name":"Chamunda Higher Secondary School"},"geometry":{"type":"Point","coordinates":[85.379713,27.722343]}},{"type":"Feature","properties":{"id":"w218989244","type":"school","name":"Himalayan Internatinal Model High School"},"geometry":{"type":"Point","coordinates":[85.380764,27.723448]}},{"type":"Feature","properties":{"id":"w218993943","type":"school","name":"Shree Bal Byabasayi Kendra Secondary School"},"geometry":{"type":"Point","coordinates":[85.340571,27.710736]}},{"type":"Feature","properties":{"id":"w218994335","type":"school","name":"Mount Ural Teaching Academy"},"geometry":{"type":"Point","coordinates":[85.379173,27.723003]}},{"type":"Feature","properties":{"id":"w218994582","type":"school","name":"Deerwalk Sifal School"},"geometry":{"type":"Point","coordinates":[85.341407,27.711936]}},{"type":"Feature","properties":{"id":"w218995225","type":"school","name":"Seto Bangla Boarding School"},"geometry":{"type":"Point","coordinates":[85.338159,27.711633]}},{"type":"Feature","properties":{"id":"w218995380","type":"college","name":"Newton International College"},"geometry":{"type":"Point","coordinates":[85.342632,27.713467]}},{"type":"Feature","properties":{"id":"w218996068","type":"school","name":"New Buddha Prakash Secondary School"},"geometry":{"type":"Point","coordinates":[85.378504,27.721386]}},{"type":"Feature","properties":{"id":"w218996069","type":"school","name":"The Rising Star English Boarding School"},"geometry":{"type":"Point","coordinates":[85.379701,27.72119]}},{"type":"Feature","properties":{"id":"w218996294","type":"school","name":"Mount View School"},"geometry":{"type":"Point","coordinates":[85.343573,27.713659]}},{"type":"Feature","properties":{"id":"w218996765","type":"school","name":"Indrawati Public School"},"geometry":{"type":"Point","coordinates":[85.359221,27.715135]}},{"type":"Feature","properties":{"id":"w218996984","type":"school","name":"Buddha Pashupati Academy"},"geometry":{"type":"Point","coordinates":[85.360082,27.715444]}},{"type":"Feature","properties":{"id":"w218997258","type":"school","name":"Lords Light Academy"},"geometry":{"type":"Point","coordinates":[85.364126,27.715582]}},{"type":"Feature","properties":{"id":"w218998068","type":"school","name":"HEMS School"},"geometry":{"type":"Point","coordinates":[85.337856,27.708658]}},{"type":"Feature","properties":{"id":"w219001123","type":"school","name":"Nepal Adarsha Secondary School"},"geometry":{"type":"Point","coordinates":[85.30956,27.700721]}},{"type":"Feature","properties":{"id":"w219001310","type":"school","name":"Nirmal Vidyapeeth Secondary School"},"geometry":{"type":"Point","coordinates":[85.309498,27.701518]}},{"type":"Feature","properties":{"id":"w219001687","type":"school","name":"Bal Sewa Secondary School"},"geometry":{"type":"Point","coordinates":[85.308495,27.702708]}},{"type":"Feature","properties":{"id":"w219002367","type":"school","name":"Bidhyodaya Secondary School"},"geometry":{"type":"Point","coordinates":[85.307159,27.702511]}},{"type":"Feature","properties":{"id":"w219072866","type":"hospital","name":"mhf"},"geometry":{"type":"Point","coordinates":[85.330145,27.753688]}},{"type":"Feature","properties":{"id":"w219073441","type":"school","name":"Tarapunja English Secondary School"},"geometry":{"type":"Point","coordinates":[85.367517,27.630222]}},{"type":"Feature","properties":{"id":"w219174110","type":"school","name":"Angel's World International Academy"},"geometry":{"type":"Point","coordinates":[85.33355,27.740552]}},{"type":"Feature","properties":{"id":"w219174111","type":"school","name":"Fluoresent Academy"},"geometry":{"type":"Point","coordinates":[85.32162,27.736691]}},{"type":"Feature","properties":{"id":"w219174112","type":"school","name":"J.B. Memorial English School"},"geometry":{"type":"Point","coordinates":[85.328018,27.743819]}},{"type":"Feature","properties":{"id":"w219197831","type":"school","name":"Himalaya Higher Secondary School"},"geometry":{"type":"Point","coordinates":[85.348204,27.679452]}},{"type":"Feature","properties":{"id":"w219208221","type":"school","name":"Canvas International Higher Secondary School"},"geometry":{"type":"Point","coordinates":[85.317707,27.726399]}},{"type":"Feature","properties":{"id":"w219208222","type":"college","name":"Gateway College"},"geometry":{"type":"Point","coordinates":[85.316393,27.73235]}},{"type":"Feature","properties":{"id":"w219208223","type":"school","name":"Shri Siddeshwari Lower Secondary School"},"geometry":{"type":"Point","coordinates":[85.365689,27.603282]}},{"type":"Feature","properties":{"id":"w219208224","type":"college","name":"Sweta Sadan Higher Secondary School"},"geometry":{"type":"Point","coordinates":[85.317335,27.73571]}},{"type":"Feature","properties":{"id":"w219221073","type":"school","name":"Nepal Police School"},"geometry":{"type":"Point","coordinates":[85.318903,27.732924]}},{"type":"Feature","properties":{"id":"w219221074","type":"college","name":"Pasang Lhamu Sherpa Memorial College"},"geometry":{"type":"Point","coordinates":[85.318543,27.733271]}},{"type":"Feature","properties":{"id":"w219221075","type":"college","name":"Pasang Lhamu Sherpa Memorial College"},"geometry":{"type":"Point","coordinates":[85.315359,27.734103]}},{"type":"Feature","properties":{"id":"w219223399","type":"school","name":"Amity Wits Co-Education English Secondary School"},"geometry":{"type":"Point","coordinates":[85.320908,27.734741]}},{"type":"Feature","properties":{"id":"w219223400","type":"school","name":"My Land Academy"},"geometry":{"type":"Point","coordinates":[85.320267,27.732312]}},{"type":"Feature","properties":{"id":"w219223401","type":"school","name":"Oracle Ray Academy"},"geometry":{"type":"Point","coordinates":[85.319393,27.733429]}},{"type":"Feature","properties":{"id":"w219223402","type":"school","name":"Takshashila Academy"},"geometry":{"type":"Point","coordinates":[85.31993,27.733127]}},{"type":"Feature","properties":{"id":"w219223904","type":"school","name":"Green Kantipur Higher Secondary School"},"geometry":{"type":"Point","coordinates":[85.283605,27.722192]}},{"type":"Feature","properties":{"id":"w219224355","type":"school","name":"Reed Model School"},"geometry":{"type":"Point","coordinates":[85.28414,27.72206]}},{"type":"Feature","properties":{"id":"w219224670","type":"school","name":"International Peace Academy"},"geometry":{"type":"Point","coordinates":[85.285603,27.7245]}},{"type":"Feature","properties":{"id":"w219225866","type":"school","name":"Saraswati Vidhya Mandir"},"geometry":{"type":"Point","coordinates":[85.286666,27.723894]}},{"type":"Feature","properties":{"id":"w219227198","type":"school","name":"Queens Garden Academy"},"geometry":{"type":"Point","coordinates":[85.288361,27.733052]}},{"type":"Feature","properties":{"id":"w219227506","type":"school","name":"Janajagriti Gyan Rashmi Secondary School"},"geometry":{"type":"Point","coordinates":[85.294721,27.730096]}},{"type":"Feature","properties":{"id":"w219227747","type":"school","name":"Vibhuti Secondary School"},"geometry":{"type":"Point","coordinates":[85.293217,27.723952]}},{"type":"Feature","properties":{"id":"w219228171","type":"clinic","name":"Om Shibaba Memorial Polyclinic"},"geometry":{"type":"Point","coordinates":[85.291111,27.726585]}},{"type":"Feature","properties":{"id":"w219242344","type":"school","name":"Graded Education Ment School"},"geometry":{"type":"Point","coordinates":[85.28993,27.73075]}},{"type":"Feature","properties":{"id":"w219242346","type":"school","name":"New Creative Secondary School"},"geometry":{"type":"Point","coordinates":[85.289065,27.731882]}},{"type":"Feature","properties":{"id":"w219268454","type":"school","name":"Olympia World Higher Secondary School"},"geometry":{"type":"Point","coordinates":[85.327656,27.688528]}},{"type":"Feature","properties":{"id":"w219268455","type":"school","name":"South Point Boarding High School (Junior block)"},"geometry":{"type":"Point","coordinates":[85.328547,27.688587]}},{"type":"Feature","properties":{"id":"w219268469","type":"school","name":"Rose Bud School"},"geometry":{"type":"Point","coordinates":[85.325,27.688045]}},{"type":"Feature","properties":{"id":"w219276285","type":"school","name":"Heartland Montessori Based Pre-School and Child Care Center"},"geometry":{"type":"Point","coordinates":[85.332821,27.684418]}},{"type":"Feature","properties":{"id":"w219276289","type":"college","name":"Kantipur International College (Kantipur Hotel Management College)"},"geometry":{"type":"Point","coordinates":[85.331315,27.688322]}},{"type":"Feature","properties":{"id":"w219276292","type":"school","name":"Kavya School"},"geometry":{"type":"Point","coordinates":[85.331774,27.686834]}},{"type":"Feature","properties":{"id":"w219358150","type":"college","name":"Kantipur Academy of Health Sciences"},"geometry":{"type":"Point","coordinates":[85.348143,27.686813]}},{"type":"Feature","properties":{"id":"w219358205","type":"school","name":"Rara Secondary School"},"geometry":{"type":"Point","coordinates":[85.350295,27.689087]}},{"type":"Feature","properties":{"id":"w219358260","type":"college","name":"Sauriya Education Foundation"},"geometry":{"type":"Point","coordinates":[85.350939,27.691333]}},{"type":"Feature","properties":{"id":"w219358404","type":"college","name":"Himalayan Institute of Science and Technology"},"geometry":{"type":"Point","coordinates":[85.349963,27.691226]}},{"type":"Feature","properties":{"id":"w219358673","type":"school","name":"Apple International School"},"geometry":{"type":"Point","coordinates":[85.347571,27.687385]}},{"type":"Feature","properties":{"id":"w219359041","type":"college","name":"Pentagon International College"},"geometry":{"type":"Point","coordinates":[85.348065,27.686308]}},{"type":"Feature","properties":{"id":"w219364256","type":"school","name":"Good Shepherd School"},"geometry":{"type":"Point","coordinates":[85.345721,27.679263]}},{"type":"Feature","properties":{"id":"w219364258","type":"school","name":"Nava Jyoti Higher Secondary School (Junior Block)"},"geometry":{"type":"Point","coordinates":[85.347133,27.678855]}},{"type":"Feature","properties":{"id":"w219366304","type":"school","name":"New Vision Academy"},"geometry":{"type":"Point","coordinates":[85.343283,27.675777]}},{"type":"Feature","properties":{"id":"w219393813","type":"school","name":"Bon Skylark International Secondary School"},"geometry":{"type":"Point","coordinates":[85.346076,27.719085]}},{"type":"Feature","properties":{"id":"w219397381","type":"school","name":"Sagarmatha Vidya Mandir"},"geometry":{"type":"Point","coordinates":[85.347186,27.715218]}},{"type":"Feature","properties":{"id":"w219397645","type":"college","name":"St. Lawrence College"},"geometry":{"type":"Point","coordinates":[85.346868,27.715333]}},{"type":"Feature","properties":{"id":"w219400172","type":"school","name":"Elixir Academy"},"geometry":{"type":"Point","coordinates":[85.354405,27.714475]}},{"type":"Feature","properties":{"id":"w219401229","type":"school","name":"Prerana School"},"geometry":{"type":"Point","coordinates":[85.351036,27.715735]}},{"type":"Feature","properties":{"id":"w219401230","type":"school","name":"Prerana School"},"geometry":{"type":"Point","coordinates":[85.350796,27.715765]}},{"type":"Feature","properties":{"id":"w219404251","type":"college","name":"Liberty college"},"geometry":{"type":"Point","coordinates":[85.328919,27.69448]}},{"type":"Feature","properties":{"id":"w219416823","type":"school","name":"Little Climbers English School"},"geometry":{"type":"Point","coordinates":[85.280999,27.722605]}},{"type":"Feature","properties":{"id":"w219417703","type":"school","name":"Himalayan Valley Academy"},"geometry":{"type":"Point","coordinates":[85.285067,27.728309]}},{"type":"Feature","properties":{"id":"w219418128","type":"school","name":"Lovely Kids Montessori School"},"geometry":{"type":"Point","coordinates":[85.282575,27.730294]}},{"type":"Feature","properties":{"id":"w219418707","type":"school","name":"Pragya Jyoti English School"},"geometry":{"type":"Point","coordinates":[85.297556,27.713459]}},{"type":"Feature","properties":{"id":"w219421232","type":"school","name":"KERIC Academy Secondary School"},"geometry":{"type":"Point","coordinates":[85.302953,27.735752]}},{"type":"Feature","properties":{"id":"w219424539","type":"school","name":"Pragati Higher Secondary Boarding School"},"geometry":{"type":"Point","coordinates":[85.303739,27.731475]}},{"type":"Feature","properties":{"id":"w219424798","type":"school","name":"Elysian Fields School"},"geometry":{"type":"Point","coordinates":[85.29534,27.721108]}},{"type":"Feature","properties":{"id":"w219425521","type":"school","name":"Birat Boarding School"},"geometry":{"type":"Point","coordinates":[85.335411,27.683611]}},{"type":"Feature","properties":{"id":"w219425524","type":"college","name":"Crimson International College, Higher Secondary School (Lali Gurans Higher Secondary School and College)"},"geometry":{"type":"Point","coordinates":[85.333501,27.682923]}},{"type":"Feature","properties":{"id":"w219425530","type":"school","name":"Pacific Academy (PAC) Secondary Boarding School"},"geometry":{"type":"Point","coordinates":[85.333578,27.68326]}},{"type":"Feature","properties":{"id":"w219428836","type":"college","name":"Swopna Vatika Academic College"},"geometry":{"type":"Point","coordinates":[85.329036,27.684004]}},{"type":"Feature","properties":{"id":"w219428837","type":"school","name":"Swapna Vatika Academic Higher Secondary School"},"geometry":{"type":"Point","coordinates":[85.329303,27.683704]}},{"type":"Feature","properties":{"id":"w219431016","type":"college","name":"Gyan Niketan College"},"geometry":{"type":"Point","coordinates":[85.336645,27.683337]}},{"type":"Feature","properties":{"id":"w219431018","type":"school","name":"Gyan Niketan Secondary School (Junior Block)"},"geometry":{"type":"Point","coordinates":[85.33404,27.684318]}},{"type":"Feature","properties":{"id":"w219511636","type":"school","name":"Jun Montessori School"},"geometry":{"type":"Point","coordinates":[85.347141,27.751877]}},{"type":"Feature","properties":{"id":"w219522113","type":"college","name":"British Gurkha Academy College"},"geometry":{"type":"Point","coordinates":[85.341386,27.745686]}},{"type":"Feature","properties":{"id":"w219523804","type":"school","name":"British Gurkha Academy School"},"geometry":{"type":"Point","coordinates":[85.340281,27.745772]}},{"type":"Feature","properties":{"id":"w219524519","type":"school","name":"St. Joseph English Secondary School"},"geometry":{"type":"Point","coordinates":[85.346093,27.752146]}},{"type":"Feature","properties":{"id":"w219526150","type":"college","name":"Tungram International Academy Higher Secondary School and College"},"geometry":{"type":"Point","coordinates":[85.347869,27.753781]}},{"type":"Feature","properties":{"id":"w219543994","type":"school","name":"Columbus School"},"geometry":{"type":"Point","coordinates":[85.330384,27.686431]}},{"type":"Feature","properties":{"id":"w219544010","type":"school","name":"House of Montessori World"},"geometry":{"type":"Point","coordinates":[85.33004,27.686208]}},{"type":"Feature","properties":{"id":"w219544011","type":"school","name":"Innovative English School"},"geometry":{"type":"Point","coordinates":[85.331218,27.683804]}},{"type":"Feature","properties":{"id":"w219544013","type":"school","name":"Traibidhya Sikshya Sadan"},"geometry":{"type":"Point","coordinates":[85.333293,27.681463]}},{"type":"Feature","properties":{"id":"w219612708","type":"school","name":"Peace Point Secondary Boarding School"},"geometry":{"type":"Point","coordinates":[85.348419,27.697043]}},{"type":"Feature","properties":{"id":"w219615931","type":"school","name":"Little Hands School"},"geometry":{"type":"Point","coordinates":[85.350803,27.757872]}},{"type":"Feature","properties":{"id":"w219616187","type":"school","name":"Bhakti International School"},"geometry":{"type":"Point","coordinates":[85.34936,27.75841]}},{"type":"Feature","properties":{"id":"w219616188","type":"school","name":"Palistha Academy"},"geometry":{"type":"Point","coordinates":[85.348955,27.757481]}},{"type":"Feature","properties":{"id":"w219616603","type":"school","name":"Bhadrakali English Medium School"},"geometry":{"type":"Point","coordinates":[85.350887,27.758726]}},{"type":"Feature","properties":{"id":"w219616616","type":"school","name":"Occidental Public School"},"geometry":{"type":"Point","coordinates":[85.330735,27.697022]}},{"type":"Feature","properties":{"id":"w219616754","type":"school","name":"Amardip Secondary School"},"geometry":{"type":"Point","coordinates":[85.349056,27.756153]}},{"type":"Feature","properties":{"id":"w219616794","type":"school","name":"Tungram International Academy Higher Secondary School"},"geometry":{"type":"Point","coordinates":[85.346813,27.755462]}},{"type":"Feature","properties":{"id":"w219616903","type":"school","name":"Saurdeep Boarding School"},"geometry":{"type":"Point","coordinates":[85.296198,27.726396]}},{"type":"Feature","properties":{"id":"w219616912","type":"school","name":"Bhadra Ghale Sikshya Sadan"},"geometry":{"type":"Point","coordinates":[85.331104,27.698683]}},{"type":"Feature","properties":{"id":"w219617127","type":"school","name":"Supreme International High School"},"geometry":{"type":"Point","coordinates":[85.351128,27.71697]}},{"type":"Feature","properties":{"id":"w219617152","type":"school","name":"Baby Angel English Secondary School"},"geometry":{"type":"Point","coordinates":[85.276547,27.7235]}},{"type":"Feature","properties":{"id":"w219617170","type":"school","name":"Sayapatri Children Education Academy"},"geometry":{"type":"Point","coordinates":[85.329498,27.702149]}},{"type":"Feature","properties":{"id":"w219617227","type":"school","name":"Peoples Friendly Academy"},"geometry":{"type":"Point","coordinates":[85.282669,27.721476]}},{"type":"Feature","properties":{"id":"w219617232","type":"school","name":"Esteem Learning School"},"geometry":{"type":"Point","coordinates":[85.351207,27.71798]}},{"type":"Feature","properties":{"id":"w219617663","type":"school","name":"Disneyland Pre-School"},"geometry":{"type":"Point","coordinates":[85.350706,27.718532]}},{"type":"Feature","properties":{"id":"w219617712","type":"school","name":"Bright Land Higher Secondary School"},"geometry":{"type":"Point","coordinates":[85.304352,27.730642]}},{"type":"Feature","properties":{"id":"w219617749","type":"school","name":"Riviera International School"},"geometry":{"type":"Point","coordinates":[85.353621,27.718334]}},{"type":"Feature","properties":{"id":"w219617768","type":"school","name":"Kohinoor School"},"geometry":{"type":"Point","coordinates":[85.303818,27.732231]}},{"type":"Feature","properties":{"id":"w219617796","type":"school","name":"Bigyan High School"},"geometry":{"type":"Point","coordinates":[85.350952,27.737792]}},{"type":"Feature","properties":{"id":"w219617799","type":"school","name":"Neighbourhood English High School"},"geometry":{"type":"Point","coordinates":[85.350116,27.738506]}},{"type":"Feature","properties":{"id":"w219617902","type":"school","name":"Bright Heaven Boarding School"},"geometry":{"type":"Point","coordinates":[85.304027,27.733094]}},{"type":"Feature","properties":{"id":"w219618179","type":"school","name":"Baba Boarding High School"},"geometry":{"type":"Point","coordinates":[85.349074,27.720018]}},{"type":"Feature","properties":{"id":"w219618182","type":"school","name":"Arunodaya Secondary School"},"geometry":{"type":"Point","coordinates":[85.305724,27.705826]}},{"type":"Feature","properties":{"id":"w219618184","type":"school","name":"Kanya Secondary School"},"geometry":{"type":"Point","coordinates":[85.306824,27.705914]}},{"type":"Feature","properties":{"id":"w219618185","type":"school","name":"Kesh Chandra Primary School"},"geometry":{"type":"Point","coordinates":[85.308002,27.706931]}},{"type":"Feature","properties":{"id":"w219618186","type":"school","name":"Next Generation Residential Academy"},"geometry":{"type":"Point","coordinates":[85.306273,27.705906]}},{"type":"Feature","properties":{"id":"w219618248","type":"school","name":"Little Blooms Secondary School"},"geometry":{"type":"Point","coordinates":[85.374301,27.675918]}},{"type":"Feature","properties":{"id":"w219618249","type":"school","name":"Orbit English Secondary School"},"geometry":{"type":"Point","coordinates":[85.371893,27.674485]}},{"type":"Feature","properties":{"id":"w219618250","type":"school","name":"Sudha Sagar Vidhya Sadan"},"geometry":{"type":"Point","coordinates":[85.373918,27.675278]}},{"type":"Feature","properties":{"id":"w219618301","type":"school","name":"Loyalty Academy"},"geometry":{"type":"Point","coordinates":[85.353602,27.736913]}},{"type":"Feature","properties":{"id":"w219618302","type":"school","name":"Stephens International School"},"geometry":{"type":"Point","coordinates":[85.337228,27.741038]}},{"type":"Feature","properties":{"id":"w219618307","type":"school","name":"Ekta English Boarding School"},"geometry":{"type":"Point","coordinates":[85.306734,27.708441]}},{"type":"Feature","properties":{"id":"w219618308","type":"school","name":"Kanya Mandir Higher Secondary School"},"geometry":{"type":"Point","coordinates":[85.308881,27.70996]}},{"type":"Feature","properties":{"id":"w219618372","type":"school","name":"Lumbini Academic Foundation"},"geometry":{"type":"Point","coordinates":[85.349473,27.720244]}},{"type":"Feature","properties":{"id":"w219618561","type":"school","name":"Zenith English School"},"geometry":{"type":"Point","coordinates":[85.372299,27.674544]}},{"type":"Feature","properties":{"id":"w219618762","type":"school","name":"Little Genius English Secondary School"},"geometry":{"type":"Point","coordinates":[85.291702,27.721269]}},{"type":"Feature","properties":{"id":"w219618844","type":"school","name":"Bhakta Vidhyashram Secondary School"},"geometry":{"type":"Point","coordinates":[85.307038,27.708827]}},{"type":"Feature","properties":{"id":"w219618845","type":"clinic","name":"Chhatrapati Free Clinic"},"geometry":{"type":"Point","coordinates":[85.30857,27.7107]}},{"type":"Feature","properties":{"id":"w219619032","type":"school","name":"Shree Shram Rastriya Secondary School"},"geometry":{"type":"Point","coordinates":[85.35477,27.717011]}},{"type":"Feature","properties":{"id":"w219619221","type":"school","name":"Satya Sai Academy"},"geometry":{"type":"Point","coordinates":[85.352849,27.715789]}},{"type":"Feature","properties":{"id":"w219619227","type":"school"},"geometry":{"type":"Point","coordinates":[85.353174,27.716299]}},{"type":"Feature","properties":{"id":"w219619501","type":"school","name":"The Excel Public School"},"geometry":{"type":"Point","coordinates":[85.281847,27.716853]}},{"type":"Feature","properties":{"id":"w219620011","type":"school","name":"Open House English Boarding School"},"geometry":{"type":"Point","coordinates":[85.303863,27.707922]}},{"type":"Feature","properties":{"id":"w219620012","type":"school","name":"Swarnim Sikshya Sadan"},"geometry":{"type":"Point","coordinates":[85.304981,27.710009]}},{"type":"Feature","properties":{"id":"w219620580","type":"school","name":"Paradigm Public School"},"geometry":{"type":"Point","coordinates":[85.313097,27.7289]}},{"type":"Feature","properties":{"id":"w219620581","type":"school","name":"Pushpa Kunja High School"},"geometry":{"type":"Point","coordinates":[85.312105,27.732524]}},{"type":"Feature","properties":{"id":"w219620582","type":"school","name":"SEB School"},"geometry":{"type":"Point","coordinates":[85.312821,27.728703]}},{"type":"Feature","properties":{"id":"w219620583","type":"school","name":"Scholar's Home Academy"},"geometry":{"type":"Point","coordinates":[85.314236,27.732749]}},{"type":"Feature","properties":{"id":"w219620584","type":"school","name":"Shree Ganesh Himal Secondary School"},"geometry":{"type":"Point","coordinates":[85.313192,27.733569]}},{"type":"Feature","properties":{"id":"w219621068","type":"school","name":"Yuwa Sahavagati Secondary School"},"geometry":{"type":"Point","coordinates":[85.280114,27.71578]}},{"type":"Feature","properties":{"id":"w219621365","type":"school","name":"Small Heaven Boarding School"},"geometry":{"type":"Point","coordinates":[85.30547,27.710861]}},{"type":"Feature","properties":{"id":"w219621366","type":"school","name":"Small Heaven Boarding School"},"geometry":{"type":"Point","coordinates":[85.306176,27.710261]}},{"type":"Feature","properties":{"id":"w219621367","type":"school","name":"Whitefield English Boarding School"},"geometry":{"type":"Point","coordinates":[85.306117,27.71046]}},{"type":"Feature","properties":{"id":"w219621368","type":"school","name":"Whitefield English Boarding School"},"geometry":{"type":"Point","coordinates":[85.306118,27.709729]}},{"type":"Feature","properties":{"id":"w219623005","type":"school","name":"Saraswati Boarding School"},"geometry":{"type":"Point","coordinates":[85.308395,27.712364]}},{"type":"Feature","properties":{"id":"w219624683","type":"school","name":"Ananta Mangal Sadan"},"geometry":{"type":"Point","coordinates":[85.303468,27.733599]}},{"type":"Feature","properties":{"id":"w219624704","type":"school","name":"Nepal Yubak Secondary School"},"geometry":{"type":"Point","coordinates":[85.30798,27.714702]}},{"type":"Feature","properties":{"id":"w219625627","type":"college","name":"Asian College of Management and Technology"},"geometry":{"type":"Point","coordinates":[85.337974,27.686723]}},{"type":"Feature","properties":{"id":"w219625631","type":"school","name":"Awareness International Academy (AIA)"},"geometry":{"type":"Point","coordinates":[85.332597,27.680555]}},{"type":"Feature","properties":{"id":"w219625646","type":"college","name":"Nova International College"},"geometry":{"type":"Point","coordinates":[85.337701,27.68691]}},{"type":"Feature","properties":{"id":"w219625647","type":"college","name":"Premier College"},"geometry":{"type":"Point","coordinates":[85.337004,27.687249]}},{"type":"Feature","properties":{"id":"w219625649","type":"school","name":"Shree Sanjaya Sai Vidhya Mandir"},"geometry":{"type":"Point","coordinates":[85.328209,27.685456]}},{"type":"Feature","properties":{"id":"w219625848","type":"school","name":"Morning Glory High School"},"geometry":{"type":"Point","coordinates":[85.309564,27.696565]}},{"type":"Feature","properties":{"id":"w219625933","type":"school","name":"Shree Panchakanya Lower Secondary School"},"geometry":{"type":"Point","coordinates":[85.336831,27.731389]}},{"type":"Feature","properties":{"id":"w219625934","type":"college","name":"Valley College of Technical Sciences"},"geometry":{"type":"Point","coordinates":[85.331705,27.730862]}},{"type":"Feature","properties":{"id":"w219627300","type":"school","name":"Basbari Higher Secondary School / Chiran Milan Bishwashanti Campus"},"geometry":{"type":"Point","coordinates":[85.345024,27.741097]}},{"type":"Feature","properties":{"id":"w219627301","type":"school","name":"Euro Kids Pre School Specialist"},"geometry":{"type":"Point","coordinates":[85.343675,27.739739]}},{"type":"Feature","properties":{"id":"w219627302","type":"school","name":"Old Ganesh Higher Secondary School"},"geometry":{"type":"Point","coordinates":[85.352241,27.761057]}},{"type":"Feature","properties":{"id":"w219627303","type":"school","name":"Guheshwari Boarding High School"},"geometry":{"type":"Point","coordinates":[85.344142,27.741423]}},{"type":"Feature","properties":{"id":"w219627304","type":"school","name":"National United School"},"geometry":{"type":"Point","coordinates":[85.351467,27.760793]}},{"type":"Feature","properties":{"id":"w219627306","type":"school","name":"Oliver Public School"},"geometry":{"type":"Point","coordinates":[85.344906,27.737819]}},{"type":"Feature","properties":{"id":"w219627307","type":"school","name":"Shreyai Balsansar"},"geometry":{"type":"Point","coordinates":[85.348165,27.746042]}},{"type":"Feature","properties":{"id":"w219627308","type":"school","name":"Valley Public Higher Secondary School"},"geometry":{"type":"Point","coordinates":[85.35262,27.749889]}},{"type":"Feature","properties":{"id":"w219627332","type":"school","name":"Manjari Secondary School"},"geometry":{"type":"Point","coordinates":[85.346774,27.753341]}},{"type":"Feature","properties":{"id":"w219627674","type":"school","name":"National Academy"},"geometry":{"type":"Point","coordinates":[85.327572,27.686697]}},{"type":"Feature","properties":{"id":"w219627677","type":"college","name":"Presidential Business Academy"},"geometry":{"type":"Point","coordinates":[85.327889,27.686611]}},{"type":"Feature","properties":{"id":"w219627750","type":"school","name":"Mini Montessori"},"geometry":{"type":"Point","coordinates":[85.332198,27.690923]}},{"type":"Feature","properties":{"id":"w219628766","type":"school","name":"Araniko Secondary Boarding School"},"geometry":{"type":"Point","coordinates":[85.309617,27.697297]}},{"type":"Feature","properties":{"id":"w219628767","type":"school","name":"Araniko Secondary Boarding School"},"geometry":{"type":"Point","coordinates":[85.309476,27.697105]}},{"type":"Feature","properties":{"id":"w219628768","type":"school","name":"Deep High School"},"geometry":{"type":"Point","coordinates":[85.310133,27.696413]}},{"type":"Feature","properties":{"id":"w219628975","type":"college","name":"Madan Bhandari Memorial College"},"geometry":{"type":"Point","coordinates":[85.329576,27.695072]}},{"type":"Feature","properties":{"id":"w219628976","type":"school","name":"Nobel Academy"},"geometry":{"type":"Point","coordinates":[85.331842,27.68991]}},{"type":"Feature","properties":{"id":"w219629528","type":"school","name":"Dewy Dawn High School"},"geometry":{"type":"Point","coordinates":[85.310279,27.698184]}},{"type":"Feature","properties":{"id":"w219629553","type":"school","name":"Jyoti Gyan Academy Secondary School"},"geometry":{"type":"Point","coordinates":[85.426597,27.661668]}},{"type":"Feature","properties":{"id":"w219629556","type":"school","name":"Adarsha Jyoti"},"geometry":{"type":"Point","coordinates":[85.424337,27.664553]}},{"type":"Feature","properties":{"id":"w219629571","type":"school","name":"Laliguras School"},"geometry":{"type":"Point","coordinates":[85.423965,27.66439]}},{"type":"Feature","properties":{"id":"w219629572","type":"school","name":"Moonshine"},"geometry":{"type":"Point","coordinates":[85.447221,27.660517]}},{"type":"Feature","properties":{"id":"w219630636","type":"school","name":"Gyan Jyoti Academy"},"geometry":{"type":"Point","coordinates":[85.340653,27.743371]}},{"type":"Feature","properties":{"id":"w219630637","type":"school","name":"Modern Educare Montessori Based School"},"geometry":{"type":"Point","coordinates":[85.341315,27.746205]}},{"type":"Feature","properties":{"id":"w219631364","type":"college","name":"College of Applied Sciences"},"geometry":{"type":"Point","coordinates":[85.32981,27.69592]}},{"type":"Feature","properties":{"id":"w219631565","type":"school","name":"Azad Lower Secondary School"},"geometry":{"type":"Point","coordinates":[85.308493,27.697752]}},{"type":"Feature","properties":{"id":"w219633721","type":"school","name":"Kumari English Boarding School"},"geometry":{"type":"Point","coordinates":[85.304806,27.700932]}},{"type":"Feature","properties":{"id":"w219633826","type":"school","name":"Doleshwor School"},"geometry":{"type":"Point","coordinates":[85.437673,27.638854]}},{"type":"Feature","properties":{"id":"w219633834","type":"school","name":"Shree Shanti Niketan School"},"geometry":{"type":"Point","coordinates":[85.432952,27.64343]}},{"type":"Feature","properties":{"id":"w219634548","type":"college","name":"Asian Engineering College"},"geometry":{"type":"Point","coordinates":[85.333308,27.682436]}},{"type":"Feature","properties":{"id":"w219634554","type":"college","name":"Kathmandu Institute of Technical  Science (KITS)"},"geometry":{"type":"Point","coordinates":[85.331389,27.686902]}},{"type":"Feature","properties":{"id":"w219634557","type":"school","name":"Neric Academy"},"geometry":{"type":"Point","coordinates":[85.333319,27.680645]}},{"type":"Feature","properties":{"id":"w219636294","type":"school","name":"The Chandbagh School Pipalbot"},"geometry":{"type":"Point","coordinates":[85.343798,27.741435]}},{"type":"Feature","properties":{"id":"w219636513","type":"school","name":"Saraswoti Lower Secondary School"},"geometry":{"type":"Point","coordinates":[85.457101,27.631709]}},{"type":"Feature","properties":{"id":"w219636522","type":"school","name":"Jagriti Lower Secondary School"},"geometry":{"type":"Point","coordinates":[85.460305,27.618268]}},{"type":"Feature","properties":{"id":"w219636527","type":"school","name":"Bal Ganesh English School"},"geometry":{"type":"Point","coordinates":[85.464123,27.643604]}},{"type":"Feature","properties":{"id":"w219638218","type":"school","name":"Happy Home Kinder World"},"geometry":{"type":"Point","coordinates":[85.378968,27.723211]}},{"type":"Feature","properties":{"id":"w219639034","type":"school","name":"Pancha Kanya School"},"geometry":{"type":"Point","coordinates":[85.466416,27.642933]}},{"type":"Feature","properties":{"id":"w219639035","type":"school","name":"Rosham English Boarding School"},"geometry":{"type":"Point","coordinates":[85.420755,27.664054]}},{"type":"Feature","properties":{"id":"w219639036","type":"school","name":"Shree Bhubaneshwori Secondary School"},"geometry":{"type":"Point","coordinates":[85.450994,27.649261]}},{"type":"Feature","properties":{"id":"w219639037","type":"school","name":"Shri Ram Lower Secondary School"},"geometry":{"type":"Point","coordinates":[85.458917,27.64556]}},{"type":"Feature","properties":{"id":"w219640820","type":"clinic","name":"Advance Polyclinic"},"geometry":{"type":"Point","coordinates":[85.323935,27.72731]}},{"type":"Feature","properties":{"id":"w219640825","type":"school","name":"Bhanubhakta Memorial Higher Secondary School"},"geometry":{"type":"Point","coordinates":[85.324925,27.726797]}},{"type":"Feature","properties":{"id":"w219640827","type":"school","name":"Chandra Tara School"},"geometry":{"type":"Point","coordinates":[85.323981,27.723711]}},{"type":"Feature","properties":{"id":"w219640830","type":"college","name":"Redhon College"},"geometry":{"type":"Point","coordinates":[85.313553,27.727942]}},{"type":"Feature","properties":{"id":"w219640846","type":"school","name":"Sunrise Boarding School"},"geometry":{"type":"Point","coordinates":[85.3252,27.726167]}},{"type":"Feature","properties":{"id":"w219640915","type":"school","name":"Marie Gold Boarding School"},"geometry":{"type":"Point","coordinates":[85.332725,27.693526]}},{"type":"Feature","properties":{"id":"w219640919","type":"school","name":"Chelsea International Academy"},"geometry":{"type":"Point","coordinates":[85.335468,27.694428]}},{"type":"Feature","properties":{"id":"w219640933","type":"school","name":"Gundu English Secondary School"},"geometry":{"type":"Point","coordinates":[85.424275,27.663192]}},{"type":"Feature","properties":{"id":"w219640934","type":"school","name":"Student Academy School"},"geometry":{"type":"Point","coordinates":[85.419911,27.665213]}},{"type":"Feature","properties":{"id":"w219640938","type":"school","name":"Wings Montessori"},"geometry":{"type":"Point","coordinates":[85.419458,27.664848]}},{"type":"Feature","properties":{"id":"w219642224","type":"school","name":"Little Garden English School"},"geometry":{"type":"Point","coordinates":[85.412143,27.658107]}},{"type":"Feature","properties":{"id":"w219642228","type":"school","name":"Springdale School"},"geometry":{"type":"Point","coordinates":[85.416511,27.662744]}},{"type":"Feature","properties":{"id":"w219644145","type":"college","name":"Apollo International College"},"geometry":{"type":"Point","coordinates":[85.335138,27.694645]}},{"type":"Feature","properties":{"id":"w219644146","type":"school","name":"Kathmandu Xavier Public School"},"geometry":{"type":"Point","coordinates":[85.335767,27.694001]}},{"type":"Feature","properties":{"id":"w219646092","type":"school","name":"Ratna Rajya Higher Secondary School"},"geometry":{"type":"Point","coordinates":[85.337329,27.695802]}},{"type":"Feature","properties":{"id":"w219723951","type":"clinic","name":"Gothatar Polyclinic and lab centre"},"geometry":{"type":"Point","coordinates":[85.372725,27.698191]}},{"type":"Feature","properties":{"id":"w219759757","type":"college","name":"KFA Business School"},"geometry":{"type":"Point","coordinates":[85.337766,27.695388]}},{"type":"Feature","properties":{"id":"w219775935","type":"college","name":"Amrit Secondary Boarding School"},"geometry":{"type":"Point","coordinates":[85.306601,27.726361]}},{"type":"Feature","properties":{"id":"w219775936","type":"school","name":"Aradhana Academy"},"geometry":{"type":"Point","coordinates":[85.310432,27.731159]}},{"type":"Feature","properties":{"id":"w219775937","type":"school","name":"Basanta Ritu English Boarding School"},"geometry":{"type":"Point","coordinates":[85.316677,27.726818]}},{"type":"Feature","properties":{"id":"w219775941","type":"school","name":"Gandaki Public Boarding School"},"geometry":{"type":"Point","coordinates":[85.308072,27.725374]}},{"type":"Feature","properties":{"id":"w219775942","type":"school","name":"Marshyangdi Boarding High School"},"geometry":{"type":"Point","coordinates":[85.307887,27.726269]}},{"type":"Feature","properties":{"id":"w219775943","type":"school","name":"Mother International Academy"},"geometry":{"type":"Point","coordinates":[85.312381,27.725892]}},{"type":"Feature","properties":{"id":"w219775946","type":"college"},"geometry":{"type":"Point","coordinates":[85.315367,27.729208]}},{"type":"Feature","properties":{"id":"w219775947","type":"college","name":"Navodit Vidya Kunja Higher Secondary School"},"geometry":{"type":"Point","coordinates":[85.31292,27.725245]}},{"type":"Feature","properties":{"id":"w219775948","type":"school","name":"New Himalayan Bidya Mandir Higher Secondary School"},"geometry":{"type":"Point","coordinates":[85.314743,27.723882]}},{"type":"Feature","properties":{"id":"w219775949","type":"school","name":"The Imperial Academy"},"geometry":{"type":"Point","coordinates":[85.310782,27.729806]}},{"type":"Feature","properties":{"id":"w219775950","type":"school","name":"Vijaya Secondary Boarding School"},"geometry":{"type":"Point","coordinates":[85.310844,27.727415]}},{"type":"Feature","properties":{"id":"w219775951","type":"school","name":"White Haven Academy"},"geometry":{"type":"Point","coordinates":[85.310639,27.733554]}},{"type":"Feature","properties":{"id":"w219847139","type":"school","name":"Dibya Deep Jyoti Secondary School"},"geometry":{"type":"Point","coordinates":[85.358155,27.672047]}},{"type":"Feature","properties":{"id":"w219847234","type":"school","name":"Unique Nepal Academy"},"geometry":{"type":"Point","coordinates":[85.357788,27.673883]}},{"type":"Feature","properties":{"id":"w219848239","type":"school","name":"Tri Star English Secondary School"},"geometry":{"type":"Point","coordinates":[85.360766,27.675652]}},{"type":"Feature","properties":{"id":"w219848432","type":"school","name":"Erudite Academy"},"geometry":{"type":"Point","coordinates":[85.361294,27.676966]}},{"type":"Feature","properties":{"id":"w219893803","type":"college","name":"Sunway International Business School"},"geometry":{"type":"Point","coordinates":[85.337714,27.696231]}},{"type":"Feature","properties":{"id":"w219895242","type":"college","name":"The Aryan School"},"geometry":{"type":"Point","coordinates":[85.338289,27.69605]}},{"type":"Feature","properties":{"id":"w219896798","type":"school","name":"Parijat Vidya Punja"},"geometry":{"type":"Point","coordinates":[85.33566,27.694995]}},{"type":"Feature","properties":{"id":"w219899054","type":"college","name":"Premier College (BBS Block)"},"geometry":{"type":"Point","coordinates":[85.336788,27.69218]}},{"type":"Feature","properties":{"id":"w219900955","type":"college","name":"Anmol Rastriya College"},"geometry":{"type":"Point","coordinates":[85.308532,27.723761]}},{"type":"Feature","properties":{"id":"w219900956","type":"college","name":"Ashirwad College"},"geometry":{"type":"Point","coordinates":[85.31346,27.725576]}},{"type":"Feature","properties":{"id":"w219900957","type":"college","name":"Atlantic International College"},"geometry":{"type":"Point","coordinates":[85.312307,27.722518]}},{"type":"Feature","properties":{"id":"w219900958","type":"school","name":"Childrens Eternal Academy"},"geometry":{"type":"Point","coordinates":[85.308842,27.721118]}},{"type":"Feature","properties":{"id":"w219900964","type":"school","name":"Eternal Light Public Higher Secondary School"},"geometry":{"type":"Point","coordinates":[85.308931,27.721755]}},{"type":"Feature","properties":{"id":"w219900965","type":"school","name":"National Star High School"},"geometry":{"type":"Point","coordinates":[85.310378,27.720264]}},{"type":"Feature","properties":{"id":"w219900966","type":"school","name":"Precious National Academy Higher Secondary School"},"geometry":{"type":"Point","coordinates":[85.308481,27.723892]}},{"type":"Feature","properties":{"id":"w219900967","type":"school","name":"Siddhi Ganesh Higher Secondary School"},"geometry":{"type":"Point","coordinates":[85.310238,27.718366]}},{"type":"Feature","properties":{"id":"w219924623","type":"school","name":"Bright Zone International School"},"geometry":{"type":"Point","coordinates":[85.372445,27.716617]}},{"type":"Feature","properties":{"id":"w219924624","type":"school","name":"Buddha Academy"},"geometry":{"type":"Point","coordinates":[85.370139,27.717961]}},{"type":"Feature","properties":{"id":"w219924626","type":"school","name":"Merryland English School"},"geometry":{"type":"Point","coordinates":[85.371599,27.715192]}},{"type":"Feature","properties":{"id":"w219924627","type":"school","name":"Peace Nepal Secondary School"},"geometry":{"type":"Point","coordinates":[85.370947,27.715289]}},{"type":"Feature","properties":{"id":"w219924628","type":"school","name":"Pearls English Academy"},"geometry":{"type":"Point","coordinates":[85.369714,27.715865]}},{"type":"Feature","properties":{"id":"w219924629","type":"school","name":"Timeline International Academy"},"geometry":{"type":"Point","coordinates":[85.371022,27.714895]}},{"type":"Feature","properties":{"id":"w219928576","type":"school","name":"Ages Graded English Higher Secondary School"},"geometry":{"type":"Point","coordinates":[85.365762,27.719855]}},{"type":"Feature","properties":{"id":"w219928577","type":"school","name":"Arun Jyoti Vidya Mandir"},"geometry":{"type":"Point","coordinates":[85.369777,27.720468]}},{"type":"Feature","properties":{"id":"w219928578","type":"school","name":"Centennial Higher Secondary School"},"geometry":{"type":"Point","coordinates":[85.370388,27.720686]}},{"type":"Feature","properties":{"id":"w219928579","type":"school","name":"Children's Garden Pre-School"},"geometry":{"type":"Point","coordinates":[85.366818,27.718475]}},{"type":"Feature","properties":{"id":"w219928580","type":"school","name":"Children's Liberty English Boarding School"},"geometry":{"type":"Point","coordinates":[85.369033,27.719657]}},{"type":"Feature","properties":{"id":"w219928582","type":"school","name":"Kantipur Academy High School"},"geometry":{"type":"Point","coordinates":[85.367033,27.720251]}},{"type":"Feature","properties":{"id":"w219928583","type":"school","name":"Mount Summit Boarding School"},"geometry":{"type":"Point","coordinates":[85.366772,27.720374]}},{"type":"Feature","properties":{"id":"w219928584","type":"school","name":"Om Vajra Public School"},"geometry":{"type":"Point","coordinates":[85.367062,27.718839]}},{"type":"Feature","properties":{"id":"w219928586","type":"school","name":"Pegasus English School"},"geometry":{"type":"Point","coordinates":[85.36723,27.717471]}},{"type":"Feature","properties":{"id":"w219932295","type":"school","name":"Bipul Sikshya Sadan"},"geometry":{"type":"Point","coordinates":[85.36649,27.715139]}},{"type":"Feature","properties":{"id":"w219932296","type":"school","name":"Charles Darwin Academy"},"geometry":{"type":"Point","coordinates":[85.367655,27.714546]}},{"type":"Feature","properties":{"id":"w219932297","type":"school","name":"Sirjana Secondary English School"},"geometry":{"type":"Point","coordinates":[85.368437,27.714263]}},{"type":"Feature","properties":{"id":"w219973931","type":"school","name":"Diya Shri School"},"geometry":{"type":"Point","coordinates":[85.359683,27.67786]}},{"type":"Feature","properties":{"id":"w219973934","type":"hospital","name":"Nepal Korea Friendship Hospital"},"geometry":{"type":"Point","coordinates":[85.383778,27.678873]}},{"type":"Feature","properties":{"id":"w219973940","type":"school","name":"Pumori English Secondary School"},"geometry":{"type":"Point","coordinates":[85.380499,27.674807]}},{"type":"Feature","properties":{"id":"w219974779","type":"school","name":"Siddhartha Vidyapith"},"geometry":{"type":"Point","coordinates":[85.372505,27.675179]}},{"type":"Feature","properties":{"id":"w219974965","type":"school","name":"Bhaktapur NIST School"},"geometry":{"type":"Point","coordinates":[85.361294,27.678856]}},{"type":"Feature","properties":{"id":"w220108551","type":"school","name":"World Angel Academy"},"geometry":{"type":"Point","coordinates":[85.301556,27.70973]}},{"type":"Feature","properties":{"id":"w220108682","type":"school","name":"Buddha Jyoti Academy"},"geometry":{"type":"Point","coordinates":[85.301099,27.709697]}},{"type":"Feature","properties":{"id":"w220108686","type":"school","name":"Shanti Niketan English Residential High School"},"geometry":{"type":"Point","coordinates":[85.416034,27.667068]}},{"type":"Feature","properties":{"id":"w220109996","type":"school","name":"Little Buddhas Academy"},"geometry":{"type":"Point","coordinates":[85.299359,27.711906]}},{"type":"Feature","properties":{"id":"w220110829","type":"school","name":"Bibhuti International School"},"geometry":{"type":"Point","coordinates":[85.30015,27.710592]}},{"type":"Feature","properties":{"id":"w220111289","type":"school","name":"AB Secondary School"},"geometry":{"type":"Point","coordinates":[85.409891,27.670106]}},{"type":"Feature","properties":{"id":"w220111290","type":"school","name":"Surya Dip Higher Secondary School"},"geometry":{"type":"Point","coordinates":[85.412689,27.668672]}},{"type":"Feature","properties":{"id":"w220111963","type":"school","name":"New Arunodaya English Higher Secondary School"},"geometry":{"type":"Point","coordinates":[85.298971,27.710914]}},{"type":"Feature","properties":{"id":"w220118012","type":"school","name":"Budhanilakantha Model Community Academy"},"geometry":{"type":"Point","coordinates":[85.364915,27.768239]}},{"type":"Feature","properties":{"id":"w220118014","type":"school","name":"Dhurba Tara Boarding High School"},"geometry":{"type":"Point","coordinates":[85.35537,27.767941]}},{"type":"Feature","properties":{"id":"w220118015","type":"school","name":"Diamond English Medium Higher Secondary School"},"geometry":{"type":"Point","coordinates":[85.354332,27.764813]}},{"type":"Feature","properties":{"id":"w220118016","type":"school","name":"Mother's Castle School"},"geometry":{"type":"Point","coordinates":[85.36333,27.774582]}},{"type":"Feature","properties":{"id":"w220189972","type":"school","name":"A&A Academy"},"geometry":{"type":"Point","coordinates":[85.340622,27.67511]}},{"type":"Feature","properties":{"id":"w220189973","type":"college","name":"Kathmandu Forestry College"},"geometry":{"type":"Point","coordinates":[85.341165,27.674809]}},{"type":"Feature","properties":{"id":"w220190725","type":"school","name":"Hebron Public School"},"geometry":{"type":"Point","coordinates":[85.343607,27.673292]}},{"type":"Feature","properties":{"id":"w220198407","type":"school","name":"Great Wall International School"},"geometry":{"type":"Point","coordinates":[85.338148,27.682881]}},{"type":"Feature","properties":{"id":"w220201768","type":"school","name":"Shubham Pathshala"},"geometry":{"type":"Point","coordinates":[85.335507,27.685212]}},{"type":"Feature","properties":{"id":"w220211878","type":"school","name":"Kathmandu Vidya Mandir"},"geometry":{"type":"Point","coordinates":[85.352579,27.722779]}},{"type":"Feature","properties":{"id":"w220211881","type":"school","name":"Tara Sadan English School"},"geometry":{"type":"Point","coordinates":[85.352388,27.721883]}},{"type":"Feature","properties":{"id":"w220212852","type":"school","name":"Arunima Sishu Sadan"},"geometry":{"type":"Point","coordinates":[85.357358,27.725363]}},{"type":"Feature","properties":{"id":"w220212853","type":"hospital","name":"Samaj Dental Hospital"},"geometry":{"type":"Point","coordinates":[85.357607,27.72571]}},{"type":"Feature","properties":{"id":"w220212854","type":"school","name":"Shri Janakalyan Higher Secondary School"},"geometry":{"type":"Point","coordinates":[85.358018,27.725728]}},{"type":"Feature","properties":{"id":"w220213327","type":"school","name":"Progressive English Secondary School"},"geometry":{"type":"Point","coordinates":[85.355386,27.723233]}},{"type":"Feature","properties":{"id":"w220213331","type":"school","name":"Progressive English Secondary School"},"geometry":{"type":"Point","coordinates":[85.355497,27.723376]}},{"type":"Feature","properties":{"id":"w220213917","type":"hospital","name":"Shechan Clinic & Hospice"},"geometry":{"type":"Point","coordinates":[85.359913,27.724557]}},{"type":"Feature","properties":{"id":"w220214314","type":"college","name":"Kumari Engineering College"},"geometry":{"type":"Point","coordinates":[85.35921,27.722295]}},{"type":"Feature","properties":{"id":"w220214960","type":"school","name":"three star school"},"geometry":{"type":"Point","coordinates":[85.363143,27.725885]}},{"type":"Feature","properties":{"id":"w220215433","type":"school","name":"Three Star English School"},"geometry":{"type":"Point","coordinates":[85.362976,27.726326]}},{"type":"Feature","properties":{"id":"w220215977","type":"school","name":"Shree Nawa Jagriti Secondary School"},"geometry":{"type":"Point","coordinates":[85.363344,27.728295]}},{"type":"Feature","properties":{"id":"w220222682","type":"school","name":"Kitini Higher Secondary School"},"geometry":{"type":"Point","coordinates":[85.355856,27.609125]}},{"type":"Feature","properties":{"id":"w220222684","type":"school","name":"Pushpanjali Secondary School"},"geometry":{"type":"Point","coordinates":[85.354439,27.61251]}},{"type":"Feature","properties":{"id":"w220227884","type":"school","name":"Adarsha Yog-Hari Higher Secondary School"},"geometry":{"type":"Point","coordinates":[85.31493,27.718488]}},{"type":"Feature","properties":{"id":"w220227917","type":"college","name":"National College"},"geometry":{"type":"Point","coordinates":[85.31522,27.718312]}},{"type":"Feature","properties":{"id":"w220233810","type":"school","name":"Bhairabhi Lower Secondary School"},"geometry":{"type":"Point","coordinates":[85.415048,27.638924]}},{"type":"Feature","properties":{"id":"w220234876","type":"school","name":"Himal Secondary School"},"geometry":{"type":"Point","coordinates":[85.410717,27.650591]}},{"type":"Feature","properties":{"id":"w220235470","type":"school","name":"Bal Chetan Primary School"},"geometry":{"type":"Point","coordinates":[85.406801,27.646445]}},{"type":"Feature","properties":{"id":"w220235524","type":"school","name":"Jana Bikash Primary School"},"geometry":{"type":"Point","coordinates":[85.418028,27.652239]}},{"type":"Feature","properties":{"id":"w220235854","type":"school","name":"Unity English School"},"geometry":{"type":"Point","coordinates":[85.407345,27.662484]}},{"type":"Feature","properties":{"id":"w220236092","type":"college","name":"Nepal College of Information Technology(NCIT)"},"geometry":{"type":"Point","coordinates":[85.33913,27.671405]}},{"type":"Feature","properties":{"id":"w220244738","type":"school","name":"Balbikash Boarding School"},"geometry":{"type":"Point","coordinates":[85.361242,27.778806]}},{"type":"Feature","properties":{"id":"w220244741","type":"school","name":"Budhanilakantha Ved Vidya Ashram"},"geometry":{"type":"Point","coordinates":[85.361973,27.778174]}},{"type":"Feature","properties":{"id":"w220244742","type":"school","name":"Diamond School"},"geometry":{"type":"Point","coordinates":[85.35937,27.778259]}},{"type":"Feature","properties":{"id":"w220244743","type":"school","name":"Himalaya Boarding High School"},"geometry":{"type":"Point","coordinates":[85.361567,27.776863]}},{"type":"Feature","properties":{"id":"w220244744","type":"school","name":"Shristi Gyan Academy"},"geometry":{"type":"Point","coordinates":[85.357812,27.779126]}},{"type":"Feature","properties":{"id":"w220247521","type":"school","name":"Blooming Flower Montessori School"},"geometry":{"type":"Point","coordinates":[85.360128,27.770673]}},{"type":"Feature","properties":{"id":"w220247522","type":"school","name":"Budhanilakantha Higher Secondary School"},"geometry":{"type":"Point","coordinates":[85.362708,27.77676]}},{"type":"Feature","properties":{"id":"w220247526","type":"school","name":"Shree Ram Lower Secondary School"},"geometry":{"type":"Point","coordinates":[85.347339,27.769668]}},{"type":"Feature","properties":{"id":"w220247527","type":"school","name":"St. Xavier English Academy"},"geometry":{"type":"Point","coordinates":[85.363883,27.775484]}},{"type":"Feature","properties":{"id":"w220247528","type":"school","name":"Standford English Boarding School"},"geometry":{"type":"Point","coordinates":[85.352652,27.767885]}},{"type":"Feature","properties":{"id":"w220247529","type":"school","name":"Three Star Academy"},"geometry":{"type":"Point","coordinates":[85.352618,27.768583]}},{"type":"Feature","properties":{"id":"w220247530","type":"school","name":"Valley Public Kindergarten"},"geometry":{"type":"Point","coordinates":[85.350235,27.769679]}},{"type":"Feature","properties":{"id":"w220249294","type":"school","name":"Om Secondary School"},"geometry":{"type":"Point","coordinates":[85.403778,27.665663]}},{"type":"Feature","properties":{"id":"w220249295","type":"school","name":"Lotus International School"},"geometry":{"type":"Point","coordinates":[85.404774,27.67106]}},{"type":"Feature","properties":{"id":"w220249296","type":"school","name":"St. John English School"},"geometry":{"type":"Point","coordinates":[85.40672,27.669267]}},{"type":"Feature","properties":{"id":"w220249316","type":"school","name":"Unique International School"},"geometry":{"type":"Point","coordinates":[85.404045,27.668313]}},{"type":"Feature","properties":{"id":"w220249317","type":"school","name":"Sunshine Higher Secondary School"},"geometry":{"type":"Point","coordinates":[85.390512,27.672857]}},{"type":"Feature","properties":{"id":"w220249318","type":"school","name":"Manoram Boarding School"},"geometry":{"type":"Point","coordinates":[85.404477,27.669485]}},{"type":"Feature","properties":{"id":"w220258407","type":"college","name":"Kathford International College of Engineering and Management / Bhassara Secondary School"},"geometry":{"type":"Point","coordinates":[85.338582,27.673587]}},{"type":"Feature","properties":{"id":"w220258410","type":"school","name":"Nava Vidya Mandir School"},"geometry":{"type":"Point","coordinates":[85.331761,27.67334]}},{"type":"Feature","properties":{"id":"w220258411","type":"school","name":"Shri Gambhir Samundra Setu Higher Secondary School"},"geometry":{"type":"Point","coordinates":[85.343544,27.670732]}},{"type":"Feature","properties":{"id":"w220258860","type":"school","name":"Shining English Boarding School"},"geometry":{"type":"Point","coordinates":[85.441449,27.697079]}},{"type":"Feature","properties":{"id":"w220259403","type":"school","name":"Naulo Jyoti English School"},"geometry":{"type":"Point","coordinates":[85.387127,27.674752]}},{"type":"Feature","properties":{"id":"w220259404","type":"school","name":"Shree Mahindra Lower Secondary School"},"geometry":{"type":"Point","coordinates":[85.366905,27.682889]}},{"type":"Feature","properties":{"id":"w220261445","type":"college","name":"RITZ Hospitality Management College"},"geometry":{"type":"Point","coordinates":[85.340026,27.67228]}},{"type":"Feature","properties":{"id":"w220261657","type":"school","name":"Gyan Jyoti Lower Secondary School"},"geometry":{"type":"Point","coordinates":[85.444975,27.701076]}},{"type":"Feature","properties":{"id":"w220262736","type":"school","name":"Shree Mahakali Primary School"},"geometry":{"type":"Point","coordinates":[85.451018,27.70123]}},{"type":"Feature","properties":{"id":"w220265739","type":"school","name":"Active English Secondary School"},"geometry":{"type":"Point","coordinates":[85.385295,27.681972]}},{"type":"Feature","properties":{"id":"w220265742","type":"school","name":"Adarsha Secondary School"},"geometry":{"type":"Point","coordinates":[85.386004,27.677418]}},{"type":"Feature","properties":{"id":"w220265745","type":"school","name":"Manab Vidya Griha"},"geometry":{"type":"Point","coordinates":[85.383597,27.680316]}},{"type":"Feature","properties":{"id":"w220265750","type":"school","name":"Shri Janak Sidhhikali Secondary School"},"geometry":{"type":"Point","coordinates":[85.382919,27.680802]}},{"type":"Feature","properties":{"id":"w220265765","type":"school","name":"Nawa Ratna English Secondary School"},"geometry":{"type":"Point","coordinates":[85.385131,27.678473]}},{"type":"Feature","properties":{"id":"w220266668","type":"school","name":"New Paradise Kindergarten"},"geometry":{"type":"Point","coordinates":[85.448906,27.69367]}},{"type":"Feature","properties":{"id":"w220266669","type":"school","name":"Ratna Sikshya Sadan English School"},"geometry":{"type":"Point","coordinates":[85.449574,27.698018]}},{"type":"Feature","properties":{"id":"w220269003","type":"school","name":"Ganesh Secondary School"},"geometry":{"type":"Point","coordinates":[85.447793,27.692769]}},{"type":"Feature","properties":{"id":"w220294712","type":"school","name":"Vidyodaya English School"},"geometry":{"type":"Point","coordinates":[85.298971,27.708768]}},{"type":"Feature","properties":{"id":"w220295540","type":"school","name":"Advanced Academy"},"geometry":{"type":"Point","coordinates":[85.392057,27.689642]}},{"type":"Feature","properties":{"id":"w220295542","type":"school","name":"Creative Learners Academy (CLA)"},"geometry":{"type":"Point","coordinates":[85.389847,27.684185]}},{"type":"Feature","properties":{"id":"w220295543","type":"school","name":"Everest Public School"},"geometry":{"type":"Point","coordinates":[85.398363,27.688915]}},{"type":"Feature","properties":{"id":"w220295544","type":"school","name":"Gladstone Academy"},"geometry":{"type":"Point","coordinates":[85.3881,27.685469]}},{"type":"Feature","properties":{"id":"w220295545","type":"school","name":"Holy Garden English Secondary School"},"geometry":{"type":"Point","coordinates":[85.390511,27.682791]}},{"type":"Feature","properties":{"id":"w220295546","type":"school","name":"Jaya Higher Secondary School"},"geometry":{"type":"Point","coordinates":[85.388666,27.685095]}},{"type":"Feature","properties":{"id":"w220295547","type":"school","name":"Lord Buddha English Secondary School"},"geometry":{"type":"Point","coordinates":[85.3888,27.688479]}},{"type":"Feature","properties":{"id":"w220295548","type":"school","name":"Lotus Innovative School"},"geometry":{"type":"Point","coordinates":[85.39009,27.691471]}},{"type":"Feature","properties":{"id":"w220295550","type":"school","name":"Pragati Secondary School"},"geometry":{"type":"Point","coordinates":[85.39809,27.693318]}},{"type":"Feature","properties":{"id":"w220295551","type":"school","name":"Prime Academy"},"geometry":{"type":"Point","coordinates":[85.389775,27.68931]}},{"type":"Feature","properties":{"id":"w220295552","type":"school","name":"Shree Bal Sewa Lower Secondary School"},"geometry":{"type":"Point","coordinates":[85.392219,27.686402]}},{"type":"Feature","properties":{"id":"w220295553","type":"school","name":"Shri Ganesh Secondary School"},"geometry":{"type":"Point","coordinates":[85.386271,27.68503]}},{"type":"Feature","properties":{"id":"w220295554","type":"school","name":"Shree Gyan Bikash Primary School"},"geometry":{"type":"Point","coordinates":[85.388013,27.692218]}},{"type":"Feature","properties":{"id":"w220295555","type":"school","name":"Supreme Academy"},"geometry":{"type":"Point","coordinates":[85.39253,27.681737]}},{"type":"Feature","properties":{"id":"w220313024","type":"school","name":"Mt. Gaurishankar Higher Secondary School"},"geometry":{"type":"Point","coordinates":[85.343504,27.671205]}},{"type":"Feature","properties":{"id":"w220314701","type":"school","name":"Divya Gyan English Boarding High School"},"geometry":{"type":"Point","coordinates":[85.300903,27.706923]}},{"type":"Feature","properties":{"id":"w220316411","type":"school","name":"Florence Nightingale English Boarding School"},"geometry":{"type":"Point","coordinates":[85.349121,27.66725]}},{"type":"Feature","properties":{"id":"w220316413","type":"school","name":"Mahendra Adarsha Higher Secondary School"},"geometry":{"type":"Point","coordinates":[85.347831,27.661067]}},{"type":"Feature","properties":{"id":"w220316414","type":"hospital","name":"Punarjiban Hospital"},"geometry":{"type":"Point","coordinates":[85.340767,27.672604]}},{"type":"Feature","properties":{"id":"w220316415","type":"school","name":"Suryodaya Sai Secondary School"},"geometry":{"type":"Point","coordinates":[85.343794,27.661907]}},{"type":"Feature","properties":{"id":"w220316416","type":"school","name":"Tathagat International Public School"},"geometry":{"type":"Point","coordinates":[85.341831,27.662035]}},{"type":"Feature","properties":{"id":"w220316757","type":"school","name":"Dallu Awasiya Vidyalaya"},"geometry":{"type":"Point","coordinates":[85.30097,27.708803]}},{"type":"Feature","properties":{"id":"w220317559","type":"school","name":"Holy Vision International Higher Secondary School"},"geometry":{"type":"Point","coordinates":[85.294238,27.701758]}},{"type":"Feature","properties":{"id":"w220317955","type":"school","name":"Kathmandu Valley School and College"},"geometry":{"type":"Point","coordinates":[85.294968,27.703312]}},{"type":"Feature","properties":{"id":"w220318670","type":"school","name":"Brain Land Academy"},"geometry":{"type":"Point","coordinates":[85.350778,27.733692]}},{"type":"Feature","properties":{"id":"w220318671","type":"college","name":"GATE College"},"geometry":{"type":"Point","coordinates":[85.350672,27.736259]}},{"type":"Feature","properties":{"id":"w220318673","type":"school","name":"Sypres Public School"},"geometry":{"type":"Point","coordinates":[85.349628,27.73324]}},{"type":"Feature","properties":{"id":"w220318674","type":"school","name":"Zenith International English School"},"geometry":{"type":"Point","coordinates":[85.350896,27.732479]}},{"type":"Feature","properties":{"id":"w220319539","type":"school","name":"Greyfort International School"},"geometry":{"type":"Point","coordinates":[85.34452,27.694776]}},{"type":"Feature","properties":{"id":"w220321372","type":"school","name":"Reliance Residential Higher Secondary School"},"geometry":{"type":"Point","coordinates":[85.343451,27.697085]}},{"type":"Feature","properties":{"id":"w220323725","type":"school","name":"Blooming Buds International School"},"geometry":{"type":"Point","coordinates":[85.34125,27.700643]}},{"type":"Feature","properties":{"id":"w220325114","type":"school","name":"Loyala Higher Secondary School"},"geometry":{"type":"Point","coordinates":[85.342473,27.700189]}},{"type":"Feature","properties":{"id":"w220325633","type":"school","name":"Kathmandu Pragya Kunja School"},"geometry":{"type":"Point","coordinates":[85.340465,27.693544]}},{"type":"Feature","properties":{"id":"w220336142","type":"school","name":"Kshitiz English School"},"geometry":{"type":"Point","coordinates":[85.384074,27.672744]}},{"type":"Feature","properties":{"id":"w220336145","type":"hospital","name":"Madhyapur Hospital"},"geometry":{"type":"Point","coordinates":[85.386822,27.673133]}},{"type":"Feature","properties":{"id":"w220336147","type":"school","name":"Chanakya college"},"geometry":{"type":"Point","coordinates":[85.382652,27.672585]}},{"type":"Feature","properties":{"id":"w220410841","type":"school","name":"Densh International School"},"geometry":{"type":"Point","coordinates":[85.381845,27.671184]}},{"type":"Feature","properties":{"id":"w220410843","type":"school","name":"Sumarga Montessori School"},"geometry":{"type":"Point","coordinates":[85.384046,27.672077]}},{"type":"Feature","properties":{"id":"w220411081","type":"school","name":"Eden Garden English School(New Block)"},"geometry":{"type":"Point","coordinates":[85.382921,27.66706]}},{"type":"Feature","properties":{"id":"w220411082","type":"school","name":"Eden Garden English School"},"geometry":{"type":"Point","coordinates":[85.383514,27.66874]}},{"type":"Feature","properties":{"id":"w220411410","type":"school","name":"Shankhar International School"},"geometry":{"type":"Point","coordinates":[85.387717,27.66751]}},{"type":"Feature","properties":{"id":"w220411411","type":"school","name":"Shankhadhar Memorial School"},"geometry":{"type":"Point","coordinates":[85.386186,27.66911]}},{"type":"Feature","properties":{"id":"w220411473","type":"school","name":"Welfare English School"},"geometry":{"type":"Point","coordinates":[85.385897,27.672201]}},{"type":"Feature","properties":{"id":"w220414601","type":"school","name":"Gyan Bhumi Secondary School"},"geometry":{"type":"Point","coordinates":[85.306254,27.756787]}},{"type":"Feature","properties":{"id":"w220414602","type":"school","name":"Him Rashmi High School"},"geometry":{"type":"Point","coordinates":[85.307156,27.750544]}},{"type":"Feature","properties":{"id":"w220414603","type":"school","name":"Kathmandu Lincoln School"},"geometry":{"type":"Point","coordinates":[85.306963,27.754404]}},{"type":"Feature","properties":{"id":"w220414604","type":"school","name":"Kindergarten Secondary School"},"geometry":{"type":"Point","coordinates":[85.305394,27.749159]}},{"type":"Feature","properties":{"id":"w220414605","type":"school","name":"Maha Laxmi English High School"},"geometry":{"type":"Point","coordinates":[85.311296,27.759578]}},{"type":"Feature","properties":{"id":"w220414606","type":"school","name":"New Crease English Secondary School"},"geometry":{"type":"Point","coordinates":[85.306655,27.743497]}},{"type":"Feature","properties":{"id":"w220414607","type":"school","name":"North Valley English Secondary School"},"geometry":{"type":"Point","coordinates":[85.300783,27.761933]}},{"type":"Feature","properties":{"id":"w220414608","type":"school","name":"Pragya Sadan Primary School"},"geometry":{"type":"Point","coordinates":[85.31309,27.723333]}},{"type":"Feature","properties":{"id":"w220424182","type":"school","name":"High Himalayan Academy"},"geometry":{"type":"Point","coordinates":[85.340057,27.692921]}},{"type":"Feature","properties":{"id":"w220553630","type":"school","name":"Om Education Academy"},"geometry":{"type":"Point","coordinates":[85.307627,27.710937]}},{"type":"Feature","properties":{"id":"w220554777","type":"school","name":"Bal Bikash Lower Secondary School"},"geometry":{"type":"Point","coordinates":[85.306043,27.711841]}},{"type":"Feature","properties":{"id":"w220555380","type":"school","name":"Ursa Major Children's Academy"},"geometry":{"type":"Point","coordinates":[85.304494,27.716616]}},{"type":"Feature","properties":{"id":"w220558190","type":"college","name":"Bishwa Bhasha Campus"},"geometry":{"type":"Point","coordinates":[85.319162,27.702606]}},{"type":"Feature","properties":{"id":"w220558191","type":"college","name":"Nepal Law Campus"},"geometry":{"type":"Point","coordinates":[85.319475,27.702605]}},{"type":"Feature","properties":{"id":"w220558892","type":"college","name":"Ratna Rajya Campus"},"geometry":{"type":"Point","coordinates":[85.319786,27.702616]}},{"type":"Feature","properties":{"id":"w220558896","type":"college"},"geometry":{"type":"Point","coordinates":[85.319711,27.702483]}},{"type":"Feature","properties":{"id":"w220559556","type":"school","name":"Devi Higher Secondary School"},"geometry":{"type":"Point","coordinates":[85.468947,27.663093]}},{"type":"Feature","properties":{"id":"w220559557","type":"school","name":"Tathali Children Home"},"geometry":{"type":"Point","coordinates":[85.467253,27.665419]}},{"type":"Feature","properties":{"id":"w220572011","type":"school","name":"Angel's Heart Higher Secondary School"},"geometry":{"type":"Point","coordinates":[85.312472,27.742973]}},{"type":"Feature","properties":{"id":"w220572013","type":"school","name":"Image Secondary Boarding School"},"geometry":{"type":"Point","coordinates":[85.309672,27.74037]}},{"type":"Feature","properties":{"id":"w220572015","type":"school","name":"Jeevan Jyoti English Boarding School"},"geometry":{"type":"Point","coordinates":[85.310317,27.746679]}},{"type":"Feature","properties":{"id":"w220572016","type":"school","name":"Laligurans National Academy"},"geometry":{"type":"Point","coordinates":[85.314022,27.744208]}},{"type":"Feature","properties":{"id":"w220572018","type":"school","name":"Manmaiju Secondary School"},"geometry":{"type":"Point","coordinates":[85.311754,27.751257]}},{"type":"Feature","properties":{"id":"w220572019","type":"school","name":"Peace Land Academy"},"geometry":{"type":"Point","coordinates":[85.309315,27.745382]}},{"type":"Feature","properties":{"id":"w220572020","type":"school","name":"Shree Mansingh Dharma Secondary School"},"geometry":{"type":"Point","coordinates":[85.311441,27.745512]}},{"type":"Feature","properties":{"id":"w220572021","type":"school","name":"Shuvakamana English Boarding School"},"geometry":{"type":"Point","coordinates":[85.307288,27.744703]}},{"type":"Feature","properties":{"id":"w220572022","type":"school","name":"Swarna Deep English School"},"geometry":{"type":"Point","coordinates":[85.312497,27.741041]}},{"type":"Feature","properties":{"id":"w220572051","type":"school"},"geometry":{"type":"Point","coordinates":[85.311895,27.7518]}},{"type":"Feature","properties":{"id":"w220577239","type":"school","name":"Blue Horizon Academy"},"geometry":{"type":"Point","coordinates":[85.32596,27.723291]}},{"type":"Feature","properties":{"id":"w220577248","type":"school","name":"Shree Dhumrabarah Secondary School"},"geometry":{"type":"Point","coordinates":[85.342843,27.725229]}},{"type":"Feature","properties":{"id":"w220577250","type":"school","name":"The Insight Vision Higher Secondary School"},"geometry":{"type":"Point","coordinates":[85.341895,27.72688]}},{"type":"Feature","properties":{"id":"w220577254","type":"school","name":"Universal Higher Secondary School"},"geometry":{"type":"Point","coordinates":[85.340307,27.722744]}},{"type":"Feature","properties":{"id":"w220577286","type":"school","name":"The Insight Vision HS School"},"geometry":{"type":"Point","coordinates":[85.343293,27.725983]}},{"type":"Feature","properties":{"id":"w220589090","type":"school","name":"Himchuli Academy"},"geometry":{"type":"Point","coordinates":[85.38214,27.687874]}},{"type":"Feature","properties":{"id":"w220589091","type":"school","name":"Bode Higher Secondary School"},"geometry":{"type":"Point","coordinates":[85.386969,27.691557]}},{"type":"Feature","properties":{"id":"w220589092","type":"school","name":"Shree Nil Barahi Primary School"},"geometry":{"type":"Point","coordinates":[85.396802,27.694689]}},{"type":"Feature","properties":{"id":"w220594699","type":"college","name":"Chakrawarti Habi College of Health Science"},"geometry":{"type":"Point","coordinates":[85.39864,27.677982]}},{"type":"Feature","properties":{"id":"w220594701","type":"school","name":"Mount Sinai English Boarding School"},"geometry":{"type":"Point","coordinates":[85.383848,27.675472]}},{"type":"Feature","properties":{"id":"w220594703","type":"college","name":"Shraddha College of Health Science"},"geometry":{"type":"Point","coordinates":[85.39191,27.674754]}},{"type":"Feature","properties":{"id":"w220594704","type":"school","name":"Shri Bal Premi Secondary School"},"geometry":{"type":"Point","coordinates":[85.383518,27.676077]}},{"type":"Feature","properties":{"id":"w220594705","type":"school","name":"Shree Pranodaya Primary School"},"geometry":{"type":"Point","coordinates":[85.386963,27.680247]}},{"type":"Feature","properties":{"id":"w220594706","type":"school","name":"Vinayak Sikshya Niketan English Secondary School"},"geometry":{"type":"Point","coordinates":[85.386507,27.680803]}},{"type":"Feature","properties":{"id":"w220594707","type":"school"},"geometry":{"type":"Point","coordinates":[85.388192,27.679431]}},{"type":"Feature","properties":{"id":"w220594728","type":"school","name":"Vinayak shiksha Niketan School"},"geometry":{"type":"Point","coordinates":[85.386862,27.68112]}},{"type":"Feature","properties":{"id":"w220594731","type":"school"},"geometry":{"type":"Point","coordinates":[85.386889,27.681053]}},{"type":"Feature","properties":{"id":"w220690478","type":"college","name":"Hillside College of Engineering"},"geometry":{"type":"Point","coordinates":[85.34219,27.673925]}},{"type":"Feature","properties":{"id":"w220697628","type":"college","name":"King's College"},"geometry":{"type":"Point","coordinates":[85.327867,27.689001]}},{"type":"Feature","properties":{"id":"w220699908","type":"school","name":"Gothatar English Secondary School"},"geometry":{"type":"Point","coordinates":[85.376897,27.707331]}},{"type":"Feature","properties":{"id":"w220702738","type":"school","name":"Bal Batika"},"geometry":{"type":"Point","coordinates":[85.367443,27.692797]}},{"type":"Feature","properties":{"id":"w220702741","type":"school","name":"Global Public School"},"geometry":{"type":"Point","coordinates":[85.367704,27.692507]}},{"type":"Feature","properties":{"id":"w220702742","type":"college","name":"Greenwich Academy"},"geometry":{"type":"Point","coordinates":[85.361593,27.692158]}},{"type":"Feature","properties":{"id":"w220702744","type":"school","name":"Mangal English School"},"geometry":{"type":"Point","coordinates":[85.361767,27.690913]}},{"type":"Feature","properties":{"id":"w220702746","type":"school","name":"Pritima English Secondary School"},"geometry":{"type":"Point","coordinates":[85.363989,27.692149]}},{"type":"Feature","properties":{"id":"w220704533","type":"school","name":"Nepal Everest Montessori School"},"geometry":{"type":"Point","coordinates":[85.347975,27.698919]}},{"type":"Feature","properties":{"id":"w220725014","type":"school","name":"Shri Mahalaxmi Higher Secondary School"},"geometry":{"type":"Point","coordinates":[85.373726,27.642126]}},{"type":"Feature","properties":{"id":"w220751284","type":"school","name":"Golden Flower Garden English Boarding School"},"geometry":{"type":"Point","coordinates":[85.262423,27.691037]}},{"type":"Feature","properties":{"id":"w220905580","type":"school","name":"Radha Krishna Lower Secondary School"},"geometry":{"type":"Point","coordinates":[85.459621,27.706171]}},{"type":"Feature","properties":{"id":"w220984941","type":"school","name":"Pratima English School"},"geometry":{"type":"Point","coordinates":[85.364013,27.69224]}},{"type":"Feature","properties":{"id":"w220987840","type":"college","name":"Himal Dental Hospital & Institute of Dental Science"},"geometry":{"type":"Point","coordinates":[85.34593,27.719961]}},{"type":"Feature","properties":{"id":"w220990736","type":"school","name":"Kankeshwori Secondary School"},"geometry":{"type":"Point","coordinates":[85.303361,27.707137]}},{"type":"Feature","properties":{"id":"w220993531","type":"school","name":"New Zenith English Model School"},"geometry":{"type":"Point","coordinates":[85.303706,27.710611]}},{"type":"Feature","properties":{"id":"w220995240","type":"school","name":"Nepal Rastriya Lower Secondary School"},"geometry":{"type":"Point","coordinates":[85.304036,27.711645]}},{"type":"Feature","properties":{"id":"w220996442","type":"school","name":"Surena English Boarding School"},"geometry":{"type":"Point","coordinates":[85.303132,27.712821]}},{"type":"Feature","properties":{"id":"w221016688","type":"school","name":"Whitefield English Boarding School"},"geometry":{"type":"Point","coordinates":[85.303075,27.715741]}},{"type":"Feature","properties":{"id":"w221016700","type":"college","name":"Whitefield International College"},"geometry":{"type":"Point","coordinates":[85.302993,27.715556]}},{"type":"Feature","properties":{"id":"w221027479","type":"school","name":"Shobha Bhagwati English Boarding School"},"geometry":{"type":"Point","coordinates":[85.302497,27.715603]}},{"type":"Feature","properties":{"id":"w221047767","type":"hospital","name":"Kathmandu E.N.T. Hospital and Research Center"},"geometry":{"type":"Point","coordinates":[85.318187,27.703697]}},{"type":"Feature","properties":{"id":"w221050572","type":"school","name":"Siddhartha Public Academy"},"geometry":{"type":"Point","coordinates":[85.317865,27.704799]}},{"type":"Feature","properties":{"id":"w221056250","type":"school","name":"Kathmandu Vidya Kunja School"},"geometry":{"type":"Point","coordinates":[85.325016,27.75067]}},{"type":"Feature","properties":{"id":"w221179243","type":"school","name":"Adwitiya Boarding School"},"geometry":{"type":"Point","coordinates":[85.298615,27.735206]}},{"type":"Feature","properties":{"id":"w221179244","type":"school","name":"Asha Vidhyashram"},"geometry":{"type":"Point","coordinates":[85.296377,27.736069]}},{"type":"Feature","properties":{"id":"w221191552","type":"school","name":"GEMS Primary Wing"},"geometry":{"type":"Point","coordinates":[85.310386,27.685241]}},{"type":"Feature","properties":{"id":"w221191553","type":"school","name":"Mamata Vidya Sadan"},"geometry":{"type":"Point","coordinates":[85.308506,27.688212]}},{"type":"Feature","properties":{"id":"w221191554","type":"school","name":"Nagarjun  Academy High School"},"geometry":{"type":"Point","coordinates":[85.310427,27.689516]}},{"type":"Feature","properties":{"id":"w221191555","type":"school","name":"Nagarjun Kids World"},"geometry":{"type":"Point","coordinates":[85.311084,27.689285]}},{"type":"Feature","properties":{"id":"w221191556","type":"school","name":"Shining Stars Secondary Boarding School"},"geometry":{"type":"Point","coordinates":[85.30834,27.686125]}},{"type":"Feature","properties":{"id":"w221191557","type":"school","name":"Shri Tika Vidyashram Higher Secondary School"},"geometry":{"type":"Point","coordinates":[85.309434,27.685335]}},{"type":"Feature","properties":{"id":"w221194663","type":"school","name":"Amar English Secondary School"},"geometry":{"type":"Point","coordinates":[85.33009,27.762221]}},{"type":"Feature","properties":{"id":"w221194664","type":"school","name":"Bindhyabasini Secondary School"},"geometry":{"type":"Point","coordinates":[85.331942,27.76504]}},{"type":"Feature","properties":{"id":"w221194665","type":"school","name":"Ganesh English Secondary School"},"geometry":{"type":"Point","coordinates":[85.330133,27.765229]}},{"type":"Feature","properties":{"id":"w221194666","type":"school","name":"Laxmipur English Secondary School"},"geometry":{"type":"Point","coordinates":[85.33221,27.770236]}},{"type":"Feature","properties":{"id":"w221194667","type":"school","name":"Oasis Public School"},"geometry":{"type":"Point","coordinates":[85.330524,27.774388]}},{"type":"Feature","properties":{"id":"w221194668","type":"school","name":"Sathya Sai Shikshya Sadan"},"geometry":{"type":"Point","coordinates":[85.331189,27.760099]}},{"type":"Feature","properties":{"id":"w221194669","type":"school","name":"Shri Saraswati Higher Secondary School"},"geometry":{"type":"Point","coordinates":[85.331644,27.766399]}},{"type":"Feature","properties":{"id":"w221198425","type":"school","name":"Pancha Kanya School"},"geometry":{"type":"Point","coordinates":[85.46969,27.708454]}},{"type":"Feature","properties":{"id":"w221211037","type":"school","name":"Binayak Saraswoti Lower Secondary School"},"geometry":{"type":"Point","coordinates":[85.406601,27.692692]}},{"type":"Feature","properties":{"id":"w221217813","type":"school","name":"Ganesh Primary School"},"geometry":{"type":"Point","coordinates":[85.40873,27.689625]}},{"type":"Feature","properties":{"id":"w221217814","type":"college","name":"Kathmandu Medical College"},"geometry":{"type":"Point","coordinates":[85.40779,27.687345]}},{"type":"Feature","properties":{"id":"w221218522","type":"school","name":"Pragya English Secondary School"},"geometry":{"type":"Point","coordinates":[85.411978,27.689256]}},{"type":"Feature","properties":{"id":"w221290652","type":"school","name":"Api School"},"geometry":{"type":"Point","coordinates":[85.326761,27.755637]}},{"type":"Feature","properties":{"id":"w221290654","type":"school","name":"Niten Memorial School"},"geometry":{"type":"Point","coordinates":[85.326324,27.755711]}},{"type":"Feature","properties":{"id":"w221295252","type":"hospital","name":"All Nepal Hospital"},"geometry":{"type":"Point","coordinates":[85.31746,27.734527]}},{"type":"Feature","properties":{"id":"w221295253","type":"school","name":"Approach English School"},"geometry":{"type":"Point","coordinates":[85.336778,27.749304]}},{"type":"Feature","properties":{"id":"w221295254","type":"school","name":"Children Herald English School"},"geometry":{"type":"Point","coordinates":[85.33706,27.749871]}},{"type":"Feature","properties":{"id":"w221295255","type":"school","name":"Gyan Sindhu Academy"},"geometry":{"type":"Point","coordinates":[85.321948,27.738266]}},{"type":"Feature","properties":{"id":"w221295256","type":"hospital","name":"International Friendship Children's Hospital (Maharajgunj)"},"geometry":{"type":"Point","coordinates":[85.326364,27.731289]}},{"type":"Feature","properties":{"id":"w221295257","type":"school","name":"Saptagandaki Secondary Boarding School"},"geometry":{"type":"Point","coordinates":[85.323706,27.738331]}},{"type":"Feature","properties":{"id":"w221295258","type":"school","name":"Sarathi Pathshala"},"geometry":{"type":"Point","coordinates":[85.335455,27.752115]}},{"type":"Feature","properties":{"id":"w221295259","type":"school","name":"Suvarnabhumi Vidhyalaya"},"geometry":{"type":"Point","coordinates":[85.338538,27.751486]}},{"type":"Feature","properties":{"id":"w221295615","type":"school","name":"Creative Model Academy Boarding High School"},"geometry":{"type":"Point","coordinates":[85.32445,27.719259]}},{"type":"Feature","properties":{"id":"w221295616","type":"school","name":"Pushpa Bal Academy"},"geometry":{"type":"Point","coordinates":[85.322971,27.718538]}},{"type":"Feature","properties":{"id":"w221295626","type":"school"},"geometry":{"type":"Point","coordinates":[85.324308,27.719551]}},{"type":"Feature","properties":{"id":"w221326057","type":"school","name":"Lily Flower Boarding School"},"geometry":{"type":"Point","coordinates":[85.350702,27.720609]}},{"type":"Feature","properties":{"id":"w221327924","type":"school","name":"Balkumari School"},"geometry":{"type":"Point","coordinates":[85.36461,27.733353]}},{"type":"Feature","properties":{"id":"w221328231","type":"school","name":"Little Moon High School"},"geometry":{"type":"Point","coordinates":[85.36294,27.732147]}},{"type":"Feature","properties":{"id":"w221328637","type":"school","name":"Hamro Sunshine School"},"geometry":{"type":"Point","coordinates":[85.367985,27.733418]}},{"type":"Feature","properties":{"id":"w221330736","type":"school","name":"Kailash Bodhi School"},"geometry":{"type":"Point","coordinates":[85.364996,27.731203]}},{"type":"Feature","properties":{"id":"w221331607","type":"school","name":"Gangchen Samling School"},"geometry":{"type":"Point","coordinates":[85.370132,27.729706]}},{"type":"Feature","properties":{"id":"w221337501","type":"school","name":"Mini Land School"},"geometry":{"type":"Point","coordinates":[85.305458,27.697649]}},{"type":"Feature","properties":{"id":"w221344930","type":"college","name":"International College of Hospitiality Management (ICHM)"},"geometry":{"type":"Point","coordinates":[85.312595,27.687599]}},{"type":"Feature","properties":{"id":"w221344936","type":"college","name":"National Law College"},"geometry":{"type":"Point","coordinates":[85.316451,27.680985]}},{"type":"Feature","properties":{"id":"w221344941","type":"school","name":"Nightingale Higher Secondary School"},"geometry":{"type":"Point","coordinates":[85.312676,27.68976]}},{"type":"Feature","properties":{"id":"w221344944","type":"school","name":"Pragati Sikshya Sadan Secondary School"},"geometry":{"type":"Point","coordinates":[85.315452,27.687738]}},{"type":"Feature","properties":{"id":"w221344945","type":"school","name":"Rupak Memorial International Higher Secondary School"},"geometry":{"type":"Point","coordinates":[85.314241,27.688887]}},{"type":"Feature","properties":{"id":"w221344946","type":"hospital","name":"Sarvanga Hospital"},"geometry":{"type":"Point","coordinates":[85.316585,27.685625]}},{"type":"Feature","properties":{"id":"w221349062","type":"school","name":"Deep Jyoti Primary School"},"geometry":{"type":"Point","coordinates":[85.46473,27.687557]}},{"type":"Feature","properties":{"id":"w221349064","type":"school","name":"Say Bangal Primary School"},"geometry":{"type":"Point","coordinates":[85.465642,27.687705]}},{"type":"Feature","properties":{"id":"w221350571","type":"school","name":"Shri Mahendra Saraswati Sewa Lower Secondary School"},"geometry":{"type":"Point","coordinates":[85.30388,27.694068]}},{"type":"Feature","properties":{"id":"w221351928","type":"school","name":"Laxmi Sikshya Sadan Higher Secondary School"},"geometry":{"type":"Point","coordinates":[85.303957,27.695411]}},{"type":"Feature","properties":{"id":"w221352251","type":"school","name":"Heritage English Boarding School`"},"geometry":{"type":"Point","coordinates":[85.356579,27.66614]}},{"type":"Feature","properties":{"id":"w221352252","type":"school","name":"High View Secondary School"},"geometry":{"type":"Point","coordinates":[85.357598,27.658064]}},{"type":"Feature","properties":{"id":"w221352253","type":"school","name":"Mahendra Gram Secondary School"},"geometry":{"type":"Point","coordinates":[85.357776,27.659107]}},{"type":"Feature","properties":{"id":"w221353507","type":"school","name":"Mansarovar Academy"},"geometry":{"type":"Point","coordinates":[85.364111,27.726831]}},{"type":"Feature","properties":{"id":"w221353886","type":"hospital","name":"Blue Lotus Hospital"},"geometry":{"type":"Point","coordinates":[85.310607,27.694226]}},{"type":"Feature","properties":{"id":"w221353892","type":"school","name":"Children Garden English School"},"geometry":{"type":"Point","coordinates":[85.349137,27.661755]}},{"type":"Feature","properties":{"id":"w221353893","type":"school","name":"Pawan pakriti higher secondary school"},"geometry":{"type":"Point","coordinates":[85.354225,27.659788]}},{"type":"Feature","properties":{"id":"w221353904","type":"school"},"geometry":{"type":"Point","coordinates":[85.349631,27.661893]}},{"type":"Feature","properties":{"id":"w221354402","type":"school","name":"Shree Mangal Dvip Boarding School"},"geometry":{"type":"Point","coordinates":[85.364458,27.725836]}},{"type":"Feature","properties":{"id":"w221354601","type":"school","name":"Subash Smrity School"},"geometry":{"type":"Point","coordinates":[85.346212,27.67124]}},{"type":"Feature","properties":{"id":"w221354602","type":"school","name":"New Tulips Secondary School"},"geometry":{"type":"Point","coordinates":[85.34536,27.672468]}},{"type":"Feature","properties":{"id":"w221355227","type":"school","name":"Sambotta High School"},"geometry":{"type":"Point","coordinates":[85.368425,27.728517]}},{"type":"Feature","properties":{"id":"w221355228","type":"school","name":"Srongtsen Bhrikuti Boarding High School"},"geometry":{"type":"Point","coordinates":[85.366814,27.728214]}},{"type":"Feature","properties":{"id":"w221356302","type":"school","name":"Genesis Academy"},"geometry":{"type":"Point","coordinates":[85.369113,27.72601]}},{"type":"Feature","properties":{"id":"w221356504","type":"school","name":"Tashi Orphan School"},"geometry":{"type":"Point","coordinates":[85.366468,27.724467]}},{"type":"Feature","properties":{"id":"w221356893","type":"school","name":"Samata Academy"},"geometry":{"type":"Point","coordinates":[85.368115,27.722708]}},{"type":"Feature","properties":{"id":"w221357309","type":"school","name":"Lord Buddha Secondary School"},"geometry":{"type":"Point","coordinates":[85.36791,27.722067]}},{"type":"Feature","properties":{"id":"w221359084","type":"college","name":"Bajra International College"},"geometry":{"type":"Point","coordinates":[85.368635,27.721724]}},{"type":"Feature","properties":{"id":"w221359778","type":"school","name":"Wits Academy"},"geometry":{"type":"Point","coordinates":[85.371972,27.726332]}},{"type":"Feature","properties":{"id":"w221362688","type":"school","name":"Manjushree Community School"},"geometry":{"type":"Point","coordinates":[85.370568,27.724187]}},{"type":"Feature","properties":{"id":"w221365389","type":"school","name":"Shangrila Public School"},"geometry":{"type":"Point","coordinates":[85.374299,27.725198]}},{"type":"Feature","properties":{"id":"w221366330","type":"school","name":"Shanti Adarsha Secondary School"},"geometry":{"type":"Point","coordinates":[85.37257,27.720889]}},{"type":"Feature","properties":{"id":"w221367042","type":"school","name":"Vidhya Sagar English Boarding School"},"geometry":{"type":"Point","coordinates":[85.371866,27.72004]}},{"type":"Feature","properties":{"id":"w221367408","type":"school","name":"Chhahari Sikshya Sadan"},"geometry":{"type":"Point","coordinates":[85.37561,27.72506]}},{"type":"Feature","properties":{"id":"w221367750","type":"school","name":"Readers International Model School"},"geometry":{"type":"Point","coordinates":[85.376766,27.725268]}},{"type":"Feature","properties":{"id":"w221368447","type":"school","name":"Saraswoti Higher Secondary School"},"geometry":{"type":"Point","coordinates":[85.37697,27.726872]}},{"type":"Feature","properties":{"id":"w221369243","type":"school","name":"Eyelens English High School"},"geometry":{"type":"Point","coordinates":[85.380708,27.729302]}},{"type":"Feature","properties":{"id":"w221369244","type":"school","name":"Venus Public School"},"geometry":{"type":"Point","coordinates":[85.378566,27.729577]}},{"type":"Feature","properties":{"id":"w221369641","type":"school","name":"Liberty Academy"},"geometry":{"type":"Point","coordinates":[85.380822,27.7352]}},{"type":"Feature","properties":{"id":"w221369753","type":"school","name":"Vidya Byayam English High School"},"geometry":{"type":"Point","coordinates":[85.385581,27.737131]}},{"type":"Feature","properties":{"id":"w221370436","type":"school","name":"Bal Srijanalaya Secondary School"},"geometry":{"type":"Point","coordinates":[85.374023,27.730453]}},{"type":"Feature","properties":{"id":"w221371965","type":"school","name":"Jeevan Tara Academy"},"geometry":{"type":"Point","coordinates":[85.374336,27.730793]}},{"type":"Feature","properties":{"id":"w221371966","type":"school","name":"Shree Arunodaya Secondary School"},"geometry":{"type":"Point","coordinates":[85.3752,27.731048]}},{"type":"Feature","properties":{"id":"w221372475","type":"school","name":"Green Tara Child Haven School"},"geometry":{"type":"Point","coordinates":[85.377308,27.736005]}},{"type":"Feature","properties":{"id":"w221372505","type":"school","name":"Shivalaya English School"},"geometry":{"type":"Point","coordinates":[85.383428,27.736365]}},{"type":"Feature","properties":{"id":"w221373126","type":"school","name":"Shree Gokarneshwor Mahadev Secondary School"},"geometry":{"type":"Point","coordinates":[85.386934,27.738841]}},{"type":"Feature","properties":{"id":"w221373342","type":"school","name":"Swarna Shiksha English School"},"geometry":{"type":"Point","coordinates":[85.388528,27.74133]}},{"type":"Feature","properties":{"id":"w221374002","type":"school","name":"World Youth International School"},"geometry":{"type":"Point","coordinates":[85.393449,27.737365]}},{"type":"Feature","properties":{"id":"w221376644","type":"school","name":"Vinayak English Higher Secondary School"},"geometry":{"type":"Point","coordinates":[85.3477,27.719574]}},{"type":"Feature","properties":{"id":"w221376649","type":"school"},"geometry":{"type":"Point","coordinates":[85.347724,27.720076]}},{"type":"Feature","properties":{"id":"w221378134","type":"college","name":"Kailashkut Multiple College"},"geometry":{"type":"Point","coordinates":[85.346382,27.715413]}},{"type":"Feature","properties":{"id":"w221380198","type":"college","name":"Pashupati Multiple College"},"geometry":{"type":"Point","coordinates":[85.344622,27.71343]}},{"type":"Feature","properties":{"id":"w221380544","type":"college","name":"Opal College of Applied Management"},"geometry":{"type":"Point","coordinates":[85.342235,27.713665]}},{"type":"Feature","properties":{"id":"w221381159","type":"clinic","name":"Venus Health Care & Research Centre"},"geometry":{"type":"Point","coordinates":[85.34303,27.710743]}},{"type":"Feature","properties":{"id":"w221381695","type":"college","name":"Texas International College"},"geometry":{"type":"Point","coordinates":[85.344625,27.712507]}},{"type":"Feature","properties":{"id":"w221419704","type":"school","name":"Kotdevi Public Secondary School"},"geometry":{"type":"Point","coordinates":[85.349041,27.67165]}},{"type":"Feature","properties":{"id":"w221419705","type":"school","name":"Laliguras Secondary School"},"geometry":{"type":"Point","coordinates":[85.349885,27.668599]}},{"type":"Feature","properties":{"id":"w221419926","type":"school","name":"Nepal Central Higher Secondary School"},"geometry":{"type":"Point","coordinates":[85.350497,27.671907]}},{"type":"Feature","properties":{"id":"w221420265","type":"school","name":"Mount Seb English School"},"geometry":{"type":"Point","coordinates":[85.351251,27.672236]}},{"type":"Feature","properties":{"id":"w221425312","type":"clinic","name":"Golmeshowr Pharmacy & Doctor's Clinic"},"geometry":{"type":"Point","coordinates":[85.363886,27.726356]}},{"type":"Feature","properties":{"id":"w221428063","type":"university","name":"Islington College-Brit House"},"geometry":{"type":"Point","coordinates":[85.325371,27.708353]}},{"type":"Feature","properties":{"id":"w221481055","type":"school","name":"Seraphims' Public School"},"geometry":{"type":"Point","coordinates":[85.300172,27.696672]}},{"type":"Feature","properties":{"id":"w221558875","type":"school","name":"Jagriti Academy school"},"geometry":{"type":"Point","coordinates":[85.350243,27.673245]}},{"type":"Feature","properties":{"id":"w221585140","type":"college","name":"Himalayan College of Agriculture Science and Technology"},"geometry":{"type":"Point","coordinates":[85.283239,27.689442]}},{"type":"Feature","properties":{"id":"w221594913","type":"school","name":"Ambrosia Ideal Secondary School"},"geometry":{"type":"Point","coordinates":[85.257505,27.686122]}},{"type":"Feature","properties":{"id":"w221594914","type":"school","name":"Bhairavnath Lower Secondary School"},"geometry":{"type":"Point","coordinates":[85.247691,27.677135]}},{"type":"Feature","properties":{"id":"w221594915","type":"school","name":"Jesse's International English Boarding School"},"geometry":{"type":"Point","coordinates":[85.252276,27.684172]}},{"type":"Feature","properties":{"id":"w221596714","type":"school","name":"Mangal Secondary School"},"geometry":{"type":"Point","coordinates":[85.264083,27.687281]}},{"type":"Feature","properties":{"id":"w221603165","type":"school","name":"Basic Learning English Secondary School"},"geometry":{"type":"Point","coordinates":[85.246656,27.676391]}},{"type":"Feature","properties":{"id":"w221603166","type":"school","name":"Vidya Mandir Secondary School"},"geometry":{"type":"Point","coordinates":[85.26143,27.693907]}},{"type":"Feature","properties":{"id":"w221603167","type":"school","name":"Bishnudevi Secondary School"},"geometry":{"type":"Point","coordinates":[85.267143,27.686179]}},{"type":"Feature","properties":{"id":"w221603168","type":"school","name":"Dibya Jyoti Academy"},"geometry":{"type":"Point","coordinates":[85.263872,27.694368]}},{"type":"Feature","properties":{"id":"w221603169","type":"school","name":"New Diamond Academy"},"geometry":{"type":"Point","coordinates":[85.267744,27.694666]}},{"type":"Feature","properties":{"id":"w221603171","type":"school","name":"Prime Secondary English Boarding School"},"geometry":{"type":"Point","coordinates":[85.267383,27.687043]}},{"type":"Feature","properties":{"id":"w221603172","type":"school","name":"Sundar Ban School of Science"},"geometry":{"type":"Point","coordinates":[85.271565,27.688894]}},{"type":"Feature","properties":{"id":"w221605638","type":"school","name":"Camelliya English Boarding School"},"geometry":{"type":"Point","coordinates":[85.299696,27.695392]}},{"type":"Feature","properties":{"id":"w221621211","type":"school"},"geometry":{"type":"Point","coordinates":[85.324173,27.659112]}},{"type":"Feature","properties":{"id":"w221631007","type":"school","name":"Kistland School"},"geometry":{"type":"Point","coordinates":[85.310485,27.670654]}},{"type":"Feature","properties":{"id":"w221631008","type":"college","name":"Republica College"},"geometry":{"type":"Point","coordinates":[85.318512,27.670636]}},{"type":"Feature","properties":{"id":"w221632559","type":"school","name":"Bloom Nepal School"},"geometry":{"type":"Point","coordinates":[85.311072,27.668069]}},{"type":"Feature","properties":{"id":"w221635657","type":"school","name":"Land Mark Academy"},"geometry":{"type":"Point","coordinates":[85.313989,27.66606]}},{"type":"Feature","properties":{"id":"w221637884","type":"school","name":"Woodsville School"},"geometry":{"type":"Point","coordinates":[85.317628,27.664519]}},{"type":"Feature","properties":{"id":"w221639282","type":"college","name":"Asian College"},"geometry":{"type":"Point","coordinates":[85.309741,27.670652]}},{"type":"Feature","properties":{"id":"w221639848","type":"hospital","name":"Rhythm Neuropsychiatry Hospital & Research Center"},"geometry":{"type":"Point","coordinates":[85.30967,27.66931]}},{"type":"Feature","properties":{"id":"w221642736","type":"school","name":"Paramount English Boarding School"},"geometry":{"type":"Point","coordinates":[85.295702,27.691715]}},{"type":"Feature","properties":{"id":"w221685879","type":"school","name":"Ikeda International School"},"geometry":{"type":"Point","coordinates":[85.290239,27.693519]}},{"type":"Feature","properties":{"id":"w221685880","type":"school","name":"Mitra High School"},"geometry":{"type":"Point","coordinates":[85.298926,27.69464]}},{"type":"Feature","properties":{"id":"w221690463","type":"college","name":"Tri Chandra Campus"},"geometry":{"type":"Point","coordinates":[85.316296,27.708148]}},{"type":"Feature","properties":{"id":"w221694251","type":"school","name":"Dreamland Public School"},"geometry":{"type":"Point","coordinates":[85.321836,27.704852]}},{"type":"Feature","properties":{"id":"w221694253","type":"hospital","name":"Kathmandu Model Hospital"},"geometry":{"type":"Point","coordinates":[85.320119,27.702697]}},{"type":"Feature","properties":{"id":"w221694254","type":"school","name":"Madrasha Islamiya Secondary School"},"geometry":{"type":"Point","coordinates":[85.317085,27.706784]}},{"type":"Feature","properties":{"id":"w221694625","type":"college","name":"Balmeeki Campus"},"geometry":{"type":"Point","coordinates":[85.320565,27.70249]}},{"type":"Feature","properties":{"id":"w221699896","type":"school","name":"National Star School"},"geometry":{"type":"Point","coordinates":[85.309029,27.712394]}},{"type":"Feature","properties":{"id":"w221699897","type":"school","name":"Prabhat Secondary School"},"geometry":{"type":"Point","coordinates":[85.309482,27.709668]}},{"type":"Feature","properties":{"id":"w221699898","type":"school","name":"Shanti Shikshya Mandir"},"geometry":{"type":"Point","coordinates":[85.309891,27.711371]}},{"type":"Feature","properties":{"id":"w221699902","type":"school"},"geometry":{"type":"Point","coordinates":[85.310041,27.711297]}},{"type":"Feature","properties":{"id":"w221727449","type":"hospital","name":"Kathmandu Model Hospital Dental Department"},"geometry":{"type":"Point","coordinates":[85.318165,27.70651]}},{"type":"Feature","properties":{"id":"w221727450","type":"college","name":"Kathmandu Model Hospital School of Oral Health"},"geometry":{"type":"Point","coordinates":[85.318099,27.706485]}},{"type":"Feature","properties":{"id":"w221752137","type":"school","name":"Kamyak School"},"geometry":{"type":"Point","coordinates":[85.320177,27.706159]}},{"type":"Feature","properties":{"id":"w221752138","type":"college","name":"Kathmandu Model College"},"geometry":{"type":"Point","coordinates":[85.318895,27.70629]}},{"type":"Feature","properties":{"id":"w221752139","type":"college","name":"Padma Kanya Campus"},"geometry":{"type":"Point","coordinates":[85.321053,27.706446]}},{"type":"Feature","properties":{"id":"w221765596","type":"school","name":"Jana Kalyan Primary School"},"geometry":{"type":"Point","coordinates":[85.306689,27.713496]}},{"type":"Feature","properties":{"id":"w221765600","type":"school","name":"Maya Lok English School"},"geometry":{"type":"Point","coordinates":[85.306355,27.713008]}},{"type":"Feature","properties":{"id":"w221765601","type":"school","name":"Neelgiri School"},"geometry":{"type":"Point","coordinates":[85.30772,27.717485]}},{"type":"Feature","properties":{"id":"w221769819","type":"school","name":"Pragya Higher Secondary School"},"geometry":{"type":"Point","coordinates":[85.311491,27.717154]}},{"type":"Feature","properties":{"id":"w221791167","type":"school","name":"Shree Shanti Vidyashram Primary School"},"geometry":{"type":"Point","coordinates":[85.320205,27.679284]}},{"type":"Feature","properties":{"id":"w221791169","type":"college","name":"Universal Science College"},"geometry":{"type":"Point","coordinates":[85.326372,27.679845]}},{"type":"Feature","properties":{"id":"w221797111","type":"school","name":"Albert Einstein Academy"},"geometry":{"type":"Point","coordinates":[85.313324,27.710788]}},{"type":"Feature","properties":{"id":"w221797112","type":"school","name":"Annapurna Higher Secondary School"},"geometry":{"type":"Point","coordinates":[85.313428,27.709599]}},{"type":"Feature","properties":{"id":"w221797115","type":"school","name":"Lokhit Lower Secondary School"},"geometry":{"type":"Point","coordinates":[85.312545,27.71588]}},{"type":"Feature","properties":{"id":"w221797124","type":"school"},"geometry":{"type":"Point","coordinates":[85.313422,27.710547]}},{"type":"Feature","properties":{"id":"w221800564","type":"school","name":"Amar Sishu Vidyalaya"},"geometry":{"type":"Point","coordinates":[85.31392,27.685339]}},{"type":"Feature","properties":{"id":"w221801515","type":"school","name":"Bal Ujjwol Primary School"},"geometry":{"type":"Point","coordinates":[85.311178,27.710463]}},{"type":"Feature","properties":{"id":"w221801516","type":"school","name":"Tyauda Secondary School"},"geometry":{"type":"Point","coordinates":[85.311266,27.70995]}},{"type":"Feature","properties":{"id":"w221802986","type":"school","name":"Shree Adarsha Saral Secondary School"},"geometry":{"type":"Point","coordinates":[85.324321,27.676126]}},{"type":"Feature","properties":{"id":"w221803093","type":"school","name":"Noble school"},"geometry":{"type":"Point","coordinates":[85.376688,27.668403]}},{"type":"Feature","properties":{"id":"w221803094","type":"school","name":"Radiant English school"},"geometry":{"type":"Point","coordinates":[85.379158,27.67276]}},{"type":"Feature","properties":{"id":"w221806624","type":"school","name":"Bodhisatta Primary School"},"geometry":{"type":"Point","coordinates":[85.311306,27.705665]}},{"type":"Feature","properties":{"id":"w221806900","type":"school","name":"Mount View English School"},"geometry":{"type":"Point","coordinates":[85.369516,27.664861]}},{"type":"Feature","properties":{"id":"w221806905","type":"school","name":"Precious Public English School"},"geometry":{"type":"Point","coordinates":[85.375855,27.667945]}},{"type":"Feature","properties":{"id":"w221809482","type":"school","name":"Shree Mahendra Shanti school"},"geometry":{"type":"Point","coordinates":[85.369689,27.662152]}},{"type":"Feature","properties":{"id":"w221815476","type":"school","name":"Bal Binayak Primary School"},"geometry":{"type":"Point","coordinates":[85.365659,27.669682]}},{"type":"Feature","properties":{"id":"w221815477","type":"school","name":"Ganesh Nature View English school"},"geometry":{"type":"Point","coordinates":[85.370095,27.66867]}},{"type":"Feature","properties":{"id":"w221815478","type":"school","name":"Paradise Academy school"},"geometry":{"type":"Point","coordinates":[85.370791,27.668561]}},{"type":"Feature","properties":{"id":"w221815510","type":"college","name":"College of Biomedical Engineering & Applied Sciences"},"geometry":{"type":"Point","coordinates":[85.31288,27.690226]}},{"type":"Feature","properties":{"id":"w221815511","type":"school","name":"Dynamic Public School"},"geometry":{"type":"Point","coordinates":[85.306542,27.690961]}},{"type":"Feature","properties":{"id":"w221815512","type":"school","name":"Gyan Jyoti Boarding School"},"geometry":{"type":"Point","coordinates":[85.302798,27.687416]}},{"type":"Feature","properties":{"id":"w221815514","type":"college","name":"Nightingale Nursing College"},"geometry":{"type":"Point","coordinates":[85.311224,27.69087]}},{"type":"Feature","properties":{"id":"w221815515","type":"school","name":"Nile Stream School"},"geometry":{"type":"Point","coordinates":[85.304468,27.683018]}},{"type":"Feature","properties":{"id":"w221815516","type":"college","name":"Star Academy Lalitpur"},"geometry":{"type":"Point","coordinates":[85.304161,27.683852]}},{"type":"Feature","properties":{"id":"w221817064","type":"school","name":"Aasha Preparatory School"},"geometry":{"type":"Point","coordinates":[85.365104,27.672017]}},{"type":"Feature","properties":{"id":"w221817065","type":"school","name":"Kausaltar English School"},"geometry":{"type":"Point","coordinates":[85.365607,27.672925]}},{"type":"Feature","properties":{"id":"w221817066","type":"school","name":"Marigold English School"},"geometry":{"type":"Point","coordinates":[85.365537,27.67117]}},{"type":"Feature","properties":{"id":"w221820525","type":"school","name":"Himalaya Secondary School"},"geometry":{"type":"Point","coordinates":[85.311915,27.703598]}},{"type":"Feature","properties":{"id":"w221822584","type":"school","name":"Shree Chandi Vidyashram Secondary School"},"geometry":{"type":"Point","coordinates":[85.323902,27.679432]}},{"type":"Feature","properties":{"id":"w221822585","type":"school","name":"Tri-Padma Higher Secondary School"},"geometry":{"type":"Point","coordinates":[85.316832,27.675594]}},{"type":"Feature","properties":{"id":"w221824840","type":"hospital","name":"Kundalini Hospital"},"geometry":{"type":"Point","coordinates":[85.306316,27.679585]}},{"type":"Feature","properties":{"id":"w221824843","type":"college","name":"Sagarmatha Engineering College"},"geometry":{"type":"Point","coordinates":[85.302674,27.688214]}},{"type":"Feature","properties":{"id":"w221824844","type":"hospital","name":"Sumeru City Hospital"},"geometry":{"type":"Point","coordinates":[85.314815,27.676018]}},{"type":"Feature","properties":{"id":"w221827596","type":"school","name":"Maria Montessori House School"},"geometry":{"type":"Point","coordinates":[85.307369,27.683682]}},{"type":"Feature","properties":{"id":"w221827597","type":"school","name":"Mary Ward School"},"geometry":{"type":"Point","coordinates":[85.310393,27.681337]}},{"type":"Feature","properties":{"id":"w221827598","type":"school","name":"Shuvatara English Boarding School"},"geometry":{"type":"Point","coordinates":[85.305723,27.683751]}},{"type":"Feature","properties":{"id":"w221932004","type":"school","name":"City English School"},"geometry":{"type":"Point","coordinates":[85.347216,27.681513]}},{"type":"Feature","properties":{"id":"w221933343","type":"school","name":"Sai Trinity School"},"geometry":{"type":"Point","coordinates":[85.347465,27.68157]}},{"type":"Feature","properties":{"id":"w221936324","type":"college","name":"Nava Jyoti College"},"geometry":{"type":"Point","coordinates":[85.348538,27.682459]}},{"type":"Feature","properties":{"id":"w221938657","type":"school","name":"Aakriti English Secondary Boarding School"},"geometry":{"type":"Point","coordinates":[85.347592,27.682853]}},{"type":"Feature","properties":{"id":"w221951335","type":"school","name":"Kathmandu Barsha School"},"geometry":{"type":"Point","coordinates":[85.34485,27.685045]}},{"type":"Feature","properties":{"id":"w221951617","type":"school","name":"Himalayan WhiteHouse International college"},"geometry":{"type":"Point","coordinates":[85.347159,27.684228]}},{"type":"Feature","properties":{"id":"w221954824","type":"college","name":"Triton International College"},"geometry":{"type":"Point","coordinates":[85.343863,27.682554]}},{"type":"Feature","properties":{"id":"w221955575","type":"school","name":"Triton internation school"},"geometry":{"type":"Point","coordinates":[85.344402,27.68414]}},{"type":"Feature","properties":{"id":"w221956065","type":"college","name":"Trinity International College and Higher Secondary School"},"geometry":{"type":"Point","coordinates":[85.325054,27.703569]}},{"type":"Feature","properties":{"id":"w221956316","type":"college","name":"Platinum Management College"},"geometry":{"type":"Point","coordinates":[85.326207,27.703239]}},{"type":"Feature","properties":{"id":"w222006343","type":"school","name":"Balkot English Secondary school"},"geometry":{"type":"Point","coordinates":[85.366412,27.665122]}},{"type":"Feature","properties":{"id":"w222136569","type":"school","name":"Avens English Boarding School"},"geometry":{"type":"Point","coordinates":[85.300205,27.677458]}},{"type":"Feature","properties":{"id":"w222136570","type":"school","name":"Golden Rays English School"},"geometry":{"type":"Point","coordinates":[85.307001,27.676308]}},{"type":"Feature","properties":{"id":"w222136571","type":"school","name":"Himalayan International Ideal School"},"geometry":{"type":"Point","coordinates":[85.305009,27.674089]}},{"type":"Feature","properties":{"id":"w222136573","type":"school","name":"Kamal English Boarding Higher Secondary School"},"geometry":{"type":"Point","coordinates":[85.297758,27.686014]}},{"type":"Feature","properties":{"id":"w222136574","type":"college","name":"Kathmandu BernHardt College"},"geometry":{"type":"Point","coordinates":[85.296367,27.685907]}},{"type":"Feature","properties":{"id":"w222136575","type":"college","name":"Lumbini Buddhist University"},"geometry":{"type":"Point","coordinates":[85.302482,27.685009]}},{"type":"Feature","properties":{"id":"w222136576","type":"college","name":"National Open College"},"geometry":{"type":"Point","coordinates":[85.301882,27.682667]}},{"type":"Feature","properties":{"id":"w222136577","type":"college","name":"Nepal College of Management"},"geometry":{"type":"Point","coordinates":[85.3013,27.674233]}},{"type":"Feature","properties":{"id":"w222136578","type":"hospital","name":"Vayodha Hospital"},"geometry":{"type":"Point","coordinates":[85.298293,27.684238]}},{"type":"Feature","properties":{"id":"w222136608","type":"college"},"geometry":{"type":"Point","coordinates":[85.303208,27.682983]}},{"type":"Feature","properties":{"id":"w222136609","type":"college"},"geometry":{"type":"Point","coordinates":[85.301493,27.682197]}},{"type":"Feature","properties":{"id":"w222138657","type":"school","name":"Green Village Education Foundation"},"geometry":{"type":"Point","coordinates":[85.266938,27.666512]}},{"type":"Feature","properties":{"id":"w222138659","type":"school","name":"Rarahil Memorial School"},"geometry":{"type":"Point","coordinates":[85.270683,27.669612]}},{"type":"Feature","properties":{"id":"w222138660","type":"school","name":"Salyansthan Secondary English School"},"geometry":{"type":"Point","coordinates":[85.267144,27.676301]}},{"type":"Feature","properties":{"id":"w222138661","type":"school","name":"Shri Bal Kumari Secondary School"},"geometry":{"type":"Point","coordinates":[85.264497,27.666204]}},{"type":"Feature","properties":{"id":"w222139254","type":"school","name":"Shri Bagh Bhairav Secondary School"},"geometry":{"type":"Point","coordinates":[85.253962,27.661756]}},{"type":"Feature","properties":{"id":"w222140942","type":"school","name":"Nawa Jyoti Primary School"},"geometry":{"type":"Point","coordinates":[85.279159,27.670428]}},{"type":"Feature","properties":{"id":"w222140943","type":"school","name":"Salvinia Academy"},"geometry":{"type":"Point","coordinates":[85.282491,27.669504]}},{"type":"Feature","properties":{"id":"w222142208","type":"school","name":"Panga Secondary Boarding School"},"geometry":{"type":"Point","coordinates":[85.281893,27.671119]}},{"type":"Feature","properties":{"id":"w222142209","type":"school","name":"Ujjwal Sishu Niketan Academy"},"geometry":{"type":"Point","coordinates":[85.282108,27.668777]}},{"type":"Feature","properties":{"id":"w222147050","type":"school","name":"Norkhil Secondary Boarding School"},"geometry":{"type":"Point","coordinates":[85.355772,27.744842]}},{"type":"Feature","properties":{"id":"w222147051","type":"school","name":"Oscar Scholar's Academy"},"geometry":{"type":"Point","coordinates":[85.359933,27.731375]}},{"type":"Feature","properties":{"id":"w222147052","type":"school","name":"Pioneer International Public School"},"geometry":{"type":"Point","coordinates":[85.358906,27.735512]}},{"type":"Feature","properties":{"id":"w222147054","type":"school","name":"Prasanti Sikshya Sadan"},"geometry":{"type":"Point","coordinates":[85.358803,27.730849]}},{"type":"Feature","properties":{"id":"w222147055","type":"school","name":"Pushpalal Memorial Higher Secondary School"},"geometry":{"type":"Point","coordinates":[85.359032,27.732282]}},{"type":"Feature","properties":{"id":"w222147056","type":"school","name":"Samten Memorial Educational Academy"},"geometry":{"type":"Point","coordinates":[85.361119,27.740307]}},{"type":"Feature","properties":{"id":"w222147057","type":"school","name":"Sarada Academy"},"geometry":{"type":"Point","coordinates":[85.360419,27.740021]}},{"type":"Feature","properties":{"id":"w222147058","type":"school","name":"Shree Gram Sikshya Higher Secondary School"},"geometry":{"type":"Point","coordinates":[85.363969,27.740885]}},{"type":"Feature","properties":{"id":"w222147059","type":"school","name":"Tirupati English Boarding School"},"geometry":{"type":"Point","coordinates":[85.356903,27.743653]}},{"type":"Feature","properties":{"id":"w222147060","type":"school","name":"Yuyutsu English School"},"geometry":{"type":"Point","coordinates":[85.355827,27.736296]}},{"type":"Feature","properties":{"id":"w222148828","type":"school","name":"Fairyland International School"},"geometry":{"type":"Point","coordinates":[85.354393,27.742125]}},{"type":"Feature","properties":{"id":"w222148829","type":"school","name":"Hundred Star International School"},"geometry":{"type":"Point","coordinates":[85.36014,27.744908]}},{"type":"Feature","properties":{"id":"w222148830","type":"school","name":"Nepal Charter Pre School"},"geometry":{"type":"Point","coordinates":[85.356794,27.746375]}},{"type":"Feature","properties":{"id":"w222148831","type":"school","name":"Trijyoti Higher Secondary School"},"geometry":{"type":"Point","coordinates":[85.362476,27.734397]}},{"type":"Feature","properties":{"id":"w222152840","type":"school","name":"Shri Taudaha Rastriya Higher Secondary School"},"geometry":{"type":"Point","coordinates":[85.2838,27.651026]}},{"type":"Feature","properties":{"id":"w222153435","type":"school","name":"Shree Adinath Secondary School"},"geometry":{"type":"Point","coordinates":[85.293663,27.666306]}},{"type":"Feature","properties":{"id":"w222154221","type":"school","name":"Kirtipur Secondary School"},"geometry":{"type":"Point","coordinates":[85.276545,27.675397]}},{"type":"Feature","properties":{"id":"w222154346","type":"school","name":"Angel Academy"},"geometry":{"type":"Point","coordinates":[85.274072,27.676277]}},{"type":"Feature","properties":{"id":"w222161381","type":"school","name":"Creative Academy"},"geometry":{"type":"Point","coordinates":[85.276196,27.674183]}},{"type":"Feature","properties":{"id":"w222161382","type":"school","name":"World Light Academy"},"geometry":{"type":"Point","coordinates":[85.272775,27.675019]}},{"type":"Feature","properties":{"id":"w222163712","type":"college","name":"National Campus"},"geometry":{"type":"Point","coordinates":[85.339669,27.668771]}},{"type":"Feature","properties":{"id":"w222169996","type":"college","name":"Kathmandu University School of Management/ Education"},"geometry":{"type":"Point","coordinates":[85.333742,27.669922]}},{"type":"Feature","properties":{"id":"w222171243","type":"school","name":"Megus English School"},"geometry":{"type":"Point","coordinates":[85.278106,27.674473]}},{"type":"Feature","properties":{"id":"w222171244","type":"school","name":"Mount Marigold School"},"geometry":{"type":"Point","coordinates":[85.280496,27.673945]}},{"type":"Feature","properties":{"id":"w222173915","type":"school","name":"Gorakhnath Secondary School"},"geometry":{"type":"Point","coordinates":[85.278623,27.675584]}},{"type":"Feature","properties":{"id":"w222173916","type":"school","name":"Kirti English School"},"geometry":{"type":"Point","coordinates":[85.27732,27.674146]}},{"type":"Feature","properties":{"id":"w222173917","type":"school","name":"South Valley English Secondary School"},"geometry":{"type":"Point","coordinates":[85.27259,27.675279]}},{"type":"Feature","properties":{"id":"w222175867","type":"school","name":"Oracle English Medium School"},"geometry":{"type":"Point","coordinates":[85.332532,27.67212]}},{"type":"Feature","properties":{"id":"w222175868","type":"school","name":"Shri Shanti Vidhyashram Higher Secondary School"},"geometry":{"type":"Point","coordinates":[85.328228,27.672389]}},{"type":"Feature","properties":{"id":"w222175869","type":"school","name":"Subhakamana Boarding School"},"geometry":{"type":"Point","coordinates":[85.329795,27.672564]}},{"type":"Feature","properties":{"id":"w222180172","type":"hospital","name":"Kirtipur Hospital"},"geometry":{"type":"Point","coordinates":[85.273739,27.682563]}},{"type":"Feature","properties":{"id":"w222180844","type":"school","name":"Gurukul National School"},"geometry":{"type":"Point","coordinates":[85.347818,27.704222]}},{"type":"Feature","properties":{"id":"w222180845","type":"school","name":"Keta Keti Spowc Free School"},"geometry":{"type":"Point","coordinates":[85.350383,27.706619]}},{"type":"Feature","properties":{"id":"w222180847","type":"clinic","name":"Life Medical Centre Polytechnic"},"geometry":{"type":"Point","coordinates":[85.349981,27.70117]}},{"type":"Feature","properties":{"id":"w222180849","type":"school","name":"Midland English School"},"geometry":{"type":"Point","coordinates":[85.347853,27.702454]}},{"type":"Feature","properties":{"id":"w222180851","type":"college","name":"Nepal Institute of Medical Science and Technology"},"geometry":{"type":"Point","coordinates":[85.347431,27.705055]}},{"type":"Feature","properties":{"id":"w222180854","type":"school","name":"New Shrine Boarding School"},"geometry":{"type":"Point","coordinates":[85.348673,27.70469]}},{"type":"Feature","properties":{"id":"w222180855","type":"clinic","name":"Nozomi Polyclinic"},"geometry":{"type":"Point","coordinates":[85.350546,27.696941]}},{"type":"Feature","properties":{"id":"w222180856","type":"clinic","name":"Reliable Polyclinic and Pathology Lab"},"geometry":{"type":"Point","coordinates":[85.34873,27.703244]}},{"type":"Feature","properties":{"id":"w222180857","type":"school","name":"Shri Bal Batika Secondary School"},"geometry":{"type":"Point","coordinates":[85.350653,27.704885]}},{"type":"Feature","properties":{"id":"w222180858","type":"school","name":"Shri Sharada Higher Secondary School"},"geometry":{"type":"Point","coordinates":[85.350053,27.701719]}},{"type":"Feature","properties":{"id":"w222180859","type":"school","name":"Shri Sharada Lower Secondary School"},"geometry":{"type":"Point","coordinates":[85.351762,27.705051]}},{"type":"Feature","properties":{"id":"w222182626","type":"school","name":"Ideal Peace Boarding School"},"geometry":{"type":"Point","coordinates":[85.326732,27.672181]}},{"type":"Feature","properties":{"id":"w222254771","type":"college","name":"Greenfield National College"},"geometry":{"type":"Point","coordinates":[85.283255,27.70427]}},{"type":"Feature","properties":{"id":"w222255329","type":"school","name":"Wilson Academy"},"geometry":{"type":"Point","coordinates":[85.284238,27.703291]}},{"type":"Feature","properties":{"id":"w222255848","type":"school","name":"Harvard International School"},"geometry":{"type":"Point","coordinates":[85.286017,27.69966]}},{"type":"Feature","properties":{"id":"w222256678","type":"school","name":"Gaurishanker Higher Secondary School"},"geometry":{"type":"Point","coordinates":[85.286717,27.702225]}},{"type":"Feature","properties":{"id":"w222258194","type":"school","name":"Tiny Toys Kindergarten"},"geometry":{"type":"Point","coordinates":[85.287202,27.702654]}},{"type":"Feature","properties":{"id":"w222258459","type":"college","name":"Everest International College"},"geometry":{"type":"Point","coordinates":[85.291955,27.697524]}},{"type":"Feature","properties":{"id":"w222258498","type":"school","name":"Swayambhu English Boarding School"},"geometry":{"type":"Point","coordinates":[85.293941,27.715951]}},{"type":"Feature","properties":{"id":"w222267299","type":"school","name":"Capital Hill Academy"},"geometry":{"type":"Point","coordinates":[85.288392,27.699263]}},{"type":"Feature","properties":{"id":"w222269822","type":"school","name":"Zenith English Secondary School"},"geometry":{"type":"Point","coordinates":[85.287181,27.699305]}},{"type":"Feature","properties":{"id":"w222271306","type":"school","name":"Sirius Higher Secondary School"},"geometry":{"type":"Point","coordinates":[85.283533,27.700411]}},{"type":"Feature","properties":{"id":"w222272515","type":"college","name":"Rising Star College of Management"},"geometry":{"type":"Point","coordinates":[85.28533,27.698824]}},{"type":"Feature","properties":{"id":"w222337832","type":"school","name":"Mahendra Adarsha Vidyashram Higher Secondary School"},"geometry":{"type":"Point","coordinates":[85.326046,27.658249]}},{"type":"Feature","properties":{"id":"w222340119","type":"clinic","name":"Ward 6 Free Clinic"},"geometry":{"type":"Point","coordinates":[85.326252,27.656864]}},{"type":"Feature","properties":{"id":"w222349192","type":"college","name":"College of Journalism and Mass Communication(CJMC)"},"geometry":{"type":"Point","coordinates":[85.341607,27.674405]}},{"type":"Feature","properties":{"id":"w222350738","type":"school","name":"Jugal English Boarding School"},"geometry":{"type":"Point","coordinates":[85.325916,27.645749]}},{"type":"Feature","properties":{"id":"w222351206","type":"school","name":"Happy Home International School"},"geometry":{"type":"Point","coordinates":[85.327403,27.644634]}},{"type":"Feature","properties":{"id":"w222354207","type":"school","name":"Dhapakhel English School"},"geometry":{"type":"Point","coordinates":[85.328118,27.630647]}},{"type":"Feature","properties":{"id":"w222459960","type":"college","name":"Quest International College"},"geometry":{"type":"Point","coordinates":[85.332465,27.668245]}},{"type":"Feature","properties":{"id":"w222460710","type":"school","name":"Bal Dikshya Sadan Higher Secondary School"},"geometry":{"type":"Point","coordinates":[85.332447,27.668842]}},{"type":"Feature","properties":{"id":"w222465893","type":"school","name":"Adarsha Kanya Niketan Higher Secondary School"},"geometry":{"type":"Point","coordinates":[85.326085,27.673482]}},{"type":"Feature","properties":{"id":"w222467452","type":"school","name":"Shree Buddhanagar Lower Secondary School"},"geometry":{"type":"Point","coordinates":[85.328533,27.688743]}},{"type":"Feature","properties":{"id":"w222489116","type":"college","name":"Jesus College"},"geometry":{"type":"Point","coordinates":[85.319337,27.652804]}},{"type":"Feature","properties":{"id":"w222489117","type":"school","name":"Mount Carmel school"},"geometry":{"type":"Point","coordinates":[85.321143,27.654647]}},{"type":"Feature","properties":{"id":"w222489135","type":"college","name":"Hope International College"},"geometry":{"type":"Point","coordinates":[85.322361,27.656351]}},{"type":"Feature","properties":{"id":"w222495752","type":"school","name":"Edify International School"},"geometry":{"type":"Point","coordinates":[85.284938,27.693184]}},{"type":"Feature","properties":{"id":"w222495754","type":"school","name":"Janapath Secondary School"},"geometry":{"type":"Point","coordinates":[85.283801,27.693373]}},{"type":"Feature","properties":{"id":"w222495756","type":"school","name":"Pinnacle Scholars' Academy"},"geometry":{"type":"Point","coordinates":[85.28328,27.6941]}},{"type":"Feature","properties":{"id":"w222498681","type":"school","name":"Choina Binayak Guru Ganesh School"},"geometry":{"type":"Point","coordinates":[85.314227,27.644964]}},{"type":"Feature","properties":{"id":"w222498683","type":"school","name":"Gyan Bigyan Secondary Boarding School"},"geometry":{"type":"Point","coordinates":[85.317139,27.651232]}},{"type":"Feature","properties":{"id":"w222498684","type":"school","name":"Jupiter English school"},"geometry":{"type":"Point","coordinates":[85.317408,27.659074]}},{"type":"Feature","properties":{"id":"w222498685","type":"school","name":"Little Step Child Development Center"},"geometry":{"type":"Point","coordinates":[85.319084,27.652336]}},{"type":"Feature","properties":{"id":"w222498687","type":"school","name":"Phoenix English School"},"geometry":{"type":"Point","coordinates":[85.315789,27.64963]}},{"type":"Feature","properties":{"id":"w222498688","type":"school","name":"Sampurna School"},"geometry":{"type":"Point","coordinates":[85.319356,27.651465]}},{"type":"Feature","properties":{"id":"w222498690","type":"school","name":"Shree Mahalaxmi Lower secondary school"},"geometry":{"type":"Point","coordinates":[85.317753,27.650866]}},{"type":"Feature","properties":{"id":"w222499711","type":"school","name":"Aasha Primary School"},"geometry":{"type":"Point","coordinates":[85.3169,27.659923]}},{"type":"Feature","properties":{"id":"w222585722","type":"school","name":"Eternal Shalom Secondary School"},"geometry":{"type":"Point","coordinates":[85.322958,27.593054]}},{"type":"Feature","properties":{"id":"w222585723","type":"college","name":"Jana Bhawana Campus"},"geometry":{"type":"Point","coordinates":[85.324074,27.597756]}},{"type":"Feature","properties":{"id":"w222585773","type":"school","name":"Sangrila International School"},"geometry":{"type":"Point","coordinates":[85.329343,27.596208]}},{"type":"Feature","properties":{"id":"w222586107","type":"school","name":"Hilltop Higher Secondary School"},"geometry":{"type":"Point","coordinates":[85.321774,27.600898]}},{"type":"Feature","properties":{"id":"w222586108","type":"school","name":"Valley English School"},"geometry":{"type":"Point","coordinates":[85.322687,27.602101]}},{"type":"Feature","properties":{"id":"w222586444","type":"school","name":"Baudha Sikshya School"},"geometry":{"type":"Point","coordinates":[85.326642,27.60516]}},{"type":"Feature","properties":{"id":"w222586445","type":"school","name":"Emerald English School"},"geometry":{"type":"Point","coordinates":[85.327852,27.603189]}},{"type":"Feature","properties":{"id":"w222586652","type":"school","name":"Shree Bajrabarahi Secondary School"},"geometry":{"type":"Point","coordinates":[85.327096,27.604668]}},{"type":"Feature","properties":{"id":"w222587488","type":"school","name":"Jyotidaya Community School"},"geometry":{"type":"Point","coordinates":[85.327716,27.607243]}},{"type":"Feature","properties":{"id":"w222587489","type":"school","name":"Shantaneshwar Vidya Mandir"},"geometry":{"type":"Point","coordinates":[85.331833,27.609059]}},{"type":"Feature","properties":{"id":"w222587490","type":"school","name":"Bajra Academy"},"geometry":{"type":"Point","coordinates":[85.334043,27.606474]}},{"type":"Feature","properties":{"id":"w222587541","type":"school","name":"Nawajyoti Lower Secondary School"},"geometry":{"type":"Point","coordinates":[85.336841,27.607878]}},{"type":"Feature","properties":{"id":"w222588429","type":"university"},"geometry":{"type":"Point","coordinates":[85.288401,27.678318]}},{"type":"Feature","properties":{"id":"w222716497","type":"college","name":"Alka Institute of Medical Sciences (AIMS)"},"geometry":{"type":"Point","coordinates":[85.305092,27.66828]}},{"type":"Feature","properties":{"id":"w222716498","type":"school","name":"Annapurna English Boarding High School"},"geometry":{"type":"Point","coordinates":[85.30364,27.667281]}},{"type":"Feature","properties":{"id":"w222716500","type":"school","name":"East-West English Boarding School"},"geometry":{"type":"Point","coordinates":[85.29839,27.687077]}},{"type":"Feature","properties":{"id":"w222716501","type":"school","name":"Grace Academy"},"geometry":{"type":"Point","coordinates":[85.303089,27.664885]}},{"type":"Feature","properties":{"id":"w222716502","type":"school","name":"Living Stone Academy"},"geometry":{"type":"Point","coordinates":[85.304706,27.664099]}},{"type":"Feature","properties":{"id":"w222716503","type":"school","name":"Pathshala Nepal Foundation, Bagdol"},"geometry":{"type":"Point","coordinates":[85.30556,27.667911]}},{"type":"Feature","properties":{"id":"w222716504","type":"school","name":"Pragyan School"},"geometry":{"type":"Point","coordinates":[85.29886,27.688232]}},{"type":"Feature","properties":{"id":"w222716506","type":"school","name":"Sudesha High School"},"geometry":{"type":"Point","coordinates":[85.303731,27.663739]}},{"type":"Feature","properties":{"id":"w222716533","type":"school"},"geometry":{"type":"Point","coordinates":[85.303263,27.669014]}},{"type":"Feature","properties":{"id":"w222716691","type":"school","name":"Blue Wren International Boarding School"},"geometry":{"type":"Point","coordinates":[85.28126,27.694215]}},{"type":"Feature","properties":{"id":"w222716692","type":"school","name":"Cambridge International Boarding Higher Secondary School"},"geometry":{"type":"Point","coordinates":[85.28039,27.693586]}},{"type":"Feature","properties":{"id":"w222724349","type":"hospital","name":"shiva jyoti hospital & research center"},"geometry":{"type":"Point","coordinates":[85.298001,27.685583]}},{"type":"Feature","properties":{"id":"w222738521","type":"school","name":"Mt. Kailash School"},"geometry":{"type":"Point","coordinates":[85.356785,27.734984]}},{"type":"Feature","properties":{"id":"w222740642","type":"school","name":"Ratna Rajya Secondary School"},"geometry":{"type":"Point","coordinates":[85.250278,27.721668]}},{"type":"Feature","properties":{"id":"w222752995","type":"college","name":"Orchid College"},"geometry":{"type":"Point","coordinates":[85.349668,27.697438]}},{"type":"Feature","properties":{"id":"w222753144","type":"clinic","name":"Aradhana Health Care Centre"},"geometry":{"type":"Point","coordinates":[85.324505,27.747948]}},{"type":"Feature","properties":{"id":"w222753145","type":"school","name":"Kathmandu New Castle School"},"geometry":{"type":"Point","coordinates":[85.335763,27.746019]}},{"type":"Feature","properties":{"id":"w222753146","type":"college","name":"Kathmandu Nursing Campus"},"geometry":{"type":"Point","coordinates":[85.335717,27.74663]}},{"type":"Feature","properties":{"id":"w222753148","type":"school","name":"Shubha Shree Baikalpik Mahila Vidhyalaya"},"geometry":{"type":"Point","coordinates":[85.328014,27.745741]}},{"type":"Feature","properties":{"id":"w222753364","type":"college","name":"Brookfield College"},"geometry":{"type":"Point","coordinates":[85.348732,27.697707]}},{"type":"Feature","properties":{"id":"w222754220","type":"school","name":"Summer Hill School"},"geometry":{"type":"Point","coordinates":[85.347373,27.698424]}},{"type":"Feature","properties":{"id":"w222755373","type":"school","name":"Landmark Education Foundation"},"geometry":{"type":"Point","coordinates":[85.35084,27.690429]}},{"type":"Feature","properties":{"id":"w222756530","type":"school","name":"Koteshwor Saraswoti School"},"geometry":{"type":"Point","coordinates":[85.341161,27.680365]}},{"type":"Feature","properties":{"id":"w222761769","type":"school","name":"Adroit Scholar's International Academy Nepal (ASIAN)"},"geometry":{"type":"Point","coordinates":[85.275335,27.70008]}},{"type":"Feature","properties":{"id":"w222761770","type":"school","name":"Amar Jyoti Higher Secondary School"},"geometry":{"type":"Point","coordinates":[85.272003,27.701455]}},{"type":"Feature","properties":{"id":"w222761771","type":"school","name":"Ganga Secondary School"},"geometry":{"type":"Point","coordinates":[85.279307,27.696973]}},{"type":"Feature","properties":{"id":"w222761772","type":"school","name":"Himshikhar Boarding School"},"geometry":{"type":"Point","coordinates":[85.27053,27.696076]}},{"type":"Feature","properties":{"id":"w222761773","type":"school","name":"Learning Realm International (LRI) Higher Secondary School"},"geometry":{"type":"Point","coordinates":[85.27439,27.69299]}},{"type":"Feature","properties":{"id":"w222761774","type":"school","name":"Mandala International School"},"geometry":{"type":"Point","coordinates":[85.275001,27.697639]}},{"type":"Feature","properties":{"id":"w222761775","type":"school","name":"Mandala International School"},"geometry":{"type":"Point","coordinates":[85.278468,27.694789]}},{"type":"Feature","properties":{"id":"w222761776","type":"school","name":"Srijana Vidhya Mandir Secondary School"},"geometry":{"type":"Point","coordinates":[85.276483,27.700043]}},{"type":"Feature","properties":{"id":"w222761777","type":"school","name":"White Pearls Academy"},"geometry":{"type":"Point","coordinates":[85.27749,27.696109]}},{"type":"Feature","properties":{"id":"w222764576","type":"school","name":"Diana Secondary School"},"geometry":{"type":"Point","coordinates":[85.342276,27.679638]}},{"type":"Feature","properties":{"id":"w222764866","type":"school","name":"Grammar Public Higher Secondary School"},"geometry":{"type":"Point","coordinates":[85.341394,27.67898]}},{"type":"Feature","properties":{"id":"w222765859","type":"school","name":"Manakamana English Boarding School"},"geometry":{"type":"Point","coordinates":[85.338647,27.677049]}},{"type":"Feature","properties":{"id":"w222766471","type":"school","name":"Creation International Academy"},"geometry":{"type":"Point","coordinates":[85.337769,27.680133]}},{"type":"Feature","properties":{"id":"w222769695","type":"college","name":"Everest College of Nursing"},"geometry":{"type":"Point","coordinates":[85.343667,27.68535]}},{"type":"Feature","properties":{"id":"w222779972","type":"hospital","name":"Kantipur Hospital"},"geometry":{"type":"Point","coordinates":[85.344818,27.685566]}},{"type":"Feature","properties":{"id":"w222782392","type":"college","name":"Ratna Sikshya Sadan"},"geometry":{"type":"Point","coordinates":[85.34853,27.679881]}},{"type":"Feature","properties":{"id":"w222784429","type":"college","name":"Academy of Culinary Arts and Hotel Management."},"geometry":{"type":"Point","coordinates":[85.320829,27.666982]}},{"type":"Feature","properties":{"id":"w222784932","type":"college","name":"Campion Academy"},"geometry":{"type":"Point","coordinates":[85.320203,27.666894]}},{"type":"Feature","properties":{"id":"w222786200","type":"college","name":"Pinnacle Academy"},"geometry":{"type":"Point","coordinates":[85.320116,27.666631]}},{"type":"Feature","properties":{"id":"w222786677","type":"school","name":"Lalitpur Secondary School"},"geometry":{"type":"Point","coordinates":[85.320488,27.665703]}},{"type":"Feature","properties":{"id":"w222787424","type":"college","name":"NEC (BDH program)"},"geometry":{"type":"Point","coordinates":[85.320216,27.665429]}},{"type":"Feature","properties":{"id":"w222787425","type":"college","name":"Oxbridge College"},"geometry":{"type":"Point","coordinates":[85.320031,27.664813]}},{"type":"Feature","properties":{"id":"w222788238","type":"school","name":"Caribbean School"},"geometry":{"type":"Point","coordinates":[85.319146,27.661922]}},{"type":"Feature","properties":{"id":"w222788500","type":"school","name":"Delight School"},"geometry":{"type":"Point","coordinates":[85.317756,27.662252]}},{"type":"Feature","properties":{"id":"w222788944","type":"school","name":"Pumori Primary School"},"geometry":{"type":"Point","coordinates":[85.316612,27.66459]}},{"type":"Feature","properties":{"id":"w222838860","type":"clinic","name":"JMC Polyclinic"},"geometry":{"type":"Point","coordinates":[85.350321,27.703031]}},{"type":"Feature","properties":{"id":"w222839425","type":"school","name":"Bhimeshwor Academy"},"geometry":{"type":"Point","coordinates":[85.371398,27.695218]}},{"type":"Feature","properties":{"id":"w222839426","type":"school","name":"Nirmal Jyoti English School"},"geometry":{"type":"Point","coordinates":[85.372397,27.694567]}},{"type":"Feature","properties":{"id":"w222839525","type":"school","name":"Satya Sai School"},"geometry":{"type":"Point","coordinates":[85.346914,27.703968]}},{"type":"Feature","properties":{"id":"w222839949","type":"school","name":"New Holy Cross School"},"geometry":{"type":"Point","coordinates":[85.371132,27.698865]}},{"type":"Feature","properties":{"id":"w222839950","type":"school","name":"New Star Pole English school"},"geometry":{"type":"Point","coordinates":[85.368411,27.695474]}},{"type":"Feature","properties":{"id":"w222840370","type":"school","name":"Monastic Public School"},"geometry":{"type":"Point","coordinates":[85.374442,27.696823]}},{"type":"Feature","properties":{"id":"w222840371","type":"school","name":"Puspa Batika Lower Secondary School"},"geometry":{"type":"Point","coordinates":[85.372528,27.696851]}},{"type":"Feature","properties":{"id":"w222840384","type":"school","name":"Care English Boarding School"},"geometry":{"type":"Point","coordinates":[85.345911,27.705324]}},{"type":"Feature","properties":{"id":"w222840429","type":"school","name":"Namaste Academy"},"geometry":{"type":"Point","coordinates":[85.377206,27.696337]}},{"type":"Feature","properties":{"id":"w222842146","type":"school","name":"Shri Mangaladevi Secondary School"},"geometry":{"type":"Point","coordinates":[85.34299,27.70765]}},{"type":"Feature","properties":{"id":"w222842638","type":"college","name":"Ganesh Man Singh Multiple Campus"},"geometry":{"type":"Point","coordinates":[85.284905,27.691815]}},{"type":"Feature","properties":{"id":"w222842639","type":"school","name":"Kalanki English Medium School"},"geometry":{"type":"Point","coordinates":[85.286161,27.691559]}},{"type":"Feature","properties":{"id":"w222843739","type":"school","name":"Intensive International Academy"},"geometry":{"type":"Point","coordinates":[85.295286,27.69664]}},{"type":"Feature","properties":{"id":"w222843740","type":"school","name":"Sai Nilayam Secondary Boarding School"},"geometry":{"type":"Point","coordinates":[85.296064,27.696901]}},{"type":"Feature","properties":{"id":"w222846433","type":"college","name":"Morgan Academy"},"geometry":{"type":"Point","coordinates":[85.319257,27.67064]}},{"type":"Feature","properties":{"id":"w222846438","type":"college"},"geometry":{"type":"Point","coordinates":[85.318248,27.669326]}},{"type":"Feature","properties":{"id":"w222850134","type":"college","name":"United Academy"},"geometry":{"type":"Point","coordinates":[85.318472,27.669277]}},{"type":"Feature","properties":{"id":"w222852322","type":"school","name":"Leads Academy"},"geometry":{"type":"Point","coordinates":[85.363683,27.686492]}},{"type":"Feature","properties":{"id":"w222854154","type":"school","name":"Highland English School"},"geometry":{"type":"Point","coordinates":[85.365484,27.695773]}},{"type":"Feature","properties":{"id":"w222854155","type":"school","name":"Special School for Disabled and Rehabilitation center"},"geometry":{"type":"Point","coordinates":[85.362617,27.694861]}},{"type":"Feature","properties":{"id":"w222854930","type":"school","name":"Euro International School"},"geometry":{"type":"Point","coordinates":[85.367941,27.697205]}},{"type":"Feature","properties":{"id":"w222854931","type":"school","name":"Hope Educational Academy"},"geometry":{"type":"Point","coordinates":[85.380271,27.697513]}},{"type":"Feature","properties":{"id":"w222854932","type":"school","name":"Manohara English School"},"geometry":{"type":"Point","coordinates":[85.377688,27.696917]}},{"type":"Feature","properties":{"id":"w222855124","type":"school","name":"Highly Creative Secondary School"},"geometry":{"type":"Point","coordinates":[85.380062,27.703862]}},{"type":"Feature","properties":{"id":"w222858166","type":"school","name":"Hill Town Higher Secondary School"},"geometry":{"type":"Point","coordinates":[85.276396,27.679914]}},{"type":"Feature","properties":{"id":"w222858167","type":"school","name":"Kirtipur English Boarding School"},"geometry":{"type":"Point","coordinates":[85.279941,27.682465]}},{"type":"Feature","properties":{"id":"w222858168","type":"school","name":"Mangal Higher Secondary School"},"geometry":{"type":"Point","coordinates":[85.279539,27.678212]}},{"type":"Feature","properties":{"id":"w222858640","type":"school","name":"Indrayani Primary School"},"geometry":{"type":"Point","coordinates":[85.271944,27.682431]}},{"type":"Feature","properties":{"id":"w222858641","type":"school","name":"Kirtipur Grihini Mahila Vidhyalaya"},"geometry":{"type":"Point","coordinates":[85.273178,27.679339]}},{"type":"Feature","properties":{"id":"w222858921","type":"school","name":"Shri Bishwa Rastriya Secondary School"},"geometry":{"type":"Point","coordinates":[85.272823,27.677472]}},{"type":"Feature","properties":{"id":"w222860803","type":"school","name":"Gokarna Secondary School"},"geometry":{"type":"Point","coordinates":[85.401222,27.740799]}},{"type":"Feature","properties":{"id":"w222860804","type":"school","name":"Shree Kanti Bhairab Gurukul School"},"geometry":{"type":"Point","coordinates":[85.397021,27.735649]}},{"type":"Feature","properties":{"id":"w222860805","type":"school","name":"Uttar Baahini Boarding School"},"geometry":{"type":"Point","coordinates":[85.400087,27.739818]}},{"type":"Feature","properties":{"id":"w222864245","type":"hospital","name":"Summit Hospital"},"geometry":{"type":"Point","coordinates":[85.359636,27.674153]}},{"type":"Feature","properties":{"id":"w222864246","type":"school","name":"Genius English School"},"geometry":{"type":"Point","coordinates":[85.4191,27.757427]}},{"type":"Feature","properties":{"id":"w222864247","type":"school","name":"Sahayogi Higher Secondary School"},"geometry":{"type":"Point","coordinates":[85.387088,27.73989]}},{"type":"Feature","properties":{"id":"w222864248","type":"school","name":"Shree Okhreni Secondary School"},"geometry":{"type":"Point","coordinates":[85.422099,27.756337]}},{"type":"Feature","properties":{"id":"w222867612","type":"school","name":"Himshrinkhala Academy"},"geometry":{"type":"Point","coordinates":[85.407061,27.74441]}},{"type":"Feature","properties":{"id":"w222867613","type":"school","name":"Shree Bal Sudhar Secondary School"},"geometry":{"type":"Point","coordinates":[85.404711,27.745646]}},{"type":"Feature","properties":{"id":"w222867614","type":"school","name":"Swet Barahi School"},"geometry":{"type":"Point","coordinates":[85.414439,27.752572]}},{"type":"Feature","properties":{"id":"w222867818","type":"school","name":"Shree Chandikashwori Secondary School"},"geometry":{"type":"Point","coordinates":[85.404059,27.748041]}},{"type":"Feature","properties":{"id":"w222872081","type":"school","name":"Niharika Pubic School"},"geometry":{"type":"Point","coordinates":[85.329814,27.666527]}},{"type":"Feature","properties":{"id":"w222872082","type":"school","name":"Prabhat Higher Secondary School"},"geometry":{"type":"Point","coordinates":[85.330864,27.667303]}},{"type":"Feature","properties":{"id":"w222872125","type":"school","name":"Gyankanj School"},"geometry":{"type":"Point","coordinates":[85.290592,27.692854]}},{"type":"Feature","properties":{"id":"w222872126","type":"clinic","name":"Jiwanta Swastha Sewa Sadan"},"geometry":{"type":"Point","coordinates":[85.299164,27.690327]}},{"type":"Feature","properties":{"id":"w222872130","type":"school","name":"Telic International Model English School (Times)"},"geometry":{"type":"Point","coordinates":[85.29099,27.689991]}},{"type":"Feature","properties":{"id":"w222872131","type":"clinic","name":"Tiwari Poly Clinic and Diagnostic Center"},"geometry":{"type":"Point","coordinates":[85.298859,27.691937]}},{"type":"Feature","properties":{"id":"w222872132","type":"school","name":"United Scholars' Academy"},"geometry":{"type":"Point","coordinates":[85.287141,27.689064]}},{"type":"Feature","properties":{"id":"w222872151","type":"school","name":"Richmond Academy"},"geometry":{"type":"Point","coordinates":[85.289104,27.690627]}},{"type":"Feature","properties":{"id":"w222872742","type":"school","name":"Shramjit Kishor School"},"geometry":{"type":"Point","coordinates":[85.329433,27.667119]}},{"type":"Feature","properties":{"id":"w222873308","type":"school","name":"Marigold High English School"},"geometry":{"type":"Point","coordinates":[85.328713,27.665068]}},{"type":"Feature","properties":{"id":"w222874298","type":"school","name":"Kathmandu Bonsai Academy"},"geometry":{"type":"Point","coordinates":[85.293148,27.687655]}},{"type":"Feature","properties":{"id":"w222878227","type":"school","name":"Bal Bikash Secondary School"},"geometry":{"type":"Point","coordinates":[85.327004,27.667455]}},{"type":"Feature","properties":{"id":"w222878228","type":"school","name":"National Children School"},"geometry":{"type":"Point","coordinates":[85.326086,27.667167]}},{"type":"Feature","properties":{"id":"w222878229","type":"school","name":"Unique Model Academy"},"geometry":{"type":"Point","coordinates":[85.326967,27.66704]}},{"type":"Feature","properties":{"id":"w222878245","type":"school"},"geometry":{"type":"Point","coordinates":[85.327025,27.667522]}},{"type":"Feature","properties":{"id":"w222878847","type":"college","name":"Unique College of Management"},"geometry":{"type":"Point","coordinates":[85.318998,27.670806]}},{"type":"Feature","properties":{"id":"w222878848","type":"school","name":"Yala Newa International School"},"geometry":{"type":"Point","coordinates":[85.318252,27.670726]}},{"type":"Feature","properties":{"id":"w222880572","type":"college","name":"Caribbean College"},"geometry":{"type":"Point","coordinates":[85.315762,27.670027]}},{"type":"Feature","properties":{"id":"w222880580","type":"college"},"geometry":{"type":"Point","coordinates":[85.315959,27.667519]}},{"type":"Feature","properties":{"id":"w222881665","type":"college","name":"Ambrosia International College"},"geometry":{"type":"Point","coordinates":[85.315322,27.671473]}},{"type":"Feature","properties":{"id":"w223013349","type":"school","name":"Covenant Academy"},"geometry":{"type":"Point","coordinates":[85.309997,27.663024]}},{"type":"Feature","properties":{"id":"w223013351","type":"school","name":"Kids Learning Center"},"geometry":{"type":"Point","coordinates":[85.311982,27.664324]}},{"type":"Feature","properties":{"id":"w223015857","type":"college","name":"Central Degree College"},"geometry":{"type":"Point","coordinates":[85.314118,27.664081]}},{"type":"Feature","properties":{"id":"w223015858","type":"school","name":"Modern Graded School"},"geometry":{"type":"Point","coordinates":[85.312845,27.664445]}},{"type":"Feature","properties":{"id":"w223017263","type":"school","name":"Saraswoti Vidya Mandir"},"geometry":{"type":"Point","coordinates":[85.316033,27.664786]}},{"type":"Feature","properties":{"id":"w223023486","type":"school"},"geometry":{"type":"Point","coordinates":[85.315737,27.662521]}},{"type":"Feature","properties":{"id":"w223025541","type":"school","name":"Milestone School"},"geometry":{"type":"Point","coordinates":[85.325579,27.666899]}},{"type":"Feature","properties":{"id":"w223025542","type":"school","name":"Supervision English School"},"geometry":{"type":"Point","coordinates":[85.325423,27.667211]}},{"type":"Feature","properties":{"id":"w223026239","type":"school","name":"Pinnacle Academy School"},"geometry":{"type":"Point","coordinates":[85.324749,27.666499]}},{"type":"Feature","properties":{"id":"w223031883","type":"school","name":"Araniko International Academy"},"geometry":{"type":"Point","coordinates":[85.321629,27.659528]}},{"type":"Feature","properties":{"id":"w223031884","type":"school","name":"Disneyland Montessori"},"geometry":{"type":"Point","coordinates":[85.321262,27.659547]}},{"type":"Feature","properties":{"id":"w223031885","type":"school","name":"Nalanda Secondary School"},"geometry":{"type":"Point","coordinates":[85.323099,27.660469]}},{"type":"Feature","properties":{"id":"w223031886","type":"school","name":"Yasuma Montessori"},"geometry":{"type":"Point","coordinates":[85.320904,27.659669]}},{"type":"Feature","properties":{"id":"w223032879","type":"school","name":"Bright Future School"},"geometry":{"type":"Point","coordinates":[85.322629,27.659785]}},{"type":"Feature","properties":{"id":"w223032880","type":"school","name":"Maya Children School"},"geometry":{"type":"Point","coordinates":[85.322596,27.659482]}},{"type":"Feature","properties":{"id":"w223032881","type":"school","name":"MoonLight School"},"geometry":{"type":"Point","coordinates":[85.323271,27.659925]}},{"type":"Feature","properties":{"id":"w223033986","type":"school","name":"Emerald Academy and NIMS"},"geometry":{"type":"Point","coordinates":[85.325461,27.666418]}},{"type":"Feature","properties":{"id":"w223033987","type":"hospital","name":"Midat Hospital"},"geometry":{"type":"Point","coordinates":[85.324882,27.666786]}},{"type":"Feature","properties":{"id":"w223033988","type":"school","name":"Patan Academy"},"geometry":{"type":"Point","coordinates":[85.324258,27.666638]}},{"type":"Feature","properties":{"id":"w223034122","type":"college","name":"Einstein Academy"},"geometry":{"type":"Point","coordinates":[85.317664,27.66131]}},{"type":"Feature","properties":{"id":"w223086842","type":"school","name":"Children Talent Hunt Pre-Primary School"},"geometry":{"type":"Point","coordinates":[85.324592,27.668086]}},{"type":"Feature","properties":{"id":"w223086843","type":"school","name":"Sijan Pre-Primary school"},"geometry":{"type":"Point","coordinates":[85.325144,27.667783]}},{"type":"Feature","properties":{"id":"w223089897","type":"school","name":"Daffodil Public School"},"geometry":{"type":"Point","coordinates":[85.352509,27.733971]}},{"type":"Feature","properties":{"id":"w223090047","type":"school","name":"Nawa Yuyutshu School"},"geometry":{"type":"Point","coordinates":[85.353691,27.735683]}},{"type":"Feature","properties":{"id":"w223091832","type":"school","name":"Asha Mandir English High School"},"geometry":{"type":"Point","coordinates":[85.346116,27.693103]}},{"type":"Feature","properties":{"id":"w223092412","type":"school","name":"Lalit Kalyan Kendra Lower Secondary School"},"geometry":{"type":"Point","coordinates":[85.330219,27.672962]}},{"type":"Feature","properties":{"id":"w223092762","type":"school"},"geometry":{"type":"Point","coordinates":[85.345415,27.688309]}},{"type":"Feature","properties":{"id":"w223093013","type":"school","name":"Siddheshwor Secondary School"},"geometry":{"type":"Point","coordinates":[85.343999,27.686933]}},{"type":"Feature","properties":{"id":"w223093275","type":"school","name":"Shri Nepal Bedh Vidhyashram"},"geometry":{"type":"Point","coordinates":[85.344807,27.709467]}},{"type":"Feature","properties":{"id":"w223093414","type":"school","name":"Mt. Sinai English Boarding School"},"geometry":{"type":"Point","coordinates":[85.340763,27.688034]}},{"type":"Feature","properties":{"id":"w223093896","type":"school","name":"Shatabdi Higher Secondary School"},"geometry":{"type":"Point","coordinates":[85.340759,27.691987]}},{"type":"Feature","properties":{"id":"w223100712","type":"school","name":"Pioneer Scholars' Academy"},"geometry":{"type":"Point","coordinates":[85.341493,27.696438]}},{"type":"Feature","properties":{"id":"w223101414","type":"school","name":"Indradhanush Higher Secondary School"},"geometry":{"type":"Point","coordinates":[85.344029,27.695987]}},{"type":"Feature","properties":{"id":"w223106674","type":"college","name":"School of Geomatics"},"geometry":{"type":"Point","coordinates":[85.342641,27.697687]}},{"type":"Feature","properties":{"id":"w223107335","type":"school","name":"Babylon National School"},"geometry":{"type":"Point","coordinates":[85.346993,27.694245]}},{"type":"Feature","properties":{"id":"w223132669","type":"school","name":"Aruni Secondary English Boarding School"},"geometry":{"type":"Point","coordinates":[85.306539,27.737299]}},{"type":"Feature","properties":{"id":"w223132671","type":"school","name":"Siddhartha Vanasthali Institute"},"geometry":{"type":"Point","coordinates":[85.298031,27.725769]}},{"type":"Feature","properties":{"id":"w223132672","type":"school","name":"Trilok Children's Academy"},"geometry":{"type":"Point","coordinates":[85.307105,27.738228]}},{"type":"Feature","properties":{"id":"w223139343","type":"school","name":"Bal Kumari Secondary School"},"geometry":{"type":"Point","coordinates":[85.32492,27.668669]}},{"type":"Feature","properties":{"id":"w223139344","type":"school","name":"Lok Smriti Secondary School"},"geometry":{"type":"Point","coordinates":[85.332002,27.667553]}},{"type":"Feature","properties":{"id":"w223139345","type":"school","name":"Yasodhara Baudha Secondary School"},"geometry":{"type":"Point","coordinates":[85.325851,27.669284]}},{"type":"Feature","properties":{"id":"w223228944","type":"school","name":"Sitaram Higher Secondary School"},"geometry":{"type":"Point","coordinates":[85.256901,27.718347]}},{"type":"Feature","properties":{"id":"w223228945","type":"school","name":"Yashyaswi Secondary School"},"geometry":{"type":"Point","coordinates":[85.271281,27.717381]}},{"type":"Feature","properties":{"id":"w223229436","type":"school","name":"Shishu Nikunja secondary school"},"geometry":{"type":"Point","coordinates":[85.270033,27.718428]}},{"type":"Feature","properties":{"id":"w223229575","type":"school","name":"Maha manjushri higher secondary school"},"geometry":{"type":"Point","coordinates":[85.269047,27.718892]}},{"type":"Feature","properties":{"id":"w223230012","type":"school","name":"Gajurmukhi Secondary Boarding School"},"geometry":{"type":"Point","coordinates":[85.260013,27.714859]}},{"type":"Feature","properties":{"id":"w223230114","type":"school","name":"Capital Hill Secondary School"},"geometry":{"type":"Point","coordinates":[85.276905,27.710953]}},{"type":"Feature","properties":{"id":"w223230123","type":"school","name":"Everest College of Engineering and Management"},"geometry":{"type":"Point","coordinates":[85.276921,27.710547]}},{"type":"Feature","properties":{"id":"w223230169","type":"school","name":"Big Buddha National Academy"},"geometry":{"type":"Point","coordinates":[85.275205,27.713092]}},{"type":"Feature","properties":{"id":"w223231636","type":"school","name":"Pascal International Academy"},"geometry":{"type":"Point","coordinates":[85.31336,27.726449]}},{"type":"Feature","properties":{"id":"w223270496","type":"school","name":"Forward Academy"},"geometry":{"type":"Point","coordinates":[85.312888,27.735427]}},{"type":"Feature","properties":{"id":"w223273044","type":"school","name":"Anal Jyoti Boarding School"},"geometry":{"type":"Point","coordinates":[85.319522,27.642542]}},{"type":"Feature","properties":{"id":"w223273051","type":"school","name":"Oasis English School"},"geometry":{"type":"Point","coordinates":[85.315975,27.644197]}},{"type":"Feature","properties":{"id":"w223274582","type":"school","name":"Lalitpur Academy"},"geometry":{"type":"Point","coordinates":[85.321136,27.640007]}},{"type":"Feature","properties":{"id":"w223274583","type":"college","name":"Modern Technical College"},"geometry":{"type":"Point","coordinates":[85.321016,27.650266]}},{"type":"Feature","properties":{"id":"w223274584","type":"school","name":"Shree Moti Binayak School"},"geometry":{"type":"Point","coordinates":[85.318391,27.639972]}},{"type":"Feature","properties":{"id":"w223275406","type":"school","name":"Cupid Children's Home Academy"},"geometry":{"type":"Point","coordinates":[85.317618,27.751131]}},{"type":"Feature","properties":{"id":"w223275407","type":"school","name":"Edu Summit English School"},"geometry":{"type":"Point","coordinates":[85.317458,27.751891]}},{"type":"Feature","properties":{"id":"w223275409","type":"hospital","name":"Grande International Hospital"},"geometry":{"type":"Point","coordinates":[85.325241,27.752919]}},{"type":"Feature","properties":{"id":"w223275410","type":"school","name":"Jalupa Secondary School"},"geometry":{"type":"Point","coordinates":[85.319801,27.750355]}},{"type":"Feature","properties":{"id":"w223275412","type":"school","name":"Malashree English School"},"geometry":{"type":"Point","coordinates":[85.317659,27.758886]}},{"type":"Feature","properties":{"id":"w223275560","type":"school","name":"Nava Suryodaya English School"},"geometry":{"type":"Point","coordinates":[85.319874,27.634538]}},{"type":"Feature","properties":{"id":"w223275561","type":"school","name":"Siddhartha Secondary School"},"geometry":{"type":"Point","coordinates":[85.322227,27.63429]}},{"type":"Feature","properties":{"id":"w223275968","type":"school","name":"Shree Bal Kumari School"},"geometry":{"type":"Point","coordinates":[85.320523,27.630314]}},{"type":"Feature","properties":{"id":"w223276875","type":"school","name":"Williams Public English School"},"geometry":{"type":"Point","coordinates":[85.320012,27.629553]}},{"type":"Feature","properties":{"id":"w223287452","type":"school","name":"Celestial Home English Medium School"},"geometry":{"type":"Point","coordinates":[85.352096,27.732136]}},{"type":"Feature","properties":{"id":"w223287453","type":"school","name":"Joseph High School"},"geometry":{"type":"Point","coordinates":[85.354651,27.729471]}},{"type":"Feature","properties":{"id":"w223287454","type":"school","name":"Little Skills International School"},"geometry":{"type":"Point","coordinates":[85.353003,27.732599]}},{"type":"Feature","properties":{"id":"w223287455","type":"school","name":"Mt. Everest English School"},"geometry":{"type":"Point","coordinates":[85.35297,27.732899]}},{"type":"Feature","properties":{"id":"w223287456","type":"school","name":"Reliance Public School"},"geometry":{"type":"Point","coordinates":[85.352263,27.730681]}},{"type":"Feature","properties":{"id":"w223299779","type":"school","name":"Akshamala Vidya Sadan"},"geometry":{"type":"Point","coordinates":[85.339539,27.704713]}},{"type":"Feature","properties":{"id":"w223299783","type":"college","name":"Golden Gate International College"},"geometry":{"type":"Point","coordinates":[85.340058,27.703494]}},{"type":"Feature","properties":{"id":"w223299784","type":"college","name":"Nepal College of Travel and Tourism Management"},"geometry":{"type":"Point","coordinates":[85.339529,27.70771]}},{"type":"Feature","properties":{"id":"w223299786","type":"college","name":"Thames International College"},"geometry":{"type":"Point","coordinates":[85.342251,27.701579]}},{"type":"Feature","properties":{"id":"w223300840","type":"school","name":"Bibhuti Pragya Niketan"},"geometry":{"type":"Point","coordinates":[85.354797,27.728423]}},{"type":"Feature","properties":{"id":"w223301198","type":"college","name":"National Academy for Medical Science"},"geometry":{"type":"Point","coordinates":[85.342165,27.701065]}},{"type":"Feature","properties":{"id":"w223301199","type":"clinic","name":"Pashupati Poyclinicl"},"geometry":{"type":"Point","coordinates":[85.342044,27.702362]}},{"type":"Feature","properties":{"id":"w223301200","type":"school","name":"Sewa Sadan School"},"geometry":{"type":"Point","coordinates":[85.342227,27.703084]}},{"type":"Feature","properties":{"id":"w223301201","type":"school","name":"Stepping Stone Pre-School"},"geometry":{"type":"Point","coordinates":[85.342395,27.703456]}},{"type":"Feature","properties":{"id":"w223301202","type":"college","name":"Vinayak College of Health Science"},"geometry":{"type":"Point","coordinates":[85.343654,27.703906]}},{"type":"Feature","properties":{"id":"w223364712","type":"school","name":"Kamal Netra Chuna Muna English Boarding School"},"geometry":{"type":"Point","coordinates":[85.344036,27.697815]}},{"type":"Feature","properties":{"id":"w223365207","type":"school","name":"Bluebell English Boarding School"},"geometry":{"type":"Point","coordinates":[85.345907,27.694274]}},{"type":"Feature","properties":{"id":"w223383511","type":"clinic","name":"urban health clinic"},"geometry":{"type":"Point","coordinates":[85.345248,27.713326]}},{"type":"Feature","properties":{"id":"w223400799","type":"school","name":"National College NIST Higher Education Complex"},"geometry":{"type":"Point","coordinates":[85.304998,27.717902]}},{"type":"Feature","properties":{"id":"w223403106","type":"school","name":"Bal Binod Secondary School"},"geometry":{"type":"Point","coordinates":[85.31823,27.673849]}},{"type":"Feature","properties":{"id":"w223403108","type":"school","name":"Shramik Shanti Higher Secondary School"},"geometry":{"type":"Point","coordinates":[85.329099,27.674336]}},{"type":"Feature","properties":{"id":"w223407547","type":"college","name":"Asian College of Medical Science and Technology"},"geometry":{"type":"Point","coordinates":[85.322351,27.68468]}},{"type":"Feature","properties":{"id":"w223407550","type":"school","name":"Danphe English Boarding School"},"geometry":{"type":"Point","coordinates":[85.317194,27.673976]}},{"type":"Feature","properties":{"id":"w223407552","type":"clinic","name":"Saudi Nepal Medical Centre Pvt. Ltd."},"geometry":{"type":"Point","coordinates":[85.318858,27.685528]}},{"type":"Feature","properties":{"id":"w223422335","type":"school","name":"Janauddhar Secondary School"},"geometry":{"type":"Point","coordinates":[85.267865,27.717509]}},{"type":"Feature","properties":{"id":"w223424545","type":"school","name":"Daisy Educational Academy"},"geometry":{"type":"Point","coordinates":[85.250963,27.721482]}},{"type":"Feature","properties":{"id":"w223426089","type":"school","name":"Jyoti Academy"},"geometry":{"type":"Point","coordinates":[85.276424,27.707784]}},{"type":"Feature","properties":{"id":"w223427007","type":"school","name":"Balbodh Secondary School"},"geometry":{"type":"Point","coordinates":[85.237305,27.729145]}},{"type":"Feature","properties":{"id":"w223427683","type":"school","name":"Shree Sitapaila Higher Secondary School"},"geometry":{"type":"Point","coordinates":[85.28081,27.709447]}},{"type":"Feature","properties":{"id":"w223428946","type":"school","name":"Radiant Public Boadring School"},"geometry":{"type":"Point","coordinates":[85.280543,27.699822]}},{"type":"Feature","properties":{"id":"w223429363","type":"school","name":"People's Academy"},"geometry":{"type":"Point","coordinates":[85.281641,27.705367]}},{"type":"Feature","properties":{"id":"w223489387","type":"school","name":"New Millenium School"},"geometry":{"type":"Point","coordinates":[85.322668,27.685712]}},{"type":"Feature","properties":{"id":"w223489561","type":"school","name":"Nabin Jyoti English Boarding School"},"geometry":{"type":"Point","coordinates":[85.241212,27.726715]}},{"type":"Feature","properties":{"id":"w223489571","type":"school","name":"The Acme Academy High School"},"geometry":{"type":"Point","coordinates":[85.34476,27.693755]}},{"type":"Feature","properties":{"id":"w223489970","type":"school","name":"Shatabdi Secondary Boarding School"},"geometry":{"type":"Point","coordinates":[85.345596,27.694051]}},{"type":"Feature","properties":{"id":"w223490607","type":"college","name":"Liverpool International College"},"geometry":{"type":"Point","coordinates":[85.334434,27.687705]}},{"type":"Feature","properties":{"id":"w223490608","type":"school","name":"Nawa Prabhat Higher Secondary School"},"geometry":{"type":"Point","coordinates":[85.315779,27.675035]}},{"type":"Feature","properties":{"id":"w223490609","type":"school","name":"Sagarmatha Higher Secondary School"},"geometry":{"type":"Point","coordinates":[85.316391,27.674544]}},{"type":"Feature","properties":{"id":"w223490610","type":"school","name":"Sagarmatha Higher Secondary School(+2)"},"geometry":{"type":"Point","coordinates":[85.316106,27.674898]}},{"type":"Feature","properties":{"id":"w223491275","type":"school","name":"New Drighayu secondary boarding school"},"geometry":{"type":"Point","coordinates":[85.347016,27.689481]}},{"type":"Feature","properties":{"id":"w223497035","type":"school","name":"Hope Valley Scholars Academy"},"geometry":{"type":"Point","coordinates":[85.344395,27.667903]}},{"type":"Feature","properties":{"id":"w223497036","type":"school","name":"Peace point Academy"},"geometry":{"type":"Point","coordinates":[85.341902,27.664535]}},{"type":"Feature","properties":{"id":"w223498778","type":"school","name":"Shubha Aashirbad Academy"},"geometry":{"type":"Point","coordinates":[85.343963,27.659389]}},{"type":"Feature","properties":{"id":"w223499981","type":"school","name":"Azizah Pre-Primary School"},"geometry":{"type":"Point","coordinates":[85.347124,27.657836]}},{"type":"Feature","properties":{"id":"w223500010","type":"college","name":"Kantipur College of Management and Information Technology"},"geometry":{"type":"Point","coordinates":[85.340624,27.698488]}},{"type":"Feature","properties":{"id":"w223500012","type":"school","name":"Yashashwi Gurukul English School"},"geometry":{"type":"Point","coordinates":[85.303774,27.675036]}},{"type":"Feature","properties":{"id":"w223500438","type":"school","name":"Aakash Deep English Secondary School"},"geometry":{"type":"Point","coordinates":[85.385812,27.722569]}},{"type":"Feature","properties":{"id":"w223500439","type":"school","name":"Gokarneshwor Light Academy"},"geometry":{"type":"Point","coordinates":[85.386868,27.73278]}},{"type":"Feature","properties":{"id":"w223500440","type":"college","name":"Jaya Multiple College"},"geometry":{"type":"Point","coordinates":[85.385017,27.728247]}},{"type":"Feature","properties":{"id":"w223500590","type":"school","name":"Bal Vidya Griha"},"geometry":{"type":"Point","coordinates":[85.328413,27.666286]}},{"type":"Feature","properties":{"id":"w223500591","type":"school","name":"Vidya Sadan School"},"geometry":{"type":"Point","coordinates":[85.327778,27.666404]}},{"type":"Feature","properties":{"id":"w223500623","type":"clinic","name":"Astamatrika Polyclinic"},"geometry":{"type":"Point","coordinates":[85.301701,27.674916]}},{"type":"Feature","properties":{"id":"w223500624","type":"school","name":"Nawa Jeevan School"},"geometry":{"type":"Point","coordinates":[85.302403,27.67083]}},{"type":"Feature","properties":{"id":"w223500634","type":"school","name":"Ambience International School"},"geometry":{"type":"Point","coordinates":[85.338663,27.699006]}},{"type":"Feature","properties":{"id":"w223500893","type":"school","name":"Kanti Bhairav Higher Secondary School"},"geometry":{"type":"Point","coordinates":[85.403766,27.726961]}},{"type":"Feature","properties":{"id":"w223500894","type":"school","name":"Miniland English High School"},"geometry":{"type":"Point","coordinates":[85.403344,27.727383]}},{"type":"Feature","properties":{"id":"w223500896","type":"school","name":"Trikon Public School"},"geometry":{"type":"Point","coordinates":[85.393383,27.717945]}},{"type":"Feature","properties":{"id":"w223500985","type":"school","name":"Hindu Vidhyapeeth Higher Secondary School"},"geometry":{"type":"Point","coordinates":[85.411304,27.725284]}},{"type":"Feature","properties":{"id":"w223502522","type":"college","name":"Citizen College"},"geometry":{"type":"Point","coordinates":[85.327253,27.658384]}},{"type":"Feature","properties":{"id":"w223502523","type":"school","name":"Grand Academy"},"geometry":{"type":"Point","coordinates":[85.328567,27.658215]}},{"type":"Feature","properties":{"id":"w223502696","type":"college","name":"AIM"},"geometry":{"type":"Point","coordinates":[85.332563,27.657012]}},{"type":"Feature","properties":{"id":"w223502955","type":"school","name":"Evergreen English School"},"geometry":{"type":"Point","coordinates":[85.459541,27.726572]}},{"type":"Feature","properties":{"id":"w223502956","type":"hospital","name":"People's Life Care Hospital"},"geometry":{"type":"Point","coordinates":[85.460706,27.727525]}},{"type":"Feature","properties":{"id":"w223502958","type":"school","name":"Shree Bahagyodaya Higher Secondary School"},"geometry":{"type":"Point","coordinates":[85.46204,27.727275]}},{"type":"Feature","properties":{"id":"w223502959","type":"school","name":"Shree Bhagwati Higher Secondary School"},"geometry":{"type":"Point","coordinates":[85.460916,27.728302]}},{"type":"Feature","properties":{"id":"w223503322","type":"school","name":"Shree Sankhu Primary School"},"geometry":{"type":"Point","coordinates":[85.464593,27.731977]}},{"type":"Feature","properties":{"id":"w223503575","type":"school","name":"Shree Bajrayogini Secondary English School"},"geometry":{"type":"Point","coordinates":[85.455552,27.725899]}},{"type":"Feature","properties":{"id":"w223503863","type":"school","name":"Motherland School"},"geometry":{"type":"Point","coordinates":[85.263891,27.689322]}},{"type":"Feature","properties":{"id":"w223503864","type":"school","name":"New Generation Secondary School (NGI)"},"geometry":{"type":"Point","coordinates":[85.262402,27.686776]}},{"type":"Feature","properties":{"id":"w223503867","type":"hospital","name":"Sahid Memorial Hospital"},"geometry":{"type":"Point","coordinates":[85.281132,27.694508]}},{"type":"Feature","properties":{"id":"w223503869","type":"hospital","name":"OM Samaj Hospital"},"geometry":{"type":"Point","coordinates":[85.270926,27.689146]}},{"type":"Feature","properties":{"id":"w223503879","type":"hospital","name":"Sahid Memorial Hospital"},"geometry":{"type":"Point","coordinates":[85.280933,27.69549]}},{"type":"Feature","properties":{"id":"w223503932","type":"school","name":"Chirayu Educational Academy"},"geometry":{"type":"Point","coordinates":[85.433572,27.729803]}},{"type":"Feature","properties":{"id":"w223504496","type":"clinic","name":"Comrehebsive Swasha Sanstha"},"geometry":{"type":"Point","coordinates":[85.33516,27.648467]}},{"type":"Feature","properties":{"id":"w223504497","type":"school","name":"I J Pioneer School"},"geometry":{"type":"Point","coordinates":[85.335386,27.646242]}},{"type":"Feature","properties":{"id":"w223504501","type":"hospital","name":"Tranquiliy Hospital and Research Center"},"geometry":{"type":"Point","coordinates":[85.329952,27.651725]}},{"type":"Feature","properties":{"id":"w223504898","type":"school","name":"Srijanshil Shikshasadan Secondary School"},"geometry":{"type":"Point","coordinates":[85.429199,27.733222]}},{"type":"Feature","properties":{"id":"w223505119","type":"school","name":"Bhassara Secondary School"},"geometry":{"type":"Point","coordinates":[85.320361,27.672869]}},{"type":"Feature","properties":{"id":"w223505120","type":"school","name":"Chandani Secondary School"},"geometry":{"type":"Point","coordinates":[85.328972,27.677733]}},{"type":"Feature","properties":{"id":"w223505121","type":"school","name":"Kumbheshwar Technical School"},"geometry":{"type":"Point","coordinates":[85.326263,27.677437]}},{"type":"Feature","properties":{"id":"w223505123","type":"school","name":"Rato Bangala School"},"geometry":{"type":"Point","coordinates":[85.319839,27.67792]}},{"type":"Feature","properties":{"id":"w223518697","type":"school","name":"Alpine Secondary School"},"geometry":{"type":"Point","coordinates":[85.419346,27.726966]}},{"type":"Feature","properties":{"id":"w223518698","type":"school","name":"Bal Gitanjali School"},"geometry":{"type":"Point","coordinates":[85.39146,27.708954]}},{"type":"Feature","properties":{"id":"w223518700","type":"school","name":"Chaula Narayan Primary School"},"geometry":{"type":"Point","coordinates":[85.41013,27.733085]}},{"type":"Feature","properties":{"id":"w223518701","type":"school","name":"Mahakavi Devkota Memorial S. School"},"geometry":{"type":"Point","coordinates":[85.397802,27.71492]}},{"type":"Feature","properties":{"id":"w223518702","type":"school","name":"Shri Ananda Bhairab Secondary School"},"geometry":{"type":"Point","coordinates":[85.39311,27.708666]}},{"type":"Feature","properties":{"id":"w223518703","type":"school","name":"Shree Natheswori Primary School"},"geometry":{"type":"Point","coordinates":[85.42374,27.743562]}},{"type":"Feature","properties":{"id":"w223518704","type":"school","name":"Shree Nepal Rastriya Nirman Higher Secondary School"},"geometry":{"type":"Point","coordinates":[85.401018,27.715431]}},{"type":"Feature","properties":{"id":"w223518705","type":"school","name":"Shree Vidya Arjan English Secondary School"},"geometry":{"type":"Point","coordinates":[85.39346,27.712201]}},{"type":"Feature","properties":{"id":"w223518706","type":"school","name":"Sikshalaya Nepal"},"geometry":{"type":"Point","coordinates":[85.404846,27.716031]}},{"type":"Feature","properties":{"id":"w223519838","type":"school","name":"Shree Bal Bikash Secondary School"},"geometry":{"type":"Point","coordinates":[85.431801,27.751476]}},{"type":"Feature","properties":{"id":"w223519839","type":"school","name":"Shree Thapadanda Lower Secondary School"},"geometry":{"type":"Point","coordinates":[85.424999,27.736152]}},{"type":"Feature","properties":{"id":"w223521066","type":"school","name":"Changu Narayan Primary School"},"geometry":{"type":"Point","coordinates":[85.425328,27.712632]}},{"type":"Feature","properties":{"id":"w223521068","type":"school","name":"Nyacho Pauwa Primary School"},"geometry":{"type":"Point","coordinates":[85.432693,27.716939]}},{"type":"Feature","properties":{"id":"w223521069","type":"school","name":"Shree Balbhakta Primary School"},"geometry":{"type":"Point","coordinates":[85.444308,27.716037]}},{"type":"Feature","properties":{"id":"w223521070","type":"school","name":"Shree Krishna Primary School"},"geometry":{"type":"Point","coordinates":[85.436997,27.717199]}},{"type":"Feature","properties":{"id":"w223623181","type":"school","name":"Future Star Academy"},"geometry":{"type":"Point","coordinates":[85.375261,27.641433]}},{"type":"Feature","properties":{"id":"w223671509","type":"school","name":"Lalitpur Global Academy"},"geometry":{"type":"Point","coordinates":[85.348868,27.656872]}},{"type":"Feature","properties":{"id":"w223671511","type":"school","name":"Suryodaya Primary School"},"geometry":{"type":"Point","coordinates":[85.341836,27.652553]}},{"type":"Feature","properties":{"id":"w223672294","type":"school","name":"Ganesh Memorial School"},"geometry":{"type":"Point","coordinates":[85.340249,27.658994]}},{"type":"Feature","properties":{"id":"w223672297","type":"school","name":"Blue Bell Pre-Primary School"},"geometry":{"type":"Point","coordinates":[85.337212,27.661004]}},{"type":"Feature","properties":{"id":"w223683247","type":"school","name":"Green Valley English Boarding School"},"geometry":{"type":"Point","coordinates":[85.304981,27.707459]}},{"type":"Feature","properties":{"id":"w223683251","type":"school","name":"Krishna Mandir Primary School"},"geometry":{"type":"Point","coordinates":[85.308649,27.708759]}},{"type":"Feature","properties":{"id":"w223684777","type":"school","name":"Bernhardt MTI School"},"geometry":{"type":"Point","coordinates":[85.296138,27.700628]}},{"type":"Feature","properties":{"id":"w223934497","type":"school","name":"Gyanodaya Residential School"},"geometry":{"type":"Point","coordinates":[85.300064,27.632508]}},{"type":"Feature","properties":{"id":"w223934499","type":"school","name":"Peace Garden Secondary School"},"geometry":{"type":"Point","coordinates":[85.302637,27.634742]}},{"type":"Feature","properties":{"id":"w223934500","type":"school","name":"Shree Rudrayani Secondary School"},"geometry":{"type":"Point","coordinates":[85.295649,27.635683]}},{"type":"Feature","properties":{"id":"w223934501","type":"school","name":"Shri Yuwa Pratibha Vidhya Mandir Secondary School"},"geometry":{"type":"Point","coordinates":[85.30174,27.637445]}},{"type":"Feature","properties":{"id":"w223934502","type":"school","name":"Simran Academy"},"geometry":{"type":"Point","coordinates":[85.299586,27.636338]}},{"type":"Feature","properties":{"id":"w223934503","type":"school","name":"Zing Secondary School"},"geometry":{"type":"Point","coordinates":[85.301895,27.636996]}},{"type":"Feature","properties":{"id":"w224086347","type":"school","name":"Balpith Primary School"},"geometry":{"type":"Point","coordinates":[85.351638,27.699139]}},{"type":"Feature","properties":{"id":"w224087343","type":"school","name":"Arun Dip Academy"},"geometry":{"type":"Point","coordinates":[85.334855,27.690231]}},{"type":"Feature","properties":{"id":"w224088279","type":"hospital","name":"Frontline Hospital"},"geometry":{"type":"Point","coordinates":[85.338471,27.702621]}},{"type":"Feature","properties":{"id":"w224089122","type":"school","name":"Annapurna English Secondary School"},"geometry":{"type":"Point","coordinates":[85.351577,27.689853]}},{"type":"Feature","properties":{"id":"w224089644","type":"school","name":"Prasphutan international Academy"},"geometry":{"type":"Point","coordinates":[85.351591,27.699488]}},{"type":"Feature","properties":{"id":"w224091007","type":"school","name":"Abhishekh Gyan Mandir"},"geometry":{"type":"Point","coordinates":[85.350826,27.697859]}},{"type":"Feature","properties":{"id":"w224091746","type":"school","name":"Mount Olives High School"},"geometry":{"type":"Point","coordinates":[85.350868,27.6987]}},{"type":"Feature","properties":{"id":"w224094242","type":"school","name":"N.K. Singh Memorial English Prepartory School"},"geometry":{"type":"Point","coordinates":[85.341238,27.689064]}},{"type":"Feature","properties":{"id":"w224098420","type":"school","name":"Eris Academy"},"geometry":{"type":"Point","coordinates":[85.315097,27.655691]}},{"type":"Feature","properties":{"id":"w224098421","type":"school","name":"Lalit Bikash Lower Secondary School"},"geometry":{"type":"Point","coordinates":[85.327381,27.671702]}},{"type":"Feature","properties":{"id":"w224098422","type":"school","name":"Middle Point English Boarding School"},"geometry":{"type":"Point","coordinates":[85.315004,27.659198]}},{"type":"Feature","properties":{"id":"w224098423","type":"school","name":"Mount Hermann English Secondary School"},"geometry":{"type":"Point","coordinates":[85.330678,27.674557]}},{"type":"Feature","properties":{"id":"w224098425","type":"school","name":"Orchid Academy"},"geometry":{"type":"Point","coordinates":[85.330042,27.675454]}},{"type":"Feature","properties":{"id":"w224098426","type":"school","name":"Parijat International Academy"},"geometry":{"type":"Point","coordinates":[85.327265,27.675541]}},{"type":"Feature","properties":{"id":"w224120830","type":"school","name":"Bageshwari Primary School"},"geometry":{"type":"Point","coordinates":[85.32002,27.588167]}},{"type":"Feature","properties":{"id":"w224120831","type":"school","name":"Banibilas Higher Secondary School"},"geometry":{"type":"Point","coordinates":[85.32433,27.598053]}},{"type":"Feature","properties":{"id":"w224120832","type":"school","name":"Udaya Kharka School"},"geometry":{"type":"Point","coordinates":[85.332849,27.591824]}},{"type":"Feature","properties":{"id":"w224124235","type":"school","name":"Ganga Jamuna Secondary School"},"geometry":{"type":"Point","coordinates":[85.334455,27.57163]}},{"type":"Feature","properties":{"id":"w224129015","type":"school","name":"Kantipur Boarding High School"},"geometry":{"type":"Point","coordinates":[85.320052,27.657942]}},{"type":"Feature","properties":{"id":"w224129016","type":"school","name":"Krishi Udaya Primary School"},"geometry":{"type":"Point","coordinates":[85.329957,27.669521]}},{"type":"Feature","properties":{"id":"w224129017","type":"school","name":"Shree Gyan Mandir Secondary School"},"geometry":{"type":"Point","coordinates":[85.328632,27.670743]}},{"type":"Feature","properties":{"id":"w224129018","type":"school","name":"Shri Shramik Primary School"},"geometry":{"type":"Point","coordinates":[85.330185,27.670474]}},{"type":"Feature","properties":{"id":"w224192373","type":"school","name":"Aster Academy"},"geometry":{"type":"Point","coordinates":[85.335996,27.664549]}},{"type":"Feature","properties":{"id":"w224192386","type":"school","name":"Manang Children Paradise School"},"geometry":{"type":"Point","coordinates":[85.356983,27.685323]}},{"type":"Feature","properties":{"id":"w224192627","type":"school","name":"Tej Binayak School"},"geometry":{"type":"Point","coordinates":[85.379071,27.706398]}},{"type":"Feature","properties":{"id":"w224192628","type":"school","name":"Vidya Vikash School"},"geometry":{"type":"Point","coordinates":[85.375692,27.710096]}},{"type":"Feature","properties":{"id":"w224253814","type":"school","name":"Shri Buddha Higher Secondary School"},"geometry":{"type":"Point","coordinates":[85.351112,27.617495]}},{"type":"Feature","properties":{"id":"w224266768","type":"school","name":"Ananta Secondary School"},"geometry":{"type":"Point","coordinates":[85.362617,27.648512]}},{"type":"Feature","properties":{"id":"w224266769","type":"school","name":"Bishwamitra Ganesh Secondary School(Primary Block)"},"geometry":{"type":"Point","coordinates":[85.377399,27.629885]}},{"type":"Feature","properties":{"id":"w224266770","type":"clinic","name":"Siddhipur Community Heath Center"},"geometry":{"type":"Point","coordinates":[85.355163,27.647664]}},{"type":"Feature","properties":{"id":"w224266771","type":"school","name":"Gyan Jyoti Lower Secondary School"},"geometry":{"type":"Point","coordinates":[85.385993,27.632356]}},{"type":"Feature","properties":{"id":"w224266772","type":"school","name":"Genius School An IB World School"},"geometry":{"type":"Point","coordinates":[85.365447,27.646515]}},{"type":"Feature","properties":{"id":"w224266773","type":"school","name":"Kopila English Secondary School"},"geometry":{"type":"Point","coordinates":[85.359455,27.647728]}},{"type":"Feature","properties":{"id":"w224266774","type":"school","name":"Mount Olive English Secondary School"},"geometry":{"type":"Point","coordinates":[85.360828,27.645303]}},{"type":"Feature","properties":{"id":"w224266775","type":"school","name":"Nawa Kunja Secondary Boarding School"},"geometry":{"type":"Point","coordinates":[85.354544,27.647238]}},{"type":"Feature","properties":{"id":"w224266776","type":"school","name":"Nepal Don Bosco School"},"geometry":{"type":"Point","coordinates":[85.364219,27.645888]}},{"type":"Feature","properties":{"id":"w224266777","type":"school","name":"Shree Siddhimangal Higher Secondary School"},"geometry":{"type":"Point","coordinates":[85.353815,27.649116]}},{"type":"Feature","properties":{"id":"w224314164","type":"school","name":"Bhanudaya Primary School"},"geometry":{"type":"Point","coordinates":[85.360488,27.647813]}},{"type":"Feature","properties":{"id":"w224314165","type":"school","name":"Bishwamitra Ganesh Secondary School"},"geometry":{"type":"Point","coordinates":[85.372926,27.625965]}},{"type":"Feature","properties":{"id":"w224314166","type":"school","name":"Cherubs English Boarding School"},"geometry":{"type":"Point","coordinates":[85.323346,27.657441]}},{"type":"Feature","properties":{"id":"w224314167","type":"college","name":"Kathford Internatioanl College of Engineering and Management"},"geometry":{"type":"Point","coordinates":[85.340175,27.670746]}},{"type":"Feature","properties":{"id":"w224314168","type":"college","name":"Kathmandu College of Management"},"geometry":{"type":"Point","coordinates":[85.330013,27.663104]}},{"type":"Feature","properties":{"id":"w224314169","type":"school","name":"Pasang Lhamu Sikchya Sadan"},"geometry":{"type":"Point","coordinates":[85.331487,27.66657]}},{"type":"Feature","properties":{"id":"w224314170","type":"school","name":"The Rising School"},"geometry":{"type":"Point","coordinates":[85.328328,27.662711]}},{"type":"Feature","properties":{"id":"w224318614","type":"school","name":"Dolphin English Secondary School"},"geometry":{"type":"Point","coordinates":[85.376728,27.604007]}},{"type":"Feature","properties":{"id":"w224318616","type":"school","name":"Jwaladevi Vidhya Mandir"},"geometry":{"type":"Point","coordinates":[85.355683,27.616527]}},{"type":"Feature","properties":{"id":"w224318617","type":"school","name":"Kingdom Star English School"},"geometry":{"type":"Point","coordinates":[85.357689,27.614174]}},{"type":"Feature","properties":{"id":"w224318618","type":"school","name":"Pushpanjali Secondary School"},"geometry":{"type":"Point","coordinates":[85.355449,27.611342]}},{"type":"Feature","properties":{"id":"w224318619","type":"school","name":"Shri Phulchoki Primary School"},"geometry":{"type":"Point","coordinates":[85.376586,27.601281]}},{"type":"Feature","properties":{"id":"w224319330","type":"school","name":"Shree Krishna Lower Secondary School"},"geometry":{"type":"Point","coordinates":[85.373558,27.609355]}},{"type":"Feature","properties":{"id":"w224348879","type":"school","name":"Seti Devi Secondary School"},"geometry":{"type":"Point","coordinates":[85.249642,27.626056]}},{"type":"Feature","properties":{"id":"w224349318","type":"school","name":"Kali Devi Lower Secondary School"},"geometry":{"type":"Point","coordinates":[85.245348,27.608931]}},{"type":"Feature","properties":{"id":"w224349624","type":"school","name":"Indrayani Lower Secondary School"},"geometry":{"type":"Point","coordinates":[85.254152,27.618595]}},{"type":"Feature","properties":{"id":"w224378620","type":"school","name":"Manakamana Primary School"},"geometry":{"type":"Point","coordinates":[85.251905,27.602722]}},{"type":"Feature","properties":{"id":"w224378622","type":"school","name":"Tribhuvan Adarsha Secondary School"},"geometry":{"type":"Point","coordinates":[85.26425,27.613952]}},{"type":"Feature","properties":{"id":"w224378833","type":"school","name":"Rising New Blue Bird School"},"geometry":{"type":"Point","coordinates":[85.358954,27.622634]}},{"type":"Feature","properties":{"id":"w224380169","type":"school","name":"Champa Devi Secondary School"},"geometry":{"type":"Point","coordinates":[85.270621,27.64835]}},{"type":"Feature","properties":{"id":"w224383633","type":"school","name":"Chalnakhel Lower Secondary School"},"geometry":{"type":"Point","coordinates":[85.279199,27.637921]}},{"type":"Feature","properties":{"id":"w224384350","type":"school","name":"Asian Star International Academy"},"geometry":{"type":"Point","coordinates":[85.27959,27.642038]}},{"type":"Feature","properties":{"id":"w224387571","type":"school","name":"Ridvan Academy"},"geometry":{"type":"Point","coordinates":[85.363531,27.615698]}},{"type":"Feature","properties":{"id":"w224387572","type":"school","name":"Shri Bishankhu Narayan Secondary School"},"geometry":{"type":"Point","coordinates":[85.364237,27.612956]}},{"type":"Feature","properties":{"id":"w224387573","type":"school","name":"Shree Damaitar Lower Secondary School"},"geometry":{"type":"Point","coordinates":[85.358413,27.624133]}},{"type":"Feature","properties":{"id":"w224436324","type":"school","name":"Dollu Primary School"},"geometry":{"type":"Point","coordinates":[85.264697,27.627455]}},{"type":"Feature","properties":{"id":"w224437828","type":"school","name":"Pancha Ratna Bal Batika"},"geometry":{"type":"Point","coordinates":[85.2774,27.647472]}},{"type":"Feature","properties":{"id":"w224439167","type":"school","name":"Shree Krishna Secondary School"},"geometry":{"type":"Point","coordinates":[85.259116,27.590988]}},{"type":"Feature","properties":{"id":"w224439172","type":"school","name":"Third Eye English School"},"geometry":{"type":"Point","coordinates":[85.260373,27.596466]}},{"type":"Feature","properties":{"id":"w224440712","type":"school","name":"Shiva Shakti Primary School"},"geometry":{"type":"Point","coordinates":[85.263682,27.597808]}},{"type":"Feature","properties":{"id":"w224441079","type":"school","name":"Saint Paul International School"},"geometry":{"type":"Point","coordinates":[85.337694,27.692801]}},{"type":"Feature","properties":{"id":"w224441409","type":"school","name":"Rudramati Primary School"},"geometry":{"type":"Point","coordinates":[85.331392,27.69823]}},{"type":"Feature","properties":{"id":"w224441455","type":"school","name":"Gyan Bikash Lower Secondary School"},"geometry":{"type":"Point","coordinates":[85.333222,27.710082]}},{"type":"Feature","properties":{"id":"w224469076","type":"school","name":"Gitamata Higher Secondary School"},"geometry":{"type":"Point","coordinates":[85.299796,27.713651]}},{"type":"Feature","properties":{"id":"w224475669","type":"school","name":"Bright Horizon Children's Home School"},"geometry":{"type":"Point","coordinates":[85.231903,27.672759]}},{"type":"Feature","properties":{"id":"w224475671","type":"school","name":"Ever Vision School"},"geometry":{"type":"Point","coordinates":[85.241057,27.678793]}},{"type":"Feature","properties":{"id":"w224475673","type":"school","name":"Jana Kalyan Secondary School"},"geometry":{"type":"Point","coordinates":[85.237708,27.685218]}},{"type":"Feature","properties":{"id":"w224475675","type":"school","name":"Shri Jana Bikash Secondary School"},"geometry":{"type":"Point","coordinates":[85.234947,27.676233]}},{"type":"Feature","properties":{"id":"w224475676","type":"school","name":"Shree Mahalaxmi Lower secondary school"},"geometry":{"type":"Point","coordinates":[85.232609,27.680736]}},{"type":"Feature","properties":{"id":"w224475678","type":"school","name":"Sita Devi Primary School"},"geometry":{"type":"Point","coordinates":[85.228086,27.672564]}},{"type":"Feature","properties":{"id":"w224475680","type":"school","name":"Sunshine High School"},"geometry":{"type":"Point","coordinates":[85.240733,27.686993]}},{"type":"Feature","properties":{"id":"w224483761","type":"school","name":"Bright Angel's English School"},"geometry":{"type":"Point","coordinates":[85.22234,27.688114]}},{"type":"Feature","properties":{"id":"w224483762","type":"school","name":"Chandragiri Vidhya Asharm"},"geometry":{"type":"Point","coordinates":[85.23697,27.688498]}},{"type":"Feature","properties":{"id":"w224483763","type":"school","name":"Model School"},"geometry":{"type":"Point","coordinates":[85.218942,27.690708]}},{"type":"Feature","properties":{"id":"w224483764","type":"school","name":"Mt. Chandragiri English Boarding High School"},"geometry":{"type":"Point","coordinates":[85.215755,27.695661]}},{"type":"Feature","properties":{"id":"w224483765","type":"school","name":"Mt. Sagarmatha Brilliant's Academy"},"geometry":{"type":"Point","coordinates":[85.235859,27.68803]}},{"type":"Feature","properties":{"id":"w224483766","type":"school","name":"Novel Village English Boarding School"},"geometry":{"type":"Point","coordinates":[85.224548,27.687519]}},{"type":"Feature","properties":{"id":"w224483767","type":"school","name":"Shree Mangaldoya Secondary School"},"geometry":{"type":"Point","coordinates":[85.220196,27.693639]}},{"type":"Feature","properties":{"id":"w224483768","type":"school","name":"Study Primary School"},"geometry":{"type":"Point","coordinates":[85.229688,27.691864]}},{"type":"Feature","properties":{"id":"w224483769","type":"school","name":"Supreme Model English Boarding School"},"geometry":{"type":"Point","coordinates":[85.225583,27.686875]}},{"type":"Feature","properties":{"id":"w224483770","type":"school","name":"Thankot English School"},"geometry":{"type":"Point","coordinates":[85.215411,27.695037]}},{"type":"Feature","properties":{"id":"w224483771","type":"school","name":"West Point High School"},"geometry":{"type":"Point","coordinates":[85.222663,27.69047]}},{"type":"Feature","properties":{"id":"w224484860","type":"school","name":"Chundevi Secondary School"},"geometry":{"type":"Point","coordinates":[85.21191,27.687683]}},{"type":"Feature","properties":{"id":"w224504514","type":"school","name":"St. Xavier's School Godavari"},"geometry":{"type":"Point","coordinates":[85.379469,27.593193]}},{"type":"Feature","properties":{"id":"w224632270","type":"school","name":"Chetana Mahila Secondary School"},"geometry":{"type":"Point","coordinates":[85.310861,27.735361]}},{"type":"Feature","properties":{"id":"w224632271","type":"school","name":"The White Mountain School"},"geometry":{"type":"Point","coordinates":[85.327145,27.749357]}},{"type":"Feature","properties":{"id":"w224632273","type":"school","name":"Mount Genius English School"},"geometry":{"type":"Point","coordinates":[85.32658,27.751627]}},{"type":"Feature","properties":{"id":"w224632274","type":"school","name":"Mount Radiant Engish Boarding School"},"geometry":{"type":"Point","coordinates":[85.315168,27.741872]}},{"type":"Feature","properties":{"id":"w224632275","type":"school","name":"North Pole Academy"},"geometry":{"type":"Point","coordinates":[85.316409,27.747275]}},{"type":"Feature","properties":{"id":"w224632276","type":"school","name":"Swornim International Model School"},"geometry":{"type":"Point","coordinates":[85.32634,27.748302]}},{"type":"Feature","properties":{"id":"w224638044","type":"school","name":"Champa Shikhar Primary School"},"geometry":{"type":"Point","coordinates":[85.191906,27.703416]}},{"type":"Feature","properties":{"id":"w224638047","type":"school","name":"New Horizon Academy"},"geometry":{"type":"Point","coordinates":[85.250401,27.671725]}},{"type":"Feature","properties":{"id":"w224638049","type":"school","name":"Richa Saha Shiksha Sadan"},"geometry":{"type":"Point","coordinates":[85.239008,27.700669]}},{"type":"Feature","properties":{"id":"w224638051","type":"school","name":"Shadberry International Boarding School"},"geometry":{"type":"Point","coordinates":[85.231874,27.704302]}},{"type":"Feature","properties":{"id":"w224638054","type":"school","name":"Shree Chandika Devi Secondary School"},"geometry":{"type":"Point","coordinates":[85.20408,27.701422]}},{"type":"Feature","properties":{"id":"w224638055","type":"school","name":"Shree Chundevi Primary School"},"geometry":{"type":"Point","coordinates":[85.239475,27.665682]}},{"type":"Feature","properties":{"id":"w224638057","type":"school","name":"Shree Krishna Secondary School"},"geometry":{"type":"Point","coordinates":[85.235906,27.702414]}},{"type":"Feature","properties":{"id":"w224638059","type":"school","name":"Shree Nava Durga Primary School"},"geometry":{"type":"Point","coordinates":[85.228409,27.708237]}},{"type":"Feature","properties":{"id":"w224656018","type":"school","name":"Shree Madan Ashrit Lower Secondary School"},"geometry":{"type":"Point","coordinates":[85.339631,27.777076]}},{"type":"Feature","properties":{"id":"w224701908","type":"school","name":"Tokha Chandeswori Lower Secondary School"},"geometry":{"type":"Point","coordinates":[85.329047,27.770648]}},{"type":"Feature","properties":{"id":"w224724633","type":"school","name":"Asmita English Secondary School"},"geometry":{"type":"Point","coordinates":[85.305656,27.65335]}},{"type":"Feature","properties":{"id":"w224724634","type":"school","name":"Bright Baby Boarding School"},"geometry":{"type":"Point","coordinates":[85.305492,27.64013]}},{"type":"Feature","properties":{"id":"w224724635","type":"school","name":"Deep Kunj Higher Secondary English School"},"geometry":{"type":"Point","coordinates":[85.305081,27.651721]}},{"type":"Feature","properties":{"id":"w224724636","type":"hospital","name":"Diyas Hospital"},"geometry":{"type":"Point","coordinates":[85.304591,27.652764]}},{"type":"Feature","properties":{"id":"w224724637","type":"school","name":"Mount Makalu Secondary School"},"geometry":{"type":"Point","coordinates":[85.301314,27.648252]}},{"type":"Feature","properties":{"id":"w224724638","type":"school","name":"Rose English School"},"geometry":{"type":"Point","coordinates":[85.305839,27.638929]}},{"type":"Feature","properties":{"id":"w224724639","type":"school","name":"Sunrise English School"},"geometry":{"type":"Point","coordinates":[85.304353,27.644897]}},{"type":"Feature","properties":{"id":"w224724640","type":"school","name":"Trilochan Academy"},"geometry":{"type":"Point","coordinates":[85.305626,27.651501]}},{"type":"Feature","properties":{"id":"w224727628","type":"school","name":"Ullens School"},"geometry":{"type":"Point","coordinates":[85.322028,27.649835]}},{"type":"Feature","properties":{"id":"w224727782","type":"school","name":"Balkunj Higher Secondary School"},"geometry":{"type":"Point","coordinates":[85.376767,27.644293]}},{"type":"Feature","properties":{"id":"w224727783","type":"school","name":"Maryward School"},"geometry":{"type":"Point","coordinates":[85.370465,27.647456]}},{"type":"Feature","properties":{"id":"w224727784","type":"school","name":"West Wing School"},"geometry":{"type":"Point","coordinates":[85.372082,27.647106]}},{"type":"Feature","properties":{"id":"w224727924","type":"school","name":"Glorious Academy"},"geometry":{"type":"Point","coordinates":[85.306249,27.661175]}},{"type":"Feature","properties":{"id":"w224727925","type":"school","name":"High Land Secondary Boarding School"},"geometry":{"type":"Point","coordinates":[85.300334,27.658432]}},{"type":"Feature","properties":{"id":"w224727926","type":"school","name":"Nirmal School"},"geometry":{"type":"Point","coordinates":[85.300638,27.659205]}},{"type":"Feature","properties":{"id":"w224727927","type":"school","name":"Shree Bal Kumari Lower Secondary School"},"geometry":{"type":"Point","coordinates":[85.29621,27.656108]}},{"type":"Feature","properties":{"id":"w224734842","type":"school","name":"Lighthouse International Boarding School"},"geometry":{"type":"Point","coordinates":[85.377099,27.641719]}},{"type":"Feature","properties":{"id":"w224734843","type":"school","name":"Shringery Community Secondary School"},"geometry":{"type":"Point","coordinates":[85.394555,27.623399]}},{"type":"Feature","properties":{"id":"w224734844","type":"school","name":"Sisneri Higher Secondary School"},"geometry":{"type":"Point","coordinates":[85.39599,27.627687]}},{"type":"Feature","properties":{"id":"w224735203","type":"school","name":"Dibya Jyoti English Secondary School"},"geometry":{"type":"Point","coordinates":[85.382618,27.640115]}},{"type":"Feature","properties":{"id":"w224735204","type":"school","name":"Vidya Punja English Secondary School"},"geometry":{"type":"Point","coordinates":[85.388982,27.637175]}},{"type":"Feature","properties":{"id":"w224736111","type":"school","name":"Mahalaxmi Academy"},"geometry":{"type":"Point","coordinates":[85.379079,27.641386]}},{"type":"Feature","properties":{"id":"w224736437","type":"school","name":"Namuna English Academy"},"geometry":{"type":"Point","coordinates":[85.369435,27.647831]}},{"type":"Feature","properties":{"id":"w224736438","type":"school","name":"Shree Lubhu Secondary School"},"geometry":{"type":"Point","coordinates":[85.370901,27.642319]}},{"type":"Feature","properties":{"id":"w224864559","type":"school","name":"Bright Field Education Academy"},"geometry":{"type":"Point","coordinates":[85.302241,27.717617]}},{"type":"Feature","properties":{"id":"w224867661","type":"school","name":"Rashmi Secondary School"},"geometry":{"type":"Point","coordinates":[85.29404,27.71724]}},{"type":"Feature","properties":{"id":"w224875982","type":"college","name":"Carina International Academy Higher Secondary School"},"geometry":{"type":"Point","coordinates":[85.298133,27.718017]}},{"type":"Feature","properties":{"id":"w224877220","type":"school","name":"Bal Ankur Secondary School"},"geometry":{"type":"Point","coordinates":[85.320286,27.619295]}},{"type":"Feature","properties":{"id":"w224877221","type":"school","name":"Deep Mala English Secondary School"},"geometry":{"type":"Point","coordinates":[85.318962,27.622007]}},{"type":"Feature","properties":{"id":"w224877222","type":"school","name":"Don Bosco Technical College"},"geometry":{"type":"Point","coordinates":[85.320023,27.62]}},{"type":"Feature","properties":{"id":"w224877223","type":"school","name":"Goma Academy"},"geometry":{"type":"Point","coordinates":[85.31742,27.626758]}},{"type":"Feature","properties":{"id":"w224877224","type":"school","name":"Indreni Secondary English School"},"geometry":{"type":"Point","coordinates":[85.322455,27.612861]}},{"type":"Feature","properties":{"id":"w224877225","type":"school","name":"Little Star English School"},"geometry":{"type":"Point","coordinates":[85.321162,27.613756]}},{"type":"Feature","properties":{"id":"w224877228","type":"school","name":"Shree Brahmayani Primary School"},"geometry":{"type":"Point","coordinates":[85.318989,27.610417]}},{"type":"Feature","properties":{"id":"w224877229","type":"school","name":"Shri Saraswati Higher Secondary School"},"geometry":{"type":"Point","coordinates":[85.322548,27.614236]}},{"type":"Feature","properties":{"id":"w224877230","type":"school","name":"Somang Academy"},"geometry":{"type":"Point","coordinates":[85.318034,27.623912]}},{"type":"Feature","properties":{"id":"w224877231","type":"school","name":"St. Paul Higher Secondary School"},"geometry":{"type":"Point","coordinates":[85.321438,27.613712]}},{"type":"Feature","properties":{"id":"w224877232","type":"school","name":"St. Paul Montessori Pre-School"},"geometry":{"type":"Point","coordinates":[85.320528,27.613896]}},{"type":"Feature","properties":{"id":"w224877234","type":"school","name":"Thecho Newa English School"},"geometry":{"type":"Point","coordinates":[85.321676,27.612389]}},{"type":"Feature","properties":{"id":"w224884133","type":"school","name":"Blue Bird School"},"geometry":{"type":"Point","coordinates":[85.331678,27.664275]}},{"type":"Feature","properties":{"id":"w224884134","type":"school","name":"Samata Sikshya Sadan"},"geometry":{"type":"Point","coordinates":[85.331911,27.663799]}},{"type":"Feature","properties":{"id":"w224884943","type":"school","name":"Marybert School"},"geometry":{"type":"Point","coordinates":[85.331709,27.659812]}},{"type":"Feature","properties":{"id":"w224949192","type":"school","name":"Shankari School"},"geometry":{"type":"Point","coordinates":[85.288117,27.707337]}},{"type":"Feature","properties":{"id":"w224951439","type":"school","name":"Jana Sudhar Lower Secondary School"},"geometry":{"type":"Point","coordinates":[85.288958,27.71397]}},{"type":"Feature","properties":{"id":"w224951440","type":"school","name":"Maitri School"},"geometry":{"type":"Point","coordinates":[85.289863,27.710806]}},{"type":"Feature","properties":{"id":"w224951441","type":"school","name":"Niravana Academy"},"geometry":{"type":"Point","coordinates":[85.287695,27.7136]}},{"type":"Feature","properties":{"id":"w224951447","type":"clinic","name":"ktm metropolitan community city health clinic"},"geometry":{"type":"Point","coordinates":[85.28881,27.714192]}},{"type":"Feature","properties":{"id":"w224955257","type":"school","name":"Tri Ratna Awashiya Vidyalaya"},"geometry":{"type":"Point","coordinates":[85.29476,27.712564]}},{"type":"Feature","properties":{"id":"w224958189","type":"school","name":"Shining Path Public School"},"geometry":{"type":"Point","coordinates":[85.298291,27.709461]}},{"type":"Feature","properties":{"id":"w224959487","type":"school","name":"Jagat Sundar Bwonekuthi Secondary School"},"geometry":{"type":"Point","coordinates":[85.301841,27.707434]}},{"type":"Feature","properties":{"id":"w224964866","type":"school","name":"Gyanodaya Secondary School"},"geometry":{"type":"Point","coordinates":[85.284494,27.699221]}},{"type":"Feature","properties":{"id":"w224993773","type":"school","name":"Bagh bhairab boarding high school"},"geometry":{"type":"Point","coordinates":[85.280098,27.673916]}},{"type":"Feature","properties":{"id":"w225008692","type":"school","name":"Mary Poppins"},"geometry":{"type":"Point","coordinates":[85.320556,27.689112]}},{"type":"Feature","properties":{"id":"w225008708","type":"school"},"geometry":{"type":"Point","coordinates":[85.324367,27.688869]}},{"type":"Feature","properties":{"id":"w225011110","type":"school","name":"Aastha Mahila Secondary School"},"geometry":{"type":"Point","coordinates":[85.374799,27.674119]}},{"type":"Feature","properties":{"id":"w225011111","type":"school","name":"Charkhandi Vidya Mandir Secondary School"},"geometry":{"type":"Point","coordinates":[85.374452,27.672562]}},{"type":"Feature","properties":{"id":"w225011112","type":"school","name":"Charkhandi Vidya Mandir Secondary School Junior Wing"},"geometry":{"type":"Point","coordinates":[85.372739,27.672972]}},{"type":"Feature","properties":{"id":"w225011114","type":"school","name":"Helio Kinder Paradise"},"geometry":{"type":"Point","coordinates":[85.374197,27.674828]}},{"type":"Feature","properties":{"id":"w225014813","type":"school","name":"Children Paradise School"},"geometry":{"type":"Point","coordinates":[85.369582,27.599978]}},{"type":"Feature","properties":{"id":"w225014815","type":"school","name":"Crescent Academy"},"geometry":{"type":"Point","coordinates":[85.371309,27.598076]}},{"type":"Feature","properties":{"id":"w225014823","type":"school","name":"Shanti Rani School"},"geometry":{"type":"Point","coordinates":[85.372591,27.599366]}},{"type":"Feature","properties":{"id":"w225014824","type":"school","name":"Suryodaya Educational Development Academy"},"geometry":{"type":"Point","coordinates":[85.359451,27.608249]}},{"type":"Feature","properties":{"id":"w225014827","type":"school","name":"Vidhya Sagar Boarding School"},"geometry":{"type":"Point","coordinates":[85.371818,27.598966]}},{"type":"Feature","properties":{"id":"w225023084","type":"school","name":"Kamolodaya Cambridge School"},"geometry":{"type":"Point","coordinates":[85.324617,27.690219]}},{"type":"Feature","properties":{"id":"w225029313","type":"school","name":"Maha Saraswoti Niketan"},"geometry":{"type":"Point","coordinates":[85.279223,27.756301]}},{"type":"Feature","properties":{"id":"w225029314","type":"school","name":"Nagarjun Secondary School"},"geometry":{"type":"Point","coordinates":[85.278353,27.757731]}},{"type":"Feature","properties":{"id":"w225029315","type":"school","name":"Nirwana Boarding School"},"geometry":{"type":"Point","coordinates":[85.277875,27.755966]}},{"type":"Feature","properties":{"id":"w225029316","type":"school","name":"Saint Joseph English Boarding School"},"geometry":{"type":"Point","coordinates":[85.278783,27.758971]}},{"type":"Feature","properties":{"id":"w225030094","type":"school","name":"Elegant Pearl English School"},"geometry":{"type":"Point","coordinates":[85.279355,27.758113]}},{"type":"Feature","properties":{"id":"w225030917","type":"school","name":"Genial Modern Academy"},"geometry":{"type":"Point","coordinates":[85.291713,27.75423]}},{"type":"Feature","properties":{"id":"w225059973","type":"school","name":"Colorado English School"},"geometry":{"type":"Point","coordinates":[85.447175,27.748307]}},{"type":"Feature","properties":{"id":"w225059974","type":"school","name":"Gagalphedi Harsa Lower Secondary School"},"geometry":{"type":"Point","coordinates":[85.438619,27.744781]}},{"type":"Feature","properties":{"id":"w225059975","type":"school","name":"Manakamana Higher Secondary School"},"geometry":{"type":"Point","coordinates":[85.386998,27.722002]}},{"type":"Feature","properties":{"id":"w225090694","type":"school","name":"Pancha Kanya Secondary School"},"geometry":{"type":"Point","coordinates":[85.290157,27.704693]}},{"type":"Feature","properties":{"id":"w225115699","type":"school","name":"Shree Siddhiganesh Higher Secondary School"},"geometry":{"type":"Point","coordinates":[85.446777,27.754803]}},{"type":"Feature","properties":{"id":"w225119143","type":"school","name":"Dadhikot English School"},"geometry":{"type":"Point","coordinates":[85.39647,27.648032]}},{"type":"Feature","properties":{"id":"w225119145","type":"school","name":"Rainbow English school"},"geometry":{"type":"Point","coordinates":[85.39143,27.654953]}},{"type":"Feature","properties":{"id":"w225120105","type":"school","name":"Shree Manilingeshor Lower Secondary School"},"geometry":{"type":"Point","coordinates":[85.454637,27.753064]}},{"type":"Feature","properties":{"id":"w225120473","type":"school","name":"Kulmaya Bhagawati L.S.School"},"geometry":{"type":"Point","coordinates":[85.393436,27.637804]}},{"type":"Feature","properties":{"id":"w225120831","type":"school","name":"Jana Primary School"},"geometry":{"type":"Point","coordinates":[85.439382,27.750443]}},{"type":"Feature","properties":{"id":"w225120968","type":"school","name":"Prithvi Narayan Higher Secondary School"},"geometry":{"type":"Point","coordinates":[85.289582,27.759265]}},{"type":"Feature","properties":{"id":"w225121544","type":"school","name":"Sishu Syahar Primary School"},"geometry":{"type":"Point","coordinates":[85.392084,27.645076]}},{"type":"Feature","properties":{"id":"w225123482","type":"school","name":"Candid English Academy"},"geometry":{"type":"Point","coordinates":[85.382257,27.651086]}},{"type":"Feature","properties":{"id":"w225123483","type":"school","name":"Somlingeshwari Lower Secondary School"},"geometry":{"type":"Point","coordinates":[85.383405,27.650694]}},{"type":"Feature","properties":{"id":"w225124485","type":"school","name":"Bal Srijana Boarding School"},"geometry":{"type":"Point","coordinates":[85.295693,27.752429]}},{"type":"Feature","properties":{"id":"w225124488","type":"school","name":"Model Srijana English Boarding School"},"geometry":{"type":"Point","coordinates":[85.299044,27.74702]}},{"type":"Feature","properties":{"id":"w225124491","type":"school","name":"Times Academy"},"geometry":{"type":"Point","coordinates":[85.295645,27.752585]}},{"type":"Feature","properties":{"id":"w225125112","type":"school","name":"Blue Bird English School"},"geometry":{"type":"Point","coordinates":[85.375231,27.654577]}},{"type":"Feature","properties":{"id":"w225125113","type":"school","name":"Sirutar Lower Secondary School"},"geometry":{"type":"Point","coordinates":[85.374436,27.652255]}},{"type":"Feature","properties":{"id":"w225125655","type":"school","name":"Sirutar English School"},"geometry":{"type":"Point","coordinates":[85.376385,27.653352]}},{"type":"Feature","properties":{"id":"w225125656","type":"school","name":"Upayagi Primary school"},"geometry":{"type":"Point","coordinates":[85.370331,27.658999]}},{"type":"Feature","properties":{"id":"w225273115","type":"school","name":"Shree Kalika Saran Secondary School"},"geometry":{"type":"Point","coordinates":[85.278893,27.777212]}},{"type":"Feature","properties":{"id":"w225274975","type":"school","name":"North Star English Boarding School"},"geometry":{"type":"Point","coordinates":[85.281151,27.775274]}},{"type":"Feature","properties":{"id":"w225279530","type":"school","name":"Jitpurfedi Higher Secondary School"},"geometry":{"type":"Point","coordinates":[85.278919,27.772658]}},{"type":"Feature","properties":{"id":"w225279968","type":"school","name":"Saraswati Primary School"},"geometry":{"type":"Point","coordinates":[85.281096,27.768456]}},{"type":"Feature","properties":{"id":"w225285455","type":"school","name":"Nagarjun Thula Gaun Higher Secondary School"},"geometry":{"type":"Point","coordinates":[85.272029,27.768817]}},{"type":"Feature","properties":{"id":"w225287432","type":"school","name":"Mahadevsthan Primary School"},"geometry":{"type":"Point","coordinates":[85.259521,27.775309]}},{"type":"Feature","properties":{"id":"w225411933","type":"school","name":"Life Vision Academy"},"geometry":{"type":"Point","coordinates":[85.369916,27.675411]}},{"type":"Feature","properties":{"id":"w225411935","type":"school","name":"Pragya Secondary School"},"geometry":{"type":"Point","coordinates":[85.34638,27.675229]}},{"type":"Feature","properties":{"id":"w225411936","type":"school","name":"Sakela Academy"},"geometry":{"type":"Point","coordinates":[85.343444,27.677811]}},{"type":"Feature","properties":{"id":"w225411937","type":"school","name":"Shri Saraswati Primary School"},"geometry":{"type":"Point","coordinates":[85.356324,27.67891]}},{"type":"Feature","properties":{"id":"w225411939","type":"school","name":"Tridevi Secondary School"},"geometry":{"type":"Point","coordinates":[85.347639,27.676819]}},{"type":"Feature","properties":{"id":"w225411941","type":"clinic","name":"Vision Polyclinic"},"geometry":{"type":"Point","coordinates":[85.344396,27.677258]}},{"type":"Feature","properties":{"id":"w225415050","type":"school","name":"Dipika School"},"geometry":{"type":"Point","coordinates":[85.344057,27.679588]}},{"type":"Feature","properties":{"id":"w225415051","type":"school","name":"Swarnim Tara Vidya Sadan"},"geometry":{"type":"Point","coordinates":[85.339286,27.680131]}},{"type":"Feature","properties":{"id":"w225416471","type":"school","name":"Kids International Academy"},"geometry":{"type":"Point","coordinates":[85.363987,27.689383]}},{"type":"Feature","properties":{"id":"w225416472","type":"school","name":"Liberty Public School"},"geometry":{"type":"Point","coordinates":[85.363213,27.690795]}},{"type":"Feature","properties":{"id":"w225416473","type":"school","name":"Manank Children's paradise Secondary School"},"geometry":{"type":"Point","coordinates":[85.358459,27.687365]}},{"type":"Feature","properties":{"id":"w225416474","type":"school","name":"Shri Sarweshwar Lower Secondary School"},"geometry":{"type":"Point","coordinates":[85.354729,27.682172]}},{"type":"Feature","properties":{"id":"w225417836","type":"school","name":"Sagarmatha English Secondary School"},"geometry":{"type":"Point","coordinates":[85.36274,27.679203]}},{"type":"Feature","properties":{"id":"w225422526","type":"school","name":"Amenity English School"},"geometry":{"type":"Point","coordinates":[85.368527,27.678516]}},{"type":"Feature","properties":{"id":"w225422528","type":"college","name":"Kathmandu college of technology"},"geometry":{"type":"Point","coordinates":[85.361986,27.674305]}},{"type":"Feature","properties":{"id":"w225425026","type":"school"},"geometry":{"type":"Point","coordinates":[85.36866,27.678095]}},{"type":"Feature","properties":{"id":"w225435973","type":"school","name":"Blue Bird School"},"geometry":{"type":"Point","coordinates":[85.348671,27.627393]}},{"type":"Feature","properties":{"id":"w225435974","type":"school","name":"Everest School"},"geometry":{"type":"Point","coordinates":[85.349337,27.624592]}},{"type":"Feature","properties":{"id":"w225435976","type":"school"},"geometry":{"type":"Point","coordinates":[85.351135,27.6217]}},{"type":"Feature","properties":{"id":"w225435977","type":"school","name":"Laligurans School"},"geometry":{"type":"Point","coordinates":[85.354845,27.618803]}},{"type":"Feature","properties":{"id":"w225435979","type":"school","name":"Surachana English School"},"geometry":{"type":"Point","coordinates":[85.350668,27.626076]}},{"type":"Feature","properties":{"id":"w225436010","type":"police"},"geometry":{"type":"Point","coordinates":[85.352667,27.618256]}},{"type":"Feature","properties":{"id":"w225443241","type":"school","name":"New Modern English Academy"},"geometry":{"type":"Point","coordinates":[85.329845,27.631829]}},{"type":"Feature","properties":{"id":"w225443242","type":"school","name":"Padma Prakash Secondary School"},"geometry":{"type":"Point","coordinates":[85.327707,27.641344]}},{"type":"Feature","properties":{"id":"w225443244","type":"school","name":"Shri Jalpa Secondary School"},"geometry":{"type":"Point","coordinates":[85.334358,27.626271]}},{"type":"Feature","properties":{"id":"w225443245","type":"school","name":"Vishwo Vidya Mandir"},"geometry":{"type":"Point","coordinates":[85.344157,27.629576]}},{"type":"Feature","properties":{"id":"w225512071","type":"school","name":"People's Centroid Academy"},"geometry":{"type":"Point","coordinates":[85.345245,27.631414]}},{"type":"Feature","properties":{"id":"w225512072","type":"school","name":"Prerana Vidyashram"},"geometry":{"type":"Point","coordinates":[85.344026,27.633811]}},{"type":"Feature","properties":{"id":"w225517417","type":"school","name":"Countryside English School"},"geometry":{"type":"Point","coordinates":[85.463777,27.695459]}},{"type":"Feature","properties":{"id":"w225517418","type":"school","name":"Shree Krishna Higher Secondary School"},"geometry":{"type":"Point","coordinates":[85.469448,27.701025]}},{"type":"Feature","properties":{"id":"w225517732","type":"school","name":"Yagyamati Secondary School"},"geometry":{"type":"Point","coordinates":[85.370095,27.741235]}},{"type":"Feature","properties":{"id":"w225517955","type":"school","name":"Shree  Devi Bal Sundar Secondary School"},"geometry":{"type":"Point","coordinates":[85.395225,27.764032]}},{"type":"Feature","properties":{"id":"w225518101","type":"school","name":"Shuntakhan Secondary School"},"geometry":{"type":"Point","coordinates":[85.389146,27.757455]}},{"type":"Feature","properties":{"id":"w225518202","type":"school","name":"Nava Suntakhan Academy"},"geometry":{"type":"Point","coordinates":[85.390504,27.752899]}},{"type":"Feature","properties":{"id":"w225518670","type":"school","name":"Shree Gram Sudhar Lower Secondary School"},"geometry":{"type":"Point","coordinates":[85.385308,27.749494]}},{"type":"Feature","properties":{"id":"w225518932","type":"school","name":"Jana Jagrati Secondary School"},"geometry":{"type":"Point","coordinates":[85.376612,27.7473]}},{"type":"Feature","properties":{"id":"w225519091","type":"school","name":"Shree Naulin Secondary School"},"geometry":{"type":"Point","coordinates":[85.368098,27.7543]}},{"type":"Feature","properties":{"id":"w225519311","type":"school","name":"Peak Point English Bording school"},"geometry":{"type":"Point","coordinates":[85.367121,27.751818]}},{"type":"Feature","properties":{"id":"w225555784","type":"school","name":"Bhim Primary School"},"geometry":{"type":"Point","coordinates":[85.406352,27.654335]}},{"type":"Feature","properties":{"id":"w225555786","type":"school","name":"Jyoti Secondary School"},"geometry":{"type":"Point","coordinates":[85.400777,27.657546]}},{"type":"Feature","properties":{"id":"w225556402","type":"school","name":"Bishnu Lower Secondary School"},"geometry":{"type":"Point","coordinates":[85.403752,27.651825]}},{"type":"Feature","properties":{"id":"w225556403","type":"school","name":"Santa krishna Primary School"},"geometry":{"type":"Point","coordinates":[85.426243,27.652715]}},{"type":"Feature","properties":{"id":"w225556773","type":"school","name":"Chandar Suryodaya Primary School"},"geometry":{"type":"Point","coordinates":[85.428982,27.634118]}},{"type":"Feature","properties":{"id":"w225584522","type":"school","name":"Shree Ram Janaki Lower Secondary School"},"geometry":{"type":"Point","coordinates":[85.411547,27.755581]}},{"type":"Feature","properties":{"id":"w225594240","type":"school","name":"Junkiri Public School"},"geometry":{"type":"Point","coordinates":[85.465123,27.738388]}},{"type":"Feature","properties":{"id":"w225594241","type":"school","name":"Namgyal Higher Secondary School"},"geometry":{"type":"Point","coordinates":[85.399504,27.741338]}},{"type":"Feature","properties":{"id":"w225594252","type":"school","name":"Shree Taleju Bhawani Primary School"},"geometry":{"type":"Point","coordinates":[85.392141,27.736376]}},{"type":"Feature","properties":{"id":"w225594255","type":"college","name":"Sushma Koirala Memorial Nursing Campus"},"geometry":{"type":"Point","coordinates":[85.454182,27.725493]}},{"type":"Feature","properties":{"id":"w225641956","type":"clinic","name":"Suryavinayak Polyclinic"},"geometry":{"type":"Point","coordinates":[85.425059,27.664836]}},{"type":"Feature","properties":{"id":"w225642517","type":"school","name":"Swornim International School"},"geometry":{"type":"Point","coordinates":[85.351175,27.661164]}},{"type":"Feature","properties":{"id":"w225648689","type":"hospital","name":"Bharjabaharahi Hospital"},"geometry":{"type":"Point","coordinates":[85.32781,27.603851]}},{"type":"Feature","properties":{"id":"w225652024","type":"school","name":"Sishu Milan English High School"},"geometry":{"type":"Point","coordinates":[85.367957,27.754874]}},{"type":"Feature","properties":{"id":"w225652413","type":"school","name":"Jeevan Jyoti School"},"geometry":{"type":"Point","coordinates":[85.367756,27.762415]}},{"type":"Feature","properties":{"id":"w225652612","type":"school","name":"Jana Uddar Secondary School"},"geometry":{"type":"Point","coordinates":[85.365491,27.762617]}},{"type":"Feature","properties":{"id":"w225653629","type":"school","name":"Anita Milan International Academy"},"geometry":{"type":"Point","coordinates":[85.354238,27.754041]}},{"type":"Feature","properties":{"id":"w225655064","type":"school","name":"Shri Khokana Jana Secondary School"},"geometry":{"type":"Point","coordinates":[85.291208,27.627241]}},{"type":"Feature","properties":{"id":"w225659845","type":"clinic"},"geometry":{"type":"Point","coordinates":[85.339175,27.690725]}},{"type":"Feature","properties":{"id":"w225659849","type":"school","name":"Fresh Buds School"},"geometry":{"type":"Point","coordinates":[85.336011,27.710245]}},{"type":"Feature","properties":{"id":"w225659850","type":"clinic","name":"Kastamandap Poly Clinic"},"geometry":{"type":"Point","coordinates":[85.336151,27.691018]}},{"type":"Feature","properties":{"id":"w225659853","type":"clinic","name":"Raj Joshi Polyclinic"},"geometry":{"type":"Point","coordinates":[85.335509,27.689009]}},{"type":"Feature","properties":{"id":"w225659854","type":"clinic","name":"Sahara Health Care"},"geometry":{"type":"Point","coordinates":[85.338799,27.690775]}},{"type":"Feature","properties":{"id":"w225659856","type":"hospital","name":"Centre For Liver Disease"},"geometry":{"type":"Point","coordinates":[85.328674,27.689923]}},{"type":"Feature","properties":{"id":"w225660491","type":"hospital","name":"Himal Hospital"},"geometry":{"type":"Point","coordinates":[85.32821,27.710233]}},{"type":"Feature","properties":{"id":"w225662357","type":"school","name":"Aman English Boarding School"},"geometry":{"type":"Point","coordinates":[85.323394,27.704652]}},{"type":"Feature","properties":{"id":"w225662358","type":"school","name":"Asphodel Public school"},"geometry":{"type":"Point","coordinates":[85.327093,27.702523]}},{"type":"Feature","properties":{"id":"w225662359","type":"school","name":"New Don Bosco Academy"},"geometry":{"type":"Point","coordinates":[85.323253,27.702366]}},{"type":"Feature","properties":{"id":"w225662360","type":"school","name":"Trivei Public School"},"geometry":{"type":"Point","coordinates":[85.334024,27.702258]}},{"type":"Feature","properties":{"id":"w225662755","type":"school","name":"Aasha Mandir English Boarding School"},"geometry":{"type":"Point","coordinates":[85.332964,27.70538]}},{"type":"Feature","properties":{"id":"w225662964","type":"school","name":"Maple School"},"geometry":{"type":"Point","coordinates":[85.330685,27.709019]}},{"type":"Feature","properties":{"id":"w225663312","type":"clinic","name":"Apollo Polyclinic"},"geometry":{"type":"Point","coordinates":[85.332013,27.703993]}},{"type":"Feature","properties":{"id":"w225708081","type":"clinic","name":"Santosh Drug House"},"geometry":{"type":"Point","coordinates":[85.361143,27.675624]}},{"type":"Feature","properties":{"id":"w226035103","type":"school","name":"Adarsha Shila Yubak Higher Secondary School"},"geometry":{"type":"Point","coordinates":[85.30513,27.635793]}},{"type":"Feature","properties":{"id":"w226035104","type":"school","name":"Shree Jana Udaya Secondary School"},"geometry":{"type":"Point","coordinates":[85.306913,27.651508]}},{"type":"Feature","properties":{"id":"w226040963","type":"school","name":"Nepal Catalunya School"},"geometry":{"type":"Point","coordinates":[85.30155,27.756716]}},{"type":"Feature","properties":{"id":"w226040964","type":"school","name":"Nepal Rastriya Higher Secondary School"},"geometry":{"type":"Point","coordinates":[85.303402,27.741934]}},{"type":"Feature","properties":{"id":"w226040965","type":"school","name":"Padma Chakra School"},"geometry":{"type":"Point","coordinates":[85.314543,27.769241]}},{"type":"Feature","properties":{"id":"w226040966","type":"school","name":"Shree Phutung Secondary School"},"geometry":{"type":"Point","coordinates":[85.312111,27.763894]}},{"type":"Feature","properties":{"id":"w226041068","type":"school","name":"Adarshila Early Child Development"},"geometry":{"type":"Point","coordinates":[85.30325,27.629862]}},{"type":"Feature","properties":{"id":"w226041069","type":"school","name":"Bakhel Primary School"},"geometry":{"type":"Point","coordinates":[85.295258,27.606841]}},{"type":"Feature","properties":{"id":"w226041070","type":"school","name":"Bungmati Foundation Nepal"},"geometry":{"type":"Point","coordinates":[85.304028,27.632598]}},{"type":"Feature","properties":{"id":"w226042101","type":"school","name":"Clark Memorial Himalayan Primary School"},"geometry":{"type":"Point","coordinates":[85.302256,27.623387]}},{"type":"Feature","properties":{"id":"w226042102","type":"school","name":"Divya Jyoti Secondary School"},"geometry":{"type":"Point","coordinates":[85.304503,27.628471]}},{"type":"Feature","properties":{"id":"w226042103","type":"school","name":"Shree Mahankal Primary School"},"geometry":{"type":"Point","coordinates":[85.29847,27.617446]}},{"type":"Feature","properties":{"id":"w226042104","type":"school","name":"Tri Ratna Cooperative Secondary School"},"geometry":{"type":"Point","coordinates":[85.304279,27.627881]}},{"type":"Feature","properties":{"id":"w226042560","type":"school","name":"Shree Chunidevi Siksha Mandir"},"geometry":{"type":"Point","coordinates":[85.305217,27.618903]}},{"type":"Feature","properties":{"id":"w226042561","type":"school","name":"Sumarga English School"},"geometry":{"type":"Point","coordinates":[85.30444,27.622242]}},{"type":"Feature","properties":{"id":"w226044704","type":"school","name":"Nobel Education System Secondary School"},"geometry":{"type":"Point","coordinates":[85.310908,27.603552]}},{"type":"Feature","properties":{"id":"w226044705","type":"school","name":"police station"},"geometry":{"type":"Point","coordinates":[85.308731,27.592993]}},{"type":"Feature","properties":{"id":"w226044707","type":"school","name":"Shree Chhampi Devi Higher Secondary School"},"geometry":{"type":"Point","coordinates":[85.312745,27.602072]}},{"type":"Feature","properties":{"id":"w226044709","type":"school","name":"Shri Ganesh Primary School"},"geometry":{"type":"Point","coordinates":[85.307939,27.583521]}},{"type":"Feature","properties":{"id":"w226050014","type":"school","name":"Bhadrakali Primary School"},"geometry":{"type":"Point","coordinates":[85.345148,27.759178]}},{"type":"Feature","properties":{"id":"w226050015","type":"school","name":"Shanti Primary English School"},"geometry":{"type":"Point","coordinates":[85.349121,27.776727]}},{"type":"Feature","properties":{"id":"w226053382","type":"school","name":"Jana Premi Lower Secondary School"},"geometry":{"type":"Point","coordinates":[85.363023,27.674317]}},{"type":"Feature","properties":{"id":"w226054603","type":"school","name":"Himalayan Olive National School"},"geometry":{"type":"Point","coordinates":[85.453968,27.688805]}},{"type":"Feature","properties":{"id":"w226056945","type":"clinic","name":"Upakar National Health Care Center"},"geometry":{"type":"Point","coordinates":[85.347896,27.679136]}},{"type":"Feature","properties":{"id":"w226057354","type":"school","name":"Aum School"},"geometry":{"type":"Point","coordinates":[85.364355,27.778087]}},{"type":"Feature","properties":{"id":"w226057356","type":"school","name":"Shree Jaya Bhadra Kali Lower Secondary School"},"geometry":{"type":"Point","coordinates":[85.370116,27.777009]}},{"type":"Feature","properties":{"id":"w226058147","type":"school","name":"Devi Lower Secondary School"},"geometry":{"type":"Point","coordinates":[85.351419,27.546679]}},{"type":"Feature","properties":{"id":"w226058964","type":"school","name":"Baleshwori Higher Secondary School"},"geometry":{"type":"Point","coordinates":[85.37709,27.547375]}},{"type":"Feature","properties":{"id":"w226058966","type":"school","name":"Gupteshwori primary School"},"geometry":{"type":"Point","coordinates":[85.38404,27.545918]}},{"type":"Feature","properties":{"id":"w226060156","type":"clinic","name":"Shubhakamana Policlinic"},"geometry":{"type":"Point","coordinates":[85.309695,27.757563]}},{"type":"Feature","properties":{"id":"w226064424","type":"school","name":"Alpine Valley School"},"geometry":{"type":"Point","coordinates":[85.339352,27.732538]}},{"type":"Feature","properties":{"id":"w226064425","type":"school","name":"National Creative Co-Educational School"},"geometry":{"type":"Point","coordinates":[85.339173,27.727958]}},{"type":"Feature","properties":{"id":"w226064426","type":"school","name":"Saraswati Education Academy"},"geometry":{"type":"Point","coordinates":[85.335661,27.728294]}},{"type":"Feature","properties":{"id":"w226222564","type":"school","name":"Gyan Sudha Academy"},"geometry":{"type":"Point","coordinates":[85.269146,27.686589]}},{"type":"Feature","properties":{"id":"w226222565","type":"school","name":"New Vision Academy"},"geometry":{"type":"Point","coordinates":[85.250131,27.683594]}},{"type":"Feature","properties":{"id":"w226225085","type":"school","name":"Bishnu Devi Sikshya Sadan"},"geometry":{"type":"Point","coordinates":[85.250376,27.684719]}},{"type":"Feature","properties":{"id":"w226273245","type":"school","name":"Navajyoti Primary School"},"geometry":{"type":"Point","coordinates":[85.459643,27.654901]}},{"type":"Feature","properties":{"id":"w226278232","type":"school","name":"Global Academy"},"geometry":{"type":"Point","coordinates":[85.460422,27.655594]}},{"type":"Feature","properties":{"id":"w226278233","type":"school","name":"Shree Deuja Gaun Primary School"},"geometry":{"type":"Point","coordinates":[85.462838,27.657277]}},{"type":"Feature","properties":{"id":"w226278679","type":"school","name":"Bimal Memorial Vidyapeth"},"geometry":{"type":"Point","coordinates":[85.461588,27.651531]}},{"type":"Feature","properties":{"id":"w226279349","type":"school","name":"Jorpati Secondary school"},"geometry":{"type":"Point","coordinates":[85.464282,27.649234]}},{"type":"Feature","properties":{"id":"w226279523","type":"school","name":"Devi Primary School"},"geometry":{"type":"Point","coordinates":[85.468213,27.652606]}},{"type":"Feature","properties":{"id":"w226280675","type":"school","name":"Balodaya Primary School"},"geometry":{"type":"Point","coordinates":[85.325917,27.621688]}},{"type":"Feature","properties":{"id":"w226280676","type":"school","name":"Ekta School"},"geometry":{"type":"Point","coordinates":[85.324642,27.621208]}},{"type":"Feature","properties":{"id":"w226280678","type":"school","name":"Kalyan School"},"geometry":{"type":"Point","coordinates":[85.325445,27.62058]}},{"type":"Feature","properties":{"id":"w226280679","type":"school","name":"Shree Krishna Higher Secondary School"},"geometry":{"type":"Point","coordinates":[85.327598,27.638552]}},{"type":"Feature","properties":{"id":"w226284389","type":"school","name":"Bright Star Workers Higher Secondary School"},"geometry":{"type":"Point","coordinates":[85.339164,27.641946]}},{"type":"Feature","properties":{"id":"w226284392","type":"hospital","name":"Kathmandu Hospital"},"geometry":{"type":"Point","coordinates":[85.338097,27.642658]}},{"type":"Feature","properties":{"id":"w226284393","type":"school","name":"Pabitra Prabha Secondary School"},"geometry":{"type":"Point","coordinates":[85.339544,27.645979]}},{"type":"Feature","properties":{"id":"w226284394","type":"school","name":"Shree Harisiddhi Higher Secondary School"},"geometry":{"type":"Point","coordinates":[85.341925,27.637533]}},{"type":"Feature","properties":{"id":"w226284395","type":"school","name":"Suryodaya School"},"geometry":{"type":"Point","coordinates":[85.327073,27.625141]}},{"type":"Feature","properties":{"id":"w226284409","type":"hospital","name":"Harisiddhi Community Hospital"},"geometry":{"type":"Point","coordinates":[85.341898,27.637224]}},{"type":"Feature","properties":{"id":"w226332887","type":"school","name":"Halchwok Secondary School"},"geometry":{"type":"Point","coordinates":[85.274522,27.722315]}},{"type":"Feature","properties":{"id":"w226332910","type":"school","name":"East Pole Higher Secondary School"},"geometry":{"type":"Point","coordinates":[85.375699,27.719229]}},{"type":"Feature","properties":{"id":"w226333055","type":"school","name":"Shree Seeta Bal Bikash Lower Secondary School"},"geometry":{"type":"Point","coordinates":[85.277208,27.722745]}},{"type":"Feature","properties":{"id":"w226334580","type":"school","name":"The Celebration Co. Ed. School"},"geometry":{"type":"Point","coordinates":[85.381877,27.720723]}},{"type":"Feature","properties":{"id":"w226334682","type":"school","name":"Bal Bikash Secondary School"},"geometry":{"type":"Point","coordinates":[85.283907,27.739466]}},{"type":"Feature","properties":{"id":"w226334808","type":"school","name":"Shankarapur Academy"},"geometry":{"type":"Point","coordinates":[85.381119,27.719859]}},{"type":"Feature","properties":{"id":"w226335084","type":"school","name":"Crystal Academy"},"geometry":{"type":"Point","coordinates":[85.280769,27.720407]}},{"type":"Feature","properties":{"id":"w226335130","type":"school"},"geometry":{"type":"Point","coordinates":[85.331155,27.696878]}},{"type":"Feature","properties":{"id":"w226335431","type":"hospital","name":"Nepal orthopaedic Hospital"},"geometry":{"type":"Point","coordinates":[85.381191,27.720155]}},{"type":"Feature","properties":{"id":"w226335479","type":"school","name":"Gorkha Kali English Boarding School"},"geometry":{"type":"Point","coordinates":[85.303941,27.737541]}},{"type":"Feature","properties":{"id":"w226335493","type":"school","name":"Atlantic English Boarding School"},"geometry":{"type":"Point","coordinates":[85.381608,27.719399]}},{"type":"Feature","properties":{"id":"w226335860","type":"college","name":"liberty college"},"geometry":{"type":"Point","coordinates":[85.328145,27.692728]}},{"type":"Feature","properties":{"id":"w226336773","type":"school","name":"Ashish English Boarding School"},"geometry":{"type":"Point","coordinates":[85.308352,27.672379]}},{"type":"Feature","properties":{"id":"w226336775","type":"school","name":"Gyan Kunj Secondary Boarding School"},"geometry":{"type":"Point","coordinates":[85.320975,27.6572]}},{"type":"Feature","properties":{"id":"w226336776","type":"school","name":"Kids Land Montessori World"},"geometry":{"type":"Point","coordinates":[85.312124,27.666114]}},{"type":"Feature","properties":{"id":"w226336777","type":"school","name":"Mahendra Bhrikuti Secondary School"},"geometry":{"type":"Point","coordinates":[85.309059,27.667486]}},{"type":"Feature","properties":{"id":"w226336779","type":"school","name":"Newton Wave Academy"},"geometry":{"type":"Point","coordinates":[85.312723,27.65976]}},{"type":"Feature","properties":{"id":"w226336780","type":"school","name":"Shree Atisha Primary School"},"geometry":{"type":"Point","coordinates":[85.308634,27.667535]}},{"type":"Feature","properties":{"id":"w226353137","type":"college","name":"Everest Enginnering And MAnagement College"},"geometry":{"type":"Point","coordinates":[85.327884,27.685973]}},{"type":"Feature","properties":{"id":"w226353252","type":"college","name":"Kadambari College(SSW)"},"geometry":{"type":"Point","coordinates":[85.32899,27.687154]}},{"type":"Feature","properties":{"id":"w226356620","type":"clinic","name":"Praptee Polyclinic"},"geometry":{"type":"Point","coordinates":[85.314518,27.693136]}},{"type":"Feature","properties":{"id":"w226358336","type":"school"},"geometry":{"type":"Point","coordinates":[85.306781,27.709696]}},{"type":"Feature","properties":{"id":"w226390686","type":"school","name":"Ganesh Secondary School"},"geometry":{"type":"Point","coordinates":[85.44042,27.654974]}},{"type":"Feature","properties":{"id":"w226390688","type":"school","name":"Himshikhar English School"},"geometry":{"type":"Point","coordinates":[85.434671,27.665873]}},{"type":"Feature","properties":{"id":"w226392914","type":"school","name":"V.S Angel World"},"geometry":{"type":"Point","coordinates":[85.346222,27.685374]}},{"type":"Feature","properties":{"id":"w226392915","type":"school","name":"Utprerana Women Secondary School"},"geometry":{"type":"Point","coordinates":[85.345498,27.684544]}},{"type":"Feature","properties":{"id":"w226396927","type":"clinic","name":"Kshamadevi Polyclinic"},"geometry":{"type":"Point","coordinates":[85.346874,27.692403]}},{"type":"Feature","properties":{"id":"w226396928","type":"clinic","name":"Safal medical Center"},"geometry":{"type":"Point","coordinates":[85.353618,27.695641]}},{"type":"Feature","properties":{"id":"w226396929","type":"clinic","name":"Trishuli Medical & Polyclinic"},"geometry":{"type":"Point","coordinates":[85.35433,27.695207]}},{"type":"Feature","properties":{"id":"w226423598","type":"clinic","name":"Diabetes, Thyroid and Endocrinology"},"geometry":{"type":"Point","coordinates":[85.31639,27.688143]}},{"type":"Feature","properties":{"id":"w226429180","type":"hospital","name":"Chest Hospital"},"geometry":{"type":"Point","coordinates":[85.297103,27.699256]}},{"type":"Feature","properties":{"id":"w226429181","type":"hospital","name":"Shree Jyoti Hospital and Research Center"},"geometry":{"type":"Point","coordinates":[85.297437,27.698544]}},{"type":"Feature","properties":{"id":"w226429182","type":"hospital","name":"Spark Health Homes Hospital"},"geometry":{"type":"Point","coordinates":[85.294767,27.697647]}},{"type":"Feature","properties":{"id":"w226439738","type":"hospital","name":"Kathmandu Hospital"},"geometry":{"type":"Point","coordinates":[85.31102,27.694272]}},{"type":"Feature","properties":{"id":"w226472197","type":"hospital","name":"Nilam Hospital"},"geometry":{"type":"Point","coordinates":[85.250524,27.688906]}},{"type":"Feature","properties":{"id":"w226472201","type":"clinic","name":"Smriti Polyclinic and Diagnostic"},"geometry":{"type":"Point","coordinates":[85.250691,27.687105]}},{"type":"Feature","properties":{"id":"w226475864","type":"school","name":"Abhiyan Public School"},"geometry":{"type":"Point","coordinates":[85.306483,27.739053]}},{"type":"Feature","properties":{"id":"w226475866","type":"clinic","name":"Community City Health Clinic"},"geometry":{"type":"Point","coordinates":[85.339716,27.724924]}},{"type":"Feature","properties":{"id":"w226594780","type":"college","name":"Namuna Macchindra Higher Secondary School and College"},"geometry":{"type":"Point","coordinates":[85.322897,27.666495]}},{"type":"Feature","properties":{"id":"w226603883","type":"school","name":"AIMS Academy"},"geometry":{"type":"Point","coordinates":[85.32261,27.66815]}},{"type":"Feature","properties":{"id":"w226603884","type":"clinic","name":"Lagankhel Poly Clinic"},"geometry":{"type":"Point","coordinates":[85.323848,27.667293]}},{"type":"Feature","properties":{"id":"w226609294","type":"school","name":"Birendra Smriti Sikshya Sadan (BEBS)"},"geometry":{"type":"Point","coordinates":[85.307678,27.668007]}},{"type":"Feature","properties":{"id":"w226609295","type":"school","name":"Min Nath Secondary School"},"geometry":{"type":"Point","coordinates":[85.324669,27.670019]}},{"type":"Feature","properties":{"id":"w226670897","type":"school","name":"Career Building International Academy"},"geometry":{"type":"Point","coordinates":[85.363211,27.691035]}},{"type":"Feature","properties":{"id":"w226671393","type":"school","name":"Nexus Academy"},"geometry":{"type":"Point","coordinates":[85.366049,27.69136]}},{"type":"Feature","properties":{"id":"w226672278","type":"school","name":"Kathmandu Neb Kider Garten"},"geometry":{"type":"Point","coordinates":[85.305773,27.710345]}},{"type":"Feature","properties":{"id":"w226690705","type":"hospital","name":"National Kidney Center"},"geometry":{"type":"Point","coordinates":[85.295764,27.724554]}},{"type":"Feature","properties":{"id":"w226693204","type":"college","name":"ACME Engineering College"},"geometry":{"type":"Point","coordinates":[85.29678,27.724801]}},{"type":"Feature","properties":{"id":"w226694729","type":"college","name":"Manmohan Memorial College"},"geometry":{"type":"Point","coordinates":[85.296298,27.725099]}},{"type":"Feature","properties":{"id":"w226694751","type":"college","name":"Balaju school Of Engineering"},"geometry":{"type":"Point","coordinates":[85.30103,27.730204]}},{"type":"Feature","properties":{"id":"w226723425","type":"school","name":"Akhanda Vidya Sadan"},"geometry":{"type":"Point","coordinates":[85.280125,27.691678]}},{"type":"Feature","properties":{"id":"w226723426","type":"school","name":"Angels Homes Academy"},"geometry":{"type":"Point","coordinates":[85.281827,27.691778]}},{"type":"Feature","properties":{"id":"w226831608","type":"hospital","name":"National Hospital and Cancer Research Center"},"geometry":{"type":"Point","coordinates":[85.314724,27.673389]}},{"type":"Feature","properties":{"id":"w226835291","type":"hospital","name":"Chinese People Hospital Private Limited"},"geometry":{"type":"Point","coordinates":[85.361819,27.720426]}},{"type":"Feature","properties":{"id":"w226835292","type":"clinic","name":"Riza Polyclinic and Diagonostic Centre"},"geometry":{"type":"Point","coordinates":[85.345158,27.714524]}},{"type":"Feature","properties":{"id":"w226850926","type":"school","name":"Path Pradarshak School"},"geometry":{"type":"Point","coordinates":[85.349337,27.591322]}},{"type":"Feature","properties":{"id":"w226852863","type":"hospital","name":"Hamro Sahayatri Hosp and Birthing Center"},"geometry":{"type":"Point","coordinates":[85.352604,27.676555]}},{"type":"Feature","properties":{"id":"w226852865","type":"clinic","name":"Patan Clinic"},"geometry":{"type":"Point","coordinates":[85.322171,27.658811]}},{"type":"Feature","properties":{"id":"w226885065","type":"hospital","name":"Medicare National Hospital and Research Center"},"geometry":{"type":"Point","coordinates":[85.34638,27.718425]}},{"type":"Feature","properties":{"id":"w226935926","type":"clinic","name":"Community Health Clinic"},"geometry":{"type":"Point","coordinates":[85.307948,27.736555]}},{"type":"Feature","properties":{"id":"w226935927","type":"school","name":"Lotus Feet Boarding School"},"geometry":{"type":"Point","coordinates":[85.313178,27.726601]}},{"type":"Feature","properties":{"id":"w226936250","type":"school","name":"Genius English Boarding School"},"geometry":{"type":"Point","coordinates":[85.305765,27.724301]}},{"type":"Feature","properties":{"id":"w226936253","type":"school","name":"Kathmandu Little Blossoms Public School"},"geometry":{"type":"Point","coordinates":[85.30445,27.722973]}},{"type":"Feature","properties":{"id":"w226936254","type":"school","name":"Namuna Women School"},"geometry":{"type":"Point","coordinates":[85.30602,27.722145]}},{"type":"Feature","properties":{"id":"w226936305","type":"clinic","name":"Hardik Polyclinic"},"geometry":{"type":"Point","coordinates":[85.341221,27.66892]}},{"type":"Feature","properties":{"id":"w226936938","type":"school","name":"Grace Educational Foundation"},"geometry":{"type":"Point","coordinates":[85.31116,27.726499]}},{"type":"Feature","properties":{"id":"w226936939","type":"school","name":"Gyan Sarobar Global English School"},"geometry":{"type":"Point","coordinates":[85.305915,27.728795]}},{"type":"Feature","properties":{"id":"w226936940","type":"school","name":"Gyanmandir Secondary English School"},"geometry":{"type":"Point","coordinates":[85.296495,27.732002]}},{"type":"Feature","properties":{"id":"w226936942","type":"school","name":"Kids Learning School"},"geometry":{"type":"Point","coordinates":[85.30435,27.738847]}},{"type":"Feature","properties":{"id":"w226936944","type":"school","name":"Nava Indra Dhanus B H School"},"geometry":{"type":"Point","coordinates":[85.298978,27.732228]}},{"type":"Feature","properties":{"id":"w226936945","type":"school","name":"Shree Bal Kalyan Primary School"},"geometry":{"type":"Point","coordinates":[85.306576,27.729019]}},{"type":"Feature","properties":{"id":"w226936946","type":"school","name":"Swati Sadan Higher Secondary School"},"geometry":{"type":"Point","coordinates":[85.304493,27.736461]}},{"type":"Feature","properties":{"id":"w226936947","type":"school","name":"Tarun Secondary School"},"geometry":{"type":"Point","coordinates":[85.302842,27.738403]}},{"type":"Feature","properties":{"id":"w226937084","type":"school","name":"Rajan Memorial International School"},"geometry":{"type":"Point","coordinates":[85.303378,27.737477]}},{"type":"Feature","properties":{"id":"w226969445","type":"clinic","name":"Sipadol Janaswastha"},"geometry":{"type":"Point","coordinates":[85.433298,27.664288]}},{"type":"Feature","properties":{"id":"w226971573","type":"college","name":"New Summit College"},"geometry":{"type":"Point","coordinates":[85.339515,27.699017]}},{"type":"Feature","properties":{"id":"w226974433","type":"clinic","name":"Dental Temple"},"geometry":{"type":"Point","coordinates":[85.337842,27.699512]}},{"type":"Feature","properties":{"id":"w226974435","type":"hospital","name":"Venus International Hospital"},"geometry":{"type":"Point","coordinates":[85.337601,27.697237]}},{"type":"Feature","properties":{"id":"w226978803","type":"hospital","name":"Ayush Hospital"},"geometry":{"type":"Point","coordinates":[85.33588,27.686286]}},{"type":"Feature","properties":{"id":"w226978804","type":"clinic","name":"Gothatar JanaSwastha"},"geometry":{"type":"Point","coordinates":[85.369793,27.703241]}},{"type":"Feature","properties":{"id":"w226978805","type":"clinic","name":"New Pashupati Medical clinic"},"geometry":{"type":"Point","coordinates":[85.331782,27.681306]}},{"type":"Feature","properties":{"id":"w226978806","type":"clinic","name":"Shubham Polyclinic"},"geometry":{"type":"Point","coordinates":[85.335345,27.688047]}},{"type":"Feature","properties":{"id":"w226980000","type":"school","name":"Nepal Good Weave Foundation"},"geometry":{"type":"Point","coordinates":[85.375865,27.710385]}},{"type":"Feature","properties":{"id":"w226980001","type":"school","name":"Shramsil Vidyapeth"},"geometry":{"type":"Point","coordinates":[85.382001,27.709328]}},{"type":"Feature","properties":{"id":"w226981339","type":"clinic","name":"Kathmandu JanaSwastha"},"geometry":{"type":"Point","coordinates":[85.308427,27.704936]}},{"type":"Feature","properties":{"id":"w227085228","type":"hospital","name":"Human Development Community Service(HDCS)"},"geometry":{"type":"Point","coordinates":[85.299553,27.659052]}},{"type":"Feature","properties":{"id":"w227099243","type":"school","name":"Rising Rays Boarding School"},"geometry":{"type":"Point","coordinates":[85.324685,27.703039]}},{"type":"Feature","properties":{"id":"w227100156","type":"school","name":"Rayners high school"},"geometry":{"type":"Point","coordinates":[85.341306,27.691069]}},{"type":"Feature","properties":{"id":"w227102784","type":"school","name":"Canvas English Boarding School"},"geometry":{"type":"Point","coordinates":[85.331213,27.69475]}},{"type":"Feature","properties":{"id":"w227104165","type":"college","name":"Islington College"},"geometry":{"type":"Point","coordinates":[85.325347,27.707604]}},{"type":"Feature","properties":{"id":"w227104167","type":"college","name":"Administrative Block"},"geometry":{"type":"Point","coordinates":[85.325212,27.70767]}},{"type":"Feature","properties":{"id":"w227115386","type":"hospital","name":"Nobel Hospital"},"geometry":{"type":"Point","coordinates":[85.348202,27.698195]}},{"type":"Feature","properties":{"id":"w227122518","type":"college","name":"Nobel College"},"geometry":{"type":"Point","coordinates":[85.347289,27.697858]}},{"type":"Feature","properties":{"id":"w227266281","type":"school","name":"Ambassador Academy"},"geometry":{"type":"Point","coordinates":[85.376068,27.721484]}},{"type":"Feature","properties":{"id":"w227266290","type":"hospital","name":"Shankarapur Hospital"},"geometry":{"type":"Point","coordinates":[85.376564,27.721498]}},{"type":"Feature","properties":{"id":"w227266651","type":"school","name":"Shri Gyan Jyoti Women School"},"geometry":{"type":"Point","coordinates":[85.344118,27.713072]}},{"type":"Feature","properties":{"id":"w227267817","type":"school","name":"Brihaspati VidyaSadan"},"geometry":{"type":"Point","coordinates":[85.331459,27.714254]}},{"type":"Feature","properties":{"id":"w227276576","type":"school","name":"Buddha Jyoti Bal Udhan Lower Secondary School"},"geometry":{"type":"Point","coordinates":[85.308243,27.737321]}},{"type":"Feature","properties":{"id":"w227276577","type":"school","name":"Charles Darwin English Academy"},"geometry":{"type":"Point","coordinates":[85.310959,27.736548]}},{"type":"Feature","properties":{"id":"w227276578","type":"school","name":"Children Herald Academy"},"geometry":{"type":"Point","coordinates":[85.301692,27.747478]}},{"type":"Feature","properties":{"id":"w227276579","type":"school","name":"Creme Learning Ambiance School"},"geometry":{"type":"Point","coordinates":[85.300778,27.745117]}},{"type":"Feature","properties":{"id":"w227276580","type":"school","name":"Deepjyoti Boarding School"},"geometry":{"type":"Point","coordinates":[85.309635,27.737802]}},{"type":"Feature","properties":{"id":"w227276581","type":"school","name":"Divya Kanti High School"},"geometry":{"type":"Point","coordinates":[85.311991,27.737078]}},{"type":"Feature","properties":{"id":"w227276583","type":"school","name":"Good Start Academy"},"geometry":{"type":"Point","coordinates":[85.310012,27.735901]}},{"type":"Feature","properties":{"id":"w227276584","type":"school","name":"Prominent Kids School"},"geometry":{"type":"Point","coordinates":[85.302143,27.742894]}},{"type":"Feature","properties":{"id":"w227276585","type":"school","name":"Kamana HS School"},"geometry":{"type":"Point","coordinates":[85.313388,27.739413]}},{"type":"Feature","properties":{"id":"w227276586","type":"school","name":"Kantipur English Academy School"},"geometry":{"type":"Point","coordinates":[85.311842,27.735498]}},{"type":"Feature","properties":{"id":"w227276587","type":"school","name":"Kaushal English Secondary School"},"geometry":{"type":"Point","coordinates":[85.303381,27.7567]}},{"type":"Feature","properties":{"id":"w227276588","type":"school","name":"Kaushal English Secondary School"},"geometry":{"type":"Point","coordinates":[85.302232,27.755322]}},{"type":"Feature","properties":{"id":"w227276589","type":"school","name":"Mt. Larke Secondary School"},"geometry":{"type":"Point","coordinates":[85.311723,27.739269]}},{"type":"Feature","properties":{"id":"w227276592","type":"clinic","name":"Shesmati Polyclinic and Diagonostic Centre"},"geometry":{"type":"Point","coordinates":[85.301499,27.742874]}},{"type":"Feature","properties":{"id":"w227276593","type":"school","name":"Shree Yantra English Academy"},"geometry":{"type":"Point","coordinates":[85.302684,27.750625]}},{"type":"Feature","properties":{"id":"w227276594","type":"school","name":"Siddhartha Model Secondary School"},"geometry":{"type":"Point","coordinates":[85.30154,27.746883]}},{"type":"Feature","properties":{"id":"w227276595","type":"school","name":"Sunflower Academy"},"geometry":{"type":"Point","coordinates":[85.300011,27.751005]}},{"type":"Feature","properties":{"id":"w227300984","type":"school","name":"Nil barahi Higher Secondary School"},"geometry":{"type":"Point","coordinates":[85.301699,27.700417]}},{"type":"Feature","properties":{"id":"w227477705","type":"school","name":"Mitra Primary School"},"geometry":{"type":"Point","coordinates":[85.323647,27.680631]}},{"type":"Feature","properties":{"id":"w227477707","type":"school","name":"Stepping Stone International Pre School"},"geometry":{"type":"Point","coordinates":[85.322167,27.680041]}},{"type":"Feature","properties":{"id":"w227477999","type":"school","name":"Eden Garden Secondary School"},"geometry":{"type":"Point","coordinates":[85.322856,27.678942]}},{"type":"Feature","properties":{"id":"w227479606","type":"school","name":"Buddhi Sarad English School"},"geometry":{"type":"Point","coordinates":[85.319043,27.675686]}},{"type":"Feature","properties":{"id":"w227480790","type":"school","name":"New Sumina Secondary School"},"geometry":{"type":"Point","coordinates":[85.323356,27.677364]}},{"type":"Feature","properties":{"id":"w227752903","type":"school","name":"Punarbal Sikshya Sadan"},"geometry":{"type":"Point","coordinates":[85.284259,27.709382]}},{"type":"Feature","properties":{"id":"w227767847","type":"school","name":"AIMS International Academy"},"geometry":{"type":"Point","coordinates":[85.345317,27.678882]}},{"type":"Feature","properties":{"id":"w227767849","type":"college","name":"Kanjirowa College"},"geometry":{"type":"Point","coordinates":[85.343319,27.673424]}},{"type":"Feature","properties":{"id":"w227767851","type":"school","name":"Kanjirowa National School"},"geometry":{"type":"Point","coordinates":[85.343589,27.673727]}},{"type":"Feature","properties":{"id":"w227892268","type":"school","name":"Namgyal School"},"geometry":{"type":"Point","coordinates":[85.281694,27.723849]}},{"type":"Feature","properties":{"id":"w227893818","type":"hospital","name":"B & B Hospital"},"geometry":{"type":"Point","coordinates":[85.329444,27.665053]}},{"type":"Feature","properties":{"id":"w227893819","type":"hospital","name":"Global Hospital"},"geometry":{"type":"Point","coordinates":[85.333001,27.666586]}},{"type":"Feature","properties":{"id":"w227894335","type":"school","name":"Shri Antalingeshwari primary school"},"geometry":{"type":"Point","coordinates":[85.406346,27.641746]}},{"type":"Feature","properties":{"id":"w227894438","type":"school","name":"Saraswati Lower secondary school"},"geometry":{"type":"Point","coordinates":[85.438468,27.625226]}},{"type":"Feature","properties":{"id":"w227894763","type":"hospital","name":"BP Eye Foundation, Children's Hospital for Eye, ENT and Rehabilitation Services (CHEERS)"},"geometry":{"type":"Point","coordinates":[85.353553,27.670663]}},{"type":"Feature","properties":{"id":"w227894765","type":"school","name":"Onyx School"},"geometry":{"type":"Point","coordinates":[85.354024,27.677192]}},{"type":"Feature","properties":{"id":"w227924714","type":"school","name":"Shree Daxin Mahakali Primary School"},"geometry":{"type":"Point","coordinates":[85.239457,27.619044]}},{"type":"Feature","properties":{"id":"w227926201","type":"school","name":"Shree Ghyampa Devi Lower Secondary School"},"geometry":{"type":"Point","coordinates":[85.272189,27.583794]}},{"type":"Feature","properties":{"id":"w227933077","type":"school","name":"Shree Indra Primary School"},"geometry":{"type":"Point","coordinates":[85.23443,27.721961]}},{"type":"Feature","properties":{"id":"w227939182","type":"hospital","name":"Shanti Sewa Griha"},"geometry":{"type":"Point","coordinates":[85.350887,27.704607]}},{"type":"Feature","properties":{"id":"w227939763","type":"school","name":"Winsome English Secondary School"},"geometry":{"type":"Point","coordinates":[85.381666,27.716595]}},{"type":"Feature","properties":{"id":"w228171838","type":"school","name":"Bhimdhunga Lower Secondary School"},"geometry":{"type":"Point","coordinates":[85.223459,27.733746]}},{"type":"Feature","properties":{"id":"w228191374","type":"school","name":"Goldhunga Orchid Academy"},"geometry":{"type":"Point","coordinates":[85.296512,27.745921]}},{"type":"Feature","properties":{"id":"w228194659","type":"school","name":"Laligurans"},"geometry":{"type":"Point","coordinates":[85.295057,27.74648]}},{"type":"Feature","properties":{"id":"w228195402","type":"school","name":"Sacred Heart School"},"geometry":{"type":"Point","coordinates":[85.299685,27.743185]}},{"type":"Feature","properties":{"id":"w228197368","type":"school","name":"Gram Sewa Higher Secondary School and College"},"geometry":{"type":"Point","coordinates":[85.300501,27.765377]}},{"type":"Feature","properties":{"id":"w228336934","type":"school","name":"Dharma Vidyashram"},"geometry":{"type":"Point","coordinates":[85.294938,27.765833]}},{"type":"Feature","properties":{"id":"w228336935","type":"school","name":"Guiness Secondary School"},"geometry":{"type":"Point","coordinates":[85.295733,27.769153]}},{"type":"Feature","properties":{"id":"w228349760","type":"school","name":"Mega International School"},"geometry":{"type":"Point","coordinates":[85.303275,27.74875]}},{"type":"Feature","properties":{"id":"w228482559","type":"school","name":"Shree Baghdwar Primary School"},"geometry":{"type":"Point","coordinates":[85.429154,27.772733]}},{"type":"Feature","properties":{"id":"w228483123","type":"school","name":"Shree Bhimdev Primary School"},"geometry":{"type":"Point","coordinates":[85.402381,27.76196]}},{"type":"Feature","properties":{"id":"w228483628","type":"school","name":"Shree Tarevir Primary School"},"geometry":{"type":"Point","coordinates":[85.392227,27.773732]}},{"type":"Feature","properties":{"id":"w228484986","type":"school","name":"Galaxy Public School"},"geometry":{"type":"Point","coordinates":[85.33101,27.70754]}},{"type":"Feature","properties":{"id":"w228497416","type":"school","name":"Shine Model School"},"geometry":{"type":"Point","coordinates":[85.283672,27.711133]}},{"type":"Feature","properties":{"id":"w228646745","type":"school","name":"Prerana Mahila Secondary School"},"geometry":{"type":"Point","coordinates":[85.324191,27.65908]}},{"type":"Feature","properties":{"id":"w228648043","type":"school","name":"Future Star High School"},"geometry":{"type":"Point","coordinates":[85.314942,27.672712]}},{"type":"Feature","properties":{"id":"w228661942","type":"school","name":"Jana Bikash Ucchha Secondary School"},"geometry":{"type":"Point","coordinates":[85.298091,27.682591]}},{"type":"Feature","properties":{"id":"w228661943","type":"school","name":"Paradise School"},"geometry":{"type":"Point","coordinates":[85.303469,27.687577]}},{"type":"Feature","properties":{"id":"w228661944","type":"school","name":"Paribodh Boarding School"},"geometry":{"type":"Point","coordinates":[85.300422,27.678558]}},{"type":"Feature","properties":{"id":"w228661953","type":"school","name":"West Kids Montessori"},"geometry":{"type":"Point","coordinates":[85.297958,27.682333]}},{"type":"Feature","properties":{"id":"w229032302","type":"school","name":"Chitra Kumari Primary School"},"geometry":{"type":"Point","coordinates":[85.298834,27.591043]}},{"type":"Feature","properties":{"id":"w229032304","type":"school","name":"Ganesh Secondary School"},"geometry":{"type":"Point","coordinates":[85.288868,27.590001]}},{"type":"Feature","properties":{"id":"w229032886","type":"school","name":"Chandidevi Primary School"},"geometry":{"type":"Point","coordinates":[85.29119,27.591784]}},{"type":"Feature","properties":{"id":"w229033095","type":"school","name":"Chotidada Primary School"},"geometry":{"type":"Point","coordinates":[85.284166,27.575837]}},{"type":"Feature","properties":{"id":"w229033984","type":"school","name":"Bal Kumari Ni. Ma. Vi."},"geometry":{"type":"Point","coordinates":[85.248379,27.556567]}},{"type":"Feature","properties":{"id":"w229033985","type":"school","name":"Dudeshori Durga Pra. Vi."},"geometry":{"type":"Point","coordinates":[85.278866,27.559027]}},{"type":"Feature","properties":{"id":"w229033986","type":"school","name":"Ghusel Secondary School"},"geometry":{"type":"Point","coordinates":[85.259807,27.554434]}},{"type":"Feature","properties":{"id":"w229033987","type":"school","name":"Okhor Bhanjyang Primary School"},"geometry":{"type":"Point","coordinates":[85.270847,27.551291]}},{"type":"Feature","properties":{"id":"w229034546","type":"school","name":"Jwala Devi Primary School"},"geometry":{"type":"Point","coordinates":[85.274512,27.565972]}},{"type":"Feature","properties":{"id":"w229034547","type":"school","name":"Mahankal Primary School"},"geometry":{"type":"Point","coordinates":[85.256271,27.548503]}},{"type":"Feature","properties":{"id":"w229035203","type":"school","name":"Bashuki School"},"geometry":{"type":"Point","coordinates":[85.410881,27.616273]}},{"type":"Feature","properties":{"id":"w229035204","type":"school","name":"Kali Devi Secondary School"},"geometry":{"type":"Point","coordinates":[85.421257,27.606431]}},{"type":"Feature","properties":{"id":"w229035205","type":"school","name":"Shri Tulasa Devi Primary School"},"geometry":{"type":"Point","coordinates":[85.377002,27.62167]}},{"type":"Feature","properties":{"id":"w229035429","type":"school","name":"Shri Chapakharka Primary School"},"geometry":{"type":"Point","coordinates":[85.40251,27.601556]}},{"type":"Feature","properties":{"id":"w229128707","type":"hospital","name":"People's Dental College & Hospital"},"geometry":{"type":"Point","coordinates":[85.306603,27.724457]}},{"type":"Feature","properties":{"id":"w229129612","type":"hospital","name":"Metro Radiology and Imaging"},"geometry":{"type":"Point","coordinates":[85.326096,27.715387]}},{"type":"Feature","properties":{"id":"w229132274","type":"school","name":"KMC School"},"geometry":{"type":"Point","coordinates":[85.333098,27.685004]}},{"type":"Feature","properties":{"id":"w229132277","type":"school","name":"Kuleshwar Awas Secondary School"},"geometry":{"type":"Point","coordinates":[85.293121,27.690744]}},{"type":"Feature","properties":{"id":"w229134564","type":"school","name":"AVM High School"},"geometry":{"type":"Point","coordinates":[85.315377,27.667498]}},{"type":"Feature","properties":{"id":"w229143708","type":"school","name":"Rastriya Bal Sikshya"},"geometry":{"type":"Point","coordinates":[85.300587,27.709964]}},{"type":"Feature","properties":{"id":"w229144315","type":"school","name":"Educational Environment"},"geometry":{"type":"Point","coordinates":[85.301031,27.713006]}},{"type":"Feature","properties":{"id":"w229145791","type":"school","name":"Mamta Rani Vidyalaya"},"geometry":{"type":"Point","coordinates":[85.306211,27.672807]}},{"type":"Feature","properties":{"id":"w229145792","type":"school","name":"New Life Secondary School"},"geometry":{"type":"Point","coordinates":[85.320143,27.651175]}},{"type":"Feature","properties":{"id":"w229260887","type":"school","name":"Khagendra New Life Special Education Secondary School"},"geometry":{"type":"Point","coordinates":[85.381103,27.720873]}},{"type":"Feature","properties":{"id":"w229261891","type":"school","name":"Young Hearts Boarding High School"},"geometry":{"type":"Point","coordinates":[85.382513,27.726256]}},{"type":"Feature","properties":{"id":"w229262874","type":"school","name":"Golden Rays Academic Foundation"},"geometry":{"type":"Point","coordinates":[85.28056,27.684022]}},{"type":"Feature","properties":{"id":"w229262875","type":"school","name":"Honour International School"},"geometry":{"type":"Point","coordinates":[85.280333,27.686114]}},{"type":"Feature","properties":{"id":"w229277121","type":"college","name":"Kathmandu School of Law"},"geometry":{"type":"Point","coordinates":[85.38563,27.664535]}},{"type":"Feature","properties":{"id":"w229959119","type":"school","name":"Gyandip Boarding School"},"geometry":{"type":"Point","coordinates":[85.304146,27.688408]}},{"type":"Feature","properties":{"id":"w229959120","type":"college","name":"Nepal Engineering College (PU)"},"geometry":{"type":"Point","coordinates":[85.296824,27.680056]}},{"type":"Feature","properties":{"id":"w229959122","type":"school","name":"United Academy"},"geometry":{"type":"Point","coordinates":[85.326962,27.658858]}},{"type":"Feature","properties":{"id":"w230423018","type":"college","name":"Himalaya College"},"geometry":{"type":"Point","coordinates":[85.346382,27.679017]}},{"type":"Feature","properties":{"id":"w231047941","type":"school","name":"Shree Bal Uddhar Secondary School"},"geometry":{"type":"Point","coordinates":[85.444979,27.762573]}},{"type":"Feature","properties":{"id":"w231048032","type":"school","name":"Shree Ugratara Lower Secondary School"},"geometry":{"type":"Point","coordinates":[85.465048,27.746519]}},{"type":"Feature","properties":{"id":"w231048900","type":"school","name":"Shree Bandevi Lower Sec. School"},"geometry":{"type":"Point","coordinates":[85.469328,27.765158]}},{"type":"Feature","properties":{"id":"w231049689","type":"hospital","name":"College of Dental Science and Hospital"},"geometry":{"type":"Point","coordinates":[85.380271,27.733814]}},{"type":"Feature","properties":{"id":"w231049690","type":"college","name":"NMC white hostel"},"geometry":{"type":"Point","coordinates":[85.379554,27.734529]}},{"type":"Feature","properties":{"id":"w231628208","type":"hospital","name":"Life Care Hospital"},"geometry":{"type":"Point","coordinates":[85.310455,27.699468]}},{"type":"Feature","properties":{"id":"w231629043","type":"clinic","name":"Anmol Medical Center"},"geometry":{"type":"Point","coordinates":[85.3125,27.706165]}},{"type":"Feature","properties":{"id":"w231630359","type":"hospital","name":"Capital Hospital"},"geometry":{"type":"Point","coordinates":[85.321744,27.702799]}},{"type":"Feature","properties":{"id":"w231658974","type":"school","name":"Sramik Bal Bigyan Lower Secondary Community School"},"geometry":{"type":"Point","coordinates":[85.314263,27.676731]}},{"type":"Feature","properties":{"id":"w231835213","type":"college","name":"Amrit Science Campus"},"geometry":{"type":"Point","coordinates":[85.312787,27.717628]}},{"type":"Feature","properties":{"id":"w231908596","type":"school"},"geometry":{"type":"Point","coordinates":[85.307563,27.688409]}},{"type":"Feature","properties":{"id":"w231979172","type":"clinic","name":"DI Skin Hospital and Research Center"},"geometry":{"type":"Point","coordinates":[85.333093,27.736601]}},{"type":"Feature","properties":{"id":"w231980375","type":"school","name":"Little Angel's School"},"geometry":{"type":"Point","coordinates":[85.335913,27.651439]}},{"type":"Feature","properties":{"id":"w233337755","type":"school","name":"Chitlang Ma Vi"},"geometry":{"type":"Point","coordinates":[85.174412,27.656487]}},{"type":"Feature","properties":{"id":"w233475933","type":"school","name":"Baby Palace Montessori"},"geometry":{"type":"Point","coordinates":[85.366657,27.675714]}},{"type":"Feature","properties":{"id":"w234529968","type":"college","name":"Samridhi College"},"geometry":{"type":"Point","coordinates":[85.360915,27.67629]}},{"type":"Feature","properties":{"id":"w234532032","type":"community_centre","name":"shiva yog sadhana kendra newa"},"geometry":{"type":"Point","coordinates":[85.375825,27.680163]}},{"type":"Feature","properties":{"id":"w234976749","type":"college","name":"Jana Adarsha Campus"},"geometry":{"type":"Point","coordinates":[85.385378,27.674892]}},{"type":"Feature","properties":{"id":"w237203333","type":"school","name":"Learnhub Primary School"},"geometry":{"type":"Point","coordinates":[85.339106,27.719596]}},{"type":"Feature","properties":{"id":"w237652528","type":"school","name":"kids heaven kindergarden school"},"geometry":{"type":"Point","coordinates":[85.362593,27.713421]}},{"type":"Feature","properties":{"id":"w237678350","type":"college","name":"Herald College"},"geometry":{"type":"Point","coordinates":[85.338863,27.718858]}},{"type":"Feature","properties":{"id":"w238430767","type":"college","name":"IIMS college"},"geometry":{"type":"Point","coordinates":[85.323741,27.708666]}},{"type":"Feature","properties":{"id":"w238432978","type":"college","name":"Model Institute of Technology"},"geometry":{"type":"Point","coordinates":[85.321421,27.708182]}},{"type":"Feature","properties":{"id":"w239977016","type":"hospital","name":"Nepal Bharat Maitri Hospital"},"geometry":{"type":"Point","coordinates":[85.345595,27.71155]}},{"type":"Feature","properties":{"id":"w240183554","type":"college","name":"Brooklfield College"},"geometry":{"type":"Point","coordinates":[85.349472,27.697268]}},{"type":"Feature","properties":{"id":"w240358404","type":"hospital","name":"Swatha Parichyan"},"geometry":{"type":"Point","coordinates":[85.324962,27.706041]}},{"type":"Feature","properties":{"id":"w243644616","type":"school","name":"Pennwood School"},"geometry":{"type":"Point","coordinates":[85.333471,27.713359]}},{"type":"Feature","properties":{"id":"w244353808","type":"school","name":"Bhadrakali English Medium School"},"geometry":{"type":"Point","coordinates":[85.347727,27.758064]}},{"type":"Feature","properties":{"id":"w244356596","type":"school","name":"excelsior school"},"geometry":{"type":"Point","coordinates":[85.285426,27.717394]}},{"type":"Feature","properties":{"id":"w244357150","type":"school","name":"Pushpa Guchha School"},"geometry":{"type":"Point","coordinates":[85.310922,27.648805]}},{"type":"Feature","properties":{"id":"w244966631","type":"hospital","name":"Kirtipur Burn Hospital"},"geometry":{"type":"Point","coordinates":[85.273236,27.681745]}},{"type":"Feature","properties":{"id":"w245012176","type":"police","name":"Traffic Police Office"},"geometry":{"type":"Point","coordinates":[85.326517,27.661108]}},{"type":"Feature","properties":{"id":"w245265728","type":"hospital","name":"Nutrition Rehabilitation Home (NRH)"},"geometry":{"type":"Point","coordinates":[85.31545,27.635348]}},{"type":"Feature","properties":{"id":"w248001884","type":"shelter"},"geometry":{"type":"Point","coordinates":[85.335687,27.717913]}},{"type":"Feature","properties":{"id":"w250875512","type":"university","name":"School of Arts, Kathmandu University"},"geometry":{"type":"Point","coordinates":[85.334776,27.64743]}},{"type":"Feature","properties":{"id":"w252419779","type":"school","name":"Essel World Montessori"},"geometry":{"type":"Point","coordinates":[85.329709,27.647894]}},{"type":"Feature","properties":{"id":"w255889219","type":"college","name":"Kathmandu Model Hospital School of Nursing"},"geometry":{"type":"Point","coordinates":[85.287687,27.71522]}},{"type":"Feature","properties":{"id":"w261370147","type":"college","name":"Institute of Crisis Management Studies"},"geometry":{"type":"Point","coordinates":[85.342005,27.727385]}},{"type":"Feature","properties":{"id":"w261480051","type":"police","name":"Metropolitan Police Circle, Gaushala"},"geometry":{"type":"Point","coordinates":[85.34426,27.707626]}},{"type":"Feature","properties":{"id":"w262821660","type":"hospital","name":"Arayoga Hospital"},"geometry":{"type":"Point","coordinates":[85.311776,27.673599]}},{"type":"Feature","properties":{"id":"w267021194","type":"college","name":"Anmol Institute of Medical Sciences"},"geometry":{"type":"Point","coordinates":[85.303984,27.717701]}},{"type":"Feature","properties":{"id":"w267237192","type":"college","name":"National College of Computer Studies (NCCS)"},"geometry":{"type":"Point","coordinates":[85.308846,27.714786]}},{"type":"Feature","properties":{"id":"w271389781","type":"school","name":"Rose Bud School"},"geometry":{"type":"Point","coordinates":[85.325293,27.687251]}},{"type":"Feature","properties":{"id":"w272514859","type":"school","name":"Brahmasmi Academy, Think Tank Foundation"},"geometry":{"type":"Point","coordinates":[85.382896,27.729126]}},{"type":"Feature","properties":{"id":"w297861510","type":"college","name":"Bir Aspatal Nursing Campus"},"geometry":{"type":"Point","coordinates":[85.34405,27.706635]}},{"type":"Feature","properties":{"id":"w300634292","type":"school","name":"Durbar High School"},"geometry":{"type":"Point","coordinates":[85.31397,27.707785]}},{"type":"Feature","properties":{"id":"w301884716","type":"hospital","name":"National Ayurvedic Research and Training Center"},"geometry":{"type":"Point","coordinates":[85.28801,27.676716]}},{"type":"Feature","properties":{"id":"w302696153","type":"hospital","name":"KIST hospital"},"geometry":{"type":"Point","coordinates":[85.334152,27.662171]}},{"type":"Feature","properties":{"id":"w302986560","type":"college","name":"Himalaya College of Engineering"},"geometry":{"type":"Point","coordinates":[85.332763,27.677213]}},{"type":"Feature","properties":{"id":"w304787035","type":"college","name":"Cosmos College Of Management And Technology (Block A)"},"geometry":{"type":"Point","coordinates":[85.320856,27.655526]}},{"type":"Feature","properties":{"id":"w304787036","type":"college","name":"Cosmos College Of Management And Technology (Block B)"},"geometry":{"type":"Point","coordinates":[85.320348,27.655166]}},{"type":"Feature","properties":{"id":"w304787037","type":"college","name":"Cosmos College Of Management And Technology (Block C)"},"geometry":{"type":"Point","coordinates":[85.320629,27.652365]}},{"type":"Feature","properties":{"id":"w305050136","type":"hospital","name":"UNIVERSAL COLLEGE OF MEDICAL SCIENCES & UCMS COLLEGE OF DENTAL SURGERY"},"geometry":{"type":"Point","coordinates":[85.317981,27.706704]}},{"type":"Feature","properties":{"id":"w315259600","type":"police","name":"Tinkune police station"},"geometry":{"type":"Point","coordinates":[85.344182,27.685902]}},{"type":"Feature","properties":{"id":"w317137946","type":"police","name":"Prahari Prabhag, Lubhoo"},"geometry":{"type":"Point","coordinates":[85.37734,27.64167]}},{"type":"Feature","properties":{"id":"w317765444","type":"community_centre","name":"Panga Party Venue"},"geometry":{"type":"Point","coordinates":[85.279384,27.670867]}},{"type":"Feature","properties":{"id":"w317769803","type":"community_centre","name":"Bagh Bhairab Party Palace"},"geometry":{"type":"Point","coordinates":[85.274112,27.6734]}},{"type":"Feature","properties":{"id":"w320388951","type":"school","name":"Mt. Marigold School"},"geometry":{"type":"Point","coordinates":[85.280926,27.672021]}},{"type":"Feature","properties":{"id":"w322192577","type":"community_centre","name":"Nepal Bhasha Academy"},"geometry":{"type":"Point","coordinates":[85.274532,27.68253]}},{"type":"Feature","properties":{"id":"w323987245","type":"community_centre","name":"Gache Guthi"},"geometry":{"type":"Point","coordinates":[85.274522,27.680608]}},{"type":"Feature","properties":{"id":"w323987246","type":"community_centre","name":"Kwa Keba"},"geometry":{"type":"Point","coordinates":[85.27801,27.677527]}},{"type":"Feature","properties":{"id":"w323987247","type":"community_centre","name":"Kwa Keba Community Building"},"geometry":{"type":"Point","coordinates":[85.278016,27.677557]}},{"type":"Feature","properties":{"id":"w323987253","type":"shelter"},"geometry":{"type":"Point","coordinates":[85.278606,27.67738]}},{"type":"Feature","properties":{"id":"w323992743","type":"shelter"},"geometry":{"type":"Point","coordinates":[85.274525,27.679205]}},{"type":"Feature","properties":{"id":"w323992746","type":"shelter"},"geometry":{"type":"Point","coordinates":[85.27719,27.678145]}},{"type":"Feature","properties":{"id":"w323992747","type":"shelter"},"geometry":{"type":"Point","coordinates":[85.277254,27.678035]}},{"type":"Feature","properties":{"id":"w323994401","type":"shelter"},"geometry":{"type":"Point","coordinates":[85.278113,27.678365]}},{"type":"Feature","properties":{"id":"w324198233","type":"shelter"},"geometry":{"type":"Point","coordinates":[85.274402,27.680209]}},{"type":"Feature","properties":{"id":"w324198999","type":"shelter"},"geometry":{"type":"Point","coordinates":[85.273577,27.679715]}},{"type":"Feature","properties":{"id":"w324485176","type":"shelter"},"geometry":{"type":"Point","coordinates":[85.277058,27.678748]}},{"type":"Feature","properties":{"id":"w324499575","type":"shelter"},"geometry":{"type":"Point","coordinates":[85.276378,27.678643]}},{"type":"Feature","properties":{"id":"w324501642","type":"shelter"},"geometry":{"type":"Point","coordinates":[85.276335,27.679234]}},{"type":"Feature","properties":{"id":"w324502274","type":"shelter"},"geometry":{"type":"Point","coordinates":[85.2764,27.67921]}},{"type":"Feature","properties":{"id":"w324511673","type":"shelter","name":"Bhajan Mandal"},"geometry":{"type":"Point","coordinates":[85.276465,27.67919]}},{"type":"Feature","properties":{"id":"w324759081","type":"shelter"},"geometry":{"type":"Point","coordinates":[85.27532,27.679265]}},{"type":"Feature","properties":{"id":"w324761485","type":"community_centre","name":"Bal Bikash Kendra"},"geometry":{"type":"Point","coordinates":[85.275489,27.679423]}},{"type":"Feature","properties":{"id":"w324764001","type":"community_centre"},"geometry":{"type":"Point","coordinates":[85.275482,27.679411]}},{"type":"Feature","properties":{"id":"w324770117","type":"shelter"},"geometry":{"type":"Point","coordinates":[85.274981,27.679862]}},{"type":"Feature","properties":{"id":"w324770614","type":"shelter"},"geometry":{"type":"Point","coordinates":[85.275032,27.679812]}},{"type":"Feature","properties":{"id":"w325193975","type":"clinic"},"geometry":{"type":"Point","coordinates":[85.3784,27.642023]}},{"type":"Feature","properties":{"id":"w326870562","type":"community_centre","name":"Krishna Catering"},"geometry":{"type":"Point","coordinates":[85.280599,27.67416]}},{"type":"Feature","properties":{"id":"w326871814","type":"university"},"geometry":{"type":"Point","coordinates":[85.284722,27.674774]}},{"type":"Feature","properties":{"id":"w327555307","type":"shelter"},"geometry":{"type":"Point","coordinates":[85.277071,27.67573]}},{"type":"Feature","properties":{"id":"w328581949","type":"police","name":"mangalbazar police station"},"geometry":{"type":"Point","coordinates":[85.325054,27.672337]}},{"type":"Feature","properties":{"id":"w328701969","type":"university","name":"Tribhuvan University"},"geometry":{"type":"Point","coordinates":[85.289628,27.681225]}},{"type":"Feature","properties":{"id":"w329762122","type":"college","name":"KIST Medical College"},"geometry":{"type":"Point","coordinates":[85.333863,27.664827]}},{"type":"Feature","properties":{"id":"w329832785","type":"school","name":"IBMS College"},"geometry":{"type":"Point","coordinates":[85.326111,27.679296]}},{"type":"Feature","properties":{"id":"w331352275","type":"community_centre"},"geometry":{"type":"Point","coordinates":[85.275289,27.677994]}},{"type":"Feature","properties":{"id":"w331353651","type":"police","name":"Kirtipur Police office"},"geometry":{"type":"Point","coordinates":[85.274956,27.677731]}},{"type":"Feature","properties":{"id":"w331353684","type":"community_centre","name":"Khasi Bazar Tole Sudhar Samity"},"geometry":{"type":"Point","coordinates":[85.274879,27.677715]}},{"type":"Feature","properties":{"id":"w331356829","type":"community_centre"},"geometry":{"type":"Point","coordinates":[85.273809,27.678079]}},{"type":"Feature","properties":{"id":"w331357986","type":"shelter","name":"Man-dah-phal-cha"},"geometry":{"type":"Point","coordinates":[85.273197,27.678556]}},{"type":"Feature","properties":{"id":"w332507229","type":"college","name":"Shahid Smarak College"},"geometry":{"type":"Point","coordinates":[85.281197,27.677773]}},{"type":"Feature","properties":{"id":"w333286482","type":"shelter"},"geometry":{"type":"Point","coordinates":[85.277833,27.670149]}},{"type":"Feature","properties":{"id":"w333420288","type":"shelter"},"geometry":{"type":"Point","coordinates":[85.279937,27.670512]}},{"type":"Feature","properties":{"id":"w333963239","type":"shelter"},"geometry":{"type":"Point","coordinates":[85.276542,27.673241]}},{"type":"Feature","properties":{"id":"w334271590","type":"school","name":"Gyankunj College"},"geometry":{"type":"Point","coordinates":[85.290715,27.693773]}},{"type":"Feature","properties":{"id":"w335851777","type":"shelter"},"geometry":{"type":"Point","coordinates":[85.277028,27.676016]}},{"type":"Feature","properties":{"id":"w335976599","type":"school","name":"Bhaktapur English School"},"geometry":{"type":"Point","coordinates":[85.375412,27.67977]}},{"type":"Feature","properties":{"id":"w335976600","type":"school","name":"Covenant Academy"},"geometry":{"type":"Point","coordinates":[85.310416,27.663842]}},{"type":"Feature","properties":{"id":"w335976604","type":"school","name":"Macchapuchre International School"},"geometry":{"type":"Point","coordinates":[85.315433,27.66318]}},{"type":"Feature","properties":{"id":"w335976605","type":"school","name":"Macchapuchre International School"},"geometry":{"type":"Point","coordinates":[85.314916,27.663038]}},{"type":"Feature","properties":{"id":"w335976606","type":"college","name":"Morgan Academy"},"geometry":{"type":"Point","coordinates":[85.319085,27.670362]}},{"type":"Feature","properties":{"id":"w335976607","type":"school","name":"Om Gyan Mandir School"},"geometry":{"type":"Point","coordinates":[85.359599,27.675491]}},{"type":"Feature","properties":{"id":"w335976608","type":"college","name":"Omega International College"},"geometry":{"type":"Point","coordinates":[85.319417,27.670173]}},{"type":"Feature","properties":{"id":"w335976609","type":"college","name":"Omega International College"},"geometry":{"type":"Point","coordinates":[85.318989,27.669022]}},{"type":"Feature","properties":{"id":"w335976610","type":"school","name":"Path Pradarshak School"},"geometry":{"type":"Point","coordinates":[85.349295,27.586948]}},{"type":"Feature","properties":{"id":"w335976611","type":"school","name":"Pragya English Secondary School"},"geometry":{"type":"Point","coordinates":[85.412846,27.689179]}},{"type":"Feature","properties":{"id":"w335976612","type":"school","name":"Prerana Vidyashram"},"geometry":{"type":"Point","coordinates":[85.343995,27.633502]}},{"type":"Feature","properties":{"id":"w338252797","type":"shelter"},"geometry":{"type":"Point","coordinates":[85.275302,27.678148]}},{"type":"Feature","properties":{"id":"w339097969","type":"shelter"},"geometry":{"type":"Point","coordinates":[85.273287,27.680117]}},{"type":"Feature","properties":{"id":"w340547845","type":"school","name":"Purple Home International Pre-School"},"geometry":{"type":"Point","coordinates":[85.339616,27.703524]}},{"type":"Feature","properties":{"id":"w340661586","type":"clinic","name":"Samyak Diagnostic Private Limited"},"geometry":{"type":"Point","coordinates":[85.337862,27.697977]}},{"type":"Feature","properties":{"id":"w340714195","type":"school"},"geometry":{"type":"Point","coordinates":[85.367562,27.722465]}},{"type":"Feature","properties":{"id":"w340721582","type":"school","name":"International Buddhist Academy"},"geometry":{"type":"Point","coordinates":[85.369945,27.728972]}},{"type":"Feature","properties":{"id":"w341029033","type":"school","name":"Elite Grand School"},"geometry":{"type":"Point","coordinates":[85.351778,27.720835]}},{"type":"Feature","properties":{"id":"w341032125","type":"college","name":"lumbini academy college"},"geometry":{"type":"Point","coordinates":[85.349577,27.719364]}},{"type":"Feature","properties":{"id":"w341248425","type":"school","name":"Holy Temple English School"},"geometry":{"type":"Point","coordinates":[85.308306,27.605924]}},{"type":"Feature","properties":{"id":"w341359468","type":"school","name":"Shree Chandra Basic School"},"geometry":{"type":"Point","coordinates":[85.156486,27.613795]}},{"type":"Feature","properties":{"id":"w341423460","type":"school","name":"saraswati lower secondary school"},"geometry":{"type":"Point","coordinates":[85.315801,27.56573]}},{"type":"Feature","properties":{"id":"w341463076","type":"school","name":"jwala devi aadharbhut school"},"geometry":{"type":"Point","coordinates":[85.258668,27.565251]}},{"type":"Feature","properties":{"id":"w341520960","type":"clinic","name":"Samjhana Laboratory clinic"},"geometry":{"type":"Point","coordinates":[85.373597,27.674408]}},{"type":"Feature","properties":{"id":"w341532571","type":"hospital","name":"Motherland Hospital"},"geometry":{"type":"Point","coordinates":[85.359916,27.689326]}},{"type":"Feature","properties":{"id":"w341552756","type":"school","name":"Sherpa Developers"},"geometry":{"type":"Point","coordinates":[85.35852,27.726079]}},{"type":"Feature","properties":{"id":"w341610159","type":"hospital"},"geometry":{"type":"Point","coordinates":[85.331536,27.592048]}},{"type":"Feature","properties":{"id":"w341778708","type":"school","name":"BM"},"geometry":{"type":"Point","coordinates":[85.33391,27.585607]}},{"type":"Feature","properties":{"id":"w341800380","type":"school","name":"bodhi batika montessori based pre school"},"geometry":{"type":"Point","coordinates":[85.34345,27.706354]}},{"type":"Feature","properties":{"id":"w341883346","type":"college","name":"CA Academy Of Commerce"},"geometry":{"type":"Point","coordinates":[85.321815,27.700523]}},{"type":"Feature","properties":{"id":"w341891835","type":"school","name":"maneshowori school"},"geometry":{"type":"Point","coordinates":[85.32005,27.574401]}},{"type":"Feature","properties":{"id":"w341902579","type":"school","name":"Chanakya Montessori School"},"geometry":{"type":"Point","coordinates":[85.38254,27.672576]}},{"type":"Feature","properties":{"id":"w341977221","type":"school","name":"Nisarga Batika school"},"geometry":{"type":"Point","coordinates":[85.291006,27.69453]}},{"type":"Feature","properties":{"id":"w342005484","type":"school","name":"prabaht tara English school"},"geometry":{"type":"Point","coordinates":[85.311185,27.575283]}},{"type":"Feature","properties":{"id":"w342007072","type":"school","name":"Tikabhairav english school"},"geometry":{"type":"Point","coordinates":[85.309951,27.57596]}},{"type":"Feature","properties":{"id":"w342017758","type":"police","name":"Poilsh"},"geometry":{"type":"Point","coordinates":[85.163276,27.71784]}},{"type":"Feature","properties":{"id":"w342076611","type":"police","name":"Thimi Police Station"},"geometry":{"type":"Point","coordinates":[85.391482,27.682092]}},{"type":"Feature","properties":{"id":"w342096158","type":"clinic","name":"Medical Clinic"},"geometry":{"type":"Point","coordinates":[85.382338,27.640518]}},{"type":"Feature","properties":{"id":"w342134084","type":"school","name":"Underprivileged children's educational programs (UCEP) NEPAL"},"geometry":{"type":"Point","coordinates":[85.383327,27.674391]}},{"type":"Feature","properties":{"id":"w342290860","type":"school","name":"suryodayaeducationdevelopmentacademy"},"geometry":{"type":"Point","coordinates":[85.35011,27.600977]}},{"type":"Feature","properties":{"id":"w342319745","type":"hospital","name":"Valley Maternity Nursing Home"},"geometry":{"type":"Point","coordinates":[85.322648,27.705301]}},{"type":"Feature","properties":{"id":"w342336317","type":"school","name":"Ankuran education center"},"geometry":{"type":"Point","coordinates":[85.276353,27.646262]}},{"type":"Feature","properties":{"id":"w342341544","type":"clinic","name":"Healthclinik of Kevin Rohan Memorial Eco Foundation"},"geometry":{"type":"Point","coordinates":[85.276915,27.646382]}},{"type":"Feature","properties":{"id":"w342425083","type":"school","name":"Uniglobe College"},"geometry":{"type":"Point","coordinates":[85.339985,27.689723]}},{"type":"Feature","properties":{"id":"w342426639","type":"college","name":"Machindra Higher Secondary School and College"},"geometry":{"type":"Point","coordinates":[85.159279,27.71712]}},{"type":"Feature","properties":{"id":"w342561812","type":"school","name":"shree tripura sundari grill udhyog"},"geometry":{"type":"Point","coordinates":[85.337133,27.712263]}},{"type":"Feature","properties":{"id":"w342727063","type":"shelter"},"geometry":{"type":"Point","coordinates":[85.232331,27.715568]}},{"type":"Feature","properties":{"id":"w343041247","type":"shelter"},"geometry":{"type":"Point","coordinates":[85.447746,27.71278]}},{"type":"Feature","properties":{"id":"w343045535","type":"community_centre","name":"Chapali Community Center"},"geometry":{"type":"Point","coordinates":[85.356989,27.762082]}},{"type":"Feature","properties":{"id":"w343100025","type":"school","name":"parvati aadhar bhut school"},"geometry":{"type":"Point","coordinates":[85.328043,27.567933]}},{"type":"Feature","properties":{"id":"w343226134","type":"school","name":"amar kanti sec school"},"geometry":{"type":"Point","coordinates":[85.341352,27.567826]}},{"type":"Feature","properties":{"id":"w343226166","type":"school","name":"ganga jamuna sec. eng school"},"geometry":{"type":"Point","coordinates":[85.333157,27.574228]}},{"type":"Feature","properties":{"id":"w343417823","type":"school","name":"Jaya Secondary School"},"geometry":{"type":"Point","coordinates":[85.39659,27.693065]}},{"type":"Feature","properties":{"id":"w343523193","type":"school","name":"Sambotta High School"},"geometry":{"type":"Point","coordinates":[85.291214,27.697395]}},{"type":"Feature","properties":{"id":"w343650784","type":"hospital","name":"Megha Hospital"},"geometry":{"type":"Point","coordinates":[85.302447,27.675349]}},{"type":"Feature","properties":{"id":"w343717373","type":"school","name":"bajra barahi montessori"},"geometry":{"type":"Point","coordinates":[85.326337,27.602037]}},{"type":"Feature","properties":{"id":"w344176838","type":"clinic","name":"Shahari Swastha Kendra"},"geometry":{"type":"Point","coordinates":[85.401852,27.679142]}},{"type":"Feature","properties":{"id":"w344239662","type":"clinic"},"geometry":{"type":"Point","coordinates":[85.417693,27.670647]}},{"type":"Feature","properties":{"id":"w344309570","type":"school","name":"shrada vakti academy"},"geometry":{"type":"Point","coordinates":[85.297448,27.589953]}},{"type":"Feature","properties":{"id":"w344457489","type":"school","name":"Maha Manjushri Higher Secondary School"},"geometry":{"type":"Point","coordinates":[85.282921,27.715113]}},{"type":"Feature","properties":{"id":"w344531289","type":"college","name":"Janakpur Engineering College"},"geometry":{"type":"Point","coordinates":[85.387405,27.673232]}},{"type":"Feature","properties":{"id":"w344531897","type":"school"},"geometry":{"type":"Point","coordinates":[85.277293,27.715011]}},{"type":"Feature","properties":{"id":"w344541561","type":"school","name":"Baby Palace Montessory"},"geometry":{"type":"Point","coordinates":[85.365809,27.674845]}},{"type":"Feature","properties":{"id":"w344542385","type":"school","name":"Kids Paradise Montessori"},"geometry":{"type":"Point","coordinates":[85.367877,27.680726]}},{"type":"Feature","properties":{"id":"w344983946","type":"hospital","name":"Shankarapur Hospital"},"geometry":{"type":"Point","coordinates":[85.378043,27.721515]}},{"type":"Feature","properties":{"id":"w345078707","type":"school","name":"Phulchowki College"},"geometry":{"type":"Point","coordinates":[85.34693,27.625864]}},{"type":"Feature","properties":{"id":"w347544886","type":"school","name":"Saraswoti Academy English School"},"geometry":{"type":"Point","coordinates":[85.349966,27.723931]}},{"type":"Feature","properties":{"id":"w348076744","type":"school","name":"valley english secondary school"},"geometry":{"type":"Point","coordinates":[85.323188,27.601206]}},{"type":"Feature","properties":{"id":"w348076767","type":"school","name":"valley english secondary school"},"geometry":{"type":"Point","coordinates":[85.322991,27.601344]}},{"type":"Feature","properties":{"id":"w348076933","type":"school","name":"valley english secondary school"},"geometry":{"type":"Point","coordinates":[85.323214,27.601292]}},{"type":"Feature","properties":{"id":"w348076938","type":"school","name":"valley english secondary school"},"geometry":{"type":"Point","coordinates":[85.323067,27.601171]}},{"type":"Feature","properties":{"id":"w354204690","type":"school"},"geometry":{"type":"Point","coordinates":[85.359993,27.6753]}},{"type":"Feature","properties":{"id":"w356954717","type":"school","name":"Xavier International College"},"geometry":{"type":"Point","coordinates":[85.337121,27.713809]}},{"type":"Feature","properties":{"id":"w364211019","type":"school","name":"Valley Public English School"},"geometry":{"type":"Point","coordinates":[85.38177,27.640184]}},{"type":"Feature","properties":{"id":"w367740004","type":"police","name":"Police station Patan Dhoka"},"geometry":{"type":"Point","coordinates":[85.320239,27.681245]}},{"type":"Feature","properties":{"id":"w371182052","type":"college","name":"NR collage"},"geometry":{"type":"Point","coordinates":[85.303335,27.741986]}},{"type":"Feature","properties":{"id":"w372781590","type":"hospital","name":"Greenland Chowk"},"geometry":{"type":"Point","coordinates":[85.318009,27.736354]}},{"type":"Feature","properties":{"id":"w372781591","type":"school","name":"Nature Boarding High School"},"geometry":{"type":"Point","coordinates":[85.31718,27.736146]}},{"type":"Feature","properties":{"id":"w373162342","type":"school"},"geometry":{"type":"Point","coordinates":[85.317389,27.736127]}},{"type":"Feature","properties":{"id":"w374102769","type":"school","name":"Lord Buddha School"},"geometry":{"type":"Point","coordinates":[85.333489,27.705544]}},{"type":"Feature","properties":{"id":"w377732315","type":"college","name":"Stupa College"},"geometry":{"type":"Point","coordinates":[85.374353,27.721473]}},{"type":"Feature","properties":{"id":"w377732317","type":"school","name":"Alchemist School"},"geometry":{"type":"Point","coordinates":[85.374447,27.720977]}},{"type":"Feature","properties":{"id":"w377738167","type":"school","name":"RAI School"},"geometry":{"type":"Point","coordinates":[85.380069,27.724296]}},{"type":"Feature","properties":{"id":"w393921888","type":"community_centre"},"geometry":{"type":"Point","coordinates":[85.327031,27.674861]}},{"type":"Feature","properties":{"id":"w395026898","type":"hospital","name":"Kapan Hospital"},"geometry":{"type":"Point","coordinates":[85.352264,27.733636]}},{"type":"Feature","properties":{"id":"w403031780","type":"hospital","name":"Nepal Cancer Hospital"},"geometry":{"type":"Point","coordinates":[85.338899,27.643465]}},{"type":"Feature","properties":{"id":"w404326133","type":"school","name":"United School"},"geometry":{"type":"Point","coordinates":[85.328075,27.658726]}},{"type":"Feature","properties":{"id":"w405959403","type":"college","name":"Sahid Ramnath Smriti College(BBATower)"},"geometry":{"type":"Point","coordinates":[85.301766,27.724417]}},{"type":"Feature","properties":{"id":"w413278997","type":"school","name":"Bouddha Meridian School"},"geometry":{"type":"Point","coordinates":[85.38155,27.735429]}},{"type":"Feature","properties":{"id":"w427163244","type":"school","name":"Elite Kid's Zone"},"geometry":{"type":"Point","coordinates":[85.351275,27.72539]}},{"type":"Feature","properties":{"id":"w429719667","type":"police"},"geometry":{"type":"Point","coordinates":[85.386029,27.739045]}},{"type":"Feature","properties":{"id":"w436715595","type":"school","name":"Milestone Preschool"},"geometry":{"type":"Point","coordinates":[85.301849,27.647763]}},{"type":"Feature","properties":{"id":"w438372625","type":"hospital"},"geometry":{"type":"Point","coordinates":[85.367025,27.674653]}},{"type":"Feature","properties":{"id":"w440880092","type":"college","name":"Apex College"},"geometry":{"type":"Point","coordinates":[85.337904,27.698976]}},{"type":"Feature","properties":{"id":"w454234690","type":"hospital","name":"Nidan Hospital"},"geometry":{"type":"Point","coordinates":[85.315702,27.679089]}},{"type":"Feature","properties":{"id":"w456506101","type":"school","name":"Phaudhoka School"},"geometry":{"type":"Point","coordinates":[85.465174,27.669613]}},{"type":"Feature","properties":{"id":"w456506568","type":"hospital","name":"Kathmandu Cancer Center"},"geometry":{"type":"Point","coordinates":[85.46598,27.669452]}},{"type":"Feature","properties":{"id":"w456529762","type":"school","name":"Saraswati Lower Secondary School, Sikharpa, Lele, Lalitpur"},"geometry":{"type":"Point","coordinates":[85.315917,27.565664]}},{"type":"Feature","properties":{"id":"w456536283","type":"school"},"geometry":{"type":"Point","coordinates":[85.340292,27.569372]}},{"type":"Feature","properties":{"id":"w467960448","type":"police"},"geometry":{"type":"Point","coordinates":[85.411658,27.615474]}},{"type":"Feature","properties":{"id":"w494349782","type":"school","name":"Kids Kinderland Montessori"},"geometry":{"type":"Point","coordinates":[85.365478,27.675271]}},{"type":"Feature","properties":{"id":"w494983458","type":"clinic","name":"Subash Clinic"},"geometry":{"type":"Point","coordinates":[85.321942,27.657198]}},{"type":"Feature","properties":{"id":"w496391174","type":"school","name":"Tyod Secondary School"},"geometry":{"type":"Point","coordinates":[85.311965,27.709263]}},{"type":"Feature","properties":{"id":"w497530784","type":"school","name":"Mnemonic School"},"geometry":{"type":"Point","coordinates":[85.38152,27.724298]}},{"type":"Feature","properties":{"id":"w498890258","type":"school","name":"green house montessori school"},"geometry":{"type":"Point","coordinates":[85.323753,27.600751]}},{"type":"Feature","properties":{"id":"w499039356","type":"hospital","name":"Nepal Center of Nuclear Medicine Pvt. Ltd."},"geometry":{"type":"Point","coordinates":[85.318285,27.670943]}},{"type":"Feature","properties":{"id":"w499243210","type":"school","name":"deworali primary school"},"geometry":{"type":"Point","coordinates":[85.302767,27.564587]}},{"type":"Feature","properties":{"id":"w499267000","type":"police","name":"Tikabhairab Police Station"},"geometry":{"type":"Point","coordinates":[85.311738,27.573873]}},{"type":"Feature","properties":{"id":"w499271782","type":"hospital","name":"Anandaban Hospital"},"geometry":{"type":"Point","coordinates":[85.315428,27.576687]}},{"type":"Feature","properties":{"id":"w499421019","type":"school","name":"hamro vidhayala"},"geometry":{"type":"Point","coordinates":[85.3246,27.592789]}},{"type":"Feature","properties":{"id":"w499435544","type":"school","name":"motherland academy"},"geometry":{"type":"Point","coordinates":[85.324812,27.599959]}},{"type":"Feature","properties":{"id":"w499439001","type":"school"},"geometry":{"type":"Point","coordinates":[85.322084,27.612505]}},{"type":"Feature","properties":{"id":"w499479195","type":"police","name":"charghare play ground"},"geometry":{"type":"Point","coordinates":[85.314147,27.585167]}},{"type":"Feature","properties":{"id":"w499596641","type":"school","name":"janabikash secondary school"},"geometry":{"type":"Point","coordinates":[85.338879,27.612979]}},{"type":"Feature","properties":{"id":"w499607537","type":"school","name":"patlechhap secondary school"},"geometry":{"type":"Point","coordinates":[85.387931,27.612674]}},{"type":"Feature","properties":{"id":"w499609553","type":"school","name":"live vision academy"},"geometry":{"type":"Point","coordinates":[85.379301,27.617671]}},{"type":"Feature","properties":{"id":"w500886819","type":"school","name":"shree bhim secondary"},"geometry":{"type":"Point","coordinates":[85.359367,27.622632]}},{"type":"Feature","properties":{"id":"w500938895","type":"school","name":"Kuleshwar Secondry School"},"geometry":{"type":"Point","coordinates":[85.301738,27.691098]}},{"type":"Feature","properties":{"id":"w500939873","type":"police","name":"community police -14"},"geometry":{"type":"Point","coordinates":[85.301196,27.692064]}},{"type":"Feature","properties":{"id":"w501308948","type":"college","name":"Capital Hill College"},"geometry":{"type":"Point","coordinates":[85.30324,27.696018]}},{"type":"Feature","properties":{"id":"w501317432","type":"college","name":"xavier academy"},"geometry":{"type":"Point","coordinates":[85.321693,27.720505]}},{"type":"Feature","properties":{"id":"w501319047","type":"clinic","name":"Kathmandu City Health Clinic"},"geometry":{"type":"Point","coordinates":[85.318331,27.703403]}},{"type":"Feature","properties":{"id":"w501327959","type":"school","name":"shemrock school"},"geometry":{"type":"Point","coordinates":[85.326506,27.710838]}},{"type":"Feature","properties":{"id":"w501337804","type":"clinic","name":"Public Health Clinic"},"geometry":{"type":"Point","coordinates":[85.302702,27.706457]}},{"type":"Feature","properties":{"id":"w501368621","type":"college","name":"Loyala Higher Secondary School"},"geometry":{"type":"Point","coordinates":[85.341161,27.700729]}},{"type":"Feature","properties":{"id":"w501368622","type":"school","name":"kathmandu national school"},"geometry":{"type":"Point","coordinates":[85.341403,27.699753]}},{"type":"Feature","properties":{"id":"w501368623","type":"college","name":"Shantwona Kathmandu College"},"geometry":{"type":"Point","coordinates":[85.340307,27.684885]}},{"type":"Feature","properties":{"id":"w501368625","type":"school","name":"sharaha international school"},"geometry":{"type":"Point","coordinates":[85.337892,27.682776]}},{"type":"Feature","properties":{"id":"w501568405","type":"school","name":"pure love nursery"},"geometry":{"type":"Point","coordinates":[85.335401,27.714881]}},{"type":"Feature","properties":{"id":"w501637860","type":"college","name":"NCMT College"},"geometry":{"type":"Point","coordinates":[85.317865,27.732053]}},{"type":"Feature","properties":{"id":"w501644996","type":"school","name":"ashirv boarding school"},"geometry":{"type":"Point","coordinates":[85.333218,27.728331]}},{"type":"Feature","properties":{"id":"w501658742","type":"school","name":"Boudha Secondary School"},"geometry":{"type":"Point","coordinates":[85.362987,27.725642]}},{"type":"Feature","properties":{"id":"w501678096","type":"school","name":"Lord Buddha Secondary School"},"geometry":{"type":"Point","coordinates":[85.368103,27.722178]}},{"type":"Feature","properties":{"id":"w501766665","type":"police","name":"Samudahik Prahari"},"geometry":{"type":"Point","coordinates":[85.343181,27.746201]}},{"type":"Feature","properties":{"id":"w501767410","type":"college","name":"SANN institute of Nurshing pvt.ltd."},"geometry":{"type":"Point","coordinates":[85.356872,27.727218]}},{"type":"Feature","properties":{"id":"w501780558","type":"hospital","name":"Chirayu Hospital"},"geometry":{"type":"Point","coordinates":[85.334001,27.741439]}},{"type":"Feature","properties":{"id":"w501793250","type":"clinic","name":"Orchid Home Care Center"},"geometry":{"type":"Point","coordinates":[85.32919,27.739246]}},{"type":"Feature","properties":{"id":"w501797090","type":"community_centre","name":"Yeti Events and Conference Party Palace"},"geometry":{"type":"Point","coordinates":[85.327196,27.738681]}},{"type":"Feature","properties":{"id":"w501867918","type":"hospital","name":"The Skin Hospital"},"geometry":{"type":"Point","coordinates":[85.333226,27.736779]}},{"type":"Feature","properties":{"id":"w501870749","type":"clinic","name":"Ojaswi Polyclinic"},"geometry":{"type":"Point","coordinates":[85.338688,27.74153]}},{"type":"Feature","properties":{"id":"w501871530","type":"school","name":"penwood academy"},"geometry":{"type":"Point","coordinates":[85.340213,27.740785]}},{"type":"Feature","properties":{"id":"w501873471","type":"hospital","name":"Metro Ktm Hospital"},"geometry":{"type":"Point","coordinates":[85.337009,27.739484]}},{"type":"Feature","properties":{"id":"w501961312","type":"police","name":"Community Police"},"geometry":{"type":"Point","coordinates":[85.325991,27.720101]}},{"type":"Feature","properties":{"id":"w501968361","type":"school","name":"john academy"},"geometry":{"type":"Point","coordinates":[85.365482,27.713718]}},{"type":"Feature","properties":{"id":"w502008359","type":"college","name":"Silkroad Internatinal Collage"},"geometry":{"type":"Point","coordinates":[85.335212,27.741395]}},{"type":"Feature","properties":{"id":"w502019828","type":"school","name":"Little Genius Boarding School"},"geometry":{"type":"Point","coordinates":[85.291532,27.721502]}},{"type":"Feature","properties":{"id":"w502026014","type":"school","name":"little sweet heart kindergarden school"},"geometry":{"type":"Point","coordinates":[85.364139,27.715188]}},{"type":"Feature","properties":{"id":"w502033643","type":"college","name":"jubilant college"},"geometry":{"type":"Point","coordinates":[85.304497,27.693212]}},{"type":"Feature","properties":{"id":"w502264356","type":"police","name":"Ason Police Booth"},"geometry":{"type":"Point","coordinates":[85.312225,27.707435]}},{"type":"Feature","properties":{"id":"w502269458","type":"school","name":"Kalalaya Art School"},"geometry":{"type":"Point","coordinates":[85.310105,27.70847]}},{"type":"Feature","properties":{"id":"w502280602","type":"hospital","name":"Gautam Buddha International Cardiac hospital"},"geometry":{"type":"Point","coordinates":[85.341301,27.674752]}},{"type":"Feature","properties":{"id":"w502288729","type":"college","name":"Nepal Sanskrit BiswoVidyalaya"},"geometry":{"type":"Point","coordinates":[85.306801,27.703413]}},{"type":"Feature","properties":{"id":"w502293407","type":"school","name":"traibideya secondary school"},"geometry":{"type":"Point","coordinates":[85.333249,27.681554]}},{"type":"Feature","properties":{"id":"w502296725","type":"school","name":"liverpoolschool"},"geometry":{"type":"Point","coordinates":[85.336668,27.682659]}},{"type":"Feature","properties":{"id":"w502324260","type":"school","name":"Buddha Nagar Higher Sec. School"},"geometry":{"type":"Point","coordinates":[85.328923,27.688582]}},{"type":"Feature","properties":{"id":"w502328098","type":"school","name":"Kuwapani Devi Prathamik Vidyalaya"},"geometry":{"type":"Point","coordinates":[85.177364,27.712505]}},{"type":"Feature","properties":{"id":"w502332273","type":"school","name":"Shri Jwalamukhi Nimna Madhyamik Vidyalaya"},"geometry":{"type":"Point","coordinates":[85.168878,27.713536]}},{"type":"Feature","properties":{"id":"w502333445","type":"police","name":"Metropolitan Police Office"},"geometry":{"type":"Point","coordinates":[85.305523,27.70815]}},{"type":"Feature","properties":{"id":"w502336421","type":"school","name":"Shree Nrisheshwor Prathamik Vidyalaya"},"geometry":{"type":"Point","coordinates":[85.165117,27.681939]}},{"type":"Feature","properties":{"id":"w502344869","type":"school","name":"Shree Nisakot Prathamik Vidyalaya"},"geometry":{"type":"Point","coordinates":[85.193275,27.718455]}},{"type":"Feature","properties":{"id":"w502346510","type":"school","name":"Shree Seti Devi Prathamik Vidyalaya"},"geometry":{"type":"Point","coordinates":[85.176264,27.70524]}},{"type":"Feature","properties":{"id":"w502346882","type":"school","name":"Shree Dilli Sabitri Madhyamik Vidyalaya"},"geometry":{"type":"Point","coordinates":[85.181992,27.719655]}},{"type":"Feature","properties":{"id":"w502355924","type":"school","name":"Manamuhan Memorial College"},"geometry":{"type":"Point","coordinates":[85.30378,27.727792]}},{"type":"Feature","properties":{"id":"w502357414","type":"college","name":"kastuv college"},"geometry":{"type":"Point","coordinates":[85.358749,27.687793]}},{"type":"Feature","properties":{"id":"w503168588","type":"school","name":"Shree Bhuwan Pra V"},"geometry":{"type":"Point","coordinates":[85.20475,27.726596]}},{"type":"Feature","properties":{"id":"w503169388","type":"school","name":"Shree Maha Laxmi Ni Ma V"},"geometry":{"type":"Point","coordinates":[85.245089,27.767081]}},{"type":"Feature","properties":{"id":"w503173830","type":"school","name":"Shree Thungi Ni Ma V"},"geometry":{"type":"Point","coordinates":[85.220321,27.75236]}},{"type":"Feature","properties":{"id":"w503174319","type":"school","name":"Shree Mahakali Kisan Ma V"},"geometry":{"type":"Point","coordinates":[85.220752,27.765186]}},{"type":"Feature","properties":{"id":"w503174685","type":"school","name":"Shree Mahendrodaya Hss"},"geometry":{"type":"Point","coordinates":[85.209492,27.755204]}},{"type":"Feature","properties":{"id":"w504540065","type":"school","name":"Shree Mahalaxmi Primary School"},"geometry":{"type":"Point","coordinates":[85.172384,27.649047]}},{"type":"Feature","properties":{"id":"w504540354","type":"school","name":"Shree Janak Primary School"},"geometry":{"type":"Point","coordinates":[85.162176,27.630043]}},{"type":"Feature","properties":{"id":"w504718906","type":"school","name":"Mahachuni Ma V"},"geometry":{"type":"Point","coordinates":[85.192709,27.622278]}},{"type":"Feature","properties":{"id":"w505206995","type":"school","name":"Shree Prathamik Vidhyalaya Chhapkhoriya"},"geometry":{"type":"Point","coordinates":[85.169641,27.565791]}},{"type":"Feature","properties":{"id":"w505207283","type":"school","name":"Kalidevi PRA V"},"geometry":{"type":"Point","coordinates":[85.18741,27.599182]}},{"type":"Feature","properties":{"id":"w505207338","type":"school","name":"Bal Tirtha Pra V"},"geometry":{"type":"Point","coordinates":[85.183347,27.575599]}},{"type":"Feature","properties":{"id":"w505208191","type":"school","name":"Pancha Kanya Ma V"},"geometry":{"type":"Point","coordinates":[85.16944,27.578707]}},{"type":"Feature","properties":{"id":"w505212748","type":"school","name":"Rupa Devi PRA V"},"geometry":{"type":"Point","coordinates":[85.150578,27.600959]}},{"type":"Feature","properties":{"id":"w507832783","type":"school","name":"Himalayan Valley English Boarding School"},"geometry":{"type":"Point","coordinates":[85.317757,27.748608]}},{"type":"Feature","properties":{"id":"w509540433","type":"school","name":"Lord Buddha English Secondary School"},"geometry":{"type":"Point","coordinates":[85.383257,27.684303]}},{"type":"Feature","properties":{"id":"w509542748","type":"school","name":"Vinayak Shiksha Niketan English Secondary School"},"geometry":{"type":"Point","coordinates":[85.389498,27.684427]}},{"type":"Feature","properties":{"id":"w509545972","type":"police","name":"Police station"},"geometry":{"type":"Point","coordinates":[85.356537,27.674772]}},{"type":"Feature","properties":{"id":"w509545974","type":"school","name":"Asha Vidhyalaya"},"geometry":{"type":"Point","coordinates":[85.356187,27.676911]}},{"type":"Feature","properties":{"id":"w509564198","type":"school","name":"Arundaye English School"},"geometry":{"type":"Point","coordinates":[85.388235,27.682598]}},{"type":"Feature","properties":{"id":"w509568206","type":"school","name":"Little Blossom Montesori"},"geometry":{"type":"Point","coordinates":[85.355696,27.670517]}},{"type":"Feature","properties":{"id":"w509568208","type":"school","name":"Dibya Deep Joyti Kinder World"},"geometry":{"type":"Point","coordinates":[85.35939,27.67235]}},{"type":"Feature","properties":{"id":"w509568216","type":"police","name":"Police Station"},"geometry":{"type":"Point","coordinates":[85.360798,27.674625]}},{"type":"Feature","properties":{"id":"w509743052","type":"clinic"},"geometry":{"type":"Point","coordinates":[85.38619,27.681061]}},{"type":"Feature","properties":{"id":"w509750806","type":"school","name":"North Point School"},"geometry":{"type":"Point","coordinates":[85.404349,27.679981]}},{"type":"Feature","properties":{"id":"w509761677","type":"school","name":"Global Pathshala Mantessori"},"geometry":{"type":"Point","coordinates":[85.372872,27.672948]}},{"type":"Feature","properties":{"id":"w509765018","type":"school","name":"Bal Bikash Primary School"},"geometry":{"type":"Point","coordinates":[85.393282,27.690986]}},{"type":"Feature","properties":{"id":"w509765019","type":"school","name":"Swopna Sansar Monteswari"},"geometry":{"type":"Point","coordinates":[85.387411,27.69013]}},{"type":"Feature","properties":{"id":"w509773001","type":"school","name":"Sumarga Montessori School"},"geometry":{"type":"Point","coordinates":[85.385144,27.67278]}},{"type":"Feature","properties":{"id":"w509773002","type":"college","name":"Seabird College"},"geometry":{"type":"Point","coordinates":[85.387709,27.671056]}},{"type":"Feature","properties":{"id":"w509796843","type":"school","name":"Blue Angles Kinder Joy"},"geometry":{"type":"Point","coordinates":[85.367087,27.677915]}},{"type":"Feature","properties":{"id":"w509807553","type":"school","name":"NIST Montessori"},"geometry":{"type":"Point","coordinates":[85.365501,27.675562]}},{"type":"Feature","properties":{"id":"w511205282","type":"school","name":"Valley View English Boarding School"},"geometry":{"type":"Point","coordinates":[85.33958,27.696777]}},{"type":"Feature","properties":{"id":"w511302578","type":"school","name":"INDEBS Kids World"},"geometry":{"type":"Point","coordinates":[85.343602,27.695987]}},{"type":"Feature","properties":{"id":"w512205761","type":"school","name":"Phulchoki Ni Ma Vi"},"geometry":{"type":"Point","coordinates":[85.453332,27.570875]}},{"type":"Feature","properties":{"id":"w516978886","type":"school","name":"Shree Mahalaxmi Primary School"},"geometry":{"type":"Point","coordinates":[85.252967,27.779518]}},{"type":"Feature","properties":{"id":"w517878939","type":"police","name":"Police Station Chapagaun, Lalitpur"},"geometry":{"type":"Point","coordinates":[85.324259,27.607414]}},{"type":"Feature","properties":{"id":"w520758403","type":"hospital","name":"BP Smriti Hospital"},"geometry":{"type":"Point","coordinates":[85.326186,27.737405]}},{"type":"Feature","properties":{"id":"w523660615","type":"school","name":"Gitamata Madhyamik Vidyalaya"},"geometry":{"type":"Point","coordinates":[85.296849,27.709968]}},{"type":"Feature","properties":{"id":"w524616361","type":"school","name":"Shree Chandeswary Pra V"},"geometry":{"type":"Point","coordinates":[85.177931,27.747794]}},{"type":"Feature","properties":{"id":"w540190094","type":"school"},"geometry":{"type":"Point","coordinates":[85.350422,27.693407]}},{"type":"Feature","properties":{"id":"w545628780","type":"college","name":"Patan Multiple Campus"},"geometry":{"type":"Point","coordinates":[85.321417,27.67786]}},{"type":"Feature","properties":{"id":"w546246875","type":"hospital","name":"Nepal Mediciti Hospital (Nakkhu)"},"geometry":{"type":"Point","coordinates":[85.302802,27.662416]}},{"type":"Feature","properties":{"id":"w557947985","type":"college","name":"Sirjana College Of Fine Arts"},"geometry":{"type":"Point","coordinates":[85.321627,27.718423]}},{"type":"Feature","properties":{"id":"w574843056","type":"school","name":"Atisha Primary School"},"geometry":{"type":"Point","coordinates":[85.310007,27.667839]}},{"type":"Feature","properties":{"id":"w614248625","type":"college","name":"Himalayan college of Geomatics Engineering and Land Resourse Management."},"geometry":{"type":"Point","coordinates":[85.343997,27.688759]}},{"type":"Feature","properties":{"id":"w626430885","type":"clinic","name":"Nepal Health Clinic"},"geometry":{"type":"Point","coordinates":[85.339252,27.696487]}},{"type":"Feature","properties":{"id":"w648643548","type":"clinic","name":"Marie Stopes Centre - Putalisadak"},"geometry":{"type":"Point","coordinates":[85.321694,27.703115]}},{"type":"Feature","properties":{"id":"w648644120","type":"school","name":"Aditya School"},"geometry":{"type":"Point","coordinates":[85.292476,27.732564]}},{"type":"Feature","properties":{"id":"w649080016","type":"hospital","name":"HAMS Hospital"},"geometry":{"type":"Point","coordinates":[85.346253,27.733366]}},{"type":"Feature","properties":{"id":"w649380084","type":"school","name":"NIC Academy"},"geometry":{"type":"Point","coordinates":[85.286472,27.725639]}},{"type":"Feature","properties":{"id":"w649380224","type":"community_centre","name":"Rudranju Pratisthan"},"geometry":{"type":"Point","coordinates":[85.279369,27.682415]}},{"type":"Feature","properties":{"id":"w652003436","type":"school","name":"New Florence International Boarding School"},"geometry":{"type":"Point","coordinates":[85.301816,27.700982]}},{"type":"Feature","properties":{"id":"w671163277","type":"school","name":"Snowland Ranag Light of Education School"},"geometry":{"type":"Point","coordinates":[85.360552,27.768826]}},{"type":"Feature","properties":{"id":"w673789580","type":"clinic","name":"Sanjivani Clinic"},"geometry":{"type":"Point","coordinates":[85.304389,27.696783]}},{"type":"Feature","properties":{"id":"w692521233","type":"police"},"geometry":{"type":"Point","coordinates":[85.300052,27.704652]}},{"type":"Feature","properties":{"id":"w695917198","type":"hospital","name":"Patan Hospital"},"geometry":{"type":"Point","coordinates":[85.320419,27.668441]}},{"type":"Feature","properties":{"id":"w710001209","type":"school","name":"Ganesh Higher secondary school"},"geometry":{"type":"Point","coordinates":[85.354474,27.759329]}},{"type":"Feature","properties":{"id":"w711989188","type":"school","name":"Kakhara school"},"geometry":{"type":"Point","coordinates":[85.354777,27.669236]}},{"type":"Feature","properties":{"id":"w770747145","type":"school","name":"Trimurti Academy"},"geometry":{"type":"Point","coordinates":[85.344179,27.740313]}},{"type":"Feature","properties":{"id":"w773082811","type":"police","name":"Metropolitan Traffic Police Division"},"geometry":{"type":"Point","coordinates":[85.320935,27.699545]}},{"type":"Feature","properties":{"id":"w816254027","type":"school","name":"Global pathshala"},"geometry":{"type":"Point","coordinates":[85.368694,27.672525]}},{"type":"Feature","properties":{"id":"w823480700","type":"school","name":"For all School"},"geometry":{"type":"Point","coordinates":[85.361876,27.673502]}},{"type":"Feature","properties":{"id":"w832208987","type":"school"},"geometry":{"type":"Point","coordinates":[85.32981,27.654387]}},{"type":"Feature","properties":{"id":"w832208991","type":"school"},"geometry":{"type":"Point","coordinates":[85.330606,27.654619]}},{"type":"Feature","properties":{"id":"w837554577","type":"college","name":"Nepalese Army Institute of Health Sciences"},"geometry":{"type":"Point","coordinates":[85.288536,27.726706]}},{"type":"Feature","properties":{"id":"w842195570","type":"hospital","name":"Mulpani Primary Health Center"},"geometry":{"type":"Point","coordinates":[85.393057,27.714358]}},{"type":"Feature","properties":{"id":"w849625342","type":"school"},"geometry":{"type":"Point","coordinates":[85.314042,27.739626]}},{"type":"Feature","properties":{"id":"w855951184","type":"hospital","name":"Gothatar Health Post"},"geometry":{"type":"Point","coordinates":[85.371503,27.708104]}},{"type":"Feature","properties":{"id":"w893225886","type":"school","name":"Modern Boarding Secondary School"},"geometry":{"type":"Point","coordinates":[85.395436,27.659196]}},{"type":"Feature","properties":{"id":"w903272836","type":"clinic","name":"Arun Medical Centre"},"geometry":{"type":"Point","coordinates":[85.314893,27.729146]}},{"type":"Feature","properties":{"id":"w904157282","type":"school","name":"Aroma Kids Zone"},"geometry":{"type":"Point","coordinates":[85.284787,27.696619]}},{"type":"Feature","properties":{"id":"w911484718","type":"clinic","name":"Sitaram Pharmacy"},"geometry":{"type":"Point","coordinates":[85.358234,27.726326]}},{"type":"Feature","properties":{"id":"w916534928","type":"community_centre","name":"Tri Shakti Banquet"},"geometry":{"type":"Point","coordinates":[85.364254,27.673428]}},{"type":"Feature","properties":{"id":"w917444726","type":"hospital","name":"Bishnudevi Hospital"},"geometry":{"type":"Point","coordinates":[85.276594,27.680538]}},{"type":"Feature","properties":{"id":"w923800046","type":"shelter"},"geometry":{"type":"Point","coordinates":[85.256831,27.704534]}},{"type":"Feature","properties":{"id":"w923800047","type":"shelter"},"geometry":{"type":"Point","coordinates":[85.256435,27.704117]}},{"type":"Feature","properties":{"id":"w923800048","type":"shelter"},"geometry":{"type":"Point","coordinates":[85.256619,27.703978]}},{"type":"Feature","properties":{"id":"w925591537","type":"shelter"},"geometry":{"type":"Point","coordinates":[85.234967,27.714619]}},{"type":"Feature","properties":{"id":"w925591538","type":"shelter"},"geometry":{"type":"Point","coordinates":[85.234964,27.714803]}},{"type":"Feature","properties":{"id":"w925591539","type":"shelter"},"geometry":{"type":"Point","coordinates":[85.234761,27.714723]}},{"type":"Feature","properties":{"id":"w925591540","type":"shelter"},"geometry":{"type":"Point","coordinates":[85.234691,27.714996]}},{"type":"Feature","properties":{"id":"w925591541","type":"shelter"},"geometry":{"type":"Point","coordinates":[85.234532,27.715047]}},{"type":"Feature","properties":{"id":"w925591542","type":"shelter"},"geometry":{"type":"Point","coordinates":[85.234463,27.71486]}},{"type":"Feature","properties":{"id":"w925591543","type":"shelter"},"geometry":{"type":"Point","coordinates":[85.234164,27.714858]}},{"type":"Feature","properties":{"id":"w925591544","type":"shelter"},"geometry":{"type":"Point","coordinates":[85.233744,27.714862]}},{"type":"Feature","properties":{"id":"w925591545","type":"shelter"},"geometry":{"type":"Point","coordinates":[85.233449,27.715048]}},{"type":"Feature","properties":{"id":"w925591546","type":"shelter"},"geometry":{"type":"Point","coordinates":[85.232861,27.715308]}},{"type":"Feature","properties":{"id":"w962521315","type":"university","name":"Kathmandu University Land, Gyaneshwor"},"geometry":{"type":"Point","coordinates":[85.329201,27.710084]}},{"type":"Feature","properties":{"id":"w972845597","type":"college","name":"Himalayan College of Agricultural Sciences and Technology (HICAST)"},"geometry":{"type":"Point","coordinates":[85.27007,27.678508]}},{"type":"Feature","properties":{"id":"w988003780","type":"hospital","name":"Gothatar Health Post"},"geometry":{"type":"Point","coordinates":[85.371615,27.708051]}},{"type":"Feature","properties":{"id":"w1002030727","type":"school"},"geometry":{"type":"Point","coordinates":[85.328997,27.674523]}},{"type":"Feature","properties":{"id":"w1041584974","type":"clinic","name":"amda nepal"},"geometry":{"type":"Point","coordinates":[85.375789,27.723951]}},{"type":"Feature","properties":{"id":"w1041584976","type":"school","name":"balbatika"},"geometry":{"type":"Point","coordinates":[85.375827,27.723408]}},{"type":"Feature","properties":{"id":"w1041585303","type":"school","name":"jorpati lions school"},"geometry":{"type":"Point","coordinates":[85.379167,27.727094]}},{"type":"Feature","properties":{"id":"w1041585304","type":"school","name":"chahari kala kendra"},"geometry":{"type":"Point","coordinates":[85.375984,27.725395]}},{"type":"Feature","properties":{"id":"w1041991722","type":"police"},"geometry":{"type":"Point","coordinates":[85.377399,27.721848]}},{"type":"Feature","properties":{"id":"w1042083728","type":"hospital"},"geometry":{"type":"Point","coordinates":[85.370372,27.720869]}},{"type":"Feature","properties":{"id":"w1042083729","type":"college","name":"centinial collage"},"geometry":{"type":"Point","coordinates":[85.371681,27.721246]}},{"type":"Feature","properties":{"id":"w1042083958","type":"police","name":"jorpati police station"},"geometry":{"type":"Point","coordinates":[85.372618,27.721337]}},{"type":"Feature","properties":{"id":"w1042086405","type":"college","name":"NAMI COLLEGE"},"geometry":{"type":"Point","coordinates":[85.383499,27.719308]}},{"type":"Feature","properties":{"id":"w1042088381","type":"school","name":"venus high school"},"geometry":{"type":"Point","coordinates":[85.379058,27.730334]}},{"type":"Feature","properties":{"id":"w1042088385","type":"school","name":"nepalaya school"},"geometry":{"type":"Point","coordinates":[85.380433,27.730955]}},{"type":"Feature","properties":{"id":"w1046163408","type":"school","name":"Kalyan Secondary English School"},"geometry":{"type":"Point","coordinates":[85.324406,27.618618]}},{"type":"Feature","properties":{"id":"w1052455557","type":"school","name":"Shubhakamana Academy"},"geometry":{"type":"Point","coordinates":[85.279148,27.652133]}},{"type":"Feature","properties":{"id":"w1054616022","type":"school","name":"Regent Residential School"},"geometry":{"type":"Point","coordinates":[85.325591,27.644398]}},{"type":"Feature","properties":{"id":"w1056352094","type":"college"},"geometry":{"type":"Point","coordinates":[85.281262,27.67766]}},{"type":"Feature","properties":{"id":"w1062777377","type":"school","name":"Green Village Secondary School"},"geometry":{"type":"Point","coordinates":[85.262595,27.665758]}},{"type":"Feature","properties":{"id":"w1086760799","type":"college","name":"Mangalodaya Multiple Campus"},"geometry":{"type":"Point","coordinates":[85.215064,27.694641]}},{"type":"Feature","properties":{"id":"w1092348128","type":"school","name":"Kamal Netra Chuna Muna English Boarding School"},"geometry":{"type":"Point","coordinates":[85.344117,27.69797]}},{"type":"Feature","properties":{"id":"w1093173631","type":"college","name":"Kumari engineering college"},"geometry":{"type":"Point","coordinates":[85.359305,27.722182]}},{"type":"Feature","properties":{"id":"w1093173633","type":"school","name":"Divine Buds Educational Academy"},"geometry":{"type":"Point","coordinates":[85.360684,27.729859]}},{"type":"Feature","properties":{"id":"w1093173638","type":"school"},"geometry":{"type":"Point","coordinates":[85.360701,27.729854]}},{"type":"Feature","properties":{"id":"w1105667118","type":"school","name":"Euro School"},"geometry":{"type":"Point","coordinates":[85.348318,27.762951]}},{"type":"Feature","properties":{"id":"w1117545998","type":"school","name":"Reliance International School"},"geometry":{"type":"Point","coordinates":[85.354625,27.729941]}},{"type":"Feature","properties":{"id":"w1117545999","type":"police","name":"Kapan Police Station"},"geometry":{"type":"Point","coordinates":[85.356553,27.731171]}},{"type":"Feature","properties":{"id":"w1117547996","type":"school","name":"Gurukul Public High School"},"geometry":{"type":"Point","coordinates":[85.300222,27.742295]}},{"type":"Feature","properties":{"id":"w1117587900","type":"school","name":"Nava Arunima Secondary School"},"geometry":{"type":"Point","coordinates":[85.376829,27.733414]}},{"type":"Feature","properties":{"id":"w1120950483","type":"school","name":"Riviera Internation School"},"geometry":{"type":"Point","coordinates":[85.352314,27.717641]}},{"type":"Feature","properties":{"id":"w1156268770","type":"school","name":"Ganesh Himal Secondary School"},"geometry":{"type":"Point","coordinates":[85.393587,27.714564]}},{"type":"Feature","properties":{"id":"w1165522844","type":"shelter"},"geometry":{"type":"Point","coordinates":[85.4623,27.710476]}},{"type":"Feature","properties":{"id":"w1165523299","type":"shelter","name":"Bench."},"geometry":{"type":"Point","coordinates":[85.463013,27.710487]}},{"type":"Feature","properties":{"id":"w1165525272","type":"shelter"},"geometry":{"type":"Point","coordinates":[85.447827,27.712926]}},{"type":"Feature","properties":{"id":"w1165525809","type":"shelter"},"geometry":{"type":"Point","coordinates":[85.447197,27.712371]}},{"type":"Feature","properties":{"id":"w1166012676","type":"shelter"},"geometry":{"type":"Point","coordinates":[85.423574,27.727725]}},{"type":"Feature","properties":{"id":"w1166014635","type":"shelter"},"geometry":{"type":"Point","coordinates":[85.424184,27.718505]}},{"type":"Feature","properties":{"id":"w1166087852","type":"school","name":"Deepshikha High School"},"geometry":{"type":"Point","coordinates":[85.295974,27.752489]}},{"type":"Feature","properties":{"id":"w1166100506","type":"shelter"},"geometry":{"type":"Point","coordinates":[85.425096,27.712341]}},{"type":"Feature","properties":{"id":"w1172684342","type":"school","name":"ncit ground"},"geometry":{"type":"Point","coordinates":[85.338935,27.67138]}},{"type":"Feature","properties":{"id":"w1173885385","type":"hospital","name":"Ishan Children and Women's Hospital (P) Ltd."},"geometry":{"type":"Point","coordinates":[85.332842,27.744624]}},{"type":"Feature","properties":{"id":"w1178788192","type":"school","name":"Durga Bhawani Academy (DBA) School"},"geometry":{"type":"Point","coordinates":[85.341873,27.729153]}},{"type":"Feature","properties":{"id":"w1185640982","type":"school","name":"Tej Binayak School"},"geometry":{"type":"Point","coordinates":[85.380718,27.71095]}},{"type":"Feature","properties":{"id":"w1186458007","type":"school","name":"Kathmandu Valley School"},"geometry":{"type":"Point","coordinates":[85.29079,27.738885]}},{"type":"Feature","properties":{"id":"w1207662490","type":"college","name":"CITE College"},"geometry":{"type":"Point","coordinates":[85.345478,27.684066]}},{"type":"Feature","properties":{"id":"w1210702139","type":"hospital","name":"sumit hospital"},"geometry":{"type":"Point","coordinates":[85.322869,27.727469]}},{"type":"Feature","properties":{"id":"w1212764572","type":"fire_station","name":"Juddha Barun Yantra"},"geometry":{"type":"Point","coordinates":[85.420131,27.671106]}},{"type":"Feature","properties":{"id":"w1218500764","type":"shelter"},"geometry":{"type":"Point","coordinates":[85.381986,27.769852]}},{"type":"Feature","properties":{"id":"w1218500765","type":"shelter"},"geometry":{"type":"Point","coordinates":[85.382142,27.769844]}},{"type":"Feature","properties":{"id":"w1218500766","type":"shelter"},"geometry":{"type":"Point","coordinates":[85.382295,27.76984]}},{"type":"Feature","properties":{"id":"w1222383993","type":"college","name":"Nagrik College Of Health Sciences"},"geometry":{"type":"Point","coordinates":[85.376019,27.67176]}},{"type":"Feature","properties":{"id":"w1287859229","type":"college","name":"CIST College Ground"},"geometry":{"type":"Point","coordinates":[85.34007,27.693276]}},{"type":"Feature","properties":{"id":"w1308611838","type":"college","name":"Geomatic Institute of Technology"},"geometry":{"type":"Point","coordinates":[85.323752,27.687366]}},{"type":"Feature","properties":{"id":"w1329933995","type":"school","name":"Deerwalk Group"},"geometry":{"type":"Point","coordinates":[85.342309,27.712247]}},{"type":"Feature","properties":{"id":"w1329939239","type":"school","name":"IRA Kids Preschool"},"geometry":{"type":"Point","coordinates":[85.341803,27.752233]}},{"type":"Feature","properties":{"id":"w1330141236","type":"school","name":"Asia Pacific School"},"geometry":{"type":"Point","coordinates":[85.328827,27.755055]}},{"type":"Feature","properties":{"id":"w1351203253","type":"school","name":"Millsbery School"},"geometry":{"type":"Point","coordinates":[85.340776,27.749917]}},{"type":"Feature","properties":{"id":"w1355100186","type":"college"},"geometry":{"type":"Point","coordinates":[85.383745,27.651325]}},{"type":"Feature","properties":{"id":"w1380918055","type":"hospital","name":"KMC Duwakot Hospital"},"geometry":{"type":"Point","coordinates":[85.410774,27.684104]}},{"type":"Feature","properties":{"id":"w1389443113","type":"shelter"},"geometry":{"type":"Point","coordinates":[85.317342,27.676253]}},{"type":"Feature","properties":{"id":"w1389443114","type":"shelter"},"geometry":{"type":"Point","coordinates":[85.317315,27.676145]}},{"type":"Feature","properties":{"id":"w1421482994","type":"college","name":"ACME Engineering College"},"geometry":{"type":"Point","coordinates":[85.329216,27.74262]}},{"type":"Feature","properties":{"id":"w1421482995","type":"college","name":"Herald Secondary School"},"geometry":{"type":"Point","coordinates":[85.329004,27.742875]}},{"type":"Feature","properties":{"id":"w1426158325","type":"college","name":"Cosmos College of Management and Technology"},"geometry":{"type":"Point","coordinates":[85.284203,27.708235]}},{"type":"Feature","properties":{"id":"w1433313745","type":"college","name":"Mega College"},"geometry":{"type":"Point","coordinates":[85.319085,27.672028]}},{"type":"Feature","properties":{"id":"w1476423996","type":"shelter"},"geometry":{"type":"Point","coordinates":[85.151294,27.606754]}},{"type":"Feature","properties":{"id":"w1476423997","type":"shelter"},"geometry":{"type":"Point","coordinates":[85.151252,27.606133]}},{"type":"Feature","properties":{"id":"w1483671347","type":"college","name":"Mid Valley SS/college"},"geometry":{"type":"Point","coordinates":[85.389137,27.669895]}},{"type":"Feature","properties":{"id":"w1501684799","type":"clinic","name":"Batazoo Clinic"},"geometry":{"type":"Point","coordinates":[85.345633,27.717613]}}]}