{"type": "FeatureCollection", "features": [{"type": "Feature", "properties": {"name": "Rudramati river", "waterway": "river", "id": 5407597, "type": "river"}, "geometry": {"type": "MultiLineString", "coordinates": [[[85.3247917, 27.6875052], [85.324515, 27.686996], [85.3243655, 27.6867654], [85.3242685, 27.6866599]], [[85.3534577, 27.7363877], [85.3532909, 27.7362976], [85.3530793, 27.7362315], [85.352907, 27.7361566], [85.3527685, 27.7360752], [85.3526906, 27.7360003], [85.3526052, 27.7359179], [85.3525337, 27.7358101], [85.3524683, 27.7356841], [85.3522323, 27.7350836], [85.3521972, 27.7349198], [85.3521843, 27.7348562], [85.3521777, 27.7347395], [85.3521921, 27.7345771], [85.3521813, 27.7343638], [85.3520981, 27.7339264], [85.3518826, 27.7334457], [85.3518334, 27.7333839], [85.3517259, 27.7333417], [85.351551, 27.7333382], [85.3513043, 27.7333579], [85.3510192, 27.7333841], [85.3508597, 27.7334001], [85.35072, 27.7334176], [85.3506039, 27.7334037], [85.3505337, 27.733369], [85.3504776, 27.7333217], [85.3504022, 27.7332303], [85.350369, 27.7331207], [85.3502548, 27.7329073], [85.3500369, 27.7325676], [85.3499593, 27.7324528], [85.3498669, 27.7323574], [85.3497983, 27.7323022], [85.3497404, 27.7322821], [85.3496158, 27.7322573], [85.3494673, 27.7322177], [85.3493893, 27.7321754], [85.349312, 27.7320941], [85.3492641, 27.7320052], [85.3492222, 27.7319087], [85.3491908, 27.7318076], [85.3491816, 27.7316901], [85.3491902, 27.7315595], [85.3492561, 27.7314477], [85.3493561, 27.7313495], [85.3494855, 27.7312315], [85.349725, 27.7307928], [85.3500138, 27.7303487], [85.3501075, 27.7302047], [85.3501797, 27.7299188], [85.3502268, 27.729721], [85.3502457, 27.7295895], [85.3502398, 27.7294752], [85.3500492, 27.7287963], [85.3499951, 27.7285922], [85.3499511, 27.7284905], [85.3498821, 27.7283825], [85.3497691, 27.7282418], [85.3494649, 27.7279863], [85.3493643, 27.7278824], [85.3492768, 27.7277454], [85.3491303, 27.7274625], [85.3489442, 27.7271316], [85.3488215, 27.7267291], [85.3487697, 27.7264783], [85.3487678, 27.7262799], [85.3487859, 27.7261261], [85.3488534, 27.7259214], [85.3489987, 27.7256448], [85.3490654, 27.7254826], [85.3490863, 27.7254004], [85.3490963, 27.7253148], [85.3490991, 27.7252299], [85.3490906, 27.7251359], [85.3490694, 27.7250579], [85.3490318, 27.724997], [85.3489957, 27.724947], [85.3488153, 27.7247626], [85.3485852, 27.7245669], [85.348341, 27.724401], [85.3477514, 27.7239902], [85.3476653, 27.7239519], [85.3475739, 27.7239269], [85.3474407, 27.7239162], [85.347288, 27.7239244], [85.3469111, 27.7239501], [85.3467228, 27.7239585], [85.3465626, 27.7239571], [85.3464382, 27.723943], [85.3463584, 27.7239058], [85.3462784, 27.723851], [85.3462151, 27.7237729], [85.3461652, 27.7236402], [85.3461477, 27.7235133], [85.3461516, 27.7232707], [85.3461186, 27.7231215], [85.3458776, 27.7226767], [85.345843, 27.7225731], [85.3457817, 27.722303], [85.3457583, 27.7222098], [85.3457387, 27.7221484], [85.3457077, 27.7220789], [85.345659, 27.7220292], [85.3454702, 27.7219659], [85.3454092, 27.7219489], [85.3452651, 27.7219081], [85.3449695, 27.7218778], [85.3446671, 27.7218592], [85.3443891, 27.7218568], [85.3440321, 27.7218918], [85.3439075, 27.721895], [85.3436472, 27.7218748], [85.3434857, 27.7218667], [85.3433896, 27.7218796], [85.3433041, 27.7219027], [85.3427282, 27.7221829], [85.342653, 27.7222033], [85.3425617, 27.7222125], [85.3424955, 27.7222047], [85.3424311, 27.7221721], [85.3423743, 27.7221152], [85.3422877, 27.7219078], [85.3421814, 27.7216542], [85.3420841, 27.7214723], [85.3418633, 27.7211907], [85.3414489, 27.7207303], [85.3414181, 27.7206766], [85.341401, 27.7206182], [85.3414182, 27.7205639], [85.3414614, 27.7205039], [85.3415165, 27.7204415], [85.3418803, 27.7201915], [85.3419821, 27.7200965], [85.3420226, 27.720024], [85.3420575, 27.7199443], [85.342069, 27.7198366], [85.3420641, 27.7196314], [85.3420665, 27.7195377], [85.3420267, 27.7194647], [85.3419751, 27.7193972], [85.3418933, 27.7193179], [85.3417565, 27.7192624], [85.3416034, 27.7192217], [85.3413478, 27.7191602], [85.3410603, 27.7190532], [85.3409617, 27.7190001], [85.3400377, 27.718494], [85.339795, 27.7183165], [85.3395691, 27.7180753], [85.3394886, 27.7179739], [85.3392981, 27.7175231], [85.3392053, 27.7172481], [85.339121, 27.716901], [85.3390891, 27.7167914], [85.3390299, 27.7166272], [85.3388771, 27.7161599], [85.3388093, 27.7158061], [85.3387989, 27.7157084], [85.3387325, 27.7155394], [85.3385354, 27.7150781], [85.3384774, 27.7148426], [85.3383994, 27.7144591], [85.338369, 27.7142507], [85.3383739, 27.714004], [85.3383324, 27.7137288], [85.3383009, 27.7135755], [85.3381087, 27.7130084], [85.3380169, 27.7127679], [85.3378394, 27.7124302], [85.3377925, 27.7123374], [85.3376634, 27.7121529], [85.3375481, 27.7119605], [85.3374828, 27.7117409], [85.337363, 27.7115597], [85.3373289, 27.7114388], [85.337324, 27.7111998], [85.3373058, 27.7109124], [85.3372515, 27.7105434], [85.3371978, 27.7102185], [85.3371409, 27.7099382], [85.3370799, 27.7096132], [85.3370567, 27.7092553], [85.3370129, 27.7090213], [85.336925, 27.708717], [85.3368402, 27.708049], [85.3367329, 27.7074517], [85.3366765, 27.7071525], [85.3366269, 27.7068165], [85.3365652, 27.7063558], [85.3365062, 27.7059866], [85.3364405, 27.705761], [85.3363721, 27.7055294], [85.3362823, 27.7053502], [85.3362474, 27.7050664], [85.3362059, 27.7047137], [85.3361629, 27.7042887], [85.3361442, 27.7040453], [85.3360784, 27.703562], [85.3360854, 27.7030891], [85.3360753, 27.7029599], [85.3360078, 27.7026605], [85.3358077, 27.7022448], [85.3355374, 27.701765], [85.3354373, 27.7016116], [85.3352233, 27.7013351], [85.3348486, 27.7009724], [85.3346792, 27.7008153], [85.3341897, 27.7003739], [85.3338843, 27.7001551], [85.3336481, 27.7000235], [85.3334835, 27.6999532], [85.3324386, 27.6998121], [85.3322396, 27.6997973], [85.3320912, 27.6998026], [85.3319404, 27.6998205], [85.3314853, 27.699883], [85.3313574, 27.6998878], [85.3312869, 27.6998841], [85.3312205, 27.6998698], [85.3311032, 27.699809], [85.3308831, 27.6996836], [85.3307262, 27.6995627], [85.3306465, 27.6994606], [85.3305799, 27.6993776], [85.3305061, 27.6992945], [85.3304458, 27.6991948], [85.3303546, 27.6990131], [85.3303498, 27.6989031], [85.330354, 27.6988403], [85.3303619, 27.698794], [85.3304028, 27.6987222], [85.3309346, 27.6981926], [85.3310962, 27.6980768], [85.3312102, 27.6980133], [85.3314241, 27.6978871], [85.3316045, 27.6978363], [85.3316863, 27.6977651], [85.3317738, 27.6976985], [85.3318382, 27.6975584], [85.3318298, 27.6974979], [85.331815, 27.6974386], [85.3317547, 27.6973222], [85.3316152, 27.6971536], [85.3315146, 27.6970206], [85.3312048, 27.6966537], [85.3310399, 27.6964447], [85.3308065, 27.6961466], [85.3306496, 27.6959305], [85.3306168, 27.6958711], [85.3304834, 27.6957987], [85.3300891, 27.6957084], [85.3298456, 27.6956984], [85.3296934, 27.6956384], [85.3294084, 27.695509], [85.3292435, 27.6954223], [85.3290856, 27.6953349], [85.3290298, 27.695281], [85.3290036, 27.6952262], [85.3289976, 27.6951748], [85.3290001, 27.6951207], [85.3290295, 27.6950103], [85.3291332, 27.6948528], [85.3292576, 27.694765], [85.3294781, 27.6946314], [85.3297571, 27.6944664], [85.3298389, 27.6943868], [85.3298644, 27.6943239], [85.3298697, 27.6942538], [85.3298389, 27.6941755], [85.3296646, 27.6938988], [85.3294848, 27.6936185], [85.3293641, 27.6933977], [85.3292942, 27.6932013], [85.3291664, 27.6928954], [85.3290805, 27.6927077], [85.3288393, 27.6922241], [85.3286088, 27.6918973], [85.3285661, 27.6918113], [85.3285085, 27.6916902], [85.3283865, 27.6912845], [85.3283324, 27.6909797], [85.3283258, 27.6907868], [85.3283825, 27.6905553], [85.328292, 27.6900109], [85.3282879, 27.6897224], [85.3282839, 27.6895264], [85.3282544, 27.6892224], [85.3281981, 27.6889849], [85.3281458, 27.6888151], [85.3280814, 27.6886453], [85.3279302, 27.6883112], [85.3278625, 27.6881429], [85.3278588, 27.6881334], [85.3276524, 27.6876049], [85.3275932, 27.6874739], [85.327554, 27.6874236], [85.327528, 27.6874016], [85.3274595, 27.6873686], [85.3274156, 27.6873592], [85.3273049, 27.6873592], [85.3271956, 27.6873848], [85.3271526, 27.6874048], [85.3270834, 27.687455], [85.3269463, 27.6876006], [85.3268784, 27.6876489], [85.3267763, 27.6876993], [85.326714, 27.6877214], [85.3266449, 27.6877363], [85.3265066, 27.687749], [85.3259728, 27.6877611], [85.3253478, 27.687797], [85.3252351, 27.6877931], [85.325141, 27.6877809], [85.3250633, 27.6877618], [85.3250001, 27.6877369], [85.3249493, 27.6877075], [85.3248768, 27.6876401], [85.3247917, 27.6875052]]]}}, {"type": "Feature", "properties": {"name": "Balkhu River", "waterway": "river", "id": 185470060, "type": "river"}, "geometry": {"type": "MultiLineString", "coordinates": [[[85.2624918, 27.6816657], [85.2626732, 27.6816462], [85.2628964, 27.6814718], [85.2631893, 27.6813144], [85.2634187, 27.6811929], [85.263696, 27.6809804], [85.2638166, 27.6807743], [85.263917, 27.6804482], [85.2640185, 27.6801581], [85.2641569, 27.6798921], [85.2645244, 27.6794997], [85.2646538, 27.6793656], [85.2648267, 27.6792541], [85.2650861, 27.679034], [85.2652926, 27.6789492], [85.265486, 27.6789591], [85.2656832, 27.6789605], [85.2658743, 27.6788665], [85.2661202, 27.6788751], [85.2662594, 27.6789213], [85.2662984, 27.6790001], [85.2662968, 27.67917], [85.2662955, 27.6793124], [85.2662989, 27.6794825], [85.2663386, 27.6795947], [85.2664799, 27.6796659], [85.2667148, 27.6796848], [85.2668408, 27.6797709], [85.2669754, 27.6799108], [85.2670396, 27.6800502], [85.2670641, 27.6802344], [85.2672261, 27.6804615], [85.2673223, 27.6806139], [85.2674614, 27.6807657], [85.2676486, 27.6808699], [85.267828, 27.6809812], [85.2679146, 27.6811004], [85.2680397, 27.6813007], [85.2681035, 27.6813577], [85.2681656, 27.6813811], [85.2683444, 27.6813697], [85.2684497, 27.6814341], [85.2685697, 27.6814462], [85.2688875, 27.6813595], [85.2690826, 27.6813597], [85.2692631, 27.6814244], [85.2693442, 27.6815456], [85.2693683, 27.6816989], [85.2694214, 27.6818329], [85.2695745, 27.6819412], [85.2697286, 27.6820267], [85.2699645, 27.6821465], [85.2704176, 27.6822351], [85.2704644, 27.6825034], [85.2705056, 27.6826512], [85.2704437, 27.6828395], [85.2701767, 27.6830551], [85.2701001, 27.6831888], [85.2700393, 27.6833665], [85.2699526, 27.6835282], [85.2699062, 27.6836255], [85.2699031, 27.6837104], [85.2700455, 27.683772], [85.2701831, 27.6837501], [85.2705539, 27.6839269], [85.2706808, 27.6840703], [85.2709652, 27.6840935], [85.2714072, 27.6841168], [85.2717922, 27.6842175], [85.272046, 27.6842717], [85.2723304, 27.6843221], [85.2724427, 27.6843762], [85.2724755, 27.6845515], [85.2724036, 27.6846053], [85.2722917, 27.6847505], [85.27223, 27.6848821], [85.2722092, 27.6849837], [85.2722145, 27.6851303], [85.2722407, 27.6853368], [85.272284, 27.685483], [85.2723367, 27.6855841], [85.272406, 27.685661], [85.2725183, 27.6857163], [85.272643, 27.6857504], [85.2729869, 27.685756], [85.273202, 27.6857441], [85.2734279, 27.6857111], [85.2736069, 27.6857311], [85.273757, 27.6857843], [85.2739163, 27.68586], [85.2740956, 27.685994], [85.2741804, 27.6860916], [85.2742209, 27.6861726], [85.2742189, 27.6862362], [85.2740876, 27.6865443], [85.2740141, 27.6867803], [85.2739735, 27.6869332], [85.2739662, 27.6870578], [85.2739649, 27.6873776], [85.2739771, 27.6874579], [85.2740133, 27.687556], [85.274087, 27.6876384], [85.2741879, 27.6877367], [85.2742382, 27.6877796], [85.2744482, 27.6878377], [85.2748153, 27.6879085], [85.2751811, 27.6880275], [85.2752271, 27.6880488], [85.2754314, 27.6880465], [85.2757325, 27.6880095], [85.2760845, 27.6879677], [85.2762481, 27.6879515], [85.2764239, 27.6879662], [85.2765784, 27.6880537], [85.2766702, 27.6882889], [85.2767422, 27.6884084], [85.2769182, 27.6885587], [85.2770534, 27.688676], [85.2772067, 27.6888813], [85.2771871, 27.6889626], [85.2770965, 27.6890436], [85.2769619, 27.6890899], [85.2768493, 27.6891241], [85.2767248, 27.6891784], [85.2764049, 27.6894122], [85.2762565, 27.6895028], [85.2761788, 27.6895726], [85.2761276, 27.6896488], [85.276094, 27.6898422], [85.2760281, 27.6899975], [85.2759618, 27.6901414], [85.2758771, 27.6902535], [85.2758021, 27.6903429], [85.2757956, 27.6903847], [85.275804, 27.6904385], [85.2758553, 27.6905228], [85.2758961, 27.6906138], [85.2758837, 27.6906858], [85.2758228, 27.6908174], [85.2758145, 27.6908699], [85.2758487, 27.6909216], [85.2759346, 27.6909875], [85.2760226, 27.6910488], [85.2763659, 27.6912273], [85.2766162, 27.691352], [85.2767515, 27.6914259], [85.2768876, 27.6915181], [85.2769262, 27.6915478], [85.2769784, 27.6916229], [85.277237, 27.6918076], [85.2773688, 27.6919017], [85.2774628, 27.6919407], [85.2775398, 27.6919402], [85.2775996, 27.6919162], [85.2776542, 27.6918727], [85.2777181, 27.6917588], [85.2777698, 27.691612], [85.2777934, 27.6915659], [85.2779061, 27.6914292], [85.2780716, 27.6912592], [85.2781165, 27.691193], [85.278148, 27.6911465], [85.2781464, 27.6910996], [85.2780742, 27.6909576], [85.2780496, 27.6908729], [85.2780337, 27.6907184], [85.2780412, 27.6905871], [85.2780565, 27.6905499], [85.2781029, 27.6904949], [85.2782469, 27.6903734], [85.2783171, 27.6903027], [85.2783724, 27.6902627], [85.27846, 27.6902357], [85.2785155, 27.6902338], [85.2786003, 27.6902348], [85.2787022, 27.6902666], [85.278819, 27.6902895], [85.2791199, 27.6903278], [85.2795336, 27.6903609], [85.280055, 27.6904108], [85.2802771, 27.6904223], [85.2803684, 27.690427], [85.2804678, 27.6904496], [85.2805439, 27.6904852], [85.280628, 27.6905369], [85.2807662, 27.6906417], [85.2810554, 27.6908657], [85.2811204, 27.6908921], [85.281196, 27.6908973], [85.2812658, 27.6908888], [85.2813229, 27.6908738], [85.2813751, 27.6908582], [85.2814398, 27.6908202], [85.2816912, 27.6906373], [85.2820538, 27.6903308], [85.2822014, 27.6902134], [85.282574, 27.6899461], [85.2828279, 27.6897474], [85.2829099, 27.6896974], [85.2829805, 27.6896668], [85.2830427, 27.6896511], [85.2831259, 27.6896454], [85.2831769, 27.68965], [85.2831984, 27.6896595], [85.2832352, 27.6896902], [85.2833017, 27.6897667], [85.2833421, 27.6897942], [85.2833664, 27.6898012], [85.2834224, 27.6897954], [85.2835151, 27.6897289], [85.2835768, 27.6897143], [85.2836905, 27.6897367], [85.2838487, 27.6897921], [85.2840003, 27.6898573], [85.2840944, 27.6899091], [85.284255, 27.6900365], [85.2843492, 27.6901267], [85.2843838, 27.6901702], [85.2844133, 27.6902257], [85.2844193, 27.6902567], [85.2844106, 27.6902956], [85.2843841, 27.6903271], [85.2841288, 27.6905153], [85.2840375, 27.6905954], [85.2840094, 27.6906404], [85.2840115, 27.6907069], [85.2840356, 27.6907894], [85.2840731, 27.6908762], [85.2841359, 27.6909887], [85.2842019, 27.6910821], [85.2842645, 27.6911758], [85.2843092, 27.6912426], [85.2843592, 27.6912811], [85.2844224, 27.6913042], [85.2845252, 27.6913168], [85.284615, 27.6913125], [85.2846596, 27.6913031], [85.2847452, 27.6912586], [85.2850089, 27.691115], [85.2851001, 27.6910395], [85.285185, 27.6909245], [85.2852419, 27.6908316], [85.2853721, 27.6905707], [85.28541, 27.6904841], [85.2854187, 27.6903977], [85.285411, 27.6902962], [85.2854001, 27.6901862], [85.2854025, 27.6900766], [85.2854204, 27.6899862], [85.2854648, 27.6899125], [85.2855251, 27.6898457], [85.285661, 27.6897352], [85.2857802, 27.6896678], [85.2859208, 27.6896156], [85.2859988, 27.6895979], [85.2860763, 27.6895897], [85.286148, 27.6895926], [85.2862141, 27.6896049], [85.2862747, 27.6896253], [85.2863797, 27.689684], [85.2864641, 27.6897566], [85.2865755, 27.6898948], [85.2865997, 27.689917], [85.2866334, 27.6899297], [85.2866743, 27.6899344], [85.2867692, 27.6899257], [85.2868666, 27.6899022], [85.2869985, 27.6898563], [85.2870055, 27.6898534], [85.2873982, 27.6897143], [85.2875365, 27.6896975], [85.2877217, 27.689702], [85.2878618, 27.6897307], [85.2879411, 27.6897304], [85.2880111, 27.6897073], [85.2880564, 27.6896814], [85.2880883, 27.6896441], [85.2880985, 27.6896023], [85.2880924, 27.6895568], [85.2880469, 27.6894816], [85.287945, 27.6893462], [85.2878548, 27.6892098], [85.2878066, 27.6891303], [85.2877934, 27.6890703], [85.2878495, 27.6889648], [85.2880161, 27.6888116], [85.2880973, 27.6887628], [85.2882527, 27.6887036], [85.2883522, 27.6886647], [85.2887125, 27.6885628], [85.2889622, 27.6885211], [85.2891067, 27.6885104], [85.2892132, 27.6885097], [85.2892718, 27.6885177], [85.2893227, 27.6885389], [85.2893663, 27.6885924], [85.289522, 27.6889353], [85.2896265, 27.6892574], [85.2896911, 27.6894091], [85.2897693, 27.6894589], [85.2899412, 27.6894329], [85.2900929, 27.6894213], [85.2901943, 27.689448], [85.2903284, 27.6895399], [85.2904518, 27.6896929], [85.2905276, 27.689728], [85.2906069, 27.6897346], [85.2907229, 27.6897186], [85.2908494, 27.6896492], [85.2909248, 27.6895905], [85.290979, 27.6895065], [85.2910468, 27.6892478], [85.2910588, 27.6891024], [85.2910724, 27.6889766], [85.2911205, 27.6889029], [85.2912278, 27.6887591], [85.2913233, 27.688674], [85.291443, 27.6885086], [85.2916353, 27.6883205], [85.2917652, 27.6882469], [85.2919047, 27.6882064], [85.2920411, 27.6881234], [85.2922541, 27.6879932], [85.2924767, 27.6878461], [85.2926471, 27.6876311], [85.2927494, 27.6874471], [85.2928239, 27.6873113], [85.2928505, 27.6872076], [85.2928517, 27.6869314], [85.2928379, 27.6866098], [85.2928546, 27.686461], [85.2929103, 27.6864136], [85.2930147, 27.6863948], [85.2932958, 27.6865268], [85.293455, 27.6865946], [85.2935487, 27.6866021], [85.2937213, 27.6865832], [85.2937695, 27.6865892], [85.2938234, 27.6866039], [85.2938783, 27.6866323], [85.2939142, 27.6866645], [85.2939658, 27.6867161], [85.2939885, 27.6867864], [85.2940031, 27.6868756], [85.2939964, 27.6869159], [85.2939807, 27.6869674], [85.2938929, 27.6871514], [85.2938728, 27.6872425], [85.2938941, 27.6873141], [85.2939677, 27.6873662], [85.2942889, 27.6875182], [85.2943635, 27.6875484], [85.2946936, 27.6876597], [85.2948939, 27.6877314], [85.2951529, 27.6878013], [85.2953394, 27.6878409], [85.2955232, 27.687872], [85.2957736, 27.6878879], [85.296008, 27.6879125], [85.2962337, 27.6879426], [85.2964165, 27.6879648], [85.2965401, 27.6879244], [85.2965638, 27.6877541], [85.2965277, 27.6876363], [85.2964721, 27.687503], [85.2963922, 27.687323], [85.2963476, 27.6869532], [85.2964253, 27.6868102], [85.2963973, 27.6865136], [85.2963919, 27.6862447], [85.2964152, 27.6861449], [85.2965277, 27.6860609], [85.2969719, 27.685922], [85.297229, 27.6858737], [85.2974786, 27.6858256], [85.2977604, 27.6857568], [85.2978277, 27.6856267], [85.297853, 27.6853718], [85.2978751, 27.68517], [85.2978324, 27.6846724], [85.2978669, 27.684492], [85.2980387, 27.6843101], [85.2980849, 27.684178], [85.2980679, 27.6837756], [85.2980795, 27.6835452], [85.298415, 27.683159], [85.2986515, 27.6830289], [85.2989772, 27.6829532], [85.2993589, 27.6828645]], [[85.2530504, 27.6920747], [85.2533644, 27.692473], [85.25369, 27.6929023], [85.2537877, 27.692794], [85.2540864, 27.6922453], [85.2542884, 27.6920366], [85.2543976, 27.6919713], [85.2544465, 27.6919122], [85.2544908, 27.6918856], [85.2545782, 27.691834], [85.2549595, 27.6918781], [85.2552925, 27.6918914], [85.2554706, 27.6918855], [85.2556362, 27.6918742], [85.2559087, 27.691851], [85.2560028, 27.6918577], [85.2561935, 27.6918348], [85.2564222, 27.6918202], [85.2565381, 27.6918576], [85.2567606, 27.6919047], [85.256945, 27.6918547], [85.2570766, 27.6917744], [85.2571062, 27.6915512], [85.2570528, 27.6914761], [85.2569675, 27.6913666], [85.2569502, 27.6912963], [85.2568203, 27.6910903], [85.2566518, 27.690861], [85.2566074, 27.6905538], [85.2564765, 27.6904779], [85.2564084, 27.6903335], [85.2562918, 27.6901495], [85.2562448, 27.690108], [85.2561683, 27.6898739], [85.2560221, 27.6898415], [85.2558749, 27.6897984], [85.2557596, 27.6897014], [85.2558048, 27.6896032], [85.2557805, 27.6895139], [85.2556973, 27.6894396], [85.2556591, 27.6894367], [85.2555974, 27.6893637], [85.2556248, 27.6892694], [85.2556231, 27.6892305], [85.2556211, 27.6891663], [85.2556633, 27.6891169], [85.2556804, 27.689068], [85.2557517, 27.6889622], [85.2557987, 27.6888443], [85.2555847, 27.6883701], [85.2560251, 27.6882082], [85.2561446, 27.68808], [85.256229, 27.6879238], [85.2573383, 27.687596], [85.2576023, 27.6875895], [85.2578657, 27.6875551], [85.2582957, 27.687344], [85.2585466, 27.6868129], [85.2586739, 27.6866348], [85.2589479, 27.6865343], [85.2592441, 27.6865078], [85.2598818, 27.6866213], [85.2600607, 27.6866073], [85.2601275, 27.6865796], [85.260163, 27.6865406], [85.260179, 27.6864718], [85.2601807, 27.6863827], [85.2601607, 27.6862826], [85.2600041, 27.6859657], [85.2598163, 27.685758], [85.2596702, 27.685021], [85.2596931, 27.6847959], [85.2597926, 27.6847336], [85.2602751, 27.6844319], [85.2605343, 27.684418], [85.2608705, 27.684496], [85.2610569, 27.6844635], [85.2612478, 27.6841806], [85.2613923, 27.6840921], [85.2614822, 27.6840446], [85.2615211, 27.6839769], [85.2615225, 27.6838805], [85.2615164, 27.6838533], [85.2614935, 27.683736], [85.2614364, 27.6836118], [85.2613451, 27.6834732], [85.261024, 27.6830666], [85.2607503, 27.6827201], [85.2604085, 27.6824036], [85.2603473, 27.682217], [85.2603308, 27.6820282], [85.2603983, 27.6818992], [85.2605155, 27.6818376], [85.2607503, 27.681796], [85.2610608, 27.6821841], [85.2612382, 27.6822465], [85.2613425, 27.6823435], [85.2614469, 27.6823597], [85.2615643, 27.6823296], [85.2624918, 27.6816657]], [[85.2317517, 27.696004], [85.2318961, 27.695955], [85.2322149, 27.6958623], [85.2325559, 27.6958351], [85.2327101, 27.6957961], [85.232816, 27.6957317], [85.2328777, 27.6956752], [85.2331543, 27.6952934], [85.2331865, 27.6951665], [85.2331974, 27.6948754], [85.2333497, 27.6946198], [85.2334302, 27.6945628], [85.2337092, 27.694653], [85.2339663, 27.6949251], [85.2343107, 27.6951997], [85.2345679, 27.6954362], [85.2347073, 27.6955449], [85.2350836, 27.6954224], [85.2353487, 27.69528], [85.2355811, 27.6951408], [85.2357026, 27.6950834], [85.2358475, 27.6950244], [85.2362068, 27.6948442], [85.2363634, 27.6947634], [85.2364357, 27.694724], [85.2366165, 27.6945614], [85.236901, 27.6942113], [85.2376069, 27.6936833], [85.2378916, 27.6932461], [85.2380241, 27.6931804], [85.2381516, 27.6931572], [85.2383095, 27.693322], [85.2384527, 27.693476], [85.2386445, 27.6936921], [85.2388252, 27.6940166], [85.2390628, 27.6943059], [85.2392748, 27.6944118], [85.2400396, 27.6945777], [85.2402481, 27.6946572], [85.240273, 27.6948565], [85.2402794, 27.6951093], [85.2402544, 27.6954584], [85.2403006, 27.6956098], [85.24033, 27.6956981], [85.2405157, 27.6958055], [85.2410944, 27.6957523], [85.2415881, 27.6956438], [85.2417089, 27.6955719], [85.2417534, 27.6954471], [85.2416846, 27.6952087], [85.2416995, 27.6950431], [85.2417134, 27.6948957], [85.2418834, 27.6946763], [85.2419557, 27.6946267], [85.2420373, 27.6945959], [85.2423789, 27.6945857], [85.2425832, 27.6946156], [85.2426571, 27.694654], [85.2426893, 27.6947175], [85.2430985, 27.6948289], [85.2434326, 27.6948782], [85.2435233, 27.6947834], [85.2435521, 27.6946376], [85.2435493, 27.6944639], [85.2435611, 27.6942234], [85.2435939, 27.6937379], [85.2438191, 27.693641]], [[85.2438191, 27.693641], [85.2439307, 27.6936113], [85.2441324, 27.6936379], [85.2446247, 27.6938269], [85.2446797, 27.6939976], [85.2446556, 27.6945523], [85.2447099, 27.6948199], [85.2447908, 27.694903], [85.2452865, 27.69497], [85.2457613, 27.694806], [85.2460535, 27.6944988], [85.2460978, 27.694314], [85.2459935, 27.6940922], [85.2459726, 27.6938704], [85.246317, 27.6936764], [85.2465596, 27.6934298], [85.2466406, 27.6933284], [85.2469222, 27.6932052], [85.2471153, 27.6929834], [85.2478275, 27.6917106], [85.2485764, 27.6916524], [85.2487116, 27.6917047], [85.248766, 27.6917805], [85.2488361, 27.6918954], [85.2489063, 27.6921033], [85.2488738, 27.6921375], [85.2487355, 27.6921628], [85.2485862, 27.6921447], [85.2485206, 27.692315], [85.2486168, 27.6926372], [85.2489121, 27.6926923], [85.2489551, 27.6927326], [85.2490399, 27.6928256], [85.2491767, 27.6929921], [85.2492898, 27.6930402], [85.2494753, 27.692892], [85.2495567, 27.6928795], [85.2496938, 27.6927947], [85.2498127, 27.6927505], [85.2500148, 27.6927847], [85.2501863, 27.6928013], [85.2503803, 27.6928178], [85.2505444, 27.6927638], [85.2506466, 27.6923985], [85.2508936, 27.6921948], [85.2519318, 27.6914045], [85.2521371, 27.6913083], [85.2522529, 27.6913651], [85.2523457, 27.6914347], [85.252403, 27.6915657], [85.2526042, 27.6919362], [85.252663, 27.6919962], [85.2527815, 27.6920951], [85.2530504, 27.6920747]]]}}, {"type": "Feature", "properties": {"name": "Manamati", "waterway": "river", "id": 172317845, "type": "river"}, "geometry": {"type": "LineString", "coordinates": [[85.2780374, 27.7026234], [85.2781847, 27.702407], [85.2786357, 27.7015989], [85.2787481, 27.7014456], [85.278937, 27.7011281], [85.2789897, 27.7008396], [85.2789918, 27.7005796], [85.279068, 27.7004962], [85.280361, 27.6996185], [85.2807716, 27.6994157], [85.2810517, 27.6993927], [85.2812348, 27.6995504], [85.28152, 27.6995457], [85.2821395, 27.6995355], [85.2826461, 27.699633], [85.2827759, 27.6996445], [85.2831236, 27.6995496], [85.2834962, 27.6990167], [85.2836144, 27.6989692], [85.2838679, 27.699092], [85.2840645, 27.6993832], [85.2843504, 27.6994999], [85.284597, 27.699531], [85.2848644, 27.6994455], [85.285094, 27.6992678], [85.2853018, 27.6990234], [85.2857174, 27.6988037], [85.2857697, 27.6986543], [85.2858285, 27.6984744], [85.2859894, 27.6981891], [85.2861088, 27.6980863], [85.2862824, 27.6980052], [85.2865138, 27.6980311], [85.2866864, 27.6979481], [85.2867922, 27.6978089], [85.2868976, 27.6976071], [85.2872469, 27.6976774], [85.2876004, 27.6977733], [85.287875, 27.6978875], [85.2880945, 27.697906], [85.2882667, 27.6978613], [85.2883689, 27.6977799], [85.2884544, 27.6976451], [85.2885497, 27.6975429], [85.2889178, 27.6973562], [85.2890686, 27.6973746], [85.2894164, 27.6974183], [85.2895997, 27.6973818], [85.2898185, 27.6971972], [85.2899031, 27.6971469], [85.2898659, 27.6968135], [85.2898951, 27.6967478], [85.2901519, 27.6967555], [85.2904165, 27.6966199], [85.2910988, 27.6966265], [85.2912037, 27.6965355], [85.2913686, 27.6965189], [85.2915551, 27.6965575], [85.2917294, 27.696548], [85.2919118, 27.6964836], [85.2922336, 27.6962192], [85.2923448, 27.6962055], [85.2924512, 27.6963461], [85.2925409, 27.696457], [85.2926445, 27.6965356], [85.2928674, 27.6965008], [85.292978, 27.6964566], [85.2931586, 27.6962538], [85.2936, 27.6960772], [85.293762, 27.6960388], [85.2940911, 27.6961004], [85.2943339, 27.6960716], [85.2949484, 27.6963425], [85.2952668, 27.6963955], [85.2954535, 27.6963803], [85.2956624, 27.6962694], [85.2957888, 27.6964487], [85.2959523, 27.696572], [85.2962181, 27.6965351], [85.2967924, 27.696601], [85.2971019, 27.6966371], [85.2973133, 27.6965875], [85.2974785, 27.696395], [85.2977807, 27.6963727], [85.2981968, 27.6963175], [85.2993552, 27.6959166], [85.299858, 27.6956769], [85.3002597, 27.6952437]]}}, {"type": "Feature", "properties": {"name": "Bishnumati", "waterway": "river", "id": 185751198, "type": "river"}, "geometry": {"type": "LineString", "coordinates": [[85.3028037, 27.7001904], [85.3028173, 27.699976], [85.3028045, 27.6997288], [85.3027932, 27.6995303], [85.3027382, 27.6993023], [85.3026583, 27.6989635], [85.3025287, 27.6985779], [85.3023098, 27.6980889], [85.3022825, 27.6979551], [85.3021652, 27.6977923], [85.3019781, 27.6975376], [85.3015518, 27.6969129], [85.3013451, 27.6966999], [85.3009113, 27.696196], [85.3007125, 27.695955], [85.3004705, 27.6956753], [85.3003845, 27.6954546], [85.3002597, 27.6952437], [85.3000878, 27.6948164], [85.2998678, 27.694391], [85.2997959, 27.6941321], [85.2996883, 27.6937273], [85.2996618, 27.6934741], [85.2996822, 27.6933226], [85.2997342, 27.6931704], [85.299908, 27.6929601], [85.3003787, 27.6926795], [85.3009852, 27.6923701], [85.3018994, 27.6918739], [85.3022296, 27.6917319], [85.3022954, 27.6916626], [85.3023442, 27.6916112], [85.3023639, 27.6915154], [85.3023308, 27.6914632]]}}, {"type": "Feature", "properties": {"name": "Chikhu", "waterway": "stream", "id": 194871805, "type": "stream"}, "geometry": {"type": "MultiLineString", "coordinates": [[[85.2783662, 27.6736225], [85.2784308, 27.6735539], [85.2784911, 27.6735195], [85.2785299, 27.6734738], [85.2785686, 27.6734471], [85.2786176, 27.6734632], [85.2787495, 27.6734659], [85.2788532, 27.6734515], [85.2790354, 27.6733156], [85.2791245, 27.6731715], [85.2792573, 27.6731003], [85.2793562, 27.6730079], [85.2794602, 27.6729482], [85.2795793, 27.672919], [85.2796436, 27.6729091], [85.2796753, 27.6729243], [85.2797447, 27.6729135], [85.2798009, 27.6728841], [85.2798475, 27.6728601], [85.2799218, 27.6728315], [85.2800006, 27.6728378], [85.2800723, 27.6728549], [85.2801399, 27.6728905], [85.2802545, 27.6729116], [85.2803109, 27.6729039], [85.2803724, 27.6729002], [85.280376, 27.6729], [85.2804454, 27.6728962], [85.2805014, 27.6728808], [85.2805149, 27.6728885], [85.2805908, 27.6728885], [85.2806494, 27.6728904], [85.2807058, 27.6728866], [85.2807535, 27.6728808], [85.2808381, 27.672877], [85.2809401, 27.6728731], [85.2810095, 27.6728674], [85.2810681, 27.6728712], [85.2811548, 27.6728751], [85.2812221, 27.6728751], [85.2813089, 27.6728751], [85.2813653, 27.672877], [85.2814477, 27.6728827], [85.2814868, 27.6728827], [85.2815388, 27.672877], [85.28158, 27.6728808], [85.2816278, 27.6728789], [85.2817167, 27.6728731], [85.2817753, 27.672877], [85.2818425, 27.6728731], [85.2819163, 27.6728674], [85.2819421, 27.6728659], [85.2819836, 27.6728635], [85.2820335, 27.6728693], [85.2820726, 27.6728791], [85.282093, 27.6728914], [85.282093, 27.6729744], [85.282093, 27.6730316], [85.2820919, 27.6730774], [85.2820876, 27.6731108], [85.2820839, 27.6731341], [85.2820763, 27.6731789], [85.2820709, 27.6732171], [85.2820666, 27.6732371], [85.2820596, 27.6732671], [85.2820569, 27.6732905], [85.2820537, 27.673321], [85.2820575, 27.673402], [85.2820672, 27.6735241], [85.2820716, 27.6735967], [85.2820758, 27.6736652], [85.2820876, 27.6738092], [85.2821235, 27.6738619], [85.2821364, 27.6738963], [85.2821471, 27.6739497], [85.2821515, 27.6740355], [85.2821536, 27.6740698], [85.2821342, 27.6741022], [85.2821062, 27.6741099], [85.2820718, 27.674127], [85.2820567, 27.6741442], [85.2820363, 27.6742628], [85.2820363, 27.6743491], [85.2820424, 27.6744247], [85.2820424, 27.6744894], [85.2819936, 27.6745433], [85.2819004, 27.6745637], [85.2818472, 27.6745811], [85.2817881, 27.6746141], [85.2817341, 27.6746599], [85.2817092, 27.6746903], [85.2816844, 27.6747385], [85.2816672, 27.6748015], [85.281693, 27.6748968], [85.2817115, 27.6749517], [85.2817252, 27.6749814], [85.2817465, 27.675011], [85.2817678, 27.675034], [85.2818013, 27.6750623], [85.2818424, 27.6750758], [85.2818744, 27.6750852], [85.2818957, 27.6750987], [85.2819231, 27.6751068], [85.2819551, 27.6751189], [85.2819901, 27.675154], [85.2820297, 27.675189], [85.2820754, 27.675216], [85.2821119, 27.6752484], [85.2821728, 27.675278], [85.2822185, 27.675305], [85.2822703, 27.6753266], [85.2823129, 27.6753481], [85.2823738, 27.675367], [85.2824195, 27.6753832], [85.2824454, 27.6753859], [85.2824743, 27.6753751], [85.2824835, 27.6753589], [85.2824895, 27.6753468], [85.2825017, 27.675336], [85.28252, 27.6753293], [85.2825428, 27.6753347], [85.2825626, 27.67534], [85.28259, 27.6753306], [85.2826235, 27.675305], [85.2826327, 27.6752821], [85.2826388, 27.6752645], [85.2826403, 27.6752389], [85.2826357, 27.6752079], [85.2826433, 27.6751769], [85.2826677, 27.6751445], [85.2827179, 27.6750973], [85.2827728, 27.6750501], [85.2827865, 27.6750326], [85.2827971, 27.6750232], [85.2828093, 27.6750097], [85.2828291, 27.675007], [85.2828672, 27.6750002], [85.2829506, 27.6749862], [85.2830238, 27.6749633], [85.2831186, 27.6749366], [85.2832478, 27.6748985], [85.2833641, 27.6748565], [85.2834416, 27.6748146], [85.2834717, 27.6747765], [85.2834847, 27.6747345], [85.2835277, 27.6746925], [85.2835191, 27.6746353], [85.2835191, 27.6746029], [85.2835191, 27.6745762], [85.2835191, 27.6745495], [85.2835342, 27.6745171], [85.2835622, 27.6744771], [85.2835859, 27.6744389], [85.2836031, 27.6744198], [85.2836677, 27.6744046], [85.2837194, 27.6743722], [85.2837474, 27.6743493], [85.2837581, 27.6743245], [85.2837624, 27.6743054], [85.2837754, 27.6742768], [85.2837818, 27.6742558], [85.2838292, 27.6742425], [85.2838787, 27.6742311], [85.2839304, 27.674212], [85.2839799, 27.6741796], [85.2839941, 27.6741371], [85.2840157, 27.6740952], [85.2840803, 27.6740608], [85.2841836, 27.6740227], [85.2843387, 27.6740036], [85.2844205, 27.6739998], [85.2844765, 27.6739998], [85.2845411, 27.6739426], [85.2845842, 27.6739007], [85.2846272, 27.6738587], [85.2846358, 27.6738091], [85.2846617, 27.673771], [85.2847392, 27.6737328], [85.2848598, 27.6737023], [85.2849373, 27.6736718], [85.2849674, 27.6736375], [85.2850234, 27.6735765], [85.2850708, 27.6735421], [85.2851096, 27.6734964], [85.2851268, 27.6734544], [85.2851268, 27.6733972], [85.2851483, 27.6733324], [85.2851742, 27.673279], [85.2852, 27.6732485], [85.2852732, 27.6732294], [85.2853852, 27.6732256], [85.2854627, 27.673218], [85.2855531, 27.6732103], [85.2856436, 27.6731913], [85.2857168, 27.6731455], [85.2857297, 27.6730883], [85.2857211, 27.6730349], [85.2857469, 27.67297], [85.2858331, 27.6729281], [85.2862791, 27.6726776]], [[85.2767211, 27.6741374], [85.2768072, 27.6741107], [85.2768675, 27.6740916], [85.2769235, 27.6740649], [85.2769666, 27.6740306], [85.277014, 27.6739887], [85.2770915, 27.6739429], [85.2771647, 27.6738742], [85.2772293, 27.6738247], [85.2772896, 27.6737713], [85.2773585, 27.6737636], [85.2773843, 27.6738132], [85.2774403, 27.6738781], [85.2774963, 27.6739353], [85.2775394, 27.6740115], [85.2776126, 27.6740115], [85.2776858, 27.6739925], [85.2777504, 27.6739658], [85.2778451, 27.6739315], [85.2779399, 27.6739276], [85.278026, 27.6739276], [85.2781078, 27.6739009], [85.2781251, 27.6738514], [85.2781208, 27.6737713], [85.2781509, 27.6736988], [85.278194, 27.6736492], [85.2782413, 27.6736721], [85.2783662, 27.6736225]]]}}, {"type": "Feature", "properties": {"name": "Tukucha Khola", "waterway": "river", "id": 905751177, "type": "river"}, "geometry": {"type": "MultiLineString", "coordinates": [[[85.3161634, 27.6918928], [85.315997, 27.6917688]], [[85.315997, 27.6917688], [85.3155794, 27.6915523], [85.3151049, 27.6913399], [85.3144143, 27.6911025], [85.3142908, 27.6910262]], [[85.3218933, 27.7137833], [85.3217407, 27.7103654], [85.3218533, 27.7103132], [85.3216797, 27.7097729], [85.3216558, 27.7095304], [85.3216676, 27.7093942], [85.3216444, 27.7092235], [85.3217182, 27.7087759], [85.3216881, 27.7084541], [85.3217275, 27.7080836], [85.3215935, 27.7078118], [85.3217041, 27.7071843], [85.3218764, 27.7067099], [85.3219791, 27.7062647], [85.3220163, 27.7060205], [85.3220789, 27.7057275], [85.3222063, 27.7053724], [85.322258, 27.7052436], [85.3222453, 27.7050865], [85.3219943, 27.7044177], [85.3218996, 27.7043439], [85.3218638, 27.7040607], [85.3215165, 27.7031618], [85.3214306, 27.7028721], [85.3212858, 27.7026156], [85.3212357, 27.7024215], [85.3211624, 27.7022452], [85.3210138, 27.7018605], [85.3209481, 27.7016943], [85.3207762, 27.7012858], [85.3202397, 27.6998276], [85.3192765, 27.6971692], [85.3187565, 27.6958925], [85.3183161, 27.6946279], [85.3178418, 27.6935059], [85.317716, 27.6933514], [85.3175468, 27.6932067], [85.3173163, 27.692983], [85.3172596, 27.6929499], [85.3172145, 27.6929062], [85.3171357, 27.6928015], [85.3171017, 27.6926844], [85.3170839, 27.692576], [85.3170103, 27.6924042], [85.3169881, 27.692373], [85.3169246, 27.6923226], [85.3164562, 27.6920266], [85.316388, 27.6919964], [85.3161634, 27.6918928]]]}}, {"type": "Feature", "properties": {"waterway": "stream", "id": 276796894}, "geometry": {"type": "LineString", "coordinates": [[85.335898, 27.6432128], [85.335825, 27.6434067], [85.3356244, 27.6435651], [85.3354273, 27.643591], [85.3353288, 27.6435877], [85.3352595, 27.6436071], [85.3352595, 27.643675], [85.3352193, 27.6437332], [85.3351318, 27.6437623], [85.3350916, 27.6438269], [85.334953, 27.6440402], [85.3349749, 27.6440661], [85.3350916, 27.6441986], [85.3353762, 27.6443958], [85.3354346, 27.644454], [85.3355441, 27.6447966], [85.3354419, 27.6449517], [85.335358, 27.6449647], [85.3353232, 27.6450719], [85.3353069, 27.6451194]]}}, {"type": "Feature", "properties": {"name": "Hanumante", "waterway": "river", "id": 5209634, "type": "river"}, "geometry": {"type": "MultiLineString", "coordinates": [[[85.4070094, 27.676546], [85.4069852, 27.676719], [85.4069663, 27.6768641], [85.4069603, 27.6769782], [85.4069666, 27.6771125], [85.4069836, 27.6771904], [85.4069271, 27.6773464], [85.4068784, 27.6774463], [85.4068182, 27.6775216], [85.4067467, 27.6775633], [85.4066059, 27.6775612], [85.4062744, 27.6776487], [85.4060926, 27.6777504], [85.4054468, 27.6780046], [85.4052814, 27.678053], [85.405082, 27.6780902], [85.404896, 27.6781215], [85.4047072, 27.6781142], [85.4045526, 27.6780747], [85.4044316, 27.6780372], [85.4038382, 27.6777342], [85.4036137, 27.6776504], [85.4032976, 27.6775538], [85.4030964, 27.6774609], [85.4029153, 27.6773423], [85.4026917, 27.6771761], [85.4025569, 27.6770524], [85.4024638, 27.6769246], [85.4023135, 27.6767492], [85.4022117, 27.6766449], [85.4019227, 27.6763037], [85.4015865, 27.6759062], [85.4013096, 27.6756007], [85.4009424, 27.6751459], [85.4006888, 27.6749013], [85.4003543, 27.6745575], [85.4001649, 27.6744096], [85.4000087, 27.6742824], [85.3998745, 27.6741207], [85.3994935, 27.6735896], [85.3991635, 27.6732839], [85.3989474, 27.6731797], [85.3987963, 27.6731415], [85.3986558, 27.6731281], [85.3976133, 27.6731739], [85.3974829, 27.6731708], [85.397177, 27.6731179], [85.3969056, 27.6730503], [85.3967886, 27.673033], [85.3964891, 27.6730441], [85.3957347, 27.6729995], [85.3954163, 27.6729225], [85.3952635, 27.6728427], [85.3950832, 27.6726703], [85.3949739, 27.6725099], [85.3947009, 27.6722], [85.3946041, 27.672033], [85.3943813, 27.6714582], [85.3941031, 27.6708316], [85.3940311, 27.6707086], [85.3938976, 27.6704807], [85.3932032, 27.6700573], [85.3928231, 27.6699369], [85.3924839, 27.6700684], [85.392092, 27.670455], [85.3917432, 27.6705474], [85.3913566, 27.6706036], [85.3904553, 27.6708088], [85.3896346, 27.6708522], [85.3894855, 27.6708316], [85.3885133, 27.6704926], [85.3882037, 27.6704595], [85.3880184, 27.6704585], [85.3879768, 27.6704622], [85.3878084, 27.6705005], [85.387688, 27.6705296], [85.3872222, 27.6706162], [85.3865489, 27.6707584], [85.3861487, 27.6708941], [85.3859421, 27.6709834], [85.3851768, 27.6712421], [85.3843356, 27.671569], [85.3831449, 27.6720842], [85.3827909, 27.6722105], [85.3825637, 27.6722567], [85.3823738, 27.6722506], [85.3821942, 27.6722185], [85.3821101, 27.6721918], [85.3820272, 27.6721488], [85.3819711, 27.672104], [85.3818831, 27.6720347], [85.3818136, 27.6719581], [85.3816577, 27.6717048], [85.3814992, 27.6714165], [85.3814393, 27.6712846], [85.3814158, 27.6711717], [85.3813645, 27.6710215], [85.3812291, 27.6707715], [85.3811408, 27.6706883], [85.3810195, 27.6706284], [85.3804558, 27.6704544], [85.3803064, 27.6703773], [85.3801365, 27.6702661], [85.3799882, 27.6701164], [85.3797352, 27.6696697], [85.379591, 27.669494], [85.3794856, 27.6694587], [85.3793783, 27.66948], [85.3791232, 27.6696083], [85.3789507, 27.6697545], [85.3787159, 27.6699052], [85.3785503, 27.6700537], [85.378281, 27.6702036], [85.3778742, 27.6705637], [85.3775784, 27.6708681], [85.3774975, 27.670985], [85.3774413, 27.6710636], [85.3774224, 27.6711366], [85.3774246, 27.6712724], [85.3774728, 27.6713817], [85.3774856, 27.6715234], [85.377457, 27.6715881], [85.3774182, 27.6716443], [85.3773193, 27.6716907], [85.3772221, 27.6717108], [85.3770993, 27.6717164], [85.3769683, 27.6717015], [85.3767304, 27.6716357], [85.3763526, 27.671498], [85.3756821, 27.671163], [85.3755295, 27.6711084], [85.3754112, 27.6710882], [85.3752959, 27.6710879], [85.3748881, 27.6711255], [85.3747418, 27.6711656], [85.3742967, 27.6713263]], [[85.3643452, 27.672779], [85.3642154, 27.6726902], [85.363837, 27.6723648], [85.3637721, 27.672247], [85.3637504, 27.6721499], [85.3637276, 27.6720179], [85.3636953, 27.6715823], [85.3637249, 27.6712742], [85.3637533, 27.6710319], [85.3638002, 27.6708706], [85.3638598, 27.6707134], [85.3639123, 27.670541], [85.3639469, 27.6704207], [85.3639435, 27.6703252], [85.3639055, 27.6702002], [85.3638282, 27.6700233], [85.3637627, 27.6699115], [85.3636748, 27.6698174], [85.3636032, 27.6697725], [85.3635053, 27.6697329], [85.3633054, 27.6696736], [85.3629777, 27.6695836], [85.3625769, 27.6695023], [85.3623956, 27.6694808], [85.3622218, 27.6694251], [85.361851, 27.6692946], [85.3612187, 27.6691771], [85.360729, 27.6691982]], [[85.4308779, 27.6690679], [85.4307996, 27.6690475], [85.4307255, 27.6689821], [85.4305209, 27.6686598], [85.4304147, 27.6684321], [85.4303356, 27.6679318], [85.4301966, 27.6676233], [85.430045, 27.6674305], [85.4299155, 27.6673021], [85.4298243, 27.6672332], [85.4296915, 27.6671489], [85.4295105, 27.6670717], [85.4294005, 27.6670491], [85.4292235, 27.6670574], [85.4291028, 27.6670729], [85.4288466, 27.6671394], [85.4285972, 27.6672427], [85.4280889, 27.6675397], [85.4279307, 27.6676311], [85.4275055, 27.6678164], [85.4271018, 27.6680183], [85.426729, 27.6681751], [85.4264219, 27.6683153], [85.426265, 27.6683675], [85.4261363, 27.6683865], [85.426033, 27.6683925], [85.4257436, 27.6683702], [85.4253657, 27.6683052], [85.424921, 27.6681728], [85.4245547, 27.6680481], [85.424329, 27.668003], [85.4239998, 27.6680191], [85.423583, 27.668152], [85.423071, 27.6682469], [85.4228583, 27.6682463], [85.4226879, 27.6681795], [85.422537, 27.6680816], [85.422445, 27.6679754], [85.4224242, 27.6678335], [85.422461, 27.6676216], [85.4225304, 27.6675191], [85.4225166, 27.6674073], [85.4224016, 27.6673502], [85.4222344, 27.667324], [85.4218638, 27.6673484], [85.4215118, 27.66733], [85.4213384, 27.6673186], [85.4211837, 27.6672432], [85.4208837, 27.6670495], [85.4207085, 27.6670305], [85.4205116, 27.6670858], [85.4203048, 27.6672597], [85.4201381, 27.6674812], [85.4200268, 27.6676043], [85.4197785, 27.6677978], [85.419645, 27.6678518], [85.419427, 27.6678619], [85.4189651, 27.6678175], [85.4187996, 27.6678265], [85.4186363, 27.6679095], [85.4185132, 27.6680448], [85.4183773, 27.668214], [85.4182924, 27.6683736], [85.4181468, 27.6684701], [85.4178818, 27.6686176], [85.4175242, 27.6687803], [85.41709, 27.668883], [85.4166852, 27.6689311], [85.416424, 27.6690014], [85.4162429, 27.6691175], [85.4161649, 27.669373], [85.4160721, 27.6695686], [85.4158505, 27.6696468], [85.4154796, 27.6696195], [85.4151467, 27.6695319], [85.4147441, 27.6695214], [85.4140392, 27.6695912], [85.4138078, 27.6696468], [85.4136422, 27.6697659], [85.4135033, 27.6699754], [85.4133926, 27.6702394], [85.4134172, 27.6704975], [85.4134129, 27.6707643], [85.4132069, 27.6708631], [85.412413, 27.6707318], [85.4121756, 27.6707973], [85.4120241, 27.6709209], [85.4119302, 27.6711004], [85.4119324, 27.6714573], [85.4120257, 27.6718593], [85.4119997, 27.672019], [85.4118118, 27.6720509], [85.411577, 27.6720472], [85.4110401, 27.6718736], [85.410891, 27.6717741], [85.4108004, 27.6717328], [85.4107099, 27.6717358], [85.4105776, 27.6717916], [85.4105295, 27.6718109], [85.4104599, 27.6719162], [85.410378, 27.6719987], [85.4102893, 27.6720606], [85.4101953, 27.6721022], [85.4101197, 27.6721693], [85.4098037, 27.6725349], [85.4096594, 27.6728874], [85.4095554, 27.6729745], [85.4094138, 27.6730349], [85.4092715, 27.6730664], [85.4090449, 27.6731049], [85.4088348, 27.6731374], [85.4086893, 27.6731767], [85.4085639, 27.6732296], [85.4084474, 27.6732919], [85.4083528, 27.6733634], [85.4082226, 27.6735035], [85.4080723, 27.6737694], [85.4079876, 27.6739099], [85.4078467, 27.6741644], [85.407781, 27.6742904], [85.4077696, 27.6744398], [85.4077865, 27.6745283], [85.4077853, 27.6746506], [85.4077641, 27.6747985], [85.4077278, 27.6749716], [85.4076721, 27.6751791], [85.4075562, 27.6753681], [85.4074331, 27.675565], [85.4073141, 27.6757211], [85.4071799, 27.6759301], [85.4070859, 27.6761994], [85.4070094, 27.676546]], [[85.4258623, 27.6791342], [85.42547, 27.6790199], [85.4248951, 27.6790559], [85.4246399, 27.6790395], [85.4243283, 27.6789661], [85.4239468, 27.678954], [85.4235355, 27.6789132], [85.4231389, 27.6788095], [85.4228656, 27.6786798], [85.4225671, 27.6785441]], [[85.3742967, 27.6713263], [85.3741872, 27.671384], [85.374074, 27.6714392], [85.3739496, 27.6714469], [85.3738427, 27.6714074], [85.3734677, 27.6711328], [85.3732984, 27.671077], [85.3731751, 27.6710652], [85.3730439, 27.6710844], [85.3728322, 27.6711411], [85.3725824, 27.6711958], [85.3724875, 27.6711974], [85.3722304, 27.671132], [85.3720843, 27.671122], [85.3718455, 27.6711319], [85.3716622, 27.6711314], [85.3715136, 27.6710899], [85.37135, 27.6710434], [85.3712137, 27.6710333], [85.3710796, 27.6710497], [85.370975, 27.6710803], [85.3704435, 27.6713219], [85.3703398, 27.6713632], [85.3702771, 27.6713667], [85.3702159, 27.6713438], [85.3698419, 27.6711761], [85.3697765, 27.6711093], [85.3697165, 27.6710501], [85.3695055, 27.6709103], [85.3692488, 27.6707991], [85.3691241, 27.6707858], [85.3689686, 27.6707967], [85.3685662, 27.6708516], [85.3680621, 27.6709306], [85.3677557, 27.6709939], [85.3675565, 27.6710504], [85.3673794, 27.6711109], [85.3672218, 27.6711735], [85.3668629, 27.6713529], [85.3665839, 27.671489], [85.3664812, 27.6715349], [85.3664202, 27.6715821], [85.3662771, 27.6717289], [85.3661422, 27.671852], [85.3660072, 27.6719449], [85.3658485, 27.6720942], [85.3656757, 27.6723009], [85.3655741, 27.6725262], [85.365531, 27.6725901], [85.3652932, 27.6728439], [85.3651804, 27.6729197], [85.3650889, 27.6729605], [85.3649758, 27.672992], [85.3648863, 27.6729902], [85.3645718, 27.6728989], [85.3643452, 27.672779]], [[85.360729, 27.6691982], [85.360394, 27.6692522], [85.3601309, 27.6692807], [85.3596991, 27.6692956], [85.3594421, 27.6692932], [85.3592786, 27.6692552], [85.3590058, 27.6691409], [85.3583777, 27.6688125], [85.3582017, 27.6687613], [85.3579148, 27.6687393], [85.3574629, 27.6686589], [85.3553265, 27.6678431], [85.3551111, 27.6678457], [85.3547176, 27.6679293], [85.354324, 27.6679706], [85.3539349, 27.6680224], [85.3533095, 27.668077], [85.3528094, 27.6680345], [85.3519774, 27.6680573]], [[85.3792024, 27.669538], [85.3791232, 27.6696083], [85.3789507, 27.6697545], [85.3787159, 27.6699052], [85.3785503, 27.6700537], [85.378281, 27.6702036], [85.3778742, 27.6705637], [85.3775784, 27.6708681], [85.3774975, 27.670985], [85.3774413, 27.6710636], [85.3774224, 27.6711366], [85.3774246, 27.6712724], [85.3774728, 27.6713817], [85.3774856, 27.6715234], [85.377457, 27.6715881], [85.3774182, 27.6716443], [85.3772159, 27.6717361], [85.3768936, 27.6717105], [85.3766432, 27.6716257], [85.3763909, 27.6715385], [85.375648, 27.671177], [85.3754592, 27.6711307], [85.3753212, 27.6711145], [85.3749128, 27.6711539], [85.3746383, 27.6712288], [85.3743035, 27.6713805], [85.3740712, 27.6714792], [85.3739176, 27.6714798], [85.3736907, 27.6713503], [85.373331, 27.6711229], [85.3731435, 27.6711226], [85.3725824, 27.6711958], [85.3724875, 27.6711974], [85.3722304, 27.671132], [85.3720843, 27.671122], [85.3718455, 27.6711319], [85.3716622, 27.6711314], [85.3715136, 27.6710899], [85.37135, 27.6710434], [85.3712137, 27.6710333], [85.3710796, 27.6710497], [85.370975, 27.6710803], [85.3704435, 27.6713219], [85.3703398, 27.6713632], [85.3702771, 27.6713667], [85.3702159, 27.6713438], [85.3698419, 27.6711761], [85.3697765, 27.6711093], [85.3697165, 27.6710501], [85.3695055, 27.6709103], [85.3692488, 27.6707991], [85.3691241, 27.6707858], [85.3689686, 27.6707967], [85.3685662, 27.6708516], [85.3680621, 27.6709306], [85.3677557, 27.6709939], [85.3675565, 27.6710504], [85.3673794, 27.6711109], [85.3672218, 27.6711735], [85.3668629, 27.6713529], [85.3665839, 27.671489], [85.3664812, 27.6715349], [85.3664202, 27.6715821], [85.3662771, 27.6717289], [85.3661422, 27.671852], [85.3660072, 27.6719449], [85.3658485, 27.6720942], [85.3656757, 27.6723009], [85.3655741, 27.6725262], [85.365531, 27.6725901], [85.3652932, 27.6728439], [85.3651804, 27.6729197], [85.3650889, 27.6729605], [85.3649758, 27.672992], [85.3648863, 27.6729902], [85.3645718, 27.6728989], [85.3643452, 27.672779], [85.3642154, 27.6726902], [85.363837, 27.6723648], [85.3637721, 27.672247], [85.3637504, 27.6721499], [85.3637276, 27.6720179], [85.3636953, 27.6715823], [85.3637249, 27.6712742], [85.3637533, 27.6710319], [85.3638002, 27.6708706], [85.3638598, 27.6707134], [85.3639123, 27.670541], [85.3639469, 27.6704207], [85.3639435, 27.6703252], [85.3639055, 27.6702002], [85.3638282, 27.6700233], [85.3637627, 27.6699115], [85.3636748, 27.6698174], [85.3636032, 27.6697725], [85.3635053, 27.6697329], [85.3633054, 27.6696736], [85.3629777, 27.6695836], [85.3625769, 27.6695023], [85.3623956, 27.6694808], [85.3622218, 27.6694251], [85.361851, 27.6692946], [85.3612187, 27.6691771], [85.360723, 27.669094]], [[85.3857065, 27.6710742], [85.3851768, 27.6712421], [85.3843356, 27.671569], [85.3831449, 27.6720842], [85.3827909, 27.6722105], [85.3825637, 27.6722567], [85.3823738, 27.6722506], [85.3821942, 27.6722185], [85.3821101, 27.6721918], [85.3820272, 27.6721488], [85.3819711, 27.672104], [85.3818831, 27.6720347], [85.3818136, 27.6719581], [85.3816577, 27.6717048], [85.3814992, 27.6714165], [85.3814393, 27.6712846], [85.3814158, 27.6711717], [85.3813645, 27.6710215], [85.3812291, 27.6707715], [85.3811408, 27.6706883], [85.3810195, 27.6706284], [85.3804558, 27.6704544], [85.3803064, 27.6703773], [85.3801365, 27.6702661], [85.3799882, 27.6701164], [85.3797352, 27.6696697], [85.379591, 27.669494], [85.3794856, 27.6694587], [85.3793783, 27.66948], [85.3792024, 27.669538]], [[85.4088231, 27.6776048], [85.4085055, 27.6774756], [85.4082478, 27.6773587], [85.4081054, 27.6773636], [85.4080096, 27.6773502], [85.4078242, 27.67734], [85.407661, 27.6773312], [85.4074442, 27.6772996], [85.4072835, 27.6772652], [85.4071587, 27.6772341], [85.4070687, 27.6772135], [85.4069836, 27.6771904]], [[85.434559, 27.669306], [85.4344812, 27.6693117], [85.4344021, 27.6693091], [85.4342449, 27.6692769], [85.4339494, 27.669166], [85.4328707, 27.6688913], [85.4324512, 27.6688012], [85.4320223, 27.6687551], [85.4318656, 27.6687583], [85.4316073, 27.6688299], [85.4309688, 27.6690567], [85.4308779, 27.6690679]], [[85.4487063, 27.6758098], [85.4486653, 27.6756931], [85.4487557, 27.6753906], [85.4488308, 27.6750106], [85.4487665, 27.674583], [85.4485701, 27.6744258], [85.4483373, 27.674355], [85.4480981, 27.6742262], [85.4479725, 27.6740889], [85.4479725, 27.6739179], [85.4479344, 27.6736442], [85.447868, 27.6733787], [85.4475226, 27.672901], [85.4476475, 27.672649], [85.4475697, 27.6725349], [85.4473127, 27.672563], [85.4469394, 27.672611], [85.4466067, 27.6726525], [85.4462098, 27.6728342], [85.4460945, 27.6730432], [85.4459603, 27.6732322], [85.4457109, 27.6734138], [85.4454252, 27.6735896], [85.4451101, 27.6736681], [85.4448526, 27.6737655], [85.4448646, 27.6738949], [85.4448579, 27.6740184], [85.4447547, 27.6740896], [85.4445576, 27.6741454], [85.4442866, 27.6741633], [85.4440117, 27.6741502], [85.4437507, 27.6740699], [85.4435424, 27.6739091], [85.4434664, 27.6736697], [85.443482, 27.6733545], [85.44349, 27.672985], [85.4435048, 27.6725908], [85.4435557, 27.6724827], [85.4437113, 27.672396], [85.4440037, 27.6723544], [85.4442256, 27.6723449], [85.4443966, 27.6722582], [85.4445388, 27.6721098], [85.4445889, 27.6718632], [85.4447037, 27.6716454], [85.4448492, 27.6714962], [85.4448164, 27.6713627], [85.4447252, 27.6711999], [85.4448177, 27.6710704], [85.4450087, 27.671027], [85.4451104, 27.6709092], [85.4452402, 27.670751], [85.4452938, 27.6705147], [85.4453079, 27.6703133], [85.4453367, 27.6701037], [85.4452903, 27.6699296], [85.4451798, 27.6697509], [85.4450436, 27.6696231], [85.4448593, 27.6695063], [85.4446756, 27.6692984], [85.4444535, 27.669167], [85.4441914, 27.6690834], [85.4439867, 27.6689069], [85.4437716, 27.6688012], [85.4434418, 27.668597], [85.4433076, 27.6684497], [85.4432835, 27.6683095], [85.4432969, 27.6680554], [85.4433086, 27.667936], [85.4432801, 27.6677739], [85.4430984, 27.6675945], [85.4428946, 27.6675185], [85.4426505, 27.6675114], [85.4422889, 27.6675935], [85.4420555, 27.6675626], [85.4418324, 27.667566], [85.4416071, 27.6676515], [85.4414065, 27.6678309], [85.4411605, 27.6681207], [85.4409581, 27.6683166], [85.4407234, 27.6684078], [85.4405115, 27.6684033], [85.4402467, 27.6683927], [85.4400086, 27.6683607], [85.4398722, 27.6683581], [85.4397624, 27.66839], [85.4396531, 27.6684814], [85.4395632, 27.6685759], [85.4394925, 27.668678], [85.4394035, 27.6688004], [85.4392748, 27.6689557], [85.4392052, 27.6690641], [85.4391357, 27.6691753], [85.4390389, 27.6693378], [85.4389249, 27.6694519], [85.4387371, 27.6695588], [85.4385553, 27.6696196], [85.4383059, 27.6696481], [85.4380001, 27.669673], [85.4378252, 27.6696752], [85.4376683, 27.669649], [85.4374523, 27.6696027], [85.4372632, 27.6695434], [85.4370822, 27.6694685], [85.4369468, 27.6694162], [85.4368557, 27.6694213], [85.4367931, 27.669439], [85.4367464, 27.6694537], [85.436659, 27.6695044], [85.4366274, 27.6695689], [85.4366161, 27.6696659], [85.4365996, 27.6698029], [85.436586, 27.6699996], [85.4365701, 27.6701726], [85.4365577, 27.670398], [85.4365824, 27.6705945], [85.4365305, 27.6707115], [85.4364292, 27.6708065], [85.4363179, 27.6708873], [85.4362124, 27.67092], [85.4360347, 27.6709626], [85.4357931, 27.6709915], [85.4356156, 27.6709581], [85.4354587, 27.6708821], [85.4353528, 27.6707705], [85.4352334, 27.6706241], [85.4351958, 27.6704864], [85.4351086, 27.6702144], [85.4349573, 27.6698824], [85.4348779, 27.669808], [85.434712, 27.6696861], [85.434559, 27.669306]], [[85.4421543, 27.6647296], [85.4420363, 27.6650051], [85.4420899, 27.665618], [85.4422723, 27.6663069], [85.4422629, 27.6668932], [85.4421776, 27.6670388], [85.4419054, 27.6672381], [85.4415803, 27.6673617], [85.4409473, 27.6677037], [85.440148, 27.6678225], [85.4399602, 27.6679318], [85.4396545, 27.6682121], [85.4394967, 27.6684021], [85.4392996, 27.668588], [85.4391668, 27.6686551], [85.4389804, 27.668692], [85.4386009, 27.6686967], [85.438433, 27.6687694], [85.4380697, 27.6688149], [85.4376501, 27.668782], [85.4372539, 27.6688478], [85.4371607, 27.6689182], [85.4370675, 27.6690433], [85.4370058, 27.6691573], [85.4368918, 27.669225], [85.4365367, 27.6692542], [85.436289, 27.6692578], [85.4360493, 27.6692234], [85.4358379, 27.6691614], [85.4356907, 27.6689436], [85.4355277, 27.6687777], [85.435136, 27.6686981], [85.4347296, 27.6687154], [85.4346867, 27.6687494], [85.4346652, 27.6688547], [85.4346719, 27.6691002], [85.4346624, 27.6691723], [85.4346369, 27.6692182], [85.434559, 27.669306]]]}}, {"type": "Feature", "properties": {"name": "Godawari Khola", "waterway": "river", "id": 339705639, "type": "river"}, "geometry": {"type": "LineString", "coordinates": [[85.3774139, 27.5989239], [85.3773616, 27.5990939], [85.3772181, 27.5993565], [85.3770263, 27.6000114], [85.3767957, 27.5999496], [85.3766936, 27.6001052], [85.3760423, 27.5997581], [85.3753297, 27.5996672], [85.3747237, 27.5997764], [85.3745683, 27.5997669], [85.3740495, 27.5999376], [85.3738679, 27.6001553], [85.3735995, 27.6007596], [85.3731532, 27.6010169], [85.3727585, 27.6013105], [85.3723278, 27.6015508], [85.3721088, 27.6016728], [85.3717514, 27.6018518], [85.3717091, 27.6020748], [85.3716867, 27.6023843], [85.3716352, 27.6024755], [85.3714919, 27.6025744], [85.3713526, 27.6026463], [85.3712832, 27.6027632], [85.371156, 27.6034156], [85.3708339, 27.6037188], [85.3704642, 27.6042353], [85.370251, 27.6046216], [85.3698454, 27.6050714], [85.3692395, 27.60546], [85.3690737, 27.6056221], [85.3687713, 27.6057296], [85.3684825, 27.6058425], [85.3682977, 27.6060133], [85.3678962, 27.606384], [85.3676455, 27.6064822], [85.367407, 27.606485], [85.3671624, 27.6063996], [85.3670076, 27.6063176], [85.3668612, 27.6062099], [85.3668265, 27.6061921], [85.3667848, 27.606194], [85.3666678, 27.6062355], [85.366428, 27.6063476], [85.3662221, 27.6064174], [85.3661069, 27.6065532], [85.3659389, 27.6067827], [85.3657927, 27.6068596], [85.3654568, 27.6070078], [85.3652707, 27.6071853], [85.3651439, 27.6072875], [85.3650079, 27.6073801], [85.3647082, 27.6075152], [85.3644853, 27.6075804], [85.3643295, 27.6075897], [85.3642567, 27.6075877], [85.3641039, 27.6075366], [85.363951, 27.6075053], [85.3637708, 27.6075363], [85.363574, 27.6076458], [85.3633375, 27.6078589], [85.3630478, 27.6079915], [85.3627914, 27.6081099], [85.3627577, 27.6081884], [85.362705, 27.6085466], [85.3625986, 27.6089726], [85.3625986, 27.6090354], [85.3625986, 27.610142], [85.3625094, 27.6105499], [85.3622435, 27.6110524], [85.3615602, 27.6113002], [85.3609012, 27.6113809], [85.3607429, 27.6115119], [85.3608013, 27.6117613], [85.361419, 27.6126226], [85.3613339, 27.6127948], [85.3600705, 27.6135336], [85.3596095, 27.6139493], [85.359532, 27.6142154], [85.3596479, 27.6146493], [85.3595035, 27.6147962], [85.3591065, 27.6149959], [85.3587846, 27.6153238], [85.3583768, 27.6155187], [85.3582285, 27.615779], [85.3582586, 27.615919], [85.3583893, 27.6160977], [85.3581245, 27.6164982], [85.3578992, 27.6172446], [85.3577543, 27.6175203], [85.3577972, 27.6178532], [85.3577385, 27.6179998], [85.3575463, 27.6180281], [85.3572564, 27.6178712], [85.357134, 27.6179463], [85.3572124, 27.6182097], [85.3571184, 27.6184684], [85.356859, 27.6184083], [85.3568157, 27.6185759], [85.3569199, 27.618784], [85.3572833, 27.6188191], [85.3579989, 27.6186986], [85.3585811, 27.6187429], [85.3587382, 27.618836], [85.358752, 27.6190128], [85.3584839, 27.619607], [85.3584732, 27.6199491], [85.3582857, 27.6202338], [85.3579268, 27.6203335], [85.3575726, 27.6203478], [85.3574486, 27.620429], [85.3574139, 27.6208349], [85.3574024, 27.6209691], [85.3570866, 27.621138], [85.356597, 27.6211465], [85.356276, 27.6212636], [85.3562481, 27.6213625], [85.3562437, 27.6213783], [85.3562705, 27.621672], [85.3562796, 27.6217721], [85.3562973, 27.6219674], [85.3559866, 27.6222047], [85.3554074, 27.6225469], [85.3542378, 27.6230031], [85.3539614, 27.6232072], [85.3535798, 27.6237588], [85.3534736, 27.6242191], [85.3532955, 27.6242952], [85.3527373, 27.623927], [85.3524337, 27.6238913], [85.3523631, 27.6240693], [85.3522739, 27.6247066], [85.3525752, 27.6246589], [85.3527018, 27.6247603], [85.3528106, 27.624915], [85.352993, 27.6254], [85.3533693, 27.6256095], [85.3536149, 27.6254924], [85.3539363, 27.625426], [85.3541709, 27.625511], [85.3540538, 27.6256524], [85.3538609, 27.6256808], [85.3535617, 27.6258836], [85.3533928, 27.6261045], [85.3527123, 27.6263842], [85.352527, 27.626684], [85.3525155, 27.6268514], [85.3527283, 27.6277495], [85.352962, 27.6279256], [85.3534036, 27.6280461], [85.3535825, 27.6281919], [85.3536506, 27.6283808], [85.3531406, 27.6287899], [85.3529454, 27.6291007], [85.3527811, 27.6295767], [85.3525274, 27.6299035], [85.3521954, 27.629977], [85.3519102, 27.6298803], [85.3518538, 27.6299109], [85.3517912, 27.6304778], [85.3520014, 27.6308885], [85.3521598, 27.6311169], [85.3525796, 27.6312343], [85.3531502, 27.6315906], [85.3532979, 27.6316948], [85.3533161, 27.6319607], [85.3534084, 27.6327181], [85.3533954, 27.6329165], [85.3534677, 27.6330632], [85.3536394, 27.6330816], [85.3538638, 27.6329318], [85.3540486, 27.6329224], [85.3541745, 27.6329612], [85.3542556, 27.6332337], [85.3543893, 27.6333536], [85.35457, 27.6333269], [85.3549721, 27.6332764], [85.3553085, 27.633284], [85.3557409, 27.6331602], [85.3566196, 27.6330512], [85.3569341, 27.6330764], [85.3581742, 27.6336409], [85.35838, 27.6337786], [85.3582962, 27.633878], [85.3582379, 27.6339614], [85.3581961, 27.6340212], [85.3581865, 27.6341209], [85.3582648, 27.6342452], [85.3585034, 27.6343806], [85.3586778, 27.6344398], [85.3588939, 27.6344581], [85.3591397, 27.6341519], [85.3592774, 27.6340598], [85.3594134, 27.6339778], [85.3597652, 27.6338781], [85.3599505, 27.6339033], [85.360167, 27.6339653], [85.3604099, 27.6340933], [85.360548, 27.6342114], [85.3606134, 27.6342985], [85.360659, 27.6344311], [85.3607025, 27.6346964], [85.3607271, 27.6348302], [85.3607292, 27.6350851], [85.360704, 27.6355723], [85.3605696, 27.635928], [85.3605832, 27.6359813], [85.3605081, 27.636224], [85.360516, 27.6363756], [85.3607762, 27.636542], [85.361216, 27.6365776], [85.3613609, 27.6366442], [85.361438, 27.6367542], [85.3614138, 27.6368492], [85.3613387, 27.636911], [85.361208, 27.6369245], [85.3610514, 27.6370123], [85.3607037, 27.6372548], [85.3605019, 27.6374504], [85.3604677, 27.6375709], [85.360518, 27.6376619], [85.360752, 27.6377776], [85.3609773, 27.6377728], [85.3610417, 27.6378204], [85.3612131, 27.6379906], [85.3611645, 27.6381374], [85.361085, 27.6382216], [85.3610805, 27.6382764], [85.3611168, 27.6383479], [85.3612418, 27.6383957], [85.3613501, 27.6382783], [85.3614605, 27.6382744], [85.3613361, 27.6386575], [85.3612563, 27.6387637], [85.3611114, 27.6386853], [85.3609129, 27.6388469], [85.360856, 27.639059], [85.3608812, 27.6391344], [85.3609827, 27.6394385], [85.3609827, 27.639707], [85.360872, 27.6398836], [85.3608586, 27.6402661], [85.3609612, 27.6405315], [85.3609317, 27.6408618], [85.3610632, 27.6411113], [85.3611644, 27.6415278], [85.3612861, 27.6416819], [85.3616822, 27.6421833], [85.3617809, 27.6422697], [85.3619753, 27.6424398], [85.3623017, 27.6427254], [85.3624588, 27.6427641], [85.3625728, 27.6429429], [85.3627188, 27.6431672], [85.3631982, 27.6432474], [85.3635301, 27.6429226], [85.3636703, 27.6428601], [85.3638764, 27.6428648], [85.3641122, 27.6431792], [85.3641959, 27.6433236], [85.3641811, 27.6436176], [85.3643889, 27.6445457], [85.3644985, 27.6447261], [85.3645592, 27.6448203], [85.3645819, 27.6449093], [85.3645801, 27.6450272], [85.3645798, 27.6450841], [85.3647587, 27.6452947], [85.3649379, 27.6454776], [85.3649466, 27.6457589], [85.3649656, 27.6459835], [85.3649895, 27.646418], [85.3650142, 27.6466929], [85.3649923, 27.6469629], [85.3650079, 27.6471609], [85.3651093, 27.6473406], [85.3651491, 27.6475344], [85.3652192, 27.6476868], [85.3652843, 27.6478171], [85.3653671, 27.647932], [85.3653903, 27.6480762], [85.3653924, 27.6481641], [85.3654595, 27.6482514], [85.3656354, 27.6483414], [85.3659524, 27.6486321], [85.36624, 27.6488997], [85.3663087, 27.6491908], [85.3661165, 27.6496957], [85.365563, 27.6501517], [85.3652777, 27.6503543], [85.3651194, 27.6504425], [85.3650191, 27.6504855], [85.3649021, 27.6504952], [85.3648153, 27.650528], [85.3647846, 27.6505884], [85.364801, 27.6506612], [85.3648485, 27.6507313], [85.3649796, 27.6508265], [85.3650069, 27.650883], [85.3650168, 27.6510294], [85.3651635, 27.6512305], [85.3653055, 27.651551], [85.3654771, 27.6518315], [85.3657245, 27.6523107], [85.365787, 27.6524968], [85.3657878, 27.6526072], [85.3657591, 27.6526964], [85.3657229, 27.6527544], [85.3656812, 27.6527917], [85.3655782, 27.6528613], [85.3654916, 27.6529415], [85.3653717, 27.6530124], [85.3652785, 27.653076], [85.3652083, 27.6531444], [85.3651366, 27.6532222], [85.3650255, 27.6532749], [85.364948, 27.653313], [85.3649162, 27.6533444], [85.3648724, 27.6535797], [85.3648814, 27.6536626], [85.3649251, 27.6538032], [85.3649447, 27.653974], [85.3649263, 27.6542524], [85.3648831, 27.6542891], [85.3647659, 27.6542995], [85.3645894, 27.654344], [85.3644568, 27.6544166], [85.3642912, 27.6545248], [85.3642266, 27.6545485], [85.3641573, 27.6545658], [85.3640795, 27.6545735], [85.363632, 27.6545285], [85.3635971, 27.6545806], [85.3635916, 27.654635], [85.3636051, 27.6546877], [85.3636687, 27.6547816], [85.3636996, 27.6548552], [85.3637135, 27.6549776], [85.3635301, 27.6554626], [85.3634771, 27.6556471], [85.3634716, 27.655722], [85.3634303, 27.6557597], [85.3631814, 27.6557516], [85.3629246, 27.6557779], [85.3628048, 27.6557504], [85.3624576, 27.6556627], [85.3623472, 27.6556516], [85.3622505, 27.6556669], [85.3619749, 27.6557788], [85.3618867, 27.6558146], [85.3618565, 27.6558708], [85.3618801, 27.6561111], [85.3619215, 27.6561649], [85.362076, 27.6562803], [85.3621107, 27.6563447], [85.3621724, 27.6565979], [85.3621909, 27.6567111], [85.3621967, 27.6568595], [85.362219, 27.6570115], [85.3622002, 27.6571013], [85.3620964, 27.6573217], [85.3620358, 27.6573892], [85.3618797, 27.6574881], [85.3618483, 27.6575449], [85.3618246, 27.6575957], [85.361816, 27.6576244], [85.3617594, 27.6576916], [85.3617238, 27.657734], [85.3616495, 27.6577789], [85.3615992, 27.6577999], [85.3614483, 27.6578545], [85.3612346, 27.6579448], [85.3612073, 27.6579683], [85.3611909, 27.6579944], [85.3611854, 27.6580266], [85.3611771, 27.6581808], [85.3611814, 27.6583366], [85.3612563, 27.6586212], [85.3613107, 27.6587655], [85.3613487, 27.6588998], [85.3613667, 27.6590079], [85.3613667, 27.6590785], [85.3614419, 27.6592606], [85.3614753, 27.6594118], [85.3614841, 27.659579], [85.3615039, 27.6596282], [85.3614983, 27.659678], [85.3614672, 27.6597811], [85.3614509, 27.6599074], [85.3614306, 27.6600461], [85.3613872, 27.6601458], [85.3612578, 27.6603681], [85.3611701, 27.6604757], [85.3610308, 27.6606402], [85.3610202, 27.6606884], [85.3610266, 27.6609016], [85.3610515, 27.6611505], [85.3609096, 27.6615699], [85.3608918, 27.6616547], [85.3609056, 27.6617536], [85.3609596, 27.6617899], [85.3611639, 27.6617518], [85.3614027, 27.6617396], [85.3614553, 27.6617831], [85.3614945, 27.6618392], [85.3614944, 27.6618799], [85.3614228, 27.6619174], [85.3614994, 27.6621147], [85.3614474, 27.6623536], [85.361327, 27.6627766], [85.3614162, 27.6630064], [85.3614586, 27.6630612], [85.3615706, 27.6630791], [85.3617718, 27.6631041], [85.3619298, 27.6631469], [85.3620521, 27.663164], [85.3621503, 27.6631508], [85.3623315, 27.6631237], [85.3624859, 27.6631276], [85.3625364, 27.6631442], [85.3625567, 27.6632323], [85.3626231, 27.6633498], [85.3627641, 27.6634732], [85.3629617, 27.6636563], [85.3630881, 27.6638], [85.3631863, 27.6639451], [85.3632686, 27.6641366], [85.3633303, 27.6642745], [85.3633572, 27.6643739], [85.3633605, 27.6647524], [85.3633309, 27.6650632], [85.3632334, 27.665298], [85.3631438, 27.66546], [85.3630124, 27.665624], [85.3628585, 27.6657443], [85.3628164, 27.6657847], [85.3627893, 27.6658288], [85.3627606, 27.6659038], [85.362755, 27.6659782], [85.3627563, 27.6660528], [85.3627688, 27.6661111], [85.3627875, 27.6661627], [85.362817, 27.6662047], [85.3628594, 27.6662762], [85.3630716, 27.6665306], [85.3630901, 27.6665783], [85.3630901, 27.6666097], [85.3630671, 27.6666486], [85.362998, 27.6667092], [85.3629225, 27.6667456], [85.3628064, 27.6667745], [85.3626956, 27.6667843], [85.3624933, 27.6667723], [85.3622834, 27.6667372], [85.3621049, 27.6667146], [85.3620201, 27.666722], [85.3619338, 27.666757], [85.3618785, 27.6668087], [85.3618645, 27.6668484], [85.3617777, 27.6671359], [85.3616775, 27.6674147], [85.361657, 27.667534], [85.3616344, 27.6676485], [85.3616147, 27.6677258], [85.3615378, 27.6678894], [85.3614251, 27.6681645], [85.3613488, 27.6683295], [85.3610882, 27.6687385], [85.3609807, 27.6688881], [85.3608872, 27.669004], [85.3607608, 27.6691491], [85.360729, 27.6691982]]}}, {"type": "Feature", "properties": {"name": "Manohara Nadi", "waterway": "river", "id": 1181523800, "type": "river"}, "geometry": {"type": "MultiLineString", "coordinates": [[[85.3519774, 27.6680573], [85.3518733, 27.6679855], [85.3517236, 27.6679362], [85.3515455, 27.6679515], [85.3510469, 27.6681191], [85.3508487, 27.6681774], [85.3506113, 27.6681948], [85.3498855, 27.6681964], [85.3493976, 27.6682324], [85.3489132, 27.6683909], [85.3483746, 27.6685954], [85.3477881, 27.6687973], [85.3474592, 27.6690547], [85.3468633, 27.6694], [85.3465027, 27.6696497], [85.3457628, 27.6704219], [85.3453304, 27.6708775], [85.3448585, 27.6712531], [85.3443685, 27.671579], [85.3438885, 27.6718526], [85.3434857, 27.6720897], [85.3427252, 27.6724787], [85.3421601, 27.6727515], [85.3416107, 27.6731503], [85.3411037, 27.6735475], [85.3407523, 27.6738273], [85.3406056, 27.6739839], [85.3405031, 27.6741478], [85.3403271, 27.6743579], [85.3400233, 27.6745906], [85.3395054, 27.6749518], [85.3393664, 27.6750514], [85.3391793, 27.675162], [85.3390594, 27.6752241], [85.3386198, 27.6754035], [85.3381209, 27.6756031], [85.3378822, 27.6756802], [85.3377384, 27.6757423], [85.3375845, 27.6758738], [85.3374928, 27.6759899], [85.3373869, 27.6761263], [85.3372291, 27.6762527], [85.336761, 27.6765923], [85.3360784, 27.6770924], [85.3357941, 27.67728], [85.3356318, 27.6773632], [85.3355218, 27.6774428], [85.335432, 27.6776137], [85.3352604, 27.677805], [85.3350873, 27.6779475], [85.334862, 27.6781125], [85.3341955, 27.6783905], [85.3333372, 27.6785924]], [[85.4009117, 27.706313], [85.4006285, 27.7063558], [85.400298, 27.7063805], [85.3997036, 27.7063064], [85.3991209, 27.7061159], [85.3987466, 27.7058072], [85.3985513, 27.7054835], [85.3985099, 27.705049], [85.398598, 27.704665], [85.3988557, 27.7043408], [85.3989844, 27.7040437], [85.3989998, 27.7036808], [85.3988678, 27.703356], [85.3985697, 27.7030152], [85.3983338, 27.7028852], [85.3981087, 27.7027996], [85.3978688, 27.7027577], [85.3976753, 27.7027697], [85.3974203, 27.7028055], [85.397219, 27.7028476], [85.3971058, 27.7028972], [85.3970141, 27.7029658], [85.3968876, 27.7032148], [85.3968611, 27.7033807], [85.3969153, 27.7034672], [85.3969954, 27.7035412], [85.3970208, 27.7036477], [85.3969954, 27.7036935], [85.3968468, 27.70372], [85.3963058, 27.7038276], [85.3960222, 27.7038697], [85.3958519, 27.7039096], [85.3955297, 27.7039185], [85.3952804, 27.7039244], [85.3949778, 27.7038944], [85.3945699, 27.7037855], [85.3944249, 27.7036017], [85.3943347, 27.7034409], [85.3942203, 27.7032341], [85.3941707, 27.7031359], [85.3941193, 27.7030693], [85.3940537, 27.7030353], [85.393988, 27.7030297], [85.3938908, 27.7030669], [85.393762, 27.703188], [85.3934397, 27.7034536], [85.3932712, 27.7035513], [85.3929885, 27.7036282], [85.3927622, 27.7036553], [85.3926341, 27.7036263], [85.3925134, 27.7035299], [85.3923648, 27.703387], [85.39221, 27.7032444], [85.3920172, 27.7030562], [85.3918825, 27.7028628], [85.3917951, 27.7026371], [85.3917526, 27.7024811], [85.3917735, 27.7016645], [85.3917616, 27.7013535], [85.3915948, 27.7002575], [85.391348, 27.6997113], [85.3910261, 27.6993028], [85.3906892, 27.6989981], [85.3902677, 27.698552], [85.390185, 27.698333], [85.390115, 27.6981164], [85.3901031, 27.6977454], [85.39013, 27.6976714], [85.390206, 27.6976078], [85.3902781, 27.6975864], [85.3903266, 27.6975812], [85.3903681, 27.6975965], [85.3905128, 27.6976815], [85.3906172, 27.697725], [85.3906948, 27.6977252], [85.3907665, 27.6977135], [85.3908937, 27.6976667], [85.3909871, 27.6976206], [85.3910605, 27.6975639], [85.3911011, 27.697489], [85.391283, 27.6971595], [85.3913571, 27.6970538], [85.3913713, 27.6970167], [85.3913826, 27.696959], [85.3913707, 27.6968183], [85.3913596, 27.6967228], [85.3913093, 27.6966265], [85.3912631, 27.6965716], [85.3911777, 27.6964898], [85.391076, 27.6964183], [85.3908992, 27.6963298], [85.3907257, 27.696301], [85.3905218, 27.6962482], [85.3902997, 27.6961577], [85.3900578, 27.6960041], [85.3896636, 27.6956408], [85.3894975, 27.6954853], [85.3893597, 27.6952714], [85.3892492, 27.6951694], [85.3891061, 27.6950934], [85.3889902, 27.6950733], [85.3888416, 27.6950905], [85.3887368, 27.6951202], [85.3886193, 27.6951674], [85.3883258, 27.6953111], [85.3881562, 27.695389], [85.3875268, 27.6955363], [85.3870583, 27.6956408], [85.386309, 27.6956107], [85.3858799, 27.6956075], [85.3855133, 27.695579], [85.3850341, 27.6954603], [85.3841543, 27.6949901], [85.3838485, 27.6948333], [85.3831834, 27.6945436], [85.3822241, 27.6939515], [85.3819873, 27.6938915], [85.381448, 27.6937717], [85.380837, 27.6936182], [85.3800022, 27.6935129], [85.3797769, 27.6935651], [85.379473, 27.6935789], [85.3785033, 27.693503], [85.3771256, 27.6934776], [85.3768079, 27.6934383], [85.3764231, 27.6932923], [85.3758737, 27.6930772], [85.375555, 27.6929338], [85.3754263, 27.6928082], [85.3751994, 27.6925389], [85.3750656, 27.6924242], [85.3747294, 27.6922465], [85.3744457, 27.692133], [85.3741963, 27.6920209], [85.373922, 27.6918668], [85.3735748, 27.6916546], [85.3733676, 27.6913887], [85.3728619, 27.6910201], [85.3723873, 27.6907904], [85.3719059, 27.6907016], [85.3717174, 27.690659], [85.3715153, 27.6904588], [85.3714062, 27.6903511], [85.3710605, 27.6900162], [85.3708454, 27.6897437], [85.3705068, 27.6894805], [85.3703812, 27.6893922], [85.3701105, 27.689289], [85.3697535, 27.6892735], [85.3693787, 27.689314], [85.3690949, 27.6892721], [85.368807, 27.689199], [85.3685144, 27.688998], [85.3682032, 27.6887415], [85.3678492, 27.688466], [85.3674656, 27.6882308], [85.3669331, 27.6880309], [85.3665174, 27.6878807], [85.3662137, 27.6876917], [85.3658216, 27.6873554], [85.3654897, 27.6869971], [85.3651703, 27.6866107], [85.3649717, 27.6864318], [85.364852, 27.6862905], [85.364436, 27.6858217], [85.3640444, 27.6853821], [85.3638086, 27.6850183], [85.3630673, 27.684191], [85.3625946, 27.6837926], [85.3622579, 27.6835725], [85.3619997, 27.6834353], [85.3618056, 27.6833067], [85.3617421, 27.6832269], [85.3617183, 27.6831563], [85.3616109, 27.6828886], [85.3613698, 27.6825365], [85.36109, 27.6823476], [85.3608938, 27.6822579], [85.3599124, 27.6819665], [85.3594895, 27.6819466], [85.3590256, 27.6819314], [85.3585489, 27.6818729], [85.3578303, 27.6818106], [85.3568336, 27.6815922], [85.3565364, 27.6815114], [85.3563144, 27.6814396], [85.3562935, 27.6814328], [85.3560937, 27.6813058], [85.3558431, 27.6810798], [85.3556833, 27.6809421], [85.3556313, 27.6807949], [85.3555955, 27.6805465], [85.3556148, 27.6801248], [85.3556602, 27.6795252], [85.3556738, 27.6793725], [85.3556641, 27.6791701], [85.3556241, 27.6789332], [85.355585, 27.6787935], [85.3554904, 27.6785659], [85.3552484, 27.6781835], [85.3551615, 27.6780186], [85.3551413, 27.6777759], [85.3551511, 27.6776219], [85.3551803, 27.6775353], [85.3552307, 27.6774143], [85.3554543, 27.6769937], [85.3555326, 27.676839], [85.3555855, 27.6766925], [85.3556141, 27.6763686], [85.3556105, 27.6761921], [85.35552, 27.6757653], [85.3554245, 27.675311], [85.3552603, 27.674798], [85.3550464, 27.6740543], [85.3547359, 27.6733628], [85.3541974, 27.6723501], [85.3538903, 27.6718242], [85.3534586, 27.6713425], [85.3528748, 27.6708487], [85.3525344, 27.6705704], [85.3524133, 27.6702409], [85.3523934, 27.669996], [85.3523619, 27.6694819], [85.3523499, 27.6685676], [85.3523101, 27.6684446], [85.3521536, 27.6682491], [85.3519774, 27.6680573]]]}}, {"type": "Feature", "properties": {"name": "Kasan Khola", "waterway": "stream", "id": 191714406, "type": "stream"}, "geometry": {"type": "MultiLineString", "coordinates": [[[85.4154708, 27.678746], [85.4149437, 27.6787222], [85.4144417, 27.6786994], [85.4141701, 27.6787104], [85.4138599, 27.6787502], [85.41356, 27.678812], [85.4132843, 27.6789094], [85.4131171, 27.67902], [85.4125234, 27.6794446], [85.4121218, 27.679681], [85.4119964, 27.6797305], [85.4118004, 27.6797659], [85.4116551, 27.6797546], [85.4115796, 27.6797231], [85.4114873, 27.679669], [85.4113357, 27.6793842], [85.4111826, 27.6790342], [85.4108268, 27.6787341], [85.4090275, 27.6776991], [85.4088231, 27.6776048]], [[85.4225671, 27.6785441], [85.4224015, 27.6784873], [85.4219435, 27.6783637], [85.4204034, 27.6780789], [85.4199384, 27.6782376], [85.4195339, 27.6783145], [85.4190596, 27.6783391], [85.4187567, 27.6782555], [85.4180718, 27.6779865], [85.4178582, 27.6779177], [85.4175971, 27.6778456], [85.4173939, 27.6778174], [85.4169628, 27.6778285], [85.4167691, 27.6778796], [85.4165906, 27.67796], [85.4161816, 27.678235], [85.4156533, 27.6786468], [85.4154708, 27.678746]], [[85.4524416, 27.6952482], [85.4522561, 27.6950912], [85.452169, 27.694957], [85.4522403, 27.6947334], [85.4522508, 27.6945312], [85.4521196, 27.6943872], [85.4520172, 27.6940467], [85.4520172, 27.6938113], [85.4518126, 27.6934762], [85.4515046, 27.6931767], [85.451417, 27.6931432], [85.4512071, 27.6930222], [85.4506884, 27.6927946], [85.4499494, 27.6925373], [85.4488285, 27.6919665], [85.4485667, 27.6918442], [85.4483662, 27.6917903], [85.4481824, 27.6917148], [85.4480247, 27.6916906], [85.4479811, 27.6916093], [85.447924, 27.6914235], [85.4476123, 27.6913311], [85.4473921, 27.6912912], [85.4470613, 27.6911282], [85.4468908, 27.6910784], [85.4467035, 27.6910663], [85.4464422, 27.6910784], [85.4462943, 27.6910684], [85.4461844, 27.6910739], [85.4458594, 27.6908946], [85.4452542, 27.6909752], [85.445104, 27.691039], [85.4448352, 27.6909977], [85.4445769, 27.6909303], [85.4440024, 27.6907045], [85.4436844, 27.6905895], [85.4433496, 27.6905258], [85.4427871, 27.6904778], [85.4425186, 27.6904975], [85.4422512, 27.690418], [85.4421588, 27.6901909], [85.4419468, 27.6900374], [85.4411231, 27.6899839], [85.439872, 27.689145], [85.4395972, 27.6892027], [85.438723, 27.6888929], [85.4385274, 27.6888275], [85.4383812, 27.6888001], [85.4382452, 27.688771], [85.4380086, 27.6886938], [85.4379218, 27.6885209], [85.4374951, 27.6880727], [85.4374879, 27.6879254], [85.4376036, 27.6877525], [85.4377627, 27.6870864], [85.4377121, 27.6868239], [85.4374866, 27.6864755], [85.4373191, 27.6862166], [85.4371466, 27.6860463], [85.4367682, 27.6859633], [85.4364716, 27.6857731], [85.4362774, 27.6856196], [85.4362096, 27.6848303], [85.4363119, 27.6845767], [85.4362607, 27.6842506], [85.4361892, 27.6840514], [85.4360766, 27.683988], [85.435821, 27.68368], [85.4356071, 27.6825073], [85.4358412, 27.6813753], [85.4357473, 27.6808054], [85.4357401, 27.6804242], [85.4356211, 27.6802749], [85.435459, 27.6801551], [85.4349979, 27.6799578], [85.433791, 27.6798126], [85.4331284, 27.6794364], [85.432442, 27.67926], [85.4320129, 27.6792286], [85.4318775, 27.679292], [85.4317879, 27.6793816], [85.4315917, 27.6795389], [85.4313257, 27.6796486], [85.4306387, 27.6797382], [85.4299516, 27.6797446], [85.42937, 27.6794184], [85.4286478, 27.6792327], [85.4279213, 27.6791464], [85.4274114, 27.6793553], [85.4271727, 27.6793765], [85.4267899, 27.6793348], [85.426266, 27.6791967], [85.4258623, 27.6791342]]]}}, {"type": "Feature", "properties": {"waterway": "stream", "id": 341156755}, "geometry": {"type": "LineString", "coordinates": [[85.3398054, 27.6277774], [85.3396975, 27.6278083], [85.3396049, 27.627937], [85.3395748, 27.6280324], [85.3395648, 27.6280989], [85.3395748, 27.6281699], [85.3395824, 27.6282232], [85.3395323, 27.6283075], [85.3394972, 27.6283629], [85.3394997, 27.6284406], [85.3395373, 27.6285426], [85.3396149, 27.6285714], [85.3397151, 27.6285581], [85.3397777, 27.628516], [85.3398678, 27.6285071], [85.340028, 27.6285648], [85.3401908, 27.628618], [85.3402784, 27.6285537], [85.3403335, 27.6285093], [85.3404161, 27.6284849], [85.3405163, 27.6284472], [85.3406958, 27.6283857]]}}, {"type": "Feature", "properties": {"waterway": "stream", "id": 342027833}, "geometry": {"type": "LineString", "coordinates": [[85.2764425, 27.6318409], [85.2771815, 27.6322337], [85.2774901, 27.6330039], [85.277677, 27.6334467], [85.2781552, 27.6336316], [85.2787159, 27.6336932], [85.2794244, 27.6338511], [85.2799025, 27.6342131], [85.2802285, 27.6341206], [85.2806502, 27.6341052], [85.2808936, 27.6343209], [85.2810283, 27.6345057], [85.2811327, 27.6348061], [85.2812066, 27.6349447], [85.2813587, 27.6349601], [85.2815195, 27.6349563], [85.2815891, 27.635014], [85.2817204, 27.6351328], [85.2818319, 27.6352109]]}}, {"type": "Feature", "properties": {"waterway": "stream", "id": 344239289}, "geometry": {"type": "LineString", "coordinates": [[85.269262, 27.6280895], [85.269013, 27.6278242], [85.2689594, 27.6277291], [85.2689406, 27.6275937], [85.2689052, 27.627455], [85.2685699, 27.6269251], [85.2683908, 27.6266431], [85.2682231, 27.626485], [85.2680385, 27.6264111], [85.2678421, 27.6263019], [85.2677072, 27.6261885], [85.2676968, 27.6261265], [85.267708, 27.6260433], [85.2677953, 27.6259231], [85.2680045, 27.6255904], [85.2680394, 27.6252078], [85.2680367, 27.624761], [85.2681574, 27.6245804], [85.2681306, 27.6245424], [85.2679747, 27.6244893], [85.2679117, 27.624418], [85.2678996, 27.6242552], [85.2678808, 27.6240901], [85.2678835, 27.6239653], [85.2679049, 27.6238512], [85.2679479, 27.6237324], [85.267976, 27.6236302], [85.2679452, 27.623528], [85.2679465, 27.623433], [85.2680002, 27.6233546], [85.2680914, 27.6232809], [85.2680914, 27.6231858], [85.2681155, 27.6231038], [85.268196, 27.6230551], [85.2682268, 27.6229791], [85.2681812, 27.6229244], [85.2681343, 27.6228674], [85.2681463, 27.6227735], [85.2681839, 27.6226951], [85.2681745, 27.6226202]]}}, {"type": "Feature", "properties": {"waterway": "stream", "id": 955052764}, "geometry": {"type": "LineString", "coordinates": [[85.2681745, 27.6226202], [85.2681919, 27.6224372]]}}, {"type": "Feature", "properties": {"waterway": "stream", "id": 955052765}, "geometry": {"type": "LineString", "coordinates": [[85.2681919, 27.6224372], [85.2682255, 27.622259], [85.2682577, 27.6220879], [85.2682349, 27.6219798], [85.2682992, 27.6219453], [85.2684427, 27.621931], [85.2686157, 27.6219049], [85.2686814, 27.6218289], [85.2686747, 27.6217172], [85.2686332, 27.6215639], [85.2685849, 27.6214546], [85.2684883, 27.6213547], [85.2683824, 27.6212941], [85.2683395, 27.6212288], [85.2683261, 27.621142], [85.2683489, 27.6210707], [85.2684347, 27.6209959], [85.2685004, 27.6209056], [85.2685219, 27.6207963], [85.2685044, 27.6206632], [85.2684749, 27.6205657], [85.268428, 27.620416], [85.2684172, 27.6203007], [85.2684682, 27.6201831], [85.2685393, 27.6200714], [85.2686318, 27.6199906], [85.2688142, 27.6198219], [85.2688826, 27.6196448], [85.268888, 27.6194416], [85.2688437, 27.6192978], [85.2687592, 27.6192289], [85.2686479, 27.6191802], [85.2686063, 27.6191148], [85.2686157, 27.6189972], [85.2686761, 27.6188891], [85.2687807, 27.6188095], [85.2689081, 27.6187524], [85.2690167, 27.6187073], [85.2690543, 27.6186276], [85.2690596, 27.6185255], [85.2690355, 27.6184399], [85.2690234, 27.618333], [85.2690529, 27.6182165], [85.269128, 27.6180905], [85.2692219, 27.6180276], [85.2693158, 27.6179539], [85.2693869, 27.6178873], [85.2693802, 27.6178469], [85.2693413, 27.6178089], [85.2692662, 27.61774], [85.2692031, 27.6176972], [85.2691455, 27.6176366], [85.269128, 27.6175487], [85.2692031, 27.6175011], [85.2693144, 27.6174774], [85.2694137, 27.6174774], [85.2695223, 27.6174833], [85.2696041, 27.6174536], [85.269647, 27.6173966], [85.2696336, 27.617292], [85.2695934, 27.6171993], [85.2695357, 27.6171316], [85.2694673, 27.6170543], [85.2694244, 27.616964], [85.2694593, 27.6168666], [85.2695572, 27.6167787], [85.2696524, 27.616661], [85.2696913, 27.6165018], [85.2697288, 27.6164043], [85.2698174, 27.6163722], [85.2699474, 27.6163913], [85.2701017, 27.616478], [85.2701714, 27.6165398], [85.2702961, 27.6166075], [85.270449, 27.6166622], [85.2706032, 27.6166658], [85.2707843, 27.6166883], [85.2709935, 27.6167026], [85.2711571, 27.616667], [85.271251, 27.616604], [85.2713932, 27.6164673], [85.271546, 27.6163473], [85.2716497, 27.6162878], [85.271765, 27.6162438], [85.2718589, 27.616251], [85.271993, 27.6161963], [85.2720949, 27.6161785], [85.2722116, 27.6161618], [85.2723551, 27.6161642], [85.272457, 27.6161785], [85.2725214, 27.6162331], [85.2725845, 27.6162961], [85.2726555, 27.6163127]]}}, {"type": "Feature", "properties": {"name": "Khola River", "waterway": "stream", "id": 1261354208, "type": "stream"}, "geometry": {"type": "MultiLineString", "coordinates": [[[85.3240155, 27.6408232], [85.3240472, 27.6410403], [85.3242801, 27.6412603], [85.324468, 27.6413564], [85.3246194, 27.6413631], [85.3248821, 27.6413069], [85.3253267, 27.6413706], [85.3256124, 27.6413596], [85.3262289, 27.6413177], [85.3263013, 27.6413207], [85.3265483, 27.6413311], [85.3268494, 27.6414625], [85.327068, 27.6418628], [85.3271195, 27.6422826], [85.3270997, 27.6425386], [85.327085, 27.6426497], [85.3271629, 27.6427502], [85.3272414, 27.6428135], [85.3272566, 27.6429613], [85.3271921, 27.643156], [85.3268491, 27.6436544]], [[85.3270311, 27.6438212], [85.3274817, 27.6436882], [85.3278358, 27.6437642], [85.3279833, 27.6438806], [85.328116, 27.6439733], [85.3283602, 27.6442157], [85.3284849, 27.6442751], [85.3288242, 27.6442483], [85.3291468, 27.6441931], [85.3294558, 27.6440969], [85.3298012, 27.6440119], [85.330337, 27.6439896], [85.3305405, 27.6440256], [85.3310015, 27.6440696], [85.3311751, 27.6440861], [85.3313977, 27.6441718], [85.3319342, 27.6443226], [85.3320863, 27.6443349], [85.3322092, 27.6443333], [85.3325069, 27.6442917], [85.3328624, 27.6439328], [85.3329442, 27.6438888], [85.3330354, 27.643871], [85.3346873, 27.6437089]], [[85.3268491, 27.6436544], [85.3270311, 27.6438212]], [[85.3240083, 27.6407742], [85.3240155, 27.6408232]], [[85.3239596, 27.6399933], [85.3241451, 27.6400148], [85.3243114, 27.6401288], [85.3242577, 27.6402191], [85.324098, 27.6403594], [85.3239786, 27.6405708], [85.3240083, 27.6407742]], [[85.3238578, 27.6399839], [85.3239596, 27.6399933]], [[85.3238496, 27.6396646], [85.3238125, 27.6397772], [85.3237749, 27.6399055], [85.3238178, 27.6399768], [85.3238578, 27.6399839]], [[85.3239512, 27.6396012], [85.3238496, 27.6396646]], [[85.3237132, 27.6333513], [85.3239706, 27.6337215], [85.3242934, 27.6341228], [85.32447, 27.6345901], [85.3244749, 27.6347818], [85.3246874, 27.6352169], [85.3249766, 27.635809], [85.325635, 27.6362628], [85.3256763, 27.6364614], [85.3257803, 27.6369084], [85.3258027, 27.6372157], [85.3257362, 27.6375142], [85.3255267, 27.6378744], [85.3252068, 27.6381931], [85.325234, 27.6385748], [85.3251358, 27.6387646], [85.3247556, 27.6391533], [85.3241826, 27.6394493], [85.3239512, 27.6396012]]]}}, {"type": "Feature", "properties": {"name": "Kodku Khola", "waterway": "river", "id": 518776738, "type": "river"}, "geometry": {"type": "LineString", "coordinates": [[85.3432393, 27.6026852], [85.343497, 27.602787], [85.3441684, 27.6031145], [85.3442238, 27.6032724], [85.3441213, 27.6033233], [85.3438396, 27.6032501], [85.3437359, 27.603296], [85.3438095, 27.6035179], [85.3437505, 27.603907], [85.3438687, 27.6039039], [85.3439689, 27.6038021], [85.3441248, 27.6037364], [85.3442627, 27.6038237], [85.3443016, 27.6039924], [85.3441936, 27.604136], [85.3440531, 27.6042063], [85.3440991, 27.6042675], [85.3445296, 27.6043835], [85.3449537, 27.6046962], [85.3451642, 27.6047485], [85.3456736, 27.6046722], [85.3460491, 27.6046689], [85.3464333, 27.6046178], [85.3464295, 27.6047953], [85.3465393, 27.6048581], [85.3469589, 27.6047891], [85.3474607, 27.6045249], [85.3477819, 27.6046722], [85.3479837, 27.6046657], [85.348235, 27.6045037], [85.3483558, 27.6046073], [85.3483139, 27.6047692], [85.3483853, 27.6050323], [85.3482694, 27.6053342], [85.3484074, 27.6055823], [85.3484485, 27.6060828], [85.3487124, 27.6062672], [85.3487537, 27.6062945], [85.349198, 27.6067316], [85.3494039, 27.6067564], [85.3496947, 27.6070815], [85.349729, 27.607337], [85.3496872, 27.6074287], [85.3495966, 27.6075483], [85.3495264, 27.6076541], [85.3494412, 27.6078713], [85.3495345, 27.6079967], [85.3496998, 27.6080698], [85.3499923, 27.6082234], [85.3502694, 27.6084367], [85.3503175, 27.6085721], [85.3501846, 27.6086535], [85.3500457, 27.6086571], [85.3497866, 27.6089326], [85.3496888, 27.6090518], [85.3497986, 27.6093052], [85.3499342, 27.6094193], [85.3501447, 27.6092389], [85.350519, 27.6091325], [85.3507679, 27.6091328], [85.350858, 27.6092265], [85.3508178, 27.6093189], [85.3507606, 27.6094515], [85.3507608, 27.6095984], [85.3507791, 27.6097456], [85.3507305, 27.6098946], [85.3507366, 27.6104513], [85.3507995, 27.6105038], [85.3508676, 27.6105566], [85.3509429, 27.610613], [85.3510462, 27.6106333], [85.3511283, 27.6105901], [85.3512208, 27.6105732], [85.3513658, 27.610594], [85.3514486, 27.6107528], [85.3514714, 27.6110049], [85.3514236, 27.6112233], [85.3513563, 27.6113366], [85.3512663, 27.6115056], [85.3510117, 27.6115579], [85.350847, 27.6116464], [85.3507338, 27.6118507], [85.3506378, 27.6119256], [85.3505284, 27.6119807], [85.3505264, 27.6120535], [85.3505593, 27.612157], [85.3507389, 27.6121851], [85.3508992, 27.6121944], [85.3510332, 27.6122571], [85.3512544, 27.6123014], [85.3513571, 27.6124461], [85.3513672, 27.6126152], [85.3512893, 27.6127029], [85.351181, 27.6127677], [85.3509872, 27.6128488], [85.3507958, 27.61307], [85.3507037, 27.6132393], [85.3508055, 27.6133874], [85.3509527, 27.6134318], [85.3510218, 27.6134766], [85.3509783, 27.6136195], [85.3506249, 27.6137824], [85.350496, 27.613757], [85.3503669, 27.6137912], [85.350282, 27.6138759], [85.3503051, 27.6140606], [85.3503496, 27.6142084], [85.3503881, 27.6143063], [85.3503131, 27.6143408], [85.3502321, 27.6143771], [85.3500414, 27.6144908], [85.3499492, 27.6145588], [85.349763, 27.6146875], [85.3496633, 27.6146722], [85.3495943, 27.6145759], [85.3494661, 27.61446], [85.3492172, 27.614466], [85.3490479, 27.6145572], [85.3489923, 27.614749], [85.3492874, 27.6148416], [85.3494362, 27.614955], [85.3493955, 27.6151484], [85.3492013, 27.6154568], [85.3491355, 27.6154665], [85.3489872, 27.6155454], [85.3487396, 27.6155611], [85.3486123, 27.6156584], [85.3485123, 27.6157422], [85.3485859, 27.6158576], [85.3486209, 27.6160694], [85.3487512, 27.6161246], [85.3490444, 27.6162168], [85.349022, 27.6164591], [85.3490095, 27.6165064], [85.3489888, 27.616584], [85.3489004, 27.6169155], [85.3490269, 27.6176074], [85.3489846, 27.6178537], [85.3485696, 27.6181794], [85.3484768, 27.6184614], [85.3483698, 27.6187356], [85.3481723, 27.618868], [85.3478435, 27.6190677], [85.3475032, 27.6192309], [85.3470713, 27.619252], [85.3463619, 27.6194489], [85.3457014, 27.6195827], [85.3455708, 27.6196901], [85.3453286, 27.6198753], [85.3449177, 27.6201138], [85.3446281, 27.6204581], [85.3444049, 27.6206517], [85.3441145, 27.6209006], [85.3439231, 27.6209722], [85.3437303, 27.6210389], [85.3434288, 27.6211766], [85.3431275, 27.6213977], [85.3427742, 27.6217775], [85.3426935, 27.6219709], [85.3423711, 27.6222608], [85.3422545, 27.6224715], [85.3422312, 27.622959], [85.3424128, 27.6230662], [85.342585, 27.6233246], [85.3426994, 27.6235614], [85.3427364, 27.6237959], [85.3428351, 27.6239868], [85.3428266, 27.6241897], [85.3428392, 27.624364], [85.3429302, 27.624518], [85.3430099, 27.6247112], [85.343008, 27.6247372], [85.3430037, 27.6247842], [85.3429288, 27.62484], [85.3428185, 27.6248053], [85.3427, 27.6247533], [85.3425797, 27.62469], [85.342467, 27.6246887], [85.3424084, 27.6247094], [85.3423999, 27.6247328], [85.3426531, 27.6248881], [85.3426238, 27.6249749], [85.3427863, 27.6250589], [85.3429432, 27.6251241], [85.342958, 27.6252813], [85.3429534, 27.6254159], [85.3430558, 27.6255003], [85.3433051, 27.6255813], [85.3433512, 27.6256964], [85.343296, 27.6258429], [85.3431291, 27.6260667], [85.342908, 27.6263002], [85.3428563, 27.6265331], [85.3427661, 27.6268024], [85.34269, 27.6269796], [85.3424851, 27.6273188], [85.3423994, 27.6274794], [85.3423559, 27.6275701], [85.3422895, 27.6276545], [85.342148, 27.6277192], [85.3419934, 27.6277097], [85.3415814, 27.6277533], [85.3413964, 27.6278049], [85.3412975, 27.6278016], [85.3411672, 27.6277523], [85.3410518, 27.6276621], [85.3409862, 27.6275389], [85.3408642, 27.6274465], [85.340728, 27.6274334], [85.34056, 27.6274974], [85.340352, 27.627586], [85.3401699, 27.6276234], [85.3400068, 27.6276304], [85.3398232, 27.6277226], [85.3398054, 27.6277774], [85.3397771, 27.6278642], [85.3397755, 27.6280048], [85.3398912, 27.6281334], [85.3400155, 27.6281957], [85.340324, 27.6282376], [85.3404997, 27.6283075], [85.3405453, 27.6283534], [85.3406649, 27.6283791], [85.3406958, 27.6283857], [85.3407737, 27.6284302], [85.3408022, 27.628506], [85.3407744, 27.6285802], [85.340605, 27.6287497], [85.3406316, 27.6289229], [85.3406283, 27.6291525], [85.340472, 27.6293278], [85.3403422, 27.6295234], [85.3401544, 27.6296796], [85.3400462, 27.6297526], [85.3399548, 27.6297548], [85.3397984, 27.6296865], [85.3396005, 27.629531], [85.3392409, 27.629483], [85.339082, 27.6293878], [85.339002, 27.6292794], [85.3389587, 27.629071], [85.3389103, 27.6289404], [85.3387122, 27.6287974], [85.3385694, 27.6286917], [85.3383255, 27.6286701], [85.3381044, 27.6286963], [85.3379499, 27.6286574], [85.3378246, 27.6286268], [85.3377626, 27.6286663], [85.3377626, 27.6287761], [85.337739, 27.6288702], [85.3376459, 27.6289815], [85.3374941, 27.6291019], [85.3373896, 27.6292379], [85.3373313, 27.6294106], [85.337268, 27.6296312], [85.3372143, 27.6298429], [85.3371503, 27.6300715], [85.3371426, 27.6302257], [85.3371842, 27.6303045], [85.3373029, 27.6304151], [85.337521, 27.6304956], [85.3375908, 27.6305576], [85.3375792, 27.6306192], [85.3373546, 27.6307596], [85.3371714, 27.6308137], [85.3369348, 27.6308151], [85.3366793, 27.6306913], [85.3364827, 27.6306069], [85.3363254, 27.6306282], [85.3362192, 27.6306909], [85.3361818, 27.630797], [85.3361236, 27.630844], [85.3358786, 27.6309247], [85.3357624, 27.6310154], [85.3356384, 27.6311646], [85.3356156, 27.6313251], [85.3356366, 27.6314402], [85.3357217, 27.631513], [85.3359645, 27.6315796], [85.3360835, 27.6316692], [85.3361335, 27.6317577], [85.3361302, 27.6318646], [85.3360705, 27.6319954], [85.3360677, 27.6320571], [85.336129, 27.6321101], [85.3362383, 27.6321565], [85.3363385, 27.6322739], [85.336455, 27.6324817], [85.3364646, 27.6327295], [85.3363934, 27.6329888], [85.3363267, 27.6331886], [85.3362389, 27.6332938], [85.3359554, 27.6334537], [85.3356802, 27.6335917], [85.3355639, 27.6336431], [85.3354175, 27.6336446], [85.3353163, 27.6335732], [85.3353016, 27.6334421], [85.3352741, 27.6333311], [85.3352252, 27.6332668], [85.3351515, 27.6332185], [85.3350613, 27.6332067], [85.334992, 27.6332146], [85.3347073, 27.6333475], [85.3345105, 27.6335176], [85.3343948, 27.6336749], [85.3343189, 27.6338879], [85.3342321, 27.6339589], [85.3338741, 27.6341681], [85.3337866, 27.6342817], [85.3337685, 27.6344171], [85.3337974, 27.6345468], [85.3339681, 27.6348286], [85.3340022, 27.6350585], [85.3339487, 27.6351733], [85.3338886, 27.6352791], [85.3338965, 27.6353928], [85.3338885, 27.6355653], [85.3339148, 27.6356195], [85.3339495, 27.6356608], [85.3340291, 27.6356762], [85.3341313, 27.6356232], [85.3341788, 27.6355579], [85.334335, 27.6354139], [85.3344714, 27.6353856], [85.3345728, 27.6354335], [85.3346645, 27.6355368], [85.3346515, 27.6356887], [85.3346499, 27.635795], [85.334774, 27.6360162], [85.3348728, 27.6361926], [85.3348744, 27.6363154], [85.3348252, 27.6363968], [85.3347007, 27.6365525], [85.3346559, 27.6366024], [85.3346328, 27.6367073], [85.3346703, 27.6368076], [85.3346979, 27.6368259], [85.3347263, 27.6368237], [85.3347951, 27.6367806], [85.3348505, 27.6367419], [85.3349451, 27.6367387], [85.3351594, 27.6368599], [85.3352783, 27.6369248], [85.3353637, 27.6369248], [85.3355508, 27.6369234], [85.3358345, 27.6370468], [85.3359534, 27.6371345], [85.3359621, 27.6372972], [85.3358471, 27.6374117], [85.3356457, 27.6374269], [85.3355574, 27.6374308], [85.3353208, 27.6376006], [85.3351463, 27.6377211], [85.3351195, 27.6377771], [85.3351373, 27.6378606], [85.3353145, 27.6381719], [85.335422, 27.6385865], [85.3354092, 27.6388985], [85.3353324, 27.639157], [85.3353261, 27.6394159], [85.3353117, 27.6395479], [85.3351974, 27.6397641], [85.335199, 27.6398609], [85.3352211, 27.6400948], [85.3352015, 27.6401627], [85.3350891, 27.6404334], [85.3349911, 27.6405511], [85.3349699, 27.640584], [85.3350003, 27.6406495], [85.3350855, 27.6408623], [85.3351057, 27.6410395], [85.3351035, 27.6411962], [85.3350625, 27.6413371], [85.3350074, 27.6414168], [85.3349382, 27.6414321], [85.3346082, 27.6414448], [85.334558, 27.6414692], [85.3345333, 27.6415071], [85.3345396, 27.6416092], [85.3345838, 27.6419152], [85.3346305, 27.6420433], [85.3346386, 27.6421276], [85.3345987, 27.6424365], [85.3346633, 27.6427178], [85.3348281, 27.6429771], [85.3348328, 27.6430465], [85.3346905, 27.6436469], [85.3346873, 27.6437089], [85.3346589, 27.644267], [85.3347753, 27.644491], [85.3349156, 27.6447754], [85.3352054, 27.6450376], [85.3353069, 27.6451194], [85.335465, 27.6452466], [85.3360036, 27.6458606], [85.336093, 27.64606], [85.3361278, 27.6463729], [85.3360821, 27.6466078], [85.3360687, 27.6468315], [85.3359497, 27.6470823], [85.3357606, 27.6472092], [85.3356958, 27.6473213], [85.3356837, 27.64743], [85.3357601, 27.6475926], [85.3359052, 27.6476825], [85.3359495, 27.6477499], [85.3359801, 27.647878]]}}, {"type": "Feature", "properties": {"name": "Karmanasha Khola", "waterway": "river", "id": 518039137, "type": "river"}, "geometry": {"type": "LineString", "coordinates": [[85.3359801, 27.647878], [85.3360964, 27.6479872], [85.3362133, 27.64807], [85.3364258, 27.6483869], [85.3366576, 27.6487251], [85.3369854, 27.6492603], [85.3369771, 27.6493274], [85.3368064, 27.6495345], [85.3366771, 27.6496022], [85.3365337, 27.6497218], [85.3357467, 27.6500445], [85.3356677, 27.6501404], [85.335676, 27.6502035], [85.335907, 27.6508456], [85.3359657, 27.6508871], [85.3360824, 27.6509803], [85.3362473, 27.6512219], [85.3362743, 27.6513082], [85.3357025, 27.6522908], [85.3357012, 27.6524852], [85.3356574, 27.6525672], [85.3354576, 27.6528118], [85.3352074, 27.6531412], [85.3350721, 27.6532395], [85.3348853, 27.6535952], [85.3347029, 27.6539053], [85.3346884, 27.6540688], [85.3347134, 27.6541466], [85.3347395, 27.6542281], [85.3347539, 27.6542499], [85.3348522, 27.6543982], [85.3349787, 27.6545101], [85.335089, 27.6546499], [85.3353348, 27.6547627], [85.3355176, 27.6548257], [85.3355596, 27.654927], [85.3355169, 27.6550136], [85.3354742, 27.6550535], [85.3354157, 27.6550828], [85.3353774, 27.6551421], [85.3354848, 27.6553937], [85.3356814, 27.6557376], [85.336047, 27.6562089], [85.3363522, 27.656508], [85.3363842, 27.6565712], [85.3364045, 27.6567622], [85.3364407, 27.6568658], [85.3366054, 27.6571936], [85.3366832, 27.6573366], [85.3366644, 27.6574138], [85.3360942, 27.6576067], [85.3357286, 27.6577705], [85.3356982, 27.6578115], [85.3357355, 27.6579401], [85.3358184, 27.6582454], [85.3358168, 27.6584495], [85.335735, 27.6586518], [85.3357442, 27.6586922], [85.3357104, 27.6588974], [85.3358907, 27.6593461], [85.3359572, 27.6596067], [85.3359675, 27.6597082], [85.3359592, 27.6598205], [85.3358614, 27.6599016], [85.3355383, 27.6600653], [85.3353406, 27.6602172], [85.3352622, 27.6603598], [85.3349478, 27.6612582], [85.3349417, 27.6614077], [85.3350021, 27.6615573], [85.3350685, 27.6616609], [85.3351634, 27.6617609], [85.3352891, 27.6618597], [85.3353033, 27.6618933], [85.335305, 27.6619307], [85.3352983, 27.6620051], [85.3352879, 27.6620942], [85.3352933, 27.6621561], [85.3353023, 27.6622861], [85.3353179, 27.6623671], [85.3353354, 27.6624625], [85.3353254, 27.6624726], [85.3353109, 27.6624886], [85.3352919, 27.6625018], [85.3352788, 27.662518], [85.3352668, 27.6625312], [85.3352438, 27.66255], [85.3352066, 27.6625692], [85.3351395, 27.6625898], [85.3349719, 27.6626107], [85.3348727, 27.6625931], [85.3347309, 27.6626044], [85.3345267, 27.6626802], [85.3343428, 27.6627745], [85.3341403, 27.6628457], [85.3340812, 27.6628761], [85.3340632, 27.6629447], [85.3340532, 27.6630979], [85.3340547, 27.6632476], [85.3339939, 27.6634025], [85.3339538, 27.6634939], [85.3339054, 27.6636414], [85.3339251, 27.6637712], [85.3340223, 27.663886], [85.3342108, 27.6639581], [85.3343686, 27.6640428], [85.3345032, 27.6641863], [85.3345833, 27.6643179], [85.3345774, 27.664393], [85.3345277, 27.664485], [85.3340672, 27.6649171], [85.3338834, 27.6650634], [85.333613, 27.665318], [85.3335894, 27.6653831], [85.3335992, 27.665459], [85.3336308, 27.6656943], [85.3337136, 27.6659908], [85.3338261, 27.6663102], [85.3339869, 27.6666268], [85.3341219, 27.6667975], [85.3341603, 27.6668393], [85.3342322, 27.6668695], [85.3343073, 27.6668842], [85.3346552, 27.6669255], [85.3351836, 27.666825], [85.3353735, 27.6667996], [85.335582, 27.6667766], [85.3358521, 27.66676], [85.3361296, 27.6667371], [85.3363242, 27.6667371], [85.3364553, 27.6667513], [85.3366415, 27.666869], [85.3367767, 27.6669307], [85.3369203, 27.6669496], [85.3370111, 27.6669483], [85.3372234, 27.666909], [85.337361, 27.6668935], [85.3376684, 27.6669474], [85.3377448, 27.6670177], [85.337844, 27.6671514], [85.3379327, 27.6672427], [85.3379771, 27.6672832], [85.3380663, 27.6672943], [85.3381876, 27.6672854], [85.3383891, 27.6672638], [85.3384967, 27.6672676], [85.3386121, 27.6673013], [85.3387127, 27.6673783], [85.3388753, 27.6675673], [85.3390483, 27.6677566], [85.3390872, 27.6678684], [85.3391087, 27.6681225], [85.3390798, 27.6682188], [85.3391214, 27.6682831], [85.3392437, 27.6683406], [85.3393348, 27.668452], [85.3393891, 27.6686694], [85.3393524, 27.6688078], [85.339262, 27.6689483], [85.339092, 27.6692245], [85.3390516, 27.6693105], [85.3390483, 27.6693884], [85.3390723, 27.6694622], [85.3391314, 27.6695719], [85.3392389, 27.6697094], [85.3396708, 27.6699554], [85.3400233, 27.670104], [85.340255, 27.6701384], [85.34045, 27.6701619], [85.3406219, 27.670195], [85.3407625, 27.6702997], [85.3408222, 27.6704243], [85.3408809, 27.6705611], [85.3409123, 27.6707513], [85.3410678, 27.670891], [85.3411731, 27.6709474], [85.3412651, 27.6710312], [85.34137, 27.6711027], [85.3414572, 27.6711585], [85.3415865, 27.6712613], [85.3417754, 27.6713388], [85.3418454, 27.6713292], [85.3419997, 27.6713082], [85.3420917, 27.6712165], [85.3423377, 27.6709067], [85.3425574, 27.6707776], [85.3428107, 27.6707501], [85.3430074, 27.6708515], [85.3431219, 27.6709735], [85.3432823, 27.671215], [85.3434953, 27.6715872], [85.3435281, 27.6717531], [85.3435386, 27.6718952], [85.3434857, 27.6720897]]}}, {"type": "Feature", "properties": {"name": "Nakhhu", "waterway": "river", "id": 518744799, "type": "river"}, "geometry": {"type": "MultiLineString", "coordinates": [[[85.3129787, 27.6477755], [85.3130622, 27.6477776], [85.3131509, 27.6477691], [85.3133249, 27.6477201], [85.3136101, 27.6476604], [85.3140656, 27.6476446], [85.3142266, 27.6476716], [85.314344, 27.6477152], [85.3143888, 27.6477593], [85.314402, 27.6478269], [85.3143098, 27.6479951], [85.3141859, 27.6481437], [85.3139367, 27.6483174], [85.3136123, 27.6487587], [85.3135725, 27.6488533], [85.3135558, 27.6489946], [85.313522, 27.6490774], [85.3133557, 27.6493009], [85.3132292, 27.6493957], [85.3130808, 27.6494677], [85.3129841, 27.6495607], [85.3129082, 27.6496528], [85.3128661, 27.6498957], [85.3127867, 27.6500889], [85.3127281, 27.6501845], [85.3126512, 27.6502846], [85.3125524, 27.6503709], [85.3124653, 27.6504481], [85.312431, 27.6505629], [85.3124264, 27.6506529], [85.31242, 27.6507768], [85.3124132, 27.6509084], [85.3124108, 27.6511111], [85.3123071, 27.651554], [85.3122776, 27.6517007], [85.3121787, 27.652053], [85.3122021, 27.6525663], [85.312278, 27.6527801], [85.312282, 27.6530647], [85.3122192, 27.6532563], [85.3122157, 27.6533993], [85.3123123, 27.6537815], [85.3123299, 27.6539283], [85.3123089, 27.6540358], [85.3122717, 27.6541699], [85.3121874, 27.6543931], [85.3120867, 27.6546678], [85.3119768, 27.6550127], [85.3119511, 27.6551295], [85.3119749, 27.6553648], [85.3119711, 27.6554579], [85.3119279, 27.6555393], [85.3118844, 27.6556166], [85.3116834, 27.65584], [85.3113901, 27.6560537], [85.3113127, 27.6561264], [85.3110793, 27.6564044], [85.3109649, 27.6565965], [85.3109129, 27.6566894], [85.3108903, 27.6567719], [85.3108308, 27.6569153], [85.3106646, 27.6573679], [85.3106299, 27.6574427], [85.3105607, 27.6575323], [85.3104491, 27.6575807], [85.3101845, 27.6577088], [85.3099934, 27.6578228], [85.3097092, 27.6579029], [85.3094382, 27.6578951], [85.3092156, 27.6579442], [85.3090371, 27.6580201], [85.3088306, 27.6581598], [85.3086799, 27.6583078], [85.3085619, 27.6584268], [85.3085031, 27.6584491], [85.3084419, 27.6584498], [85.3082725, 27.6584167], [85.3081638, 27.6584132], [85.307985, 27.6584568], [85.3076436, 27.6586083], [85.307521, 27.6587027], [85.307428, 27.6588303], [85.3073718, 27.658964], [85.3073414, 27.6591034], [85.3073626, 27.6592536], [85.307413, 27.6593622], [85.3076256, 27.6595906], [85.3076257, 27.6597772], [85.3075588, 27.6600443], [85.3076133, 27.6603978], [85.3076958, 27.6607689], [85.3077013, 27.6611701], [85.3076923, 27.6615806], [85.3075662, 27.6621648], [85.3075491, 27.6623236], [85.3075332, 27.6624801], [85.3075066, 27.6625243], [85.3074582, 27.6625484], [85.3072896, 27.6626116], [85.3069835, 27.6626081], [85.3067721, 27.6625713], [85.3062699, 27.6624527], [85.3061106, 27.6624072], [85.3058921, 27.6623966], [85.3053488, 27.6624198], [85.3045714, 27.6624026], [85.3040455, 27.662314], [85.3038969, 27.6623273], [85.3037928, 27.6624169], [85.3037771, 27.6624614], [85.3037778, 27.6626013], [85.3037583, 27.6627208], [85.3036794, 27.6628835], [85.3035465, 27.6630748], [85.3034366, 27.6631922], [85.3031778, 27.6634573], [85.3031011, 27.6635509], [85.3030156, 27.6636459], [85.3029123, 27.6637207], [85.3027687, 27.6638256], [85.3026782, 27.6639315], [85.3026027, 27.6640405], [85.3025632, 27.664166], [85.3025617, 27.6642472], [85.3026383, 27.6644954], [85.3026941, 27.6647619], [85.3027022, 27.6648474], [85.3026927, 27.6649329], [85.3026283, 27.6650277], [85.3025832, 27.6650616], [85.302473, 27.665089], [85.3023164, 27.6651181], [85.3020401, 27.6650716], [85.3015207, 27.6649893], [85.3011115, 27.6649936], [85.3007568, 27.6648897], [85.3005179, 27.6646198], [85.3002451, 27.6646285], [85.2999828, 27.6648935], [85.2999267, 27.6651787], [85.2997974, 27.665405], [85.2997243, 27.665496], [85.2994966, 27.6655413], [85.2990809, 27.6655132], [85.2989363, 27.6653735], [85.2988757, 27.6652814], [85.29878, 27.6651136], [85.2986528, 27.6650355], [85.298426, 27.6648923], [85.2983056, 27.6648333], [85.2980954, 27.6647982], [85.297837, 27.664826], [85.2976633, 27.6647978], [85.2975604, 27.6646471], [85.2975685, 27.6644796], [85.2976844, 27.6641887], [85.2977462, 27.6639832], [85.2977064, 27.663817], [85.2975429, 27.6635985], [85.2974159, 27.6634544], [85.2972844, 27.6633712], [85.296993, 27.6632819], [85.2967686, 27.6632378], [85.2965678, 27.6632289], [85.296452, 27.6632326]], [[85.3131235, 27.6085986], [85.3126844, 27.6087109], [85.3122486, 27.6089504], [85.3120709, 27.6092351], [85.31194, 27.609531], [85.3118007, 27.609789], [85.3112889, 27.6101485], [85.3109342, 27.6105147], [85.3107083, 27.6108232], [85.3106515, 27.6109921], [85.3106614, 27.6111471], [85.3112259, 27.6114719], [85.3117105, 27.6115142], [85.3120421, 27.6115788], [85.3122061, 27.6116277], [85.3123667, 27.6117181], [85.3124101, 27.6119029], [85.3123145, 27.612007], [85.3122838, 27.6122188], [85.3122023, 27.6123571], [85.3119494, 27.6126025], [85.3116328, 27.6128575], [85.311295, 27.6130613], [85.3110145, 27.6131915], [85.3107889, 27.6132808], [85.3105793, 27.613417], [85.310551, 27.6135823], [85.310586, 27.6137192], [85.3108695, 27.6138849], [85.3109425, 27.6141383], [85.3108807, 27.6143583], [85.310753, 27.6146089], [85.3105242, 27.614858], [85.3103041, 27.6151621], [85.3100903, 27.6155467], [85.3100827, 27.6159071], [85.3102063, 27.6160177], [85.3103857, 27.6160512], [85.3108339, 27.6159816], [85.3111348, 27.6159891], [85.3113747, 27.6161432], [85.3115173, 27.6163104], [85.311574, 27.6165302], [85.3115605, 27.6166656], [85.3114559, 27.6167643], [85.3112716, 27.6167979], [85.3110096, 27.6167095], [85.3108898, 27.6167381], [85.3107931, 27.6168098], [85.310583, 27.6169651], [85.3104492, 27.6171773], [85.310335, 27.6174094], [85.3101984, 27.6175125], [85.3100181, 27.6175423], [85.3098675, 27.6175872], [85.3097057, 27.6177439], [85.3096664, 27.617863], [85.3097024, 27.6179915], [85.3099301, 27.6183688], [85.310131, 27.6186058], [85.3103936, 27.6189032], [85.3105838, 27.6191077], [85.310652, 27.6192406], [85.3106655, 27.6194012], [85.3106018, 27.6195081], [85.3104716, 27.619598], [85.3103294, 27.6197101], [85.3102212, 27.6198641], [85.3101156, 27.6200548], [85.3101052, 27.6202285], [85.3101397, 27.6204599], [85.3102228, 27.6206701], [85.3102586, 27.6208753], [85.3102201, 27.6210983], [85.310103, 27.6212936], [85.3098233, 27.621487], [85.3096523, 27.6215924], [85.3095485, 27.6217964], [85.3095964, 27.6220138], [85.3097039, 27.6221804], [85.3096824, 27.6226224], [85.3095965, 27.6229361], [85.3095336, 27.6233988], [85.3096889, 27.6238389], [85.3098014, 27.624043], [85.3099254, 27.6242214], [85.3101474, 27.624272], [85.310377, 27.6242206], [85.3106476, 27.6247038], [85.310813, 27.6249114], [85.3112446, 27.6255108], [85.3114761, 27.6257538], [85.3115843, 27.6258416], [85.3118104, 27.6260254], [85.3120102, 27.6262395], [85.3121292, 27.6265156], [85.3121512, 27.626834], [85.3118789, 27.6272035], [85.3116305, 27.6274763], [85.311323, 27.6276554], [85.3109613, 27.6280672], [85.3105496, 27.6283544], [85.31017, 27.6283895], [85.3096608, 27.6285608], [85.3094533, 27.6288648], [85.3096139, 27.6291457], [85.3098453, 27.6293508], [85.3100927, 27.6296023], [85.3102501, 27.6298859], [85.3102783, 27.6301696], [85.3101893, 27.6305321], [85.3100692, 27.630821], [85.309976, 27.6311078], [85.3097092, 27.6314106], [85.309354, 27.6314313], [85.3090106, 27.6314313], [85.3085088, 27.6314494], [85.3081815, 27.6314848], [85.3078528, 27.6316083], [85.307454, 27.6317642], [85.3073631, 27.6318374], [85.3072512, 27.6319484], [85.3071761, 27.6320109], [85.3071186, 27.6320947], [85.307079, 27.6321408], [85.3070241, 27.6322045], [85.3070061, 27.6323428], [85.3069904, 27.6324665], [85.3069851, 27.6326915], [85.3069013, 27.6330726], [85.3068985, 27.633121], [85.3069032, 27.6331817], [85.306931, 27.6333218], [85.3069639, 27.6334251], [85.3069896, 27.6334846], [85.3071092, 27.6337087], [85.3071776, 27.6338542], [85.3072083, 27.6339346], [85.3072309, 27.6340546], [85.3072454, 27.6340896], [85.3072679, 27.6341207], [85.3073009, 27.6341454], [85.307322, 27.6341544], [85.3074337, 27.634185], [85.3076781, 27.6342748], [85.3077246, 27.6342868], [85.3078702, 27.6343009], [85.3079281, 27.6343177], [85.3081422, 27.6344337], [85.3082524, 27.6345121], [85.3082881, 27.634546], [85.308317, 27.6345841], [85.308321, 27.634595], [85.3083476, 27.634667], [85.3083773, 27.6347615], [85.3083805, 27.6348854], [85.3083813, 27.6351197], [85.3083711, 27.6351572], [85.3083538, 27.6351843], [85.3083281, 27.6352233], [85.3082865, 27.6352817], [85.3080639, 27.6354821], [85.3079899, 27.6355895], [85.3079457, 27.6357054], [85.3079186, 27.6358099], [85.3079205, 27.6358838], [85.3079369, 27.6359412], [85.3079561, 27.6359983], [85.3079931, 27.6360409], [85.3080299, 27.6360676], [85.3080742, 27.6360822], [85.3081146, 27.6360834], [85.3081736, 27.6360864], [85.3082796, 27.6360887], [85.3084833, 27.6360932], [85.308677, 27.6361005], [85.3088886, 27.6361226], [85.3091014, 27.6361672], [85.3092866, 27.6361675], [85.3094443, 27.6362171], [85.3095861, 27.636278], [85.3096423, 27.6363432], [85.3096727, 27.6364332], [85.3096721, 27.6365352], [85.309651, 27.6366603], [85.3096177, 27.6368032], [85.3095798, 27.6368983], [85.3095362, 27.6369319], [85.3094893, 27.6369411], [85.3094151, 27.6369205], [85.3093352, 27.6368675], [85.3092431, 27.6368156], [85.3090409, 27.6367401], [85.3089586, 27.6367298], [85.3089007, 27.6367412], [85.3088097, 27.6368132], [85.308707, 27.6369352], [85.3086196, 27.637093], [85.3085542, 27.6372183], [85.3084615, 27.6373742], [85.3083673, 27.6375294], [85.3083072, 27.6376364], [85.308266, 27.6377036], [85.308224, 27.6377925], [85.3081471, 27.6379544], [85.3081239, 27.6381219], [85.3081332, 27.6382073], [85.3081942, 27.63835], [85.3082458, 27.6385788], [85.3082687, 27.6386313], [85.3083026, 27.6386642], [85.3084256, 27.638708], [85.3087634, 27.6388113], [85.3090965, 27.6388635], [85.3093913, 27.6388931], [85.3097966, 27.6389237], [85.3103181, 27.6390624], [85.3105377, 27.6391331], [85.3107286, 27.6392411], [85.3108851, 27.6393687], [85.3110594, 27.6395961], [85.3111897, 27.6397559], [85.3113162, 27.6398759], [85.3114391, 27.6399769], [85.3115519, 27.640029], [85.3116646, 27.6400628], [85.3119737, 27.640143], [85.3122767, 27.6402809], [85.3124438, 27.6403622], [85.3125434, 27.640417], [85.312612, 27.6404947], [85.3126624, 27.6405736], [85.3126979, 27.6406452], [85.3127237, 27.6407144], [85.3127725, 27.6408872], [85.3127871, 27.640991], [85.312783, 27.6410947], [85.3127654, 27.6411952], [85.3127328, 27.641275], [85.3126931, 27.641344], [85.3126422, 27.641408], [85.3125181, 27.6415156], [85.3122796, 27.6416294], [85.3118494, 27.6417733], [85.3116913, 27.641838], [85.3115577, 27.641913], [85.311507, 27.6419571], [85.3114373, 27.6420304], [85.311388, 27.6421294], [85.3113567, 27.64221], [85.3113339, 27.642304], [85.3112813, 27.6425338], [85.3112584, 27.642664], [85.3112467, 27.6427631], [85.3112531, 27.6429801], [85.3112528, 27.6431907], [85.3112345, 27.6433193], [85.3112094, 27.6434045], [85.3111192, 27.6436906], [85.3110707, 27.6437768], [85.310991, 27.6439185], [85.3109616, 27.6439709], [85.3108688, 27.6441515], [85.310833, 27.644229], [85.3108127, 27.6443187], [85.3108004, 27.6445493], [85.3108098, 27.6446981], [85.3108422, 27.6448449], [85.3108779, 27.6449708], [85.3109435, 27.6451886], [85.3110209, 27.6453845], [85.3110823, 27.6455792], [85.3111189, 27.6457069], [85.3111959, 27.6459445], [85.3113052, 27.6461179], [85.3113607, 27.6462576], [85.311387, 27.6463525], [85.3114085, 27.6464677], [85.3114118, 27.6465534], [85.3114091, 27.6466187], [85.3113696, 27.6467383], [85.3112697, 27.646905], [85.3111689, 27.6470401], [85.3111036, 27.6471477], [85.3110568, 27.6472428], [85.3110379, 27.6473333], [85.3110344, 27.6474671], [85.3110671, 27.6476071], [85.3111099, 27.6476835], [85.3111825, 27.6477439], [85.3112899, 27.6477775], [85.3113893, 27.6477815], [85.3115495, 27.6477773], [85.3117143, 27.6477543], [85.3119045, 27.6477212], [85.3120056, 27.6476892], [85.3121067, 27.647669], [85.3124271, 27.6476787], [85.3129787, 27.6477755]]]}}, {"type": "Feature", "properties": {"name": "Bagmati Nadi (\u092c\u093e\u0917\u092e\u0924\u0940 \u0928\u0926\u0940)", "waterway": "river", "id": 518770057, "type": "river"}, "geometry": {"type": "MultiLineString", "coordinates": [[[85.3159055, 27.6898542], [85.3157258, 27.6899979], [85.3154375, 27.6902365], [85.3149989, 27.6906106], [85.3148299, 27.690746], [85.3146958, 27.6908434], [85.3145671, 27.6909241], [85.314441, 27.6909882], [85.3142908, 27.6910262], [85.3136616, 27.6913076], [85.313369, 27.6914172], [85.3131273, 27.6915054], [85.3127888, 27.6916247], [85.3125152, 27.6917055], [85.3123596, 27.6917411], [85.3121585, 27.6917625], [85.3120083, 27.6917649], [85.3118286, 27.6917506], [85.3116676, 27.6917411], [85.3114825, 27.6917554], [85.3113404, 27.6918029], [85.3101703, 27.6922296], [85.3096406, 27.6924454], [85.3090249, 27.6926654], [85.3086358, 27.6928019], [85.308257, 27.692903], [85.3076832, 27.6930267], [85.3072377, 27.6931038], [85.3068082, 27.6931914], [85.3065122, 27.6932431], [85.3063037, 27.6932573], [85.3061132, 27.6932396], [85.3059326, 27.6932119], [85.3057425, 27.6931721], [85.3051069, 27.6929903], [85.3046107, 27.6928194], [85.3042781, 27.6927172], [85.3040978, 27.6926425], [85.304026, 27.6926127], [85.303731, 27.6924797], [85.3034386, 27.6923396], [85.3031704, 27.6921852], [85.3029799, 27.692057], [85.302752, 27.6918789], [85.3024261, 27.6915642], [85.3023308, 27.6914632], [85.3019688, 27.6909384], [85.301781, 27.6906106], [85.3015745, 27.6902544], [85.3012016, 27.6895015], [85.3011399, 27.6894041], [85.301038, 27.6891856], [85.300912, 27.688732], [85.3007913, 27.6882142], [85.300625, 27.6878318], [85.3005311, 27.6875515], [85.3004694, 27.6873283], [85.3004318, 27.6870457], [85.300338, 27.6865279], [85.3003031, 27.6862595], [85.3002495, 27.686022], [85.3001717, 27.6857702], [85.3000729, 27.6854933], [85.2999809, 27.685314], [85.299798, 27.685036], [85.2996109, 27.684783], [85.2995226, 27.6846088], [85.2994448, 27.6843736], [85.2993295, 27.6840815], [85.2992383, 27.6837442], [85.2992195, 27.6835756], [85.299257, 27.6833808], [85.2993187, 27.6831813], [85.2993348, 27.6830198], [85.2993589, 27.6828645], [85.2993134, 27.6826018], [85.2992839, 27.6825115], [85.2992436, 27.6824545], [85.2991846, 27.6823666], [85.2991471, 27.682255], [85.2990505, 27.6818037], [85.2990451, 27.681407], [85.2990344, 27.6811648], [85.2990398, 27.6809344], [85.2990425, 27.6805425], [85.2990505, 27.6803097], [85.2990451, 27.6797871], [85.2990156, 27.6794], [85.2989754, 27.6790912], [85.2989244, 27.6788418], [85.2988118, 27.6785639], [85.2985463, 27.6781601], [85.298329, 27.6777016], [85.2981412, 27.6774166], [85.2978301, 27.6770959], [85.2975458, 27.6768608], [85.2971971, 27.676571], [85.2967814, 27.6762765], [85.2963281, 27.6759558], [85.2957165, 27.6755924], [85.2953732, 27.6754118], [85.2950567, 27.6752669], [85.2947751, 27.6751387], [85.2944237, 27.6750223], [85.2941099, 27.6749011], [85.2937397, 27.6747586], [85.2934608, 27.6746351], [85.2932355, 27.6745258], [85.2930585, 27.6744118], [85.2928734, 27.6742693], [85.2927346, 27.6741339], [85.2925864, 27.6739747], [85.2924366, 27.6737747], [85.2922184, 27.673444], [85.2920687, 27.6731814], [85.2919802, 27.6730032], [85.291881, 27.6728179], [85.2918059, 27.672654], [85.2917522, 27.6724782], [85.2917093, 27.6723048], [85.2916986, 27.672091], [85.2917254, 27.6718868], [85.2917844, 27.6716255], [85.2918488, 27.6713855], [85.2919722, 27.671072], [85.2921063, 27.6707584], [85.2922645, 27.6704211], [85.2925058, 27.6699586], [85.2925891, 27.6698296], [85.2927205, 27.6696824], [85.2928492, 27.6695303], [85.2930289, 27.669402], [85.2934098, 27.6692001], [85.2938685, 27.6690956], [85.2941152, 27.6690267], [85.2943727, 27.6689721], [85.2945632, 27.6689483], [85.2947831, 27.6689364], [85.2950336, 27.6689479], [85.2952525, 27.6689388], [85.295451, 27.6689222], [85.295746, 27.6688961], [85.2960411, 27.6688557], [85.296599, 27.6687678], [85.2968806, 27.6687155], [85.2970952, 27.66863], [85.2971783, 27.6685754], [85.2972481, 27.6685017], [85.2974251, 27.6682689], [85.297586, 27.6680338], [85.2977335, 27.6677891], [85.2977979, 27.6676442], [85.2978328, 27.6674114], [85.2978408, 27.6672475], [85.2978167, 27.6670622], [85.2977952, 27.6668769], [85.2977443, 27.6667225], [85.2974519, 27.6664184], [85.2970147, 27.6659956], [85.2967438, 27.6656511], [85.2964984, 27.6652651], [85.2964528, 27.6651867], [85.2964193, 27.6650952], [85.2963924, 27.6649479], [85.2963576, 27.6647579], [85.2963079, 27.6643172], [85.2963012, 27.6641141], [85.2963066, 27.664044], [85.2963113, 27.6638771], [85.2963515, 27.6636093], [85.296436, 27.6633183], [85.296452, 27.6632326], [85.296512, 27.6629523], [85.2965212, 27.6628242], [85.2965547, 27.6626937], [85.2966547, 27.662408], [85.2968757, 27.6619661], [85.2970362, 27.6616767], [85.2970563, 27.6616054], [85.2970657, 27.6615128], [85.297063, 27.6612871], [85.2970549, 27.6611873], [85.297012, 27.6610709], [85.2969825, 27.661027], [85.2969235, 27.6609664], [85.2967894, 27.6608761], [85.296658, 27.6608286], [85.296603, 27.660812], [85.2965534, 27.6608144], [85.2964675, 27.6608595], [85.2963187, 27.6609783], [85.2962637, 27.6610258], [85.2961993, 27.6610495], [85.2961376, 27.6610448], [85.2960733, 27.6610234], [85.2958721, 27.6608476], [85.2955824, 27.6605958], [85.2954242, 27.6604936], [85.2953678, 27.6604687], [85.295274, 27.6604366], [85.2950487, 27.6603796], [85.2948622, 27.6602941], [85.2947005, 27.6602092], [85.2945898, 27.6601632], [85.2944768, 27.6600863], [85.2943608, 27.65997], [85.2943084, 27.6598962], [85.2942722, 27.6598213], [85.2942467, 27.6596717], [85.2942185, 27.6596004], [85.2941689, 27.6595196], [85.2940714, 27.6593925], [85.2939537, 27.6592388], [85.2937676, 27.6588929], [85.293666, 27.6587315], [85.2936479, 27.6586851], [85.2936319, 27.6586406], [85.2936244, 27.6585788], [85.2936137, 27.6583912], [85.2936246, 27.6581119], [85.2936056, 27.6578281], [85.2936056, 27.6576119], [85.2936164, 27.6574836], [85.2936351, 27.6573696], [85.2937075, 27.6572413], [85.2937397, 27.6571368], [85.293732, 27.6570289], [85.2937005, 27.656952], [85.2936807, 27.6568493], [85.2935788, 27.65655], [85.2934338, 27.6562035], [85.2933589, 27.6560859], [85.293224, 27.6558745], [85.2930679, 27.6556943], [85.2928073, 27.6554806], [85.2925101, 27.6552652], [85.292402, 27.6551869], [85.2916101, 27.6544902], [85.2914652, 27.6543215], [85.2912362, 27.6540242], [85.291087, 27.6538083], [85.290969, 27.6536646], [85.2908, 27.6534971], [85.2906284, 27.6533676], [85.2903347, 27.6532476], [85.2900343, 27.6531466], [85.2896856, 27.6529875], [85.2893355, 27.6528045], [85.2890204, 27.6526002], [85.28872, 27.6523971], [85.2884611, 27.6521785], [85.2880776, 27.6517793], [85.2879059, 27.6516059], [85.2877343, 27.6513731], [85.287458, 27.6509763], [85.2872944, 27.6507126], [85.2871683, 27.6504774], [85.2870932, 27.6503063], [85.2870262, 27.6501067], [85.2869086, 27.6496703], [85.286825, 27.6492205], [85.2867714, 27.6488499], [85.2866598, 27.6482555], [85.2866265, 27.6480444], [85.2866305, 27.6477818], [85.2866694, 27.6475574], [85.286774, 27.647315], [85.2870718, 27.6468493], [85.2872461, 27.6465571], [85.2874339, 27.6461603], [85.2875886, 27.6455249], [85.2876082, 27.6452289], [85.2876143, 27.6448707], [85.2875707, 27.6446848], [85.2874425, 27.6444901], [85.2872354, 27.6443023], [85.2870315, 27.644168], [85.2869189, 27.6441359], [85.2867995, 27.6441347], [85.2863168, 27.6443303], [85.2858192, 27.6445137], [85.2854673, 27.644642], [85.284588, 27.6449675], [85.2840485, 27.6451028], [85.2834239, 27.6452401], [85.2831671, 27.6453009], [85.2830873, 27.6453002], [85.2829546, 27.6452717], [85.2827775, 27.6452075], [85.2825415, 27.6450816], [85.2824946, 27.6450364], [85.2824543, 27.6449824], [85.2824262, 27.6448891], [85.2823994, 27.6447371], [85.2823672, 27.6445589], [85.282347, 27.6441909], [85.2823255, 27.6438205], [85.2824017, 27.6435059], [85.2827476, 27.6427804], [85.2830566, 27.6421948], [85.2831577, 27.6419], [85.283577, 27.6412638], [85.284032, 27.6406775], [85.2846067, 27.6397381], [85.2851191, 27.638987], [85.2853927, 27.6386092], [85.2856904, 27.6382646], [85.2861786, 27.6378203], [85.2866641, 27.6374401], [85.2870181, 27.6372001], [85.2874116, 27.636935], [85.2876082, 27.6368199], [85.2878121, 27.6366773], [85.2879381, 27.6366156], [85.2881178, 27.6365799], [85.2882895, 27.636568], [85.2884799, 27.6365181], [85.288606, 27.6364516], [85.2887213, 27.6363613], [85.2889654, 27.6361617], [85.2891044, 27.6360519], [85.289408, 27.6357886], [85.2896869, 27.635589], [85.2900276, 27.6353633], [85.2906498, 27.635033], [85.2911299, 27.6348358], [85.2916342, 27.6346766], [85.291889, 27.6346362], [85.2921036, 27.634591], [85.2923155, 27.6345245], [85.2925381, 27.6344128], [85.2927098, 27.6342987], [85.2928385, 27.6342084], [85.2929243, 27.6341063], [85.2930129, 27.6339423], [85.293045, 27.633833], [85.2930585, 27.6337094], [85.293045, 27.6335455], [85.2929914, 27.6333815], [85.2928697, 27.6331549], [85.2928509, 27.6331098], [85.2928358, 27.6329562], [85.292851, 27.6328116], [85.2929712, 27.6320438], [85.29316, 27.6309563], [85.2932006, 27.6300083], [85.2932201, 27.6296635], [85.293263, 27.6292457], [85.2936233, 27.6286833], [85.2938205, 27.6283794], [85.2941377, 27.6280832], [85.294362, 27.6279017], [85.2945873, 27.6276974], [85.2947241, 27.6274954], [85.2948559, 27.6271905], [85.2949306, 27.6270177], [85.2949843, 27.6268157], [85.2949716, 27.6266742], [85.2948797, 27.6265733], [85.2947965, 27.6265234], [85.2945793, 27.6265163], [85.294362, 27.6265305], [85.2939892, 27.6265448], [85.2933964, 27.6264616], [85.2930343, 27.6263499], [85.2928546, 27.6262739], [85.2927044, 27.6261408], [85.2926239, 27.6260291], [85.2926132, 27.625858], [85.2928125, 27.6251259], [85.2928987, 27.624688], [85.2929887, 27.6244155], [85.293037, 27.6241636], [85.2930719, 27.6236978], [85.2930338, 27.6232199], [85.2930785, 27.6227507], [85.2931449, 27.6225718], [85.2933832, 27.6223043], [85.2934232, 27.6221864], [85.2934189, 27.6220684], [85.2933964, 27.6218537], [85.2933589, 27.6216255], [85.2933025, 27.6213617], [85.2932328, 27.6212191], [85.2928519, 27.6206844], [85.2923852, 27.620221], [85.2919266, 27.6196506], [85.2918032, 27.6194558], [85.2917469, 27.619287], [85.2916959, 27.619085], [85.2916825, 27.6188331], [85.2917683, 27.6183839], [85.2919496, 27.6179254], [85.2920853, 27.6172048], [85.29214, 27.61661], [85.2922535, 27.6161422], [85.2923222, 27.6157849], [85.2924508, 27.6154049], [85.2930596, 27.6142643], [85.2933074, 27.6138837], [85.2934125, 27.6137685], [85.2936915, 27.6135047], [85.2937987, 27.6133027], [85.2939006, 27.6130959], [85.293914, 27.6128677], [85.2938417, 27.6125944], [85.2935278, 27.6120929], [85.2932234, 27.6119456], [85.2928559, 27.6119016], [85.2923316, 27.6119361], [85.2919748, 27.612018], [85.2916677, 27.6121571], [85.2914062, 27.6122759], [85.2912252, 27.6123235], [85.2910602, 27.612352], [85.2908497, 27.612346], [85.2906217, 27.6122973], [85.2904339, 27.612245], [85.2902287, 27.6121238], [85.2901241, 27.6120074], [85.290041, 27.6118172], [85.2900463, 27.6116247], [85.2900812, 27.6114369], [85.2901676, 27.6112244], [85.2902515, 27.6110091], [85.2902864, 27.6109271], [85.290336, 27.6108166], [85.2904285, 27.610731], [85.2905881, 27.6106502], [85.2909328, 27.6106205], [85.2913056, 27.6105742], [85.2917281, 27.6104209], [85.2919574, 27.6102391], [85.2921438, 27.6100489], [85.2923356, 27.6098612], [85.292577, 27.609551], [85.2927741, 27.6093394], [85.2933508, 27.6088534], [85.2936003, 27.6086157], [85.2938792, 27.6083139], [85.2941233, 27.6080691], [85.2942064, 27.6078884], [85.2942386, 27.607684], [85.2942172, 27.6074606], [85.2942091, 27.6072633], [85.2941662, 27.6070233], [85.2941246, 27.6065591], [85.2941072, 27.6062318], [85.2940991, 27.6059204], [85.2941313, 27.6055258], [85.2941394, 27.6054331], [85.2941287, 27.605369], [85.2941126, 27.6052775], [85.2940938, 27.605199], [85.2940589, 27.6050849], [85.2940536, 27.6050053], [85.2940415, 27.6048983], [85.2940442, 27.6048389], [85.2940495, 27.6047878], [85.2940576, 27.6047545], [85.2940656, 27.6047337], [85.2940898, 27.60471], [85.2941179, 27.6046714], [85.294138, 27.6046262], [85.2941468, 27.6045864], [85.2941702, 27.6045323], [85.2941877, 27.6045062], [85.2942105, 27.6044764], [85.2942373, 27.6044372], [85.2942587, 27.6043956], [85.2942681, 27.6043635], [85.2942755, 27.6043392], [85.2942849, 27.6043053], [85.2943023, 27.6042411], [85.2943204, 27.604193], [85.2943285, 27.6041585], [85.2943245, 27.6041116], [85.294307, 27.6039678], [85.2942842, 27.6036671], [85.2942091, 27.6034413], [85.2939409, 27.6031608], [85.2934487, 27.6028934], [85.2931724, 27.6028221], [85.2928881, 27.6027698], [85.2927379, 27.602689], [85.2925703, 27.60255], [85.292282, 27.6023717], [85.2919601, 27.6022386], [85.291716, 27.6021376], [85.2915591, 27.6020983], [85.2913901, 27.6019557], [85.2912828, 27.6017727], [85.2911541, 27.6014471], [85.2910897, 27.6010454], [85.2911139, 27.6004796], [85.2911648, 27.6002372], [85.2912775, 27.5999924], [85.2915993, 27.599593], [85.2916557, 27.5995027], [85.2917522, 27.5992412], [85.2917469, 27.5986731], [85.2917844, 27.5982405], [85.2918386, 27.5978577], [85.2918515, 27.5973206], [85.2918354, 27.597241], [85.2918139, 27.5972006], [85.2917656, 27.5971269], [85.2916463, 27.5970318], [85.2915671, 27.5970068], [85.2914666, 27.5969878], [85.2913392, 27.5969961], [85.2910414, 27.5971043], [85.2908376, 27.5971899], [85.2906177, 27.5973039], [85.2901536, 27.5976296], [85.2899203, 27.5977461], [85.2896333, 27.5978222], [85.2890941, 27.5979767], [85.2886409, 27.5980694], [85.2881017, 27.5981312], [85.2876136, 27.598029], [85.2872622, 27.5977556], [85.2869001, 27.5974062], [85.2866238, 27.5970972], [85.286479, 27.5967002], [85.2863717, 27.5961915], [85.2862859, 27.5955022], [85.2861679, 27.5949174], [85.2860565, 27.594411], [85.285736, 27.593629], [85.2854119, 27.593307], [85.2850333, 27.5932249], [85.2845746, 27.5933342], [85.2842125, 27.5935363], [85.2840098, 27.5938557], [85.2839631, 27.5940854], [85.28401, 27.5942946], [85.284175, 27.5944301], [85.2845773, 27.5946226], [85.2846497, 27.594751], [85.2846122, 27.5948841], [85.2843815, 27.5953881], [85.2840516, 27.5958088], [85.2835366, 27.5960584], [85.2831396, 27.5961416], [85.2827373, 27.5961226], [85.2823269, 27.5960774], [85.2815545, 27.5959728], [85.2806264, 27.5958516], [85.2800524, 27.5956685], [85.2798191, 27.595457], [85.2797064, 27.5952335], [85.2797332, 27.5949673], [85.2800497, 27.5945157], [85.2805915, 27.5939071], [85.2814391, 27.5930585], [85.281643, 27.5926591], [85.2817342, 27.5921671], [85.2816859, 27.5916536], [85.2815437, 27.5912495], [85.2813372, 27.590881], [85.2810931, 27.5906671], [85.280782, 27.5904579], [85.2804065, 27.5902178], [85.2799129, 27.5898731], [85.2796944, 27.5896437], [85.279358, 27.589161], [85.2794113, 27.5888207], [85.2796796, 27.5884527], [85.2802417, 27.588081], [85.2811366, 27.5878498], [85.2820426, 27.5877003], [85.2830004, 27.5876316], [85.2836412, 27.5875862], [85.2841991, 27.5874816], [85.2846269, 27.5872445], [85.2851111, 27.5868302], [85.2851915, 27.5865378], [85.2851728, 27.5862026], [85.2850226, 27.5858841], [85.2848526, 27.585612], [85.284301, 27.5853539], [85.2837351, 27.5852113], [85.2832389, 27.5852232], [85.2828366, 27.5852422], [85.2822518, 27.5854229], [85.2816403, 27.5854894], [85.2810556, 27.5855084], [85.2806988, 27.5854466], [85.280275, 27.585216], [85.2800685, 27.5849831], [85.279988, 27.5845242], [85.2798781, 27.5840583], [85.2796742, 27.5837017], [85.2794275, 27.5834402], [85.2790681, 27.5832333], [85.2785665, 27.583086], [85.2782768, 27.5830812], [85.277743, 27.5830883], [85.2772683, 27.583036], [85.276992, 27.5828863], [85.2766621, 27.582557], [85.2764824, 27.5822634], [85.2762222, 27.5818735], [85.2758655, 27.5814028], [85.2754819, 27.5810367], [85.275152, 27.5808251], [85.2747953, 27.5805945], [85.27449, 27.5803696], [85.2741945, 27.5801023], [85.2739786, 27.579911], [85.2738391, 27.5797707], [85.2736258, 27.5796102], [85.273241, 27.5793558], [85.2730572, 27.5791514], [85.2729607, 27.5789945], [85.2728815, 27.5788031], [85.2727528, 27.5784833], [85.2726522, 27.5781362], [85.2724966, 27.577606], [85.2722713, 27.5770806], [85.2721533, 27.5767692], [85.2719548, 27.5764791], [85.2717017, 27.5762542], [85.2713607, 27.5759893], [85.2709825, 27.5757129], [85.2706513, 27.5754996], [85.2701014, 27.5751738], [85.2694451, 27.5748963], [85.2689358, 27.5746546], [85.2686772, 27.5744558], [85.2684545, 27.5742323], [85.2682829, 27.5739589], [85.2681917, 27.5736784], [85.2681059, 27.5733217], [85.2679425, 27.5726486], [85.2678677, 27.5724583], [85.2678138, 27.5723213], [85.2677025, 27.5720203], [85.2675562, 27.5717123], [85.2673588, 27.57137], [85.26717, 27.5709895], [85.266981, 27.5707459], [85.2666548, 27.5703807], [85.2664429, 27.5702309], [85.2660325, 27.5701429], [85.2655739, 27.5701239], [85.2651098, 27.5702285], [85.2646798, 27.5703424], [85.2643776, 27.5704805], [85.2640423, 27.5706137], [85.2635783, 27.5707397], [85.2633235, 27.5707516], [85.263015, 27.5706826], [85.2626047, 27.5704282], [85.2621755, 27.5701358], [85.2617437, 27.5699598], [85.2611938, 27.5698956], [85.2607566, 27.5700335], [85.2604803, 27.5701928], [85.2601424, 27.5704924], [85.2598554, 27.5708039], [85.2593833, 27.5710797], [85.2591151, 27.5712104], [85.258694, 27.5713341], [85.258179, 27.5714244], [85.258061, 27.5714339], [85.2579457, 27.5714054], [85.2578008, 27.571239], [85.2577002, 27.5711213], [85.257538, 27.5708966], [85.2573609, 27.5706398], [85.2571061, 27.570433], [85.256854, 27.5703474], [85.2565187, 27.5702974], [85.2560199, 27.5703464], [85.2555749, 27.5703562], [85.2554088, 27.5703424], [85.2552737, 27.5702561], [85.2551132, 27.5700692], [85.2549903, 27.5698989], [85.2548066, 27.5696231], [85.254656, 27.5694887], [85.2544545, 27.56942], [85.2541664, 27.5693274], [85.2538204, 27.5691942], [85.2533805, 27.5689184], [85.2531928, 27.5686569], [85.2529567, 27.5682313], [85.2527046, 27.5676939], [85.2525365, 27.5671101], [85.2523649, 27.5667448], [85.2519357, 27.5661968], [85.2511227, 27.5658587], [85.2510999, 27.565506], [85.2510994, 27.5654986], [85.2510858, 27.565289], [85.2510703, 27.5650504], [85.25065, 27.5648145], [85.2505803, 27.5645696], [85.2505615, 27.5642415], [85.2506769, 27.563949], [85.2508831, 27.563561], [85.2509558, 27.5631263], [85.2511007, 27.5626745], [85.2511918, 27.5621419], [85.2511758, 27.5615617], [85.2510819, 27.5610671], [85.2510041, 27.5606439], [85.2508137, 27.5602896], [85.2503295, 27.559978], [85.25006, 27.5599305], [85.2495933, 27.5597878], [85.2492687, 27.5595905], [85.2489951, 27.5593218], [85.2487349, 27.5589841], [85.2484748, 27.5586036], [85.2482173, 27.5582898], [85.2478927, 27.557857], [85.2475467, 27.5571698], [85.2474843, 27.5566172], [85.2474314, 27.5557145], [85.2474421, 27.555208], [85.2472758, 27.5548085], [85.2469245, 27.5544351], [85.2465329, 27.5541807], [85.246034, 27.5539596], [85.2458221, 27.5537004], [85.2457604, 27.5534602], [85.2457818, 27.5531701], [85.2459428, 27.5527063], [85.2461681, 27.5523401], [85.2467608, 27.5518574], [85.2471283, 27.5513628], [85.2473161, 27.5507326], [85.2472597, 27.5505233], [85.2470049, 27.550345], [85.2465821, 27.550132], [85.2460849, 27.549905], [85.2456933, 27.5496625], [85.2454412, 27.5493248], [85.2451783, 27.5488943], [85.2448404, 27.5486161], [85.2437702, 27.547867], [85.2433196, 27.5477291], [85.2427751, 27.5477742], [85.2422333, 27.547974], [85.2412569, 27.5484687], [85.2406025, 27.5485352], [85.240007, 27.5482499], [85.2394813, 27.5476649], [85.2388805, 27.5467849], [85.2382153, 27.5458004], [85.2377647, 27.5449585], [85.2374563, 27.5444401], [85.2371103, 27.5440905], [85.2367616, 27.5439145], [85.2362305, 27.543798], [85.2358711, 27.5436838], [85.2357379, 27.5435587], [85.2356914, 27.543515], [85.2356055, 27.5432201], [85.2355224, 27.5426231], [85.2353266, 27.5421903], [85.2349538, 27.5416837], [85.2344629, 27.5412937], [85.2341706, 27.541025], [85.2340659, 27.5408014], [85.2340177, 27.5404637], [85.2338809, 27.5399191], [85.2336127, 27.5392127], [85.2332613, 27.5387228], [85.2330275, 27.5384758], [85.2330159, 27.5384635], [85.2323413, 27.5381876], [85.2317941, 27.5379617], [85.231542, 27.5377738], [85.2313891, 27.5374099], [85.2314213, 27.5371055], [85.2315313, 27.5367916], [85.2316077, 27.5364989], [85.2317244, 27.5363397], [85.2319544, 27.5361896], [85.2323869, 27.5361018], [85.2333276, 27.5360014], [85.2337307, 27.5358188], [85.2341142, 27.5355853], [85.2345577, 27.5352326], [85.2346078, 27.5351928], [85.2356779, 27.5344414], [85.2365899, 27.5339232], [85.2375796, 27.5334285], [85.2384084, 27.5331217], [85.2390119, 27.5330147], [85.2394304, 27.5330408], [85.2397844, 27.5331479], [85.2400178, 27.5333548], [85.2403745, 27.5336997], [85.2406132, 27.5338019], [85.2408171, 27.5338043], [85.241088, 27.533702], [85.2416003, 27.533381], [85.2421635, 27.5331193], [85.2426624, 27.5330289], [85.2430487, 27.5330432], [85.2433464, 27.5331526], [85.2435955, 27.5333475], [85.2439553, 27.5334143], [85.2444568, 27.5333239], [85.2451327, 27.5330123], [85.2457738, 27.5326199], [85.2460232, 27.5322131], [85.2460796, 27.5317969], [85.246042, 27.5310905], [85.2458472, 27.5297569], [85.2457979, 27.5293756], [85.2458033, 27.5291306], [85.2458608, 27.5290406], [85.2459294, 27.5289332], [85.2463451, 27.5287096], [85.247013, 27.5284813], [85.2477694, 27.5284004], [85.248346, 27.5284789], [85.2489555, 27.5287354], [85.2494913, 27.5288999], [85.2501458, 27.528957], [85.2507037, 27.5288428], [85.251098, 27.528643], [85.251283, 27.5284741], [85.251393, 27.5280056], [85.2513796, 27.5279152], [85.251275, 27.527732], [85.2508244, 27.5271945], [85.2507815, 27.5271041], [85.2507547, 27.5269804], [85.2507305, 27.5266355], [85.2506903, 27.5263144], [85.2506179, 27.5259671], [85.2505776, 27.5257364], [85.2504998, 27.525313], [85.250473, 27.5248421], [85.250465, 27.5246565], [85.2504891, 27.5245471], [85.2505374, 27.5245067], [85.2506554, 27.524333], [85.2507171, 27.5242094], [85.2507761, 27.5240286], [85.2507949, 27.5238193], [85.2507949, 27.5237527], [85.2507761, 27.523648], [85.2507681, 27.5235386], [85.2508378, 27.5233079], [85.2508727, 27.5231937], [85.2508754, 27.5230581], [85.2508539, 27.5229725], [85.2508056, 27.5228963], [85.2507091, 27.522806], [85.2507091, 27.5227251], [85.2507439, 27.522618], [85.2508204, 27.5225003], [85.2508526, 27.5224468], [85.2508606, 27.5223362], [85.2508552, 27.5222719], [85.2508284, 27.5222077], [85.2507627, 27.5221102], [85.2506608, 27.5219925], [85.2506018, 27.5219282], [85.2504127, 27.5217391], [85.250351, 27.5216939], [85.2502933, 27.5215881], [85.2502853, 27.5215381], [85.2502853, 27.5214608], [85.2502772, 27.5213728], [85.2502252, 27.5212805], [85.2499707, 27.5210304], [85.2496387, 27.5208191], [85.2467556, 27.5197577], [85.246265, 27.5196229], [85.245663, 27.5195119], [85.2439794, 27.5192879], [85.2431586, 27.5191547], [85.2430138, 27.5190738], [85.2427778, 27.5188954], [85.2423298, 27.5184339], [85.242185, 27.5183055], [85.2419972, 27.5181746], [85.2412301, 27.5177084], [85.2407983, 27.5173456], [85.2406012, 27.5170483], [85.2405542, 27.5169674], [85.2405314, 27.5169067], [85.240463, 27.5166546], [85.2404617, 27.5165606], [85.240522, 27.5164072], [85.2406995, 27.5161264], [85.241444, 27.514149], [85.2416296, 27.5136449], [85.2417391, 27.5131662], [85.2416809, 27.5127281], [85.2412854, 27.5123951], [85.2410004, 27.5121436], [85.2406613, 27.5118938], [85.2401919, 27.5117759], [85.2394025, 27.511665], [85.2387476, 27.5115087], [85.2382505, 27.5113029], [85.2377593, 27.5109287], [85.2374589, 27.5106718], [85.23707, 27.5102947], [85.2368018, 27.5099295], [85.2366275, 27.5095073], [85.2365805, 27.5093015], [85.2365327, 27.5088783], [85.2366147, 27.5085499], [85.2366101, 27.5083139], [85.236506, 27.5081455], [85.2361527, 27.5078646], [85.2356096, 27.5074685], [85.2354339, 27.5072508], [85.2351925, 27.5069404], [85.2350718, 27.5066882], [85.2345142, 27.5054311], [85.2345015, 27.5051142], [85.2345252, 27.5047935], [85.234645, 27.5044973], [85.2349457, 27.5040673], [85.2354661, 27.5034967], [85.2356324, 27.503285], [85.2357879, 27.5030804], [85.2359033, 27.5028139], [85.236091, 27.5023452], [85.2362305, 27.5019646], [85.2364263, 27.5013484], [85.2365309, 27.5011248], [85.2366596, 27.5009202], [85.2369064, 27.5006965], [85.2371532, 27.5004919], [85.2373946, 27.5003539], [85.2377111, 27.5001541], [85.2381831, 27.4999971], [85.2385533, 27.5000208], [85.2391273, 27.5001969], [85.2396107, 27.5004047], [85.2398863, 27.5005942], [85.2401465, 27.5006727], [85.2405059, 27.5007037], [85.2408197, 27.500706], [85.2415547, 27.5006549], [85.2419235, 27.5005621], [85.2423432, 27.5003967], [85.2426356, 27.5001612], [85.242826, 27.4999257], [85.2429736, 27.4996211], [85.2431238, 27.4991572], [85.2432901, 27.4987313], [85.2434322, 27.4984553], [85.2436897, 27.4981389], [85.2441779, 27.4977464], [85.2444005, 27.4976274], [85.2453605, 27.4972], [85.2460366, 27.4969612], [85.2463424, 27.4967947], [85.2467529, 27.4965477], [85.2473003, 27.4961384], [85.2476991, 27.4957638], [85.2478947, 27.4954931], [85.2480268, 27.495291], [85.2480859, 27.4949864], [85.2481073, 27.4946795], [85.2480724, 27.4944059], [85.2479705, 27.4942584], [85.2478445, 27.4939919], [85.2477533, 27.493911], [85.2474126, 27.4936398], [85.2472973, 27.4935327], [85.24719, 27.493428], [85.247139, 27.4932995], [85.247131, 27.4931806], [85.2471712, 27.4929569], [85.2472302, 27.4927071], [85.2472705, 27.4925596], [85.2473026, 27.4922907], [85.2472839, 27.4918386], [85.2471498, 27.4915055], [85.2467743, 27.4905681], [85.246667, 27.4903349], [85.2465114, 27.490028], [85.2460189, 27.4894014], [85.2457741, 27.4890384], [85.2450308, 27.4881054], [85.2446687, 27.4876747], [85.2445455, 27.4874381], [85.2443906, 27.4869669], [85.2443361, 27.4867825], [85.2443334, 27.4866492], [85.244379, 27.4865255], [85.2445185, 27.486309], [85.2446473, 27.4862376], [85.2447492, 27.4861971], [85.2448484, 27.4861876], [85.244998, 27.4861732], [85.2457255, 27.4860853], [85.2457979, 27.4860567], [85.2458543, 27.4860187], [85.2459079, 27.4859473], [85.2459079, 27.4858878], [85.2458757, 27.4857807], [85.2458355, 27.4857141], [85.2458811, 27.4853833], [85.2459562, 27.4852287], [85.2468601, 27.4843578], [85.2473456, 27.4837486], [85.2475011, 27.4834012], [85.2475762, 27.4831704], [85.2476835, 27.4826921], [85.2477398, 27.48224], [85.2477318, 27.482102], [85.2476782, 27.4819545], [85.2475655, 27.4816951], [85.2474233, 27.4814881], [85.2470256, 27.4809159], [85.2469482, 27.4805333], [85.2470587, 27.4801019], [85.2473909, 27.479709], [85.2475025, 27.4795345], [85.2475749, 27.4793501], [85.247595, 27.4792929], [85.2476004, 27.4792275], [85.2475829, 27.4791442], [85.2475132, 27.4787706], [85.2475052, 27.4786386], [85.2475271, 27.4784399], [85.247536, 27.478397], [85.2476701, 27.4777997], [85.2477291, 27.4774285], [85.2478056, 27.4765837], [85.2478512, 27.4763339], [85.2478847, 27.4762565], [85.2480644, 27.4759817], [85.24811, 27.4759448], [85.2481784, 27.4759103], [85.2484399, 27.4758056], [85.2487296, 27.4757009], [85.2491105, 27.4755319], [85.2491829, 27.4755034], [85.2492687, 27.4754534], [85.2494994, 27.475332], [85.2518839, 27.474028], [85.2520663, 27.4738923], [85.2522272, 27.4737448], [85.2524766, 27.4735568], [85.2527046, 27.4733378], [85.2529433, 27.4729999], [85.2533832, 27.4722693], [85.2534288, 27.4721765], [85.2536152, 27.4718231], [85.253689, 27.4717494], [85.2537574, 27.4716435], [85.2538419, 27.4715304], [85.253921, 27.4713627], [85.2539679, 27.4712437], [85.2540591, 27.4710652], [85.2545412, 27.4705468], [85.2547619, 27.4703453], [85.2557167, 27.4696349], [85.2566743, 27.4690067], [85.2568808, 27.4688258], [85.2572322, 27.4684355], [85.2573824, 27.4681356], [85.2573824, 27.4680214], [85.2573824, 27.467831], [85.2572724, 27.4675907], [85.2569076, 27.4672932], [85.256567, 27.4670409], [85.2562612, 27.4667053], [85.2560198, 27.4664436], [85.2559233, 27.4662508], [85.2558696, 27.4660366], [85.255875, 27.4658795], [85.2559018, 27.4656273], [85.2560212, 27.4652441], [85.2564758, 27.4645135], [85.2566113, 27.4642886], [85.2568366, 27.463972], [85.2579108, 27.4627952], [85.2582809, 27.4623668], [85.2585049, 27.4620371], [85.2585438, 27.4619372], [85.2585505, 27.4617301], [85.2585478, 27.4616528], [85.2585317, 27.4615409], [85.25847, 27.4613553], [85.2584445, 27.4612648], [85.2583989, 27.4611327], [85.2583279, 27.460746], [85.2582461, 27.4604925], [85.2581964, 27.4603557], [85.2580932, 27.4599701], [85.2579416, 27.4596167], [85.2578209, 27.4593727], [85.2577995, 27.4592716], [85.2578142, 27.4591288], [85.2579068, 27.4588967], [85.2582722, 27.4584951], [85.2587853, 27.4581956], [85.2597351, 27.4578806], [85.26088, 27.457677], [85.2610195, 27.4576365], [85.2612273, 27.457546], [85.2614915, 27.4573806], [85.2616793, 27.4572593], [85.2619046, 27.4571141], [85.2619663, 27.4570641], [85.2620749, 27.4569594], [85.2622452, 27.4567404], [85.2623391, 27.4565714], [85.2625617, 27.4560918], [85.2627388, 27.4556741], [85.2627884, 27.455586], [85.2629077, 27.4554647], [85.2634039, 27.4549958], [85.2638411, 27.4547292], [85.2643427, 27.454615], [85.2648443, 27.4546388], [85.2652413, 27.4547459], [85.2656065, 27.454964], [85.2657978, 27.4550005], [85.2660592, 27.4549894], [85.2663034, 27.4549315], [85.2665234, 27.4548196], [85.2666988, 27.4545701], [85.2669445, 27.4541961], [85.267159, 27.4540128], [85.2675828, 27.4538319], [85.2682975, 27.453635], [85.269006, 27.4535761], [85.2701018, 27.4539668], [85.2708401, 27.4541251], [85.2716763, 27.4541731], [85.2728681, 27.454033], [85.2738894, 27.4538154], [85.2748542, 27.4534672], [85.275847, 27.4529386], [85.2772847, 27.4520627], [85.2780157, 27.4516979], [85.278726, 27.4515192], [85.2791378, 27.4514541], [85.2798405, 27.4514398], [85.2809966, 27.4516588], [85.2816993, 27.4517683], [85.282461, 27.4517778], [85.283778, 27.4516993], [85.2861893, 27.4518587], [85.2874647, 27.4518921], [85.2885058, 27.4517872], [85.2902676, 27.4514512], [85.2927661, 27.4514827], [85.2947053, 27.4512518], [85.2961597, 27.4508245], [85.2964649, 27.4507067], [85.296886, 27.4505734], [85.2975377, 27.4504996], [85.2982646, 27.4505734], [85.2989539, 27.450746], [85.2994448, 27.4509067], [85.2997144, 27.4510031], [85.3006625, 27.4510757], [85.3011239, 27.4510138], [85.3016227, 27.4508495], [85.3019634, 27.4506353], [85.3023148, 27.4502497], [85.3026581, 27.4498046], [85.3030309, 27.4492976], [85.3037658, 27.4485455], [85.3046295, 27.4477433], [85.3054234, 27.446665], [85.3059921, 27.4461533], [85.3066841, 27.4458653], [85.3072125, 27.4455784], [85.3076497, 27.445413], [85.3078589, 27.445363], [85.3081378, 27.4452821], [85.3083229, 27.4452511], [85.3084892, 27.445263], [85.3086206, 27.445294], [85.3088486, 27.4453559], [85.3091732, 27.4454558], [85.3096667, 27.4455368], [85.3099295, 27.4455701], [85.3102595, 27.4456486], [85.3112797, 27.4458527], [85.3116086, 27.445851], [85.311799, 27.4457938], [85.312086, 27.4456486], [85.3122979, 27.4454082], [85.3137398, 27.443647], [85.3146867, 27.4428786], [85.3154857, 27.4421914], [85.3157699, 27.441947], [85.3160217, 27.44162], [85.316053, 27.4413526], [85.3159836, 27.4409976], [85.3154978, 27.4401619], [85.3149211, 27.4395215], [85.3146234, 27.4392978], [85.3143391, 27.4390145], [85.3142425, 27.4387812], [85.3141594, 27.4385693], [85.3141406, 27.4383242], [85.314272, 27.4375315], [85.3143445, 27.4373101], [85.3144464, 27.4371101], [85.3145859, 27.4369887], [85.3147387, 27.4368887], [85.3151456, 27.4366869], [85.3158948, 27.4363555], [85.3163347, 27.4362484], [85.3168048, 27.4361799], [85.3171715, 27.4362127], [85.3176302, 27.4363602], [85.3179333, 27.436465], [85.3181881, 27.4366102], [85.3191724, 27.436803], [85.319843, 27.4368221], [85.3201327, 27.4368506], [85.3204089, 27.4368959], [85.320932, 27.4371101], [85.3213477, 27.4373363], [85.3224394, 27.4378219], [85.3235069, 27.4382361], [85.3241905, 27.438421], [85.3245127, 27.438467], [85.3248453, 27.4385122], [85.3250384, 27.4385336], [85.3255239, 27.4385003], [85.3263393, 27.4383932], [85.3268462, 27.438386], [85.327203, 27.4384099], [85.327895, 27.4384836], [85.3280559, 27.4384741], [85.3282759, 27.4384194], [85.3299174, 27.4379314], [85.3309451, 27.4375354], [85.3314694, 27.4371509], [85.3317466, 27.4369316], [85.3319156, 27.436803], [85.33209, 27.4366483], [85.3322831, 27.4364912], [85.3325513, 27.4362007], [85.3326425, 27.4360246], [85.3327015, 27.4358127], [85.3329391, 27.4350684], [85.3332245, 27.4340344]], [[85.347117, 27.6994109], [85.3470222, 27.6992637], [85.3469726, 27.6991753], [85.3468162, 27.6989269], [85.3466651, 27.6987918], [85.346571, 27.6986816], [85.3465396, 27.6985958], [85.3465299, 27.6985142], [85.3464979, 27.69822], [85.346503, 27.6980261], [85.3465391, 27.6978228], [85.3465859, 27.6977009], [85.3466462, 27.6975581], [85.3467955, 27.6973718], [85.3470334, 27.697104], [85.3472162, 27.6969082], [85.3474759, 27.6966104], [85.3476261, 27.6964783], [85.3477142, 27.6963983], [85.3478814, 27.6962692], [85.3480271, 27.6961361], [85.3481616, 27.6959778], [85.3483651, 27.6958025], [85.3485678, 27.6956937], [85.3489919, 27.6954846], [85.3493151, 27.6953498], [85.349405, 27.6953154], [85.349527, 27.6952774], [85.3499524, 27.6951778], [85.3502981, 27.6950956], [85.3505842, 27.6950085], [85.3508779, 27.6949051], [85.3511227, 27.6947826], [85.3513709, 27.6946503], [85.3514758, 27.6945624], [85.3515337, 27.6944923], [85.3516134, 27.6943677], [85.3516948, 27.6942165], [85.3517759, 27.6940623], [85.3518348, 27.6939285], [85.351886, 27.6938091], [85.3518935, 27.6937011], [85.3518722, 27.6935985], [85.3518348, 27.6934873], [85.3517536, 27.6932854], [85.3514532, 27.6927427], [85.3512204, 27.6923618], [85.3511618, 27.6922482], [85.351135, 27.6922209], [85.3510126, 27.6921141], [85.3509041, 27.6920344], [85.3507817, 27.6919595], [85.3506518, 27.6918992], [85.3505208, 27.6918634], [85.3500919, 27.6918133], [85.3499184, 27.6917661], [85.3496831, 27.6916812], [85.3495497, 27.6916127], [85.3494575, 27.6915514], [85.3493879, 27.6914744], [85.3492436, 27.6912765], [85.3491455, 27.6911508], [85.3490707, 27.6910664], [85.3490111, 27.6910057], [85.3489178, 27.690945], [85.3488312, 27.6909101], [85.3487131, 27.6908814], [85.3483578, 27.6908482], [85.3481633, 27.6908104], [85.3480498, 27.6907663], [85.3479585, 27.6906866], [85.3479241, 27.6906367], [85.3479045, 27.6905887], [85.3479036, 27.6905442], [85.3479143, 27.6904774], [85.3479966, 27.6902312], [85.3481426, 27.6898862], [85.3482117, 27.689629], [85.348328, 27.6892487], [85.348364, 27.6890216], [85.3483806, 27.6888411], [85.348379, 27.6887795], [85.3483586, 27.6886433], [85.3483085, 27.6884911], [85.3482685, 27.6884208], [85.3482154, 27.6883502], [85.3480517, 27.6881852], [85.3479154, 27.6881049], [85.3477572, 27.6880064], [85.347634, 27.6879399], [85.3475234, 27.687901], [85.3473852, 27.687892], [85.347242, 27.6879063], [85.3470778, 27.6879538], [85.3470053, 27.6879894], [85.3469505, 27.6880103], [85.3468571, 27.6880238], [85.3467877, 27.6880195], [85.3467127, 27.6880036], [85.3464084, 27.6879326], [85.3459031, 27.6877826], [85.3457545, 27.6877272], [85.3455972, 27.6876383], [85.3454616, 27.687533], [85.345294, 27.687307], [85.345124, 27.6871123], [85.3450056, 27.686998], [85.3448911, 27.6869312], [85.3447795, 27.6868728], [85.3444781, 27.6867494], [85.3442726, 27.6866823], [85.3442044, 27.6866512], [85.3440717, 27.6865681], [85.3438927, 27.6864154], [85.3437224, 27.6862284], [85.3434677, 27.6859063], [85.343376, 27.6857697], [85.3433563, 27.6857296], [85.3433372, 27.6856593], [85.3432902, 27.6853134], [85.3432647, 27.6844837], [85.3432303, 27.6843421], [85.3432187, 27.6842569], [85.3431866, 27.6841502], [85.3430981, 27.6839937], [85.3429887, 27.683845], [85.3428477, 27.6837041], [85.3424667, 27.6834294], [85.3423439, 27.6832902], [85.3421578, 27.6830301], [85.3418988, 27.6826956], [85.3416601, 27.6823678], [85.3413275, 27.6819949], [85.3412155, 27.681891], [85.3411183, 27.6818465], [85.3410365, 27.6818393], [85.3409232, 27.6818429], [85.3407776, 27.681878], [85.3406824, 27.6819438], [85.340551, 27.6820733], [85.3404812, 27.6821897], [85.3404464, 27.6823025], [85.3404141, 27.6823405], [85.3402827, 27.6825578], [85.3401902, 27.6827193], [85.3400655, 27.6828084], [85.3399528, 27.6828464], [85.3397583, 27.6828619], [85.3394527, 27.6828666], [85.3393547, 27.6828381], [85.3389269, 27.6826005], [85.3386252, 27.6824283], [85.3382711, 27.6823143], [85.3381518, 27.6822561], [85.3380646, 27.682192], [85.3378312, 27.6819414], [85.3376005, 27.6816552], [85.3372264, 27.6811149], [85.3370561, 27.6807052], [85.3369729, 27.6805757], [85.3368026, 27.680394], [85.3367664, 27.6803275], [85.3367221, 27.6802277], [85.3366846, 27.6800235], [85.336643, 27.6798833], [85.3366202, 27.6797931], [85.3365827, 27.6796684], [85.3364727, 27.6795496], [85.336415, 27.679489], [85.3363547, 27.6794475], [85.3362527, 27.6793893], [85.3359818, 27.6793145], [85.3358348, 27.6792999], [85.335204, 27.6792099], [85.3349501, 27.6791941], [85.3347712, 27.6791513], [85.334453, 27.6790215], [85.3338549, 27.6787713], [85.3333372, 27.6785924], [85.3329509, 27.678723], [85.3325111, 27.6787705], [85.3318834, 27.6790484], [85.3312263, 27.6792907], [85.3307327, 27.6797444], [85.3305101, 27.680141], [85.3300783, 27.6807277], [85.3297859, 27.6810674], [85.3292307, 27.6818013], [85.3290001, 27.6823785], [85.3288847, 27.6826825], [85.3287544, 27.6829415], [85.3286032, 27.683459], [85.3284987, 27.6837841], [85.3283986, 27.6839892], [85.3283384, 27.6841036], [85.3282117, 27.6843284], [85.3279567, 27.6847501], [85.3274927, 27.6853807], [85.3272808, 27.6856348], [85.3270744, 27.6857976], [85.3265271, 27.6861621], [85.3263474, 27.68625], [85.3258136, 27.6864637], [85.3245154, 27.6866609], [85.3242685, 27.6866599], [85.3239284, 27.6866586], [85.3224461, 27.6867559], [85.321978, 27.6868034], [85.3215623, 27.6868675], [85.3210862, 27.6869827], [85.32028, 27.6872633], [85.3191268, 27.6877962], [85.3182659, 27.6882688], [85.3180352, 27.6883994], [85.317716, 27.6886085], [85.3175095, 27.6887533], [85.3173137, 27.6888935], [85.3163936, 27.6895596], [85.3159055, 27.6898542]], [[85.3473262, 27.6995237], [85.347117, 27.6994109]], [[85.4240065, 27.7807707], [85.4238913, 27.7805955], [85.4238349, 27.7803848], [85.4238805, 27.7802006], [85.4239744, 27.7800206], [85.4241139, 27.7798533], [85.4242507, 27.7796753], [85.4243955, 27.7794665], [85.4245135, 27.7793739], [85.4247147, 27.7793075], [85.4248837, 27.7792292], [85.4249185, 27.779139], [85.4248944, 27.7790559], [85.4247147, 27.7789301], [85.424307, 27.7786786], [85.4241541, 27.7785149], [85.4240361, 27.7782752], [85.4239422, 27.7777222], [85.4239273, 27.7768722], [85.4240677, 27.7763594], [85.424307, 27.7758688], [85.4247522, 27.775342], [85.4251304, 27.7749646], [85.4253396, 27.7746799], [85.4255247, 27.7742907], [85.4257232, 27.773956], [85.425954, 27.773668], [85.4260115, 27.7735027], [85.4260169, 27.7733793], [85.4259324, 27.7732488], [85.4257715, 27.7730542], [85.4257098, 27.7728928], [85.4257634, 27.7727481], [85.4259083, 27.7726365], [85.4262033, 27.7724657], [85.4262543, 27.7723707], [85.426265, 27.7722687], [85.426206, 27.7721619], [85.4258949, 27.7718391], [85.4258265, 27.7716908], [85.4258362, 27.7715917], [85.4259177, 27.7715448], [85.4260518, 27.7715401], [85.4262596, 27.771635], [85.426493, 27.7717299], [85.4266678, 27.7717478], [85.4269007, 27.7716801], [85.427193, 27.7715282], [85.4273191, 27.7713431], [85.427303, 27.7711556], [85.427236, 27.7709325], [85.4270831, 27.7707261], [85.4267397, 27.7704555], [85.4264715, 27.7702704], [85.4262274, 27.7700687], [85.4259083, 27.7698052], [85.425709, 27.769624], [85.425463, 27.7693614], [85.4251707, 27.7690244], [85.4248676, 27.7685735], [85.4245148, 27.7681653], [85.4242828, 27.7679635], [85.4241208, 27.7677478], [85.4240254, 27.7674889], [85.4240211, 27.767171], [85.4240549, 27.7667009], [85.4240527, 27.7661681], [85.4241257, 27.7657764], [85.4241702, 27.7652009], [85.4240736, 27.764629], [85.4240341, 27.7644005], [85.4240087, 27.7642208], [85.4240656, 27.763606], [85.4240414, 27.7633473], [85.4239261, 27.7630957], [85.4233468, 27.7624739], [85.4227996, 27.7618948], [85.4220432, 27.761159], [85.4216628, 27.7607417], [85.4214839, 27.7603491], [85.4214263, 27.7596542], [85.4214771, 27.7590493], [85.4214943, 27.7586901], [85.4213498, 27.7584497], [85.4210402, 27.7581818], [85.4207719, 27.7579687], [85.4206309, 27.7577678], [85.4204929, 27.7573424], [85.4204629, 27.7569793], [85.4204702, 27.7567188], [85.4205251, 27.756457], [85.4206538, 27.7562339], [85.4208764, 27.7559752], [85.4210937, 27.7557497], [85.4213297, 27.7554767], [85.4215443, 27.7552607], [85.4216409, 27.7551587], [85.4216865, 27.7549842], [85.4216436, 27.7547646], [85.4215711, 27.7545368], [85.4215631, 27.7542781], [85.4216301, 27.7540098], [85.4217761, 27.7536489], [85.4219185, 27.7534046], [85.4220834, 27.753077], [85.4221835, 27.752742], [85.4222739, 27.7524005], [85.4224241, 27.7519519], [85.4226499, 27.7515544], [85.4230759, 27.7510333], [85.4234261, 27.7506694], [85.4237705, 27.7503829], [85.4240844, 27.7501348], [85.4241836, 27.7499948], [85.4242104, 27.7498511], [85.4241393, 27.7496743], [85.423965, 27.7495343], [85.4236136, 27.7493823], [85.4232126, 27.7491663], [85.4227754, 27.7487901], [85.4225475, 27.7485575], [85.4223905, 27.7483296], [85.4222524, 27.7480542], [85.4221036, 27.7478228], [85.4218648, 27.7475973], [85.4216637, 27.7474738], [85.4214089, 27.7474382], [85.4211433, 27.7474762], [85.4209086, 27.7476056], [85.4207437, 27.747824], [85.4206431, 27.7480566], [85.4206511, 27.7483854], [85.4207329, 27.7487474], [85.4207584, 27.7488898], [85.4207276, 27.7489966], [85.4206176, 27.7490559], [85.4203387, 27.7490666], [85.4200329, 27.7490239], [85.4197767, 27.7489242], [85.4195595, 27.7487901], [85.4194401, 27.7486275], [85.4193422, 27.7483699], [85.4193707, 27.7479106], [85.4194881, 27.7469555], [85.4195238, 27.7464266], [85.4194857, 27.7459525], [85.4193762, 27.7456237], [85.4191619, 27.7453098], [85.4189738, 27.7450674], [85.4187309, 27.7449052], [85.4185571, 27.7448651], [85.4183475, 27.7448567], [85.4181381, 27.744879], [85.4179503, 27.7449327], [85.4177698, 27.745015], [85.4175734, 27.7451853], [85.4174154, 27.7453473], [85.417083, 27.7459118], [85.4169369, 27.7460781], [85.4167398, 27.7462257], [85.4165951, 27.7462833], [85.4164172, 27.746318], [85.4162859, 27.7462986], [85.41617, 27.7462547], [85.4160306, 27.7461521], [85.4159365, 27.7460463], [85.4158746, 27.7459391], [85.4158551, 27.7458196], [85.4158648, 27.7456591], [85.4159264, 27.7455013], [85.4160367, 27.7453697], [85.4161869, 27.7452216], [85.4162811, 27.7451087], [85.4163117, 27.7450029], [85.4163284, 27.7448848], [85.4163165, 27.7447534], [85.4162426, 27.7446051], [85.4161378, 27.7444871], [85.4159791, 27.7444022], [85.4158081, 27.7443051], [85.4156738, 27.7441882], [85.4155579, 27.7440195], [85.4154879, 27.7437778], [85.4154752, 27.7435787], [85.415567, 27.7433636], [85.4158071, 27.7430787], [85.4158513, 27.7429078], [85.4158406, 27.7427784], [85.4157454, 27.7426621], [85.4155616, 27.7426229], [85.4152465, 27.7426324], [85.4149139, 27.7425754], [85.4146913, 27.7424686], [85.4143158, 27.7421291], [85.4140985, 27.7419464], [85.4136559, 27.7417113], [85.4131973, 27.7415499], [85.4128727, 27.7414811], [85.4125951, 27.7414739], [85.4124047, 27.7414288], [85.4122612, 27.7413066], [85.4121861, 27.7410514], [85.4120949, 27.7405339], [85.412039, 27.7402637], [85.4120177, 27.7400951], [85.4120226, 27.7399188], [85.4120394, 27.7396363], [85.4120054, 27.7393927], [85.4120103, 27.73924], [85.4120807, 27.7389622], [85.4120925, 27.7388247], [85.412109, 27.7386673], [85.4121476, 27.7385151], [85.4122499, 27.7383002], [85.4122676, 27.7382157], [85.4122552, 27.7381454], [85.4122154, 27.7380845], [85.4120585, 27.7379794], [85.4119574, 27.7379339], [85.4117803, 27.7378979], [85.411616, 27.737886], [85.4114626, 27.7379149], [85.4113556, 27.7379586], [85.4112451, 27.7380463], [85.4111134, 27.7382671], [85.4110818, 27.7383884], [85.4110679, 27.7385065], [85.4110133, 27.7385818], [85.4108965, 27.7386688], [85.4106806, 27.7387417], [85.4103783, 27.7387605], [85.4100551, 27.7386573], [85.4097238, 27.7384614], [85.4094326, 27.7381948], [85.4093188, 27.7379914], [85.4092813, 27.7377896], [85.4093376, 27.7375735], [85.409461, 27.7373172], [85.4097989, 27.7369753], [85.4099612, 27.7367652], [85.4100122, 27.736599], [85.4099947, 27.7363367], [85.409925, 27.7361943], [85.4097801, 27.736085], [85.4095334, 27.7360043], [85.4091793, 27.7359663], [85.4088709, 27.7359806], [85.4084863, 27.7361131], [85.4081172, 27.7363153], [85.4078972, 27.7364198], [85.4076746, 27.7364127], [85.4073822, 27.736313], [85.4070617, 27.73618], [85.4068807, 27.7360886], [85.4067028, 27.736053], [85.4066116, 27.7360647], [85.4065275, 27.7360969], [85.4064455, 27.7361792], [85.4063634, 27.736385], [85.4062195, 27.7368012], [85.4061573, 27.7369709], [85.4061565, 27.737164], [85.4060049, 27.7374323], [85.405852, 27.7376946], [85.4056549, 27.7379926], [85.4055476, 27.7380958], [85.4053947, 27.7381433], [85.4052217, 27.738135], [85.4050447, 27.738065], [85.4049681, 27.7379316], [85.404909, 27.7377288], [85.4049213, 27.7375042], [85.4049133, 27.7373251], [85.4048606, 27.7371756], [85.4048234, 27.7370536], [85.4045364, 27.7366429], [85.4044557, 27.7364424], [85.4044795, 27.7362906], [85.4046247, 27.7361241], [85.4049676, 27.7359218], [85.4051775, 27.7358002], [85.405384, 27.735615], [85.4054108, 27.7354583], [85.4053438, 27.7352874], [85.4051723, 27.7351168], [85.404928, 27.7350144], [85.4044318, 27.7348695], [85.4034877, 27.7347152], [85.4030612, 27.7346131], [85.4027769, 27.7344612], [85.4025891, 27.7342642], [85.4023021, 27.7340267], [85.4019266, 27.733908], [85.40154, 27.7339193], [85.4012494, 27.7340125], [85.4009047, 27.7342642], [85.4006687, 27.7344826], [85.400371, 27.734682], [85.4002275, 27.7348339], [85.4001736, 27.7350175], [85.4002146, 27.7352054], [85.400438, 27.735653], [85.4004782, 27.7358002], [85.4004514, 27.7359687], [85.4002824, 27.7361539], [85.4000545, 27.7362394], [85.3998265, 27.7362441], [85.3996253, 27.7362061], [85.3994188, 27.7360494], [85.3993142, 27.7358405], [85.399223, 27.7354963], [85.399003, 27.7351188], [85.3987536, 27.7348648], [85.3984183, 27.7346393], [85.3980616, 27.7345633], [85.3977612, 27.7345206], [85.3975037, 27.7344113], [85.3973749, 27.7342167], [85.3972435, 27.7338653], [85.3970906, 27.7335852], [85.3968546, 27.7334309], [85.3966078, 27.7333929], [85.3963664, 27.7334451], [85.3961626, 27.7335757], [85.3960204, 27.7338155], [85.3959936, 27.7341455], [85.3960298, 27.7344541], [85.3960955, 27.73472], [85.3961974, 27.7349099], [85.3963396, 27.7349835], [85.3965394, 27.7350179], [85.3967366, 27.7350606], [85.3968465, 27.7351295], [85.3968921, 27.7352328], [85.396876, 27.7353586], [85.3967848, 27.735539], [85.3964308, 27.736142], [85.3962994, 27.7363913], [85.396125, 27.7367616], [85.3960186, 27.7370259], [85.3958231, 27.7371842], [85.3955937, 27.737341], [85.3954761, 27.7374118], [85.39544, 27.7374518], [85.3954335, 27.7376638], [85.3954223, 27.7380127], [85.3954223, 27.7381754], [85.3954585, 27.7384092], [85.3954759, 27.7385801], [85.3954584, 27.7386894], [85.395409, 27.7388436], [85.395405, 27.7389053], [85.3953701, 27.7389397], [85.3953231, 27.7389575], [85.3952402, 27.7389613], [85.3951496, 27.7389498], [85.3950674, 27.7389343], [85.3949781, 27.7388872], [85.3949204, 27.7388536], [85.3948166, 27.7388297], [85.394574, 27.7388046], [85.3944663, 27.7387812], [85.394264, 27.7387075], [85.3940965, 27.7386274], [85.3939891, 27.7385644], [85.3938782, 27.7384322], [85.3938264, 27.73837], [85.3937835, 27.738288], [85.3937473, 27.738111], [85.3937325, 27.7380282], [85.3936788, 27.7379278], [85.3936301, 27.7378658], [85.3935336, 27.7377949], [85.3933819, 27.7377396], [85.3930781, 27.7377251], [85.392779, 27.7377457], [85.3926918, 27.7377385], [85.392606, 27.7377409], [85.3924195, 27.7377742], [85.3922734, 27.7378026], [85.3919622, 27.7379059], [85.391882, 27.7379452], [85.3916109, 27.7380341], [85.3913909, 27.7382169], [85.3911954, 27.738515], [85.3909551, 27.7388492], [85.3907748, 27.7391379], [85.3905315, 27.7394047], [85.3902335, 27.7396235], [85.3900552, 27.7397256], [85.3898902, 27.7397718], [85.3896609, 27.7397778], [85.3893511, 27.7397149], [85.3892304, 27.7396757], [85.3885947, 27.7393885], [85.3884901, 27.7393552], [85.3883547, 27.7393149], [85.3882943, 27.7393232], [85.3882138, 27.7393196], [85.3881296, 27.7393048], [85.3880395, 27.7392698], [85.3879684, 27.7392258], [85.3877891, 27.7390751], [85.3874945, 27.7386121], [85.3871995, 27.7382404], [85.386815, 27.7379665], [85.3867172, 27.7378578], [85.3866166, 27.7377385], [85.3864907, 27.737236], [85.3863492, 27.7367736], [85.3862163, 27.7364533], [85.38616, 27.7361434], [85.3861298, 27.7358429], [85.386115, 27.7357752], [85.3860962, 27.7356102], [85.3860962, 27.735393], [85.3861003, 27.7353064], [85.3861043, 27.7352708], [85.3860976, 27.7352411], [85.3860801, 27.7352126], [85.3860587, 27.735196], [85.3860144, 27.7351532], [85.3860024, 27.7351319], [85.3859903, 27.7350974], [85.3859326, 27.7348553], [85.3859219, 27.7347793], [85.3859259, 27.7347318], [85.3859447, 27.7346903], [85.3859608, 27.7346701], [85.3859729, 27.7346357], [85.3859514, 27.7345016], [85.3859313, 27.7344766], [85.3859085, 27.7344565], [85.385875, 27.7344315], [85.3858642, 27.7344161], [85.3858602, 27.7343829], [85.3858039, 27.7339247], [85.3856991, 27.7332686], [85.3856523, 27.7329845], [85.3855745, 27.7328207], [85.3854032, 27.7325524], [85.3852862, 27.7324456], [85.3851923, 27.7323625], [85.3851253, 27.7322747], [85.3850305, 27.732126], [85.38494, 27.7319733], [85.3848757, 27.7318517], [85.3848251, 27.7316776], [85.3848249, 27.7314865], [85.3846504, 27.7309865], [85.3844309, 27.7303062], [85.3843608, 27.730043], [85.3843183, 27.7297435], [85.3843058, 27.7292271], [85.3842982, 27.7289096], [85.3841662, 27.7283263], [85.3840845, 27.7280644], [85.3839317, 27.7277519], [85.3838164, 27.7275121], [85.3837574, 27.7273507], [85.3837016, 27.727175], [85.3836541, 27.7268766], [85.3836379, 27.7267838], [85.3836045, 27.7266313], [85.3835776, 27.7265482], [85.383524, 27.7262656], [85.3835079, 27.7260021], [85.3835133, 27.7259214], [85.383516, 27.7258335], [85.3834972, 27.7256934], [85.3834838, 27.7256032], [85.3834543, 27.7255486], [85.3834274, 27.7255296], [85.3834006, 27.7255106], [85.3833657, 27.7254869], [85.3833148, 27.7254299], [85.3832585, 27.7252281], [85.3832102, 27.7251023], [85.3831565, 27.7249859], [85.3830746, 27.7248622], [85.3829188, 27.7244541], [85.3828842, 27.7243024], [85.382859, 27.7241087], [85.3828669, 27.7238795], [85.3828856, 27.7232883], [85.3828669, 27.7230912], [85.3828427, 27.7229464], [85.3827918, 27.7228039], [85.3827247, 27.7226734], [85.3825316, 27.7222887], [85.3824779, 27.7220869], [85.3824055, 27.7215527], [85.3823653, 27.7211562], [85.3823706, 27.7207644], [85.3823921, 27.7202207], [85.3823706, 27.7201399], [85.3823438, 27.7200497], [85.3823327, 27.719761], [85.3822607, 27.7192899], [85.3822124, 27.7191261], [85.3821453, 27.7189812], [85.3819821, 27.7186716], [85.3818986, 27.7185301], [85.3817564, 27.7183686], [85.3816277, 27.7182174], [85.3814951, 27.7180831], [85.3813343, 27.7179437], [85.380849, 27.7175322], [85.3805775, 27.7173426], [85.380426, 27.7172265], [85.3802241, 27.7170672], [85.3801154, 27.7169495], [85.3800304, 27.7168929], [85.3798969, 27.7168417], [85.3796631, 27.7168092], [85.3793615, 27.7168055], [85.3792747, 27.7167946], [85.3792231, 27.7167717], [85.379166, 27.7167259], [85.3791359, 27.7166662], [85.3790782, 27.7165213], [85.378958, 27.7163201], [85.3789001, 27.7162707], [85.3786999, 27.7161289], [85.3786173, 27.7160971], [85.3785268, 27.716095], [85.3784204, 27.7161129], [85.3783146, 27.7161489], [85.3782546, 27.7162061], [85.3781765, 27.7163107], [85.3781019, 27.7164501], [85.3780416, 27.7165617], [85.377904, 27.716951], [85.3777601, 27.7171731], [85.3777032, 27.7172304], [85.3776457, 27.7172447], [85.3775817, 27.7172483], [85.3775414, 27.7172423], [85.377468, 27.7172308], [85.3773681, 27.7171971], [85.3772307, 27.7171485], [85.3768821, 27.7170492], [85.3765793, 27.71696], [85.3762637, 27.7169136], [85.3757335, 27.7168529], [85.3756423, 27.7168656], [85.3755592, 27.7168692], [85.3755015, 27.7168811], [85.3754229, 27.7168874], [85.3753494, 27.716889], [85.3752722, 27.7168751], [85.3750294, 27.7167778], [85.3749302, 27.7166994], [85.3748712, 27.7166377], [85.3748331, 27.7165702], [85.3747976, 27.7163989], [85.3747595, 27.7161201], [85.3747037, 27.7158065], [85.3746378, 27.715638], [85.3745627, 27.7154837], [85.3744247, 27.7152936], [85.3742918, 27.7151038], [85.3742342, 27.7149988], [85.3741456, 27.7147797], [85.3740126, 27.7144064], [85.3739164, 27.7142058], [85.3737104, 27.7139119], [85.373422, 27.7136001], [85.3732163, 27.7132422], [85.3730899, 27.7130331], [85.3729327, 27.7128435], [85.3728471, 27.712698], [85.3727895, 27.7125812], [85.3727523, 27.7124636], [85.3727431, 27.7123925], [85.3727561, 27.7123162], [85.3728416, 27.7121633], [85.3728456, 27.7120944], [85.3728395, 27.7120185], [85.3728237, 27.7119743], [85.3727804, 27.7119268], [85.3722691, 27.7116892], [85.3720944, 27.7116355], [85.37175, 27.7115816], [85.3714388, 27.7114731], [85.3713414, 27.7114233], [85.3712663, 27.7113781], [85.3711912, 27.7113544], [85.3711161, 27.7113401], [85.370993, 27.7112924], [85.3708604, 27.7112203], [85.3707456, 27.7111599], [85.3706326, 27.711156], [85.3705436, 27.711202], [85.3703767, 27.7112107], [85.3697853, 27.7111114], [85.3694442, 27.7110414], [85.3692595, 27.7109739], [85.3691354, 27.7108825], [85.3688023, 27.7106374], [85.3684456, 27.7104719], [85.3683485, 27.7104519], [85.3682775, 27.7104601], [85.3681135, 27.7105167], [85.3679876, 27.7105701], [85.3679041, 27.7106342], [85.3678478, 27.7106788], [85.3677285, 27.7107513], [85.3672244, 27.7109697], [85.3669801, 27.7110407], [85.366843, 27.7110971], [85.3666111, 27.7111776], [85.3661273, 27.7113433], [85.3659616, 27.7113898], [85.3656763, 27.7114746], [85.3654737, 27.7115254], [85.3653049, 27.7115397], [85.3651754, 27.7115334], [85.3650606, 27.7115126], [85.3648836, 27.7115088], [85.3647255, 27.7115303], [85.3645632, 27.7115087], [85.3644181, 27.7114915], [85.3642952, 27.7114945], [85.3642121, 27.7114945], [85.3641155, 27.7115016], [85.3639238, 27.7114928], [85.3637307, 27.7115134], [85.3635907, 27.7115282], [85.3634708, 27.7115357], [85.3633287, 27.7115288], [85.363229, 27.7115068], [85.3631592, 27.7114779], [85.3630798, 27.7114095], [85.3629622, 27.7113093], [85.3627919, 27.7111478], [85.3627034, 27.7111039], [85.3625839, 27.7110849], [85.3624351, 27.7110884], [85.3623037, 27.7111051], [85.3621427, 27.7111431], [85.362014, 27.7111918], [85.3615252, 27.7114303], [85.3612563, 27.7116109], [85.3611531, 27.7117117], [85.3609921, 27.7119183], [85.3608232, 27.7121095], [85.3607279, 27.7121974], [85.3605911, 27.7122888], [85.3604824, 27.7123422], [85.3603881, 27.7123649], [85.3600856, 27.7124362], [85.359875, 27.7124787], [85.3596979, 27.7125343], [85.3593307, 27.7125587], [85.3592107, 27.7125532], [85.3591025, 27.712531], [85.3588902, 27.7124955], [85.3586414, 27.71249], [85.3584829, 27.7125073], [85.3582889, 27.7125438], [85.3581667, 27.7125498], [85.3580189, 27.7125345], [85.357917, 27.7125025], [85.3577842, 27.7124538], [85.3576649, 27.7123945], [85.3575763, 27.7123232], [85.357516, 27.7122662], [85.35741, 27.7121392], [85.3573604, 27.7120786], [85.3573389, 27.7120205], [85.3573054, 27.7118507], [85.3572732, 27.7117225], [85.3571365, 27.711333], [85.3569889, 27.7109163], [85.356938, 27.7107181], [85.3568937, 27.7105067], [85.3568937, 27.7104782], [85.3568856, 27.7104473], [85.3568535, 27.7103856], [85.3568079, 27.7103155], [85.3566711, 27.7101291], [85.3566295, 27.7100733], [85.3565933, 27.709989], [85.3565584, 27.7098192], [85.3565316, 27.7096993], [85.3564672, 27.7095925], [85.356423, 27.7095319], [85.35638, 27.7094915], [85.3562191, 27.7093574], [85.3561041, 27.709264], [85.3560361, 27.7092455], [85.3559354, 27.7092566], [85.3558187, 27.7092885], [85.3555366, 27.7094574], [85.3553418, 27.7095656], [85.3552499, 27.7096575], [85.3551862, 27.7097608], [85.3551107, 27.7099593], [85.3550248, 27.7101479], [85.3549497, 27.7102593], [85.3547845, 27.7104182], [85.354391, 27.7108049], [85.354215, 27.7109287], [85.3540549, 27.7110504], [85.3539905, 27.711134], [85.3539485, 27.7112295], [85.3539466, 27.7114288], [85.3539264, 27.7115915], [85.3538983, 27.7116497], [85.3538554, 27.7117066], [85.353787, 27.7117636], [85.3537119, 27.711796], [85.3519814, 27.7123572], [85.3518552, 27.7123933], [85.3517371, 27.7124182], [85.351363, 27.712531], [85.3511859, 27.7125963], [85.3511243, 27.7126355], [85.35108, 27.7126806], [85.3510518, 27.7127079], [85.3510062, 27.7127388], [85.3509078, 27.7127939], [85.3506802, 27.7129588], [85.3502818, 27.7131039], [85.35005, 27.7131083], [85.3498763, 27.7130701], [85.3496945, 27.712927], [85.3495338, 27.7127847], [85.3494579, 27.7125682], [85.349409, 27.7123375], [85.3494385, 27.712138], [85.3494921, 27.7119837], [85.3495538, 27.7118887], [85.3497308, 27.7117581], [85.3500232, 27.711599], [85.3501332, 27.7114969], [85.3502132, 27.7113522], [85.3502136, 27.7112642], [85.3501627, 27.7111858], [85.3500715, 27.7111431], [85.3499266, 27.7110837], [85.3496357, 27.7109876], [85.3495384, 27.7109376], [85.349275, 27.7106174], [85.3490294, 27.7102153], [85.3488256, 27.7099878], [85.3486902, 27.709748], [85.3486057, 27.7095818], [85.3485453, 27.7094334], [85.348489, 27.7092469], [85.3484648, 27.7090938], [85.3484394, 27.7089204], [85.3484407, 27.7088065], [85.3484648, 27.708664], [85.3485059, 27.7084943], [85.3485131, 27.7082662], [85.3485212, 27.7080478], [85.3485306, 27.7079112], [85.3485671, 27.7076306], [85.3488122, 27.7070077], [85.3488806, 27.7067714], [85.3489543, 27.7065624], [85.3490727, 27.7062862], [85.3491274, 27.7061646], [85.3492724, 27.7058054], [85.3493414, 27.7056257], [85.349468, 27.7053442], [85.3496611, 27.7050046], [85.3497121, 27.7048325], [85.3497454, 27.7046177], [85.3497322, 27.70431], [85.3497952, 27.7040571], [85.3499199, 27.703676], [85.3500193, 27.7032858], [85.3500417, 27.7031697], [85.3500542, 27.7029744], [85.350046, 27.702903], [85.3500138, 27.7028234], [85.3499657, 27.702702], [85.3498287, 27.7023711], [85.349759, 27.7021051], [85.3496785, 27.7019068], [85.349586, 27.7017394], [85.3494653, 27.7015981], [85.3493366, 27.7014568], [85.349075, 27.7011397], [85.3484805, 27.7004186], [85.3481416, 27.700039], [85.3479485, 27.6998835], [85.347679, 27.699703], [85.3473262, 27.6995237]]]}}, {"type": "Feature", "properties": {"waterway": "stream", "id": 527323443}, "geometry": {"type": "LineString", "coordinates": [[85.2771744, 27.6484174], [85.2772929, 27.6483365], [85.2773274, 27.6482184], [85.277478, 27.6480632], [85.2776557, 27.6480916], [85.2778457, 27.6480085], [85.2780531, 27.6477855], [85.278216, 27.6474751], [85.2785837, 27.6471296], [85.279297, 27.64697], [85.2800794, 27.6467208], [85.2802941, 27.6468957], [85.2803978, 27.6468607], [85.2804891, 27.6466159], [85.2803583, 27.6465087], [85.2803238, 27.6463229], [85.2803558, 27.6462835], [85.2806619, 27.646336], [85.280773, 27.6462835], [85.2809433, 27.64596], [85.2811531, 27.6458091], [85.2810469, 27.6454768], [85.2812468, 27.6453937], [85.2816097, 27.644987], [85.2818244, 27.6448296], [85.2819972, 27.6447596], [85.2821633, 27.6447501]]}}, {"type": "Feature", "properties": {"waterway": "stream", "id": 527323444}, "geometry": {"type": "LineString", "coordinates": [[85.2749963, 27.645627], [85.2750632, 27.6456159], [85.2751405, 27.6456362], [85.2752262, 27.6456307], [85.2753537, 27.6456584], [85.2754937, 27.6456862], [85.2756463, 27.6457158], [85.2757111, 27.6457288], [85.2757779, 27.6457751]]}}, {"type": "Feature", "properties": {"waterway": "stream", "id": 527323445}, "geometry": {"type": "LineString", "coordinates": [[85.2758312, 27.6458306], [85.2760099, 27.6460293], [85.2761077, 27.6461368], [85.2761977, 27.6461587]]}}, {"type": "Feature", "properties": {"waterway": "stream", "id": 527323446}, "geometry": {"type": "LineString", "coordinates": [[85.2762629, 27.6461749], [85.2764429, 27.64622], [85.2765131, 27.6462731], [85.2766182, 27.6463447], [85.2767118, 27.6464304]]}}, {"type": "Feature", "properties": {"waterway": "stream", "id": 527323447}, "geometry": {"type": "LineString", "coordinates": [[85.2767493, 27.6464582], [85.276786, 27.6464854], [85.2768414, 27.6465087], [85.2769044, 27.6465332], [85.2769868, 27.6465578]]}}, {"type": "Feature", "properties": {"waterway": "stream", "id": 527323448}, "geometry": {"type": "LineString", "coordinates": [[85.2770175, 27.6465684], [85.2771329, 27.6466022]]}}, {"type": "Feature", "properties": {"waterway": "stream", "id": 527323449}, "geometry": {"type": "LineString", "coordinates": [[85.2771651, 27.6466115], [85.277291, 27.6466314]]}}, {"type": "Feature", "properties": {"waterway": "stream", "id": 527326154}, "geometry": {"type": "LineString", "coordinates": [[85.2761977, 27.6461587], [85.2762629, 27.6461749]]}}, {"type": "Feature", "properties": {"waterway": "stream", "id": 527326155}, "geometry": {"type": "LineString", "coordinates": [[85.2767118, 27.6464304], [85.2767493, 27.6464582]]}}, {"type": "Feature", "properties": {"waterway": "stream", "id": 527326157}, "geometry": {"type": "LineString", "coordinates": [[85.2769868, 27.6465578], [85.2770175, 27.6465684]]}}, {"type": "Feature", "properties": {"waterway": "stream", "id": 527326158}, "geometry": {"type": "LineString", "coordinates": [[85.2771329, 27.6466022], [85.2771651, 27.6466115]]}}, {"type": "Feature", "properties": {"waterway": "stream", "id": 527326160}, "geometry": {"type": "LineString", "coordinates": [[85.2757779, 27.6457751], [85.2758312, 27.6458306]]}}, {"type": "Feature", "properties": {"waterway": "stream", "id": 527326161}, "geometry": {"type": "LineString", "coordinates": [[85.2714832, 27.645189], [85.2716078, 27.6452385], [85.271827, 27.6452157], [85.2723985, 27.6450253], [85.272579, 27.6451852], [85.2727208, 27.6451662], [85.2728927, 27.645269], [85.2731634, 27.6453146], [85.2735889, 27.6452804], [85.2736877, 27.6453451], [85.2741432, 27.6452918], [85.2742936, 27.6453451], [85.2744183, 27.6454517], [85.2747148, 27.6454212], [85.2747577, 27.6455012], [85.2749963, 27.645627]]}}, {"type": "Feature", "properties": {"name": "daudali khola", "waterway": "river", "id": 926065669, "type": "river"}, "geometry": {"type": "MultiLineString", "coordinates": [[[85.2630776, 27.6998364], [85.2630889, 27.6998272], [85.2631084, 27.6998136], [85.2632741, 27.6996363], [85.2640037, 27.6992183], [85.2643196, 27.6991756], [85.2647259, 27.6993055], [85.265377, 27.6981544], [85.2659349, 27.6977744], [85.2664784, 27.6972616], [85.2666079, 27.6971755], [85.266626, 27.6971244], [85.266714, 27.6968756], [85.2667838, 27.6967889], [85.2669512, 27.696719], [85.2671657, 27.6965907], [85.2672811, 27.6963936], [85.2673327, 27.6962879], [85.2675307, 27.696207], [85.2677426, 27.6961156]], [[85.2628784, 27.7000317], [85.2630776, 27.6998364]]]}}, {"type": "Feature", "properties": {"waterway": "stream", "id": 1094659861}, "geometry": {"type": "LineString", "coordinates": [[85.2932073, 27.64422], [85.2931572, 27.6442264], [85.2930327, 27.6443336], [85.2930045, 27.6443781], [85.2930041, 27.6444493], [85.2929382, 27.6444979], [85.2928717, 27.6445133], [85.2926923, 27.6446229], [85.2926156, 27.6446776], [85.2925185, 27.6447725], [85.2924613, 27.644885], [85.2923824, 27.6449675], [85.2923276, 27.6450231], [85.292065, 27.6451691], [85.2919086, 27.6452647], [85.2918352, 27.6453794], [85.2916962, 27.6454511], [85.2916456, 27.6454812], [85.2915512, 27.6453774], [85.29151, 27.6453466], [85.2914423, 27.6453662], [85.2913556, 27.6454067], [85.2912543, 27.6454146], [85.2911538, 27.645374], [85.2910336, 27.6453603], [85.290965, 27.6453794], [85.2908827, 27.6454829], [85.29089, 27.6456364], [85.2908512, 27.645665], [85.2906333, 27.6457198], [85.2903956, 27.6457704], [85.2901868, 27.6458436], [85.2899612, 27.6459041], [85.2898135, 27.6459051]]}}, {"type": "Feature", "properties": {"waterway": "stream", "id": 32133957}, "geometry": {"type": "LineString", "coordinates": [[85.4360177, 27.7008488], [85.4363454, 27.7007051], [85.4365445, 27.700623], [85.4368586, 27.7006141], [85.4369747, 27.7005743], [85.4371517, 27.6997004], [85.4372659, 27.699466], [85.4373809, 27.6993259], [85.4383839, 27.6989027], [85.4385388, 27.6987303], [85.439282, 27.698348]]}}, {"type": "Feature", "properties": {"waterway": "stream", "id": 186263387}, "geometry": {"type": "LineString", "coordinates": [[85.439333, 27.6983611], [85.4398487, 27.6977145], [85.4400858, 27.6972179], [85.4398788, 27.6966713], [85.4397734, 27.6961781], [85.4396116, 27.6958481], [85.4393782, 27.6955182], [85.4391727, 27.6950414], [85.4390966, 27.6947406], [85.4389265, 27.6944083], [85.4389039, 27.6939217], [85.4390432, 27.6934385], [85.4392653, 27.6928985], [85.4390507, 27.6926786], [85.4388286, 27.6923986], [85.4385877, 27.692222], [85.4383695, 27.6918508], [85.4381193, 27.6913994], [85.438098, 27.6910907], [85.4380413, 27.6908652], [85.4380807, 27.6907384], [85.43809, 27.6905074], [85.4380873, 27.6903636], [85.4379423, 27.6902081], [85.4378611, 27.6899583], [85.4379582, 27.6897473], [85.4382031, 27.6896648], [85.4383096, 27.689481], [85.4381493, 27.6892176], [85.438106, 27.6891463], [85.4380634, 27.6889166], [85.4380612, 27.6887955]]}}, {"type": "Feature", "properties": {"waterway": "stream", "id": 186263883}, "geometry": {"type": "LineString", "coordinates": [[85.4360177, 27.7008488], [85.4356063, 27.7005496], [85.4351923, 27.7005996], [85.4348949, 27.7005096], [85.4346352, 27.7006529], [85.4343905, 27.7006529], [85.4339501, 27.7003996], [85.4331559, 27.7004329], [85.432772, 27.7003163], [85.4326226, 27.7002351], [85.4321283, 27.6999664], [85.4317557, 27.699923], [85.431511, 27.6995031], [85.4312852, 27.6992798], [85.4310706, 27.6992965], [85.43089, 27.6994041], [85.4308121, 27.6994952], [85.4305068, 27.6994457], [85.4304031, 27.699402], [85.4301629, 27.6992442], [85.4300823, 27.6992273], [85.4300063, 27.6992327], [85.4298664, 27.6992518], [85.4296408, 27.6992091], [85.4295304, 27.6991816], [85.4293078, 27.6991032], [85.4292221, 27.6990772], [85.4291193, 27.6990562], [85.4288384, 27.6990216], [85.4285177, 27.6990016], [85.428265, 27.6990197], [85.4280416, 27.6990402], [85.4279577, 27.6990694], [85.427846, 27.6990883], [85.4277647, 27.6990747], [85.4276663, 27.699042], [85.4275178, 27.6989466], [85.4274805, 27.6989355], [85.4274405, 27.698937], [85.4273659, 27.698969], [85.4273046, 27.6989733], [85.4272465, 27.6989708], [85.4271015, 27.6989189], [85.4269309, 27.6988905], [85.4268763, 27.6988918], [85.4267799, 27.6989184], [85.4265874, 27.6990269], [85.4265195, 27.6990541], [85.4264857, 27.6990552], [85.4264662, 27.6990384], [85.4264344, 27.6989525], [85.4264094, 27.6989158], [85.4263769, 27.6989021], [85.4262884, 27.6988978], [85.426157, 27.6989007], [85.4260796, 27.6989106], [85.4259496, 27.6989442], [85.4258999, 27.6989404], [85.4257751, 27.6989242], [85.4255466, 27.6988685], [85.4254351, 27.6988649], [85.4253245, 27.6988591], [85.4251873, 27.6988241], [85.4250719, 27.6987948], [85.4249129, 27.6987781]]}}, {"type": "Feature", "properties": {"waterway": "stream", "id": 172682317}, "geometry": {"type": "LineString", "coordinates": [[85.4332743, 27.646231], [85.4333165, 27.6463861], [85.4332701, 27.6466811], [85.433424, 27.6470584], [85.4334135, 27.6475944], [85.4336349, 27.6477083], [85.4336296, 27.6478436], [85.4334325, 27.6479457], [85.4334093, 27.6480036], [85.433576, 27.6483911], [85.4340587, 27.6495477], [85.4346181, 27.6507901], [85.4344336, 27.6512872], [85.4344859, 27.651829], [85.4350027, 27.6530488], [85.4349071, 27.6532654], [85.4345719, 27.6533922], [85.4345453, 27.6536152], [85.4346766, 27.6539191], [85.4349682, 27.6542268], [85.4349077, 27.6548466], [85.4349276, 27.6550694], [85.4354402, 27.6562775], [85.4355118, 27.6565651], [85.4354329, 27.6570206], [85.4355971, 27.6570639], [85.4358137, 27.6570058], [85.436033, 27.6570144], [85.4370344, 27.6582773], [85.437436, 27.65841], [85.4378246, 27.6588086], [85.4384548, 27.6592553], [85.4395608, 27.6606277], [85.4396785, 27.6606081], [85.439825, 27.660376], [85.4400814, 27.6603801], [85.4403611, 27.6604754], [85.4407702, 27.6607109], [85.4414057, 27.6612045]]}}, {"type": "Feature", "properties": {"name": "sringamati", "waterway": "stream", "id": 195240389, "type": "stream"}, "geometry": {"type": "LineString", "coordinates": [[85.3931556, 27.6259246], [85.3931288, 27.6261717], [85.3930325, 27.6263547], [85.3928069, 27.6264474], [85.392587, 27.6265615], [85.3924529, 27.6267326], [85.3923137, 27.6269536], [85.3921686, 27.627089], [85.3920398, 27.6272839], [85.391954, 27.6274978], [85.3917662, 27.6277687], [85.3915838, 27.6279825], [85.3914929, 27.6281608], [85.3913693, 27.628358], [85.3912389, 27.6286679], [85.3912354, 27.6287121], [85.3912193, 27.6288689], [85.3911979, 27.6290448], [85.3911871, 27.6292064], [85.3912354, 27.6293585], [85.391203, 27.6296222], [85.3911601, 27.6297506], [85.3910206, 27.6299026], [85.3909243, 27.6300809], [85.3908382, 27.6302306], [85.3907309, 27.6304064], [85.390511, 27.6304825], [85.3903877, 27.6305918], [85.3902214, 27.6307011], [85.3901141, 27.6307581], [85.3900417, 27.6308175], [85.3899796, 27.6308817], [85.3898915, 27.6308864], [85.3897842, 27.6308674], [85.3895455, 27.6308959], [85.3892286, 27.6310528], [85.3890462, 27.6313189], [85.3888638, 27.6314995], [85.3885527, 27.6313569], [85.3881133, 27.6312809], [85.3879309, 27.6315756], [85.3877056, 27.6318987], [85.3875983, 27.6322789], [85.3876949, 27.6326016], [85.3878237, 27.6329438], [85.3877056, 27.633324], [85.3875232, 27.6337803], [85.387416, 27.6339989], [85.3870726, 27.6341605], [85.3868527, 27.6342463], [85.3865845, 27.6343936], [85.3861929, 27.6349116], [85.3858174, 27.6354439], [85.3859247, 27.6356794], [85.3857852, 27.6359381], [85.3857101, 27.636095], [85.3854579, 27.6362328], [85.3849215, 27.636266], [85.3840042, 27.6364561], [85.383736, 27.6366985]]}}, {"type": "Feature", "properties": {"name": "Lubhu Khola", "waterway": "stream", "id": 329411702, "type": "stream"}, "geometry": {"type": "LineString", "coordinates": [[85.383736, 27.6366985], [85.3836183, 27.6368422], [85.3833493, 27.63703], [85.3831145, 27.6372098], [85.3829799, 27.6372825], [85.3827747, 27.6373613], [85.3826813, 27.6375532], [85.3825217, 27.6376683], [85.3822382, 27.6377913], [85.3820722, 27.6378998], [85.3817675, 27.6379812], [85.3816611, 27.6380555], [85.3816224, 27.6381469], [85.3816482, 27.6382469], [85.3816853, 27.638294], [85.3817675, 27.6383768], [85.381845, 27.6384775], [85.3818329, 27.6385219], [85.3817357, 27.6385668], [85.3814672, 27.6386267], [85.3812559, 27.6386736], [85.3810445, 27.6387297], [85.3808838, 27.6387915], [85.3807422, 27.6387578], [85.3804803, 27.6385637], [85.3804484, 27.6384713], [85.3803174, 27.6382579], [85.3801419, 27.6381586], [85.3799961, 27.6380687], [85.3798227, 27.6380425], [85.37966, 27.6380294], [85.3795268, 27.6379657], [85.3794676, 27.6378908], [85.3793746, 27.6378253], [85.3792478, 27.637844], [85.3791633, 27.6378721], [85.3790977, 27.6379208], [85.3789308, 27.6379882], [85.3788208, 27.6380425], [85.3786919, 27.6380481], [85.3785693, 27.6380144], [85.3785143, 27.6379807], [85.3783939, 27.6379508], [85.3782861, 27.6379564], [85.3782015, 27.6380107], [85.3781022, 27.6380743], [85.3780399, 27.6380912], [85.377782, 27.6381097], [85.377542, 27.6381324], [85.3774448, 27.6381287], [85.3773666, 27.6380987], [85.3773349, 27.6380406], [85.3773624, 27.6379414], [85.3774659, 27.6377953], [85.3774976, 27.6376118], [85.3775399, 27.6374714], [85.3774998, 27.6373478], [85.3773835, 27.637213], [85.3772651, 27.6371212], [85.3771256, 27.637065], [85.3770009, 27.6370332], [85.3768487, 27.6370238], [85.3767388, 27.6370164], [85.3767008, 27.6369826], [85.3766669, 27.6369077], [85.376631, 27.6368272], [85.3765951, 27.6367448], [85.3765126, 27.6366568], [85.3764767, 27.6366287], [85.3764091, 27.6366025], [85.376297, 27.6366194], [85.3762019, 27.6366119], [85.3761195, 27.6366212], [85.3760899, 27.6366325], [85.3760899, 27.6366774], [85.3761237, 27.6367111], [85.3761787, 27.6367804], [85.3762019, 27.6368254], [85.3761639, 27.6368815], [85.3761026, 27.636904], [85.3760244, 27.6369096], [85.3759631, 27.6369471], [85.3759314, 27.6369995], [85.3758616, 27.6370819], [85.3757813, 27.637125], [85.3757094, 27.6371942], [85.3755868, 27.6372935], [85.3755298, 27.6373441], [85.3753797, 27.6373927], [85.375274, 27.6374358], [85.3751535, 27.6374882], [85.3750182, 27.6375182], [85.3749083, 27.6375407], [85.3747942, 27.6375706], [85.3746969, 27.637565], [85.3746209, 27.6375482], [85.3745659, 27.6375276], [85.3744771, 27.6375163], [85.3743883, 27.6375351], [85.3742843, 27.6375728], [85.3741326, 27.6375931], [85.3739846, 27.6376306], [85.3738472, 27.6376549], [85.3737563, 27.6376774], [85.3736845, 27.6377167], [85.3736506, 27.6377766], [85.3735767, 27.6378347], [85.3734456, 27.6378815], [85.373342, 27.6379302], [85.3732575, 27.6379826], [85.3731687, 27.638035], [85.3730313, 27.6380687], [85.3729341, 27.6380556], [85.3727777, 27.6380294], [85.3726509, 27.6380107], [85.3725388, 27.6380219], [85.3724099, 27.638035], [85.3723105, 27.6380332], [85.3722535, 27.6380912], [85.3722052, 27.6381481], [85.3720839, 27.6381691], [85.3719702, 27.6381455], [85.3719047, 27.6381024], [85.3717927, 27.6380182], [85.3717166, 27.637932], [85.3716172, 27.6378384], [85.3715644, 27.6377747], [85.3715073, 27.637771], [85.3714376, 27.6377916], [85.3713847, 27.6378084], [85.371353, 27.6378571], [85.3713382, 27.6379264], [85.3713192, 27.6379788], [85.3712875, 27.6379976], [85.3712177, 27.6380013], [85.3711078, 27.6380313], [85.3710148, 27.638065], [85.3709091, 27.6381006], [85.3707612, 27.638138], [85.370683, 27.6381642], [85.3706005, 27.6381923], [85.3705435, 27.6381698], [85.3704779, 27.6381567], [85.3704103, 27.6381492], [85.3703828, 27.6381642], [85.3702729, 27.6381848], [85.3701397, 27.6382316], [85.3700658, 27.6382672], [85.3700045, 27.638256], [85.3699474, 27.6381961], [85.3698967, 27.638183], [85.369848, 27.6382054], [85.3698058, 27.638241], [85.3697233, 27.6382635], [85.3696388, 27.6383028], [85.3695796, 27.6383515], [85.3694739, 27.6383871], [85.3693936, 27.6384114], [85.3693133, 27.6384301], [85.3691928, 27.6384657], [85.369085, 27.6385144], [85.3690321, 27.6385631], [85.368956, 27.6386118], [85.3688749, 27.6386853], [85.3688377, 27.6387297], [85.3687827, 27.6387803], [85.3686728, 27.6388046], [85.3685671, 27.6388552], [85.3683982, 27.6389539], [85.367969, 27.6391297], [85.3675506, 27.639201], [85.3674593, 27.63931], [85.3673682, 27.6393483], [85.367253, 27.639449], [85.3671768, 27.6396291], [85.366981, 27.6397655], [85.3666073, 27.6397191], [85.3665416, 27.639743], [85.3663428, 27.6399058], [85.3662621, 27.6400753], [85.3662501, 27.6401971], [85.3662792, 27.6402893], [85.3662097, 27.6405904], [85.3661066, 27.6407267], [85.3659975, 27.6409028], [85.3659305, 27.640926], [85.3658876, 27.6411256], [85.3659631, 27.6412087], [85.3659303, 27.6412511], [85.3656896, 27.6412564], [85.365598, 27.641292], [85.3656087, 27.6414155], [85.3655389, 27.6414773], [85.3656508, 27.6415768], [85.3657165, 27.6416072], [85.3657285, 27.6416787], [85.365657, 27.6417197], [85.3657156, 27.6417894], [85.3658466, 27.6417449], [85.3659332, 27.6417648], [85.3659945, 27.6419144], [85.365993, 27.6420852], [85.3659826, 27.6421011], [85.365996, 27.642264], [85.3659865, 27.6423858], [85.3659706, 27.6423911], [85.3659019, 27.6425513], [85.3658196, 27.642632], [85.365724, 27.642497], [85.3656597, 27.6424864], [85.3655869, 27.6425402], [85.3651309, 27.6424381], [85.3650111, 27.6425939], [85.3648357, 27.6428841], [85.3647173, 27.6427624], [85.3646264, 27.6427156], [85.3645672, 27.6427194], [85.3644552, 27.6428074], [85.3643833, 27.642901], [85.3642777, 27.6429047], [85.3641403, 27.6428298], [85.3640853, 27.6428354], [85.3640282, 27.6428804], [85.3640895, 27.6430452], [85.3640991, 27.6431369], [85.3641122, 27.6431792]]}}, {"type": "Feature", "properties": {"name": "gomati", "waterway": "stream", "id": 195240390, "type": "stream"}, "geometry": {"type": "LineString", "coordinates": [[85.3943033, 27.627897], [85.3938205, 27.6284198], [85.3934021, 27.6289141], [85.393091, 27.6292943], [85.3928549, 27.6295224], [85.3924472, 27.6297125], [85.3919859, 27.6298741], [85.3916748, 27.6301308], [85.3913394, 27.630428], [85.3911595, 27.6305284], [85.3909162, 27.6305909], [85.3906083, 27.6306798], [85.3905269, 27.6307492], [85.3904101, 27.6308185], [85.3903055, 27.6308693], [85.3899796, 27.6308817]]}}, {"type": "Feature", "properties": {"waterway": "canal", "id": 217175848}, "geometry": {"type": "LineString", "coordinates": [[85.4007792, 27.6858247], [85.4007586, 27.6857344], [85.4007429, 27.6856223], [85.4006762, 27.6854547], [85.4005908, 27.6853088], [85.4004971, 27.6851787], [85.4004579, 27.6851304], [85.4004202, 27.6850638], [85.4004035, 27.6849709], [85.4004094, 27.6848606], [85.4004416, 27.6847731], [85.4005242, 27.6846306], [85.4006132, 27.6845227], [85.4007059, 27.6843471], [85.400764, 27.6841611], [85.4008858, 27.6838673], [85.4009246, 27.6838225], [85.4012413, 27.6836851], [85.4013188, 27.683666], [85.4015235, 27.6836689], [85.4016377, 27.6836775], [85.4017174, 27.6836899], [85.4019361, 27.6837748], [85.4020708, 27.6838168], [85.4023821, 27.6838778], [85.4026514, 27.6839141], [85.4027591, 27.6839064], [85.4028765, 27.6838788], [85.4031103, 27.6837738], [85.4033688, 27.6836813], [85.4034173, 27.6836765], [85.4034787, 27.6836994], [85.4035121, 27.683708], [85.4035703, 27.683688], [85.4036231, 27.6836336], [85.4036489, 27.6835897], [85.4036834, 27.6835745], [85.4037254, 27.6835582], [85.4042065, 27.6832174], [85.4043607, 27.6831531], [85.4044816, 27.6830851], [85.4046148, 27.6830004], [85.4046949, 27.6829715], [85.4047385, 27.682966], [85.4047812, 27.6829726], [85.4048325, 27.6829683], [85.4051064, 27.6828368], [85.4053689, 27.6826667], [85.4056386, 27.682467], [85.4057194, 27.6824024], [85.4058453, 27.682324], [85.4058474, 27.6822705], [85.4058216, 27.6821627], [85.4058194, 27.6815532], [85.4058571, 27.6814664], [85.4058991, 27.6814253], [85.4059153, 27.6812994], [85.4058959, 27.6811048], [85.4058819, 27.6810409], [85.4059088, 27.6809541], [85.4059325, 27.6808282], [85.4059293, 27.6806975], [85.405897, 27.6805677], [85.4059067, 27.6804752], [85.4060079, 27.6803321], [85.4059739, 27.6800438], [85.4058779, 27.6794825], [85.4059282, 27.6792393], [85.4058587, 27.6788021], [85.4057324, 27.6786237], [85.4056096, 27.6783222], [85.4054898, 27.6780857], [85.4054468, 27.6780046]]}}, {"type": "Feature", "properties": {"name": "Kalcha", "waterway": "stream", "id": 240109800, "type": "stream"}, "geometry": {"type": "LineString", "coordinates": [[85.4303356, 27.6679318], [85.4304306, 27.667939], [85.4306653, 27.6679347], [85.4307591, 27.6678984], [85.4308972, 27.6677636], [85.4309701, 27.6676783], [85.4309853, 27.6676371], [85.4309643, 27.667309], [85.4309549, 27.6672607], [85.4308021, 27.667081], [85.4306962, 27.6669415], [85.4305976, 27.6667782], [85.4304472, 27.6665617], [85.4303267, 27.6663835], [85.4302075, 27.6662371], [85.4302688, 27.6661268], [85.430285, 27.6660537], [85.4302756, 27.6659818], [85.4302472, 27.6658436], [85.4302527, 27.6656612]]}}, {"type": "Feature", "properties": {"waterway": "stream", "id": 265871279}, "geometry": {"type": "LineString", "coordinates": [[85.428597, 27.6653752], [85.4285461, 27.6652088]]}}, {"type": "Feature", "properties": {"waterway": "stream", "id": 334574285}, "geometry": {"type": "LineString", "coordinates": [[85.4285461, 27.6652088], [85.4285186, 27.6651052], [85.4285163, 27.6649765], [85.4284982, 27.6648941], [85.4284369, 27.6648178], [85.4283507, 27.6647635], [85.4282848, 27.664673], [85.4280715, 27.6643333], [85.4280556, 27.6642288], [85.4280897, 27.6641645], [85.4281555, 27.6640861], [85.4282372, 27.6640318], [85.4282826, 27.6639937], [85.4283053, 27.6639675], [85.4282848, 27.6638148], [85.4282463, 27.663463], [85.4282382, 27.6633532], [85.4280869, 27.6631341], [85.4280443, 27.6630047], [85.4280239, 27.66286], [85.4279717, 27.6626349], [85.4278786, 27.6625123], [85.4277606, 27.662468], [85.4276403, 27.6624339], [85.4275586, 27.6624017], [85.427545, 27.6623354], [85.427579, 27.6622248]]}}, {"type": "Feature", "properties": {"name": "Ghatte Khola", "waterway": "river", "id": 310344791, "type": "river"}, "geometry": {"type": "MultiLineString", "coordinates": [[[85.3973874, 27.6563566], [85.3972956, 27.6564441], [85.3972471, 27.6565035], [85.3971991, 27.6566184], [85.3971762, 27.6567539], [85.3971881, 27.6568222], [85.3973193, 27.6570537], [85.3973341, 27.6571378], [85.3973261, 27.6572026], [85.3972911, 27.6572656], [85.3972332, 27.6573281], [85.3971341, 27.6574024], [85.3970479, 27.6574806], [85.3970197, 27.6575501], [85.3970141, 27.6577024], [85.3970272, 27.6577605], [85.3970599, 27.6578117], [85.3971323, 27.657906], [85.3972386, 27.6580152], [85.3973678, 27.6580948], [85.3974737, 27.6581298], [85.397663, 27.6582012], [85.3978099, 27.6583751], [85.3978353, 27.6584702], [85.3978197, 27.6588125], [85.3978089, 27.6590236], [85.3977605, 27.6595649], [85.3977364, 27.6597025], [85.3976815, 27.6597872], [85.3969921, 27.6601057], [85.3968515, 27.6601983], [85.396658, 27.6603227], [85.3965161, 27.6603793], [85.3964122, 27.6603758], [85.3961525, 27.6603209], [85.3959388, 27.6602837], [85.3957151, 27.6603333], [85.3955413, 27.6604147], [85.3953934, 27.6605686], [85.3951997, 27.6608995], [85.3950159, 27.661149], [85.394946, 27.661264], [85.394882, 27.6614321], [85.3947462, 27.6615931], [85.3945417, 27.661723], [85.3940119, 27.6619299], [85.3938881, 27.6619739], [85.3938255, 27.6620326], [85.3938245, 27.6620937], [85.3938624, 27.6621642], [85.3939584, 27.6622609], [85.3940517, 27.6624321], [85.3940771, 27.6625171], [85.3940672, 27.6626986], [85.3940983, 27.6628512], [85.3940729, 27.6630614], [85.3940121, 27.6632253], [85.3938598, 27.6633216], [85.3937757, 27.6633353], [85.3934546, 27.6633905], [85.3933738, 27.6634246], [85.393233, 27.6635147], [85.3929732, 27.663736], [85.3929147, 27.6638291], [85.3929111, 27.6639077], [85.3929491, 27.6639876], [85.3930911, 27.6641332], [85.3932024, 27.6642091], [85.3932739, 27.6642985], [85.3933066, 27.6645667], [85.3933037, 27.6646905], [85.3932524, 27.6647832], [85.3930664, 27.6650403], [85.3929853, 27.6651021], [85.3928836, 27.665118], [85.3927049, 27.6650864], [85.3925635, 27.6650884], [85.3924275, 27.6651067], [85.3922829, 27.6651341], [85.3919868, 27.6652698], [85.3918233, 27.665372], [85.3916425, 27.6655168], [85.3914807, 27.6656846], [85.3913998, 27.6657852], [85.3914359, 27.6658645], [85.3915168, 27.6659651], [85.3915547, 27.6660322], [85.3915117, 27.6662761], [85.3914755, 27.6665262], [85.3915065, 27.6666344], [85.3915616, 27.6667107], [85.3916993, 27.6667716], [85.3917955, 27.6667548], [85.3918977, 27.6667548], [85.392028, 27.666757], [85.3922471, 27.6668228], [85.3924832, 27.6669176], [85.3926256, 27.6669464], [85.3929428, 27.6669816], [85.3930595, 27.6670122], [85.3931452, 27.6670541], [85.3932198, 27.6671123], [85.3932831, 27.6671939], [85.3933534, 27.6673142], [85.3934054, 27.6673932], [85.3934573, 27.6674532], [85.3935164, 27.6675043], [85.3936162, 27.6675541], [85.3939691, 27.6676896], [85.3941493, 27.6677417], [85.3942139, 27.6677469], [85.3942907, 27.6677269], [85.3944119, 27.6676781], [85.3946447, 27.6676177], [85.3947964, 27.6676135], [85.3949766, 27.6676243], [85.3950545, 27.6676868], [85.3951348, 27.6678011], [85.3951495, 27.667896], [85.395192, 27.6681478], [85.3951446, 27.6682841], [85.3951604, 27.6683624], [85.3951957, 27.6684329], [85.3952194, 27.6685313], [85.3952659, 27.6685996], [85.3953115, 27.668628], [85.395374, 27.6686414], [85.3957645, 27.6686751], [85.3958484, 27.6686845], [85.3958861, 27.668698], [85.3964508, 27.6689461], [85.3965014, 27.6689796], [85.3965194, 27.669023], [85.3965214, 27.6690763], [85.396497, 27.6691475], [85.3964373, 27.6691983], [85.3963672, 27.6692414], [85.3963672, 27.669429], [85.3963381, 27.6695744], [85.3963107, 27.6696274], [85.3961355, 27.6697496], [85.3958318, 27.6697909], [85.3957264, 27.6698473], [85.3955645, 27.6700295], [85.3954769, 27.6701448], [85.3952724, 27.6702473], [85.3950192, 27.6703335], [85.394976, 27.6703495], [85.3947307, 27.6704402], [85.3943582, 27.6705804], [85.3942641, 27.6706379], [85.3941342, 27.6707173], [85.3940311, 27.6707086]], [[85.4041157, 27.6541774], [85.4039605, 27.6543313], [85.403834, 27.6544597], [85.4037058, 27.6545255], [85.4034764, 27.6546002], [85.4031863, 27.6546062], [85.4029637, 27.6546062], [85.4027393, 27.6546256], [85.4024745, 27.6546674], [85.4021152, 27.6547048], [85.4016249, 27.6546936]], [[85.3980217, 27.6550072], [85.3981, 27.6552087], [85.3981658, 27.655391], [85.3981843, 27.6555553], [85.3981675, 27.6556987], [85.3980646, 27.6558556], [85.3979718, 27.6559557], [85.3978217, 27.6561066], [85.3976142, 27.6562007], [85.397567, 27.6562291], [85.3974754, 27.6562928], [85.3973874, 27.6563566]], [[85.4016249, 27.6546936], [85.4015462, 27.6546999]], [[85.3980057, 27.6549632], [85.3980217, 27.6550072]], [[85.4015462, 27.6546999], [85.4014138, 27.6547263], [85.4011626, 27.6548147], [85.4010277, 27.6548864], [85.4008691, 27.6550238], [85.4006465, 27.6552061], [85.4003935, 27.6553734], [85.4001945, 27.6555646], [85.399938, 27.6558366], [85.3997319, 27.6561756], [85.3994891, 27.6565103], [85.3993684, 27.6566575], [85.3992486, 27.6567259], [85.3991279, 27.6567373], [85.398926, 27.656719], [85.3986727, 27.656573], [85.3983033, 27.656458], [85.3981127, 27.6564102], [85.3978799, 27.6564266], [85.3976472, 27.6564326], [85.3975122, 27.6564087], [85.3973874, 27.6563566]], [[85.401024, 27.6504689], [85.4009926, 27.6506034], [85.4010318, 27.6507819], [85.4009978, 27.6509373], [85.4010528, 27.6510764], [85.4010685, 27.6512248], [85.4011601, 27.6513708], [85.4012438, 27.6516606], [85.4013799, 27.6517905], [85.4015606, 27.6518948], [85.4016914, 27.6520084], [85.4017412, 27.6521058], [85.4016181, 27.6522379], [85.4014323, 27.6523052], [85.4011313, 27.6523029], [85.4009795, 27.6523376], [85.4009481, 27.6524002], [85.4010057, 27.6525208], [85.4011889, 27.6526599], [85.4014454, 27.6528894], [85.4014899, 27.6529938], [85.4014611, 27.6530981], [85.4013538, 27.6532048], [85.4011418, 27.6532859], [85.4010423, 27.6532813], [85.4008224, 27.6532256], [85.4006601, 27.6531816], [85.4005005, 27.6532442], [85.4003487, 27.6534528], [85.4001838, 27.6537055], [85.4000245, 27.6538267], [85.3999082, 27.6539418], [85.3998458, 27.6540508], [85.3998086, 27.6541315], [85.3997631, 27.6541763], [85.3996484, 27.6542062], [85.399527, 27.6541957], [85.3994443, 27.6541315], [85.3993482, 27.6540508], [85.3993144, 27.6539537], [85.3992706, 27.6538476], [85.3992132, 27.6538013], [85.3991238, 27.6537834], [85.3988236, 27.6537714], [85.3987831, 27.6538252], [85.3987882, 27.6539447], [85.3987764, 27.6540807], [85.3987595, 27.6541853], [85.398714, 27.654245], [85.3985875, 27.6543153], [85.3984508, 27.6543138], [85.3981752, 27.6542544]], [[85.3981752, 27.6542544], [85.3980519, 27.6541905]], [[85.3980519, 27.6541905], [85.3979516, 27.6541853], [85.3978773, 27.6543571], [85.3977846, 27.6544721], [85.3977694, 27.6545498], [85.397817, 27.6545725]], [[85.397817, 27.6545725], [85.39787, 27.6546125]], [[85.39787, 27.6546125], [85.3978586, 27.6546492], [85.3979066, 27.654724], [85.3979309, 27.6547833], [85.3979981, 27.6549341], [85.3980057, 27.6549632]]]}}, {"type": "Feature", "properties": {"waterway": "stream", "id": 328096099}, "geometry": {"type": "LineString", "coordinates": [[85.37148, 27.6535657], [85.3713414, 27.6535609], [85.371247, 27.6535432], [85.3712023, 27.6535413], [85.3711559, 27.6535628], [85.3710871, 27.6535795], [85.3709243, 27.6536609], [85.3708407, 27.6537153], [85.3707145, 27.6537163], [85.3706319, 27.6537192], [85.3705617, 27.6537562], [85.3704463, 27.6538838], [85.3703123, 27.6540114], [85.3702523, 27.6541293], [85.3701567, 27.6542249], [85.3700258, 27.6543556], [85.3698723, 27.6545325], [85.3697936, 27.6546515], [85.3697739, 27.6546947], [85.3698212, 27.6547791], [85.3698904, 27.6548262], [85.3698893, 27.6548758], [85.3698268, 27.6549836], [85.3696969, 27.6550907], [85.3696515, 27.6551565], [85.3695639, 27.6552585], [85.3695283, 27.6553576], [85.3695581, 27.6555509], [85.3695526, 27.6556284], [85.3695084, 27.6556734], [85.3695213, 27.6557269], [85.3695995, 27.6557757], [85.3697184, 27.6558475], [85.3698115, 27.6559262], [85.3698536, 27.6559481], [85.3699368, 27.6559044], [85.370006, 27.6558649], [85.3700815, 27.6558568], [85.3701205, 27.6558762], [85.3701453, 27.6559412], [85.3701252, 27.6560227], [85.3700681, 27.6560862], [85.3699973, 27.6561313], [85.3699597, 27.6562126], [85.3699142, 27.6562685], [85.3698913, 27.6563313], [85.3699861, 27.6564583], [85.3700713, 27.6565416], [85.3701342, 27.6565709], [85.3702142, 27.6565994], [85.3702493, 27.6566244], [85.3702718, 27.6566803], [85.3702684, 27.6567425], [85.3702762, 27.6569988], [85.3701724, 27.657187], [85.3701389, 27.6572449], [85.3700943, 27.6572931], [85.3700269, 27.657292], [85.3699367, 27.6573329], [85.3699107, 27.6573669], [85.3699409, 27.6574487], [85.3699805, 27.6575143], [85.3700394, 27.6575725], [85.3700463, 27.6576112], [85.3700386, 27.6576433], [85.3699232, 27.6577607], [85.369902, 27.6579082], [85.3698667, 27.6580207], [85.3697763, 27.6581225], [85.3697209, 27.6582687], [85.3696555, 27.6583086], [85.3695988, 27.6583515], [85.3695862, 27.6584123], [85.3696776, 27.6585374], [85.3696946, 27.6586744], [85.3697116, 27.6587734], [85.3697116, 27.6588861], [85.3697929, 27.659002], [85.369859, 27.6590317], [85.3699549, 27.6590365], [85.3699741, 27.6590461], [85.3699847, 27.6591022], [85.3699332, 27.6592272], [85.3699179, 27.6592842], [85.3699048, 27.6593641], [85.3698745, 27.6594054], [85.3697723, 27.6595034], [85.3697113, 27.6595899], [85.3697105, 27.659631], [85.3697227, 27.6596436], [85.3697692, 27.659653], [85.3698077, 27.6596773], [85.3698376, 27.6597338], [85.3698431, 27.6598532], [85.3698689, 27.6599104], [85.3699187, 27.6599612], [85.3699429, 27.6599933], [85.369968, 27.660065], [85.3699669, 27.6601525], [85.369938, 27.6601899], [85.3699043, 27.6602009], [85.3698828, 27.6601969], [85.369833, 27.6601806], [85.3697078, 27.66017], [85.3694968, 27.6602698], [85.3693635, 27.6603715], [85.3692549, 27.6605225], [85.3691607, 27.6606248], [85.3691188, 27.6606713], [85.369124, 27.6607014], [85.3691665, 27.6607202], [85.3692093, 27.6607397], [85.3692489, 27.6607795], [85.3692815, 27.6608519], [85.3693178, 27.6609045], [85.3693086, 27.6609309], [85.369286, 27.6609428], [85.3692284, 27.6609621], [85.3691695, 27.6609882], [85.3690042, 27.6610085], [85.3688759, 27.6610518], [85.3687971, 27.6610556], [85.3687181, 27.661041], [85.3686401, 27.6609663], [85.3686219, 27.6609224], [85.3685372, 27.660894], [85.3684577, 27.660892], [85.3683754, 27.6609295], [85.3683245, 27.6609383], [85.3682822, 27.6609235], [85.368246, 27.6608875], [85.3682022, 27.6608255], [85.368175, 27.6607063], [85.3681198, 27.6606449], [85.368049, 27.6605359], [85.3680068, 27.6603978], [85.367907, 27.6603533], [85.3678632, 27.6603338], [85.3676286, 27.6602615], [85.3674883, 27.6601923], [85.3673729, 27.6601508], [85.3672292, 27.6600255], [85.3670869, 27.6598946], [85.3669289, 27.6597824], [85.3668028, 27.6597663], [85.3667607, 27.659783], [85.3667503, 27.6598087], [85.3667665, 27.6598574], [85.3667676, 27.6599204], [85.3667481, 27.6600101], [85.366726, 27.6600717], [85.3667097, 27.6600789], [85.3666478, 27.6600847], [85.3665354, 27.6601354], [85.3664577, 27.6602061], [85.3664077, 27.6603129], [85.3663514, 27.6603599], [85.3663065, 27.6603609], [85.3662526, 27.6603306], [85.3661951, 27.6602807], [85.3661209, 27.6602512], [85.366057, 27.6602531], [85.3659994, 27.6603032], [85.3659853, 27.6603788], [85.3659521, 27.6604406], [85.3658823, 27.6604465], [85.3657768, 27.6604407], [85.3656502, 27.6604417], [85.3653733, 27.6605417], [85.3651663, 27.6605668], [85.3650878, 27.6605572], [85.3650284, 27.6605467], [85.3649787, 27.6605617], [85.3649652, 27.6605856], [85.3649652, 27.6606094], [85.3649869, 27.6606258], [85.3650373, 27.6606325], [85.3651017, 27.6606382], [85.3651339, 27.660652], [85.3651575, 27.6606759], [85.3651608, 27.6607368], [85.3650816, 27.6608373], [85.3650495, 27.6608779], [85.3649136, 27.6610322], [85.3648436, 27.6610593], [85.364786, 27.6610815], [85.3647343, 27.6610989], [85.3646975, 27.661094], [85.3646571, 27.661067], [85.3646054, 27.6610479], [85.3645377, 27.661045], [85.3644763, 27.6610584], [85.364409, 27.6610969], [85.3643574, 27.6611095], [85.3642662, 27.6611105], [85.3642161, 27.6611294], [85.364145, 27.6612144], [85.3641256, 27.6612877], [85.3641353, 27.661323], [85.3641397, 27.6613815], [85.3641045, 27.6614284], [85.3640173, 27.6614997], [85.3638498, 27.661626], [85.3636395, 27.6617312], [85.363527, 27.6617312], [85.3634189, 27.661735], [85.363334, 27.6617731], [85.3632269, 27.6619149], [85.3631824, 27.6620485], [85.3631424, 27.6621336], [85.3631516, 27.6621673], [85.3631645, 27.6621673], [85.3632061, 27.6621352], [85.3632452, 27.6620842], [85.3632717, 27.6620627], [85.3633161, 27.6620469], [85.36335, 27.662054], [85.3633845, 27.6620905], [85.3633867, 27.6621404], [85.363378, 27.6622083], [85.3633312, 27.6622613], [85.363312, 27.6623246], [85.3633427, 27.6623622], [85.3633886, 27.6623873], [85.3634084, 27.6624354], [85.3634041, 27.6625027], [85.36332, 27.6626119], [85.3632266, 27.6627024], [85.3631693, 27.662777], [85.3631564, 27.6628326], [85.3631277, 27.6629018], [85.3630995, 27.6629148], [85.3630301, 27.6629177], [85.3628637, 27.662854], [85.3627881, 27.6628407], [85.3627096, 27.6628483], [85.3626526, 27.6628803], [85.3626427, 27.6629736], [85.3626579, 27.6630103], [85.3626617, 27.663035], [85.3625364, 27.6631442]]}}, {"type": "Feature", "properties": {"waterway": "canal", "id": 341539117}, "geometry": {"type": "LineString", "coordinates": [[85.3730885, 27.6522108], [85.3730866, 27.6522152], [85.3730008, 27.6522912], [85.3729123, 27.6523458], [85.3728265, 27.6524242], [85.3727728, 27.6524813], [85.372695, 27.6525359], [85.3726494, 27.6526096], [85.3725958, 27.6526761], [85.37251, 27.652745], [85.3724563, 27.6527949], [85.3723812, 27.65284], [85.3722801, 27.6529087], [85.372171, 27.6529797], [85.3721318, 27.653035], [85.3721892, 27.6531156], [85.3720876, 27.6531859], [85.3718946, 27.6533219]]}}, {"type": "Feature", "properties": {"name": "Rajkulo", "waterway": "canal", "id": 347823145, "type": "canal"}, "geometry": {"type": "MultiLineString", "coordinates": [[[85.3469629, 27.6239548], [85.3469302, 27.6240812], [85.3469502, 27.6241442], [85.3470956, 27.6243821], [85.3471981, 27.6247399], [85.3471405, 27.6247853], [85.346983, 27.624778], [85.3469468, 27.6252881], [85.3462822, 27.6258235], [85.3461501, 27.6258793], [85.3459466, 27.6261549], [85.3458542, 27.626148], [85.3457306, 27.6260225], [85.3456357, 27.6259931], [85.3454397, 27.6260505], [85.3453557, 27.6262425]], [[85.3452569, 27.6263036], [85.3445958, 27.6267235], [85.344525, 27.6270332], [85.3443146, 27.6272711]], [[85.3453557, 27.6262425], [85.3452569, 27.6263036]], [[85.3454532, 27.629881], [85.3454809, 27.6299985], [85.3455525, 27.6302296], [85.3461611, 27.63037], [85.3462275, 27.6304516], [85.3463937, 27.6305059], [85.3464653, 27.6306056], [85.3465952, 27.6306528]], [[85.3453546, 27.6291924], [85.3451478, 27.6291761], [85.3450858, 27.629097], [85.3449979, 27.6289475], [85.3450027, 27.6288706], [85.3450172, 27.628775], [85.3449997, 27.6286665], [85.3449502, 27.628509], [85.3449123, 27.6284005], [85.3448335, 27.6282972], [85.3447024, 27.628194], [85.3445683, 27.6280519], [85.3445421, 27.6279176], [85.3444896, 27.6277962], [85.3444399, 27.6277667], [85.3443357, 27.6277753]]]}}, {"type": "Feature", "properties": {"waterway": "canal", "id": 342105318}, "geometry": {"type": "LineString", "coordinates": [[85.3574422, 27.6209688], [85.3574152, 27.6209995], [85.3572852, 27.6210977], [85.3570316, 27.6211827], [85.3563922, 27.621177], [85.3563304, 27.6212299], [85.3562764, 27.6214965], [85.3562089, 27.6216057], [85.3562988, 27.6218058], [85.3563079, 27.6219059], [85.3562174, 27.6220702], [85.355269, 27.622582], [85.3543056, 27.6222289], [85.3540286, 27.6222893], [85.3538176, 27.6223969], [85.3535874, 27.6226198], [85.3534872, 27.622769], [85.3534723, 27.6229767], [85.3529288, 27.6230673], [85.3526624, 27.6231938], [85.3524897, 27.6235545], [85.3524565, 27.6237395], [85.3524632, 27.6238026]]}}, {"type": "Feature", "properties": {"waterway": "canal", "id": 1189553889}, "geometry": {"type": "LineString", "coordinates": [[85.3524467, 27.6239166], [85.3523831, 27.6241004], [85.3522215, 27.6249448], [85.3520535, 27.6250748], [85.3520191, 27.6252767], [85.3519472, 27.6253032], [85.3519532, 27.6254519], [85.3520403, 27.6256247], [85.3520094, 27.625703], [85.3519033, 27.6258341], [85.3515488, 27.626036], [85.3513941, 27.6262435], [85.3513132, 27.6265987], [85.3508948, 27.6274216]]}}, {"type": "Feature", "properties": {"waterway": "canal", "id": 1189553890}, "geometry": {"type": "LineString", "coordinates": [[85.3524632, 27.6238026], [85.3524467, 27.6239166]]}}, {"type": "Feature", "properties": {"waterway": "river", "id": 342105339}, "geometry": {"type": "LineString", "coordinates": [[85.3609773, 27.6377728], [85.3609991, 27.6377053], [85.3609726, 27.6375781], [85.3610367, 27.6374254], [85.3610389, 27.637308], [85.3610514, 27.6370123]]}}, {"type": "Feature", "properties": {"waterway": "stream", "id": 343202007}, "geometry": {"type": "LineString", "coordinates": [[85.3948491, 27.6835112], [85.3948225, 27.6831498], [85.3951769, 27.6830154], [85.3956204, 27.682584], [85.3960242, 27.6823017], [85.3961327, 27.6817263], [85.396198, 27.6815538], [85.3964102, 27.6814391], [85.3969975, 27.6812817], [85.3972157, 27.6811374], [85.3978897, 27.6810035], [85.3983843, 27.6800443]]}}, {"type": "Feature", "properties": {"waterway": "stream", "id": 763124976}, "geometry": {"type": "LineString", "coordinates": [[85.3946364, 27.6863303], [85.3945587, 27.6857513], [85.3946291, 27.6854795], [85.3946073, 27.6853976], [85.3943708, 27.6852541], [85.3945745, 27.6850131], [85.3946567, 27.6848639], [85.3947281, 27.6845645], [85.3948453, 27.6843495], [85.3949186, 27.6841808], [85.3949167, 27.6840733], [85.3948491, 27.6835112]]}}, {"type": "Feature", "properties": {"waterway": "stream", "id": 343458608}, "geometry": {"type": "LineString", "coordinates": [[85.4011718, 27.6594398], [85.401265, 27.6595824], [85.4012622, 27.65971], [85.4012156, 27.6597713], [85.4010969, 27.6598477], [85.4008695, 27.6598877], [85.4006223, 27.6599765], [85.4004189, 27.6600041], [85.4001477, 27.6600216], [85.3999725, 27.6600241], [85.3998242, 27.6600579], [85.3996335, 27.6600654], [85.3994019, 27.6600191], [85.3988947, 27.6599202], [85.3987055, 27.6599277], [85.3984795, 27.6599478], [85.398276, 27.6599678], [85.3980472, 27.6599453], [85.3978325, 27.6598915], [85.3976815, 27.6597872]]}}]}