{"type": "FeatureCollection", "features": [{"type": "Feature", "properties": {"name": "Departures", "type": "yes"}, "geometry": {"type": "Point", "coordinates": [83.9784941, 28.1994313]}}, {"type": "Feature", "properties": {"type": "yes"}, "geometry": {"type": "Point", "coordinates": [83.9796856, 28.1891744]}}, {"type": "Feature", "properties": {"type": "yes"}, "geometry": {"type": "Point", "coordinates": [83.9789207, 28.189171]}}, {"type": "Feature", "properties": {"type": "yes"}, "geometry": {"type": "Point", "coordinates": [83.9785969, 28.1890738]}}, {"type": "Feature", "properties": {"type": "yes"}, "geometry": {"type": "Point", "coordinates": [83.978933, 28.1896186]}}, {"type": "Feature", "properties": {"type": "yes"}, "geometry": {"type": "Point", "coordinates": [83.9619849, 28.2050505]}}, {"type": "Feature", "properties": {"type": "yes"}, "geometry": {"type": "Point", "coordinates": [83.9592498, 28.2140352]}}, {"type": "Feature", "properties": {"type": "yes"}, "geometry": {"type": "Point", "coordinates": [83.9607497, 28.2135203]}}, {"type": "Feature", "properties": {"type": "yes"}, "geometry": {"type": "Point", "coordinates": [83.960454, 28.2136299]}}, {"type": "Feature", "properties": {"name": "Hong Kong Hotel", "type": "yes"}, "geometry": {"type": "Point", "coordinates": [83.959357, 28.2140345]}}, {"type": "Feature", "properties": {"type": "yes"}, "geometry": {"type": "Point", "coordinates": [83.9606059, 28.2135737]}}, {"type": "Feature", "properties": {"type": "yes"}, "geometry": {"type": "Point", "coordinates": [83.960438, 28.21374]}}, {"type": "Feature", "properties": {"type": "yes"}, "geometry": {"type": "Point", "coordinates": [83.9601698, 28.2136887]}}, {"type": "Feature", "properties": {"type": "yes"}, "geometry": {"type": "Point", "coordinates": [83.9590768, 28.2139593]}}, {"type": "Feature", "properties": {"type": "yes"}, "geometry": {"type": "Point", "coordinates": [83.9576281, 28.2141737]}}, {"type": "Feature", "properties": {"type": "yes"}, "geometry": {"type": "Point", "coordinates": [83.9581678, 28.2141417]}}, {"type": "Feature", "properties": {"name": "Hotel Tilicho", "type": "yes"}, "geometry": {"type": "Point", "coordinates": [83.9591037, 28.2142531]}}, {"type": "Feature", "properties": {"type": "yes"}, "geometry": {"type": "Point", "coordinates": [83.9589143, 28.2139748]}}, {"type": "Feature", "properties": {"type": "yes"}, "geometry": {"type": "Point", "coordinates": [83.9587621, 28.2140204]}}, {"type": "Feature", "properties": {"type": "yes"}, "geometry": {"type": "Point", "coordinates": [83.9585126, 28.2140706]}}, {"type": "Feature", "properties": {"type": "yes"}, "geometry": {"type": "Point", "coordinates": [83.9579808, 28.2142108]}}, {"type": "Feature", "properties": {"type": "yes"}, "geometry": {"type": "Point", "coordinates": [83.9582819, 28.2141572]}}, {"type": "Feature", "properties": {"type": "yes"}, "geometry": {"type": "Point", "coordinates": [83.9588123, 28.2141492]}}, {"type": "Feature", "properties": {"type": "yes"}, "geometry": {"type": "Point", "coordinates": [83.9584105, 28.214076]}}, {"type": "Feature", "properties": {"type": "yes"}, "geometry": {"type": "Point", "coordinates": [83.9586606, 28.2140412]}}, {"type": "Feature", "properties": {"type": "yes"}, "geometry": {"type": "Point", "coordinates": [83.9579638, 28.2141269]}}, {"type": "Feature", "properties": {"type": "yes"}, "geometry": {"type": "Point", "coordinates": [83.9581118, 28.2140561]}}, {"type": "Feature", "properties": {"type": "yes"}, "geometry": {"type": "Point", "coordinates": [83.9585522, 28.214019]}}, {"type": "Feature", "properties": {"name": "Dipendra Convention Hall", "type": "yes"}, "geometry": {"type": "Point", "coordinates": [83.9854874, 28.210993]}}, {"type": "Feature", "properties": {"type": "yes"}, "geometry": {"type": "Point", "coordinates": [83.9872027, 28.2004256]}}, {"type": "Feature", "properties": {"type": "yes"}, "geometry": {"type": "Point", "coordinates": [83.9710764, 28.2012322]}}, {"type": "Feature", "properties": {"type": "yes"}, "geometry": {"type": "Point", "coordinates": [83.9584, 28.2077996]}}, {"type": "Feature", "properties": {"name": "Hotel Tulsi", "type": "yes"}, "geometry": {"type": "Point", "coordinates": [83.9579535, 28.2097006]}}, {"type": "Feature", "properties": {"type": "yes"}, "geometry": {"type": "Point", "coordinates": [83.9563655, 28.2146237]}}, {"type": "Feature", "properties": {"name": "Pokhara Lincoln International College", "type": "yes"}, "geometry": {"type": "Point", "coordinates": [83.9756269, 28.2101807]}}, {"type": "Feature", "properties": {"type": "yes"}, "geometry": {"type": "Point", "coordinates": [83.9720301, 28.2116482]}}, {"type": "Feature", "properties": {"type": "yes"}, "geometry": {"type": "Point", "coordinates": [83.9636785, 28.2130456]}}, {"type": "Feature", "properties": {"type": "yes"}, "geometry": {"type": "Point", "coordinates": [83.9619739, 28.2114095]}}, {"type": "Feature", "properties": {"type": "yes"}, "geometry": {"type": "Point", "coordinates": [83.9626962, 28.2112891]}}, {"type": "Feature", "properties": {"type": "yes"}, "geometry": {"type": "Point", "coordinates": [83.9741, 28.2177867]}}, {"type": "Feature", "properties": {"type": "yes"}, "geometry": {"type": "Point", "coordinates": [83.9742253, 28.2181884]}}, {"type": "Feature", "properties": {"type": "yes"}, "geometry": {"type": "Point", "coordinates": [83.9746096, 28.2183158]}}, {"type": "Feature", "properties": {"type": "yes"}, "geometry": {"type": "Point", "coordinates": [83.9734075, 28.2190289]}}, {"type": "Feature", "properties": {"type": "yes"}, "geometry": {"type": "Point", "coordinates": [83.9763432, 28.2181675]}}, {"type": "Feature", "properties": {"type": "yes"}, "geometry": {"type": "Point", "coordinates": [83.9745721, 28.1916393]}}, {"type": "Feature", "properties": {"type": "yes"}, "geometry": {"type": "Point", "coordinates": [83.9744658, 28.1921982]}}, {"type": "Feature", "properties": {"type": "yes"}, "geometry": {"type": "Point", "coordinates": [83.9631894, 28.2047625]}}, {"type": "Feature", "properties": {"type": "yes"}, "geometry": {"type": "Point", "coordinates": [83.9731823, 28.1993544]}}, {"type": "Feature", "properties": {"name": "Chief of Province Office", "type": "yes"}, "geometry": {"type": "Point", "coordinates": [83.9695015, 28.2018219]}}, {"type": "Feature", "properties": {"name": "Pokhara Valley City Development Committee", "type": "yes"}, "geometry": {"type": "Point", "coordinates": [83.9690013, 28.2016779]}}, {"type": "Feature", "properties": {"name": "Planning Commission (PPPC)", "type": "yes"}, "geometry": {"type": "Point", "coordinates": [83.9692455, 28.2017907]}}, {"type": "Feature", "properties": {"type": "yes"}, "geometry": {"type": "Point", "coordinates": [83.970653, 28.1994135]}}, {"type": "Feature", "properties": {"name": "Ward Office", "type": "yes"}, "geometry": {"type": "Point", "coordinates": [83.9749148, 28.2055386]}}, {"type": "Feature", "properties": {"type": "yes"}, "geometry": {"type": "Point", "coordinates": [83.968323, 28.2009757]}}, {"type": "Feature", "properties": {"type": "yes"}, "geometry": {"type": "Point", "coordinates": [83.9681977, 28.2019768]}}, {"type": "Feature", "properties": {"name": "bdrc project", "type": "BDRC"}, "geometry": {"type": "Point", "coordinates": [83.9769831, 28.203776]}}, {"type": "Feature", "properties": {"type": "yes"}, "geometry": {"type": "Point", "coordinates": [83.9734031, 28.2000044]}}, {"type": "Feature", "properties": {"type": "yes"}, "geometry": {"type": "Point", "coordinates": [83.9771932, 28.200964]}}, {"type": "Feature", "properties": {"type": "yes"}, "geometry": {"type": "Point", "coordinates": [83.9691836, 28.2046421]}}, {"type": "Feature", "properties": {"name": "Post Office, Regional Directorate", "type": "yes"}, "geometry": {"type": "Point", "coordinates": [83.9693065, 28.2035648]}}, {"type": "Feature", "properties": {"name": "Office of Standards And Metrology", "type": "yes"}, "geometry": {"type": "Point", "coordinates": [83.9692508, 28.2039254]}}, {"type": "Feature", "properties": {"name": "Regional Monitoring Office", "type": "yes"}, "geometry": {"type": "Point", "coordinates": [83.968742, 28.2038957]}}, {"type": "Feature", "properties": {"type": "yes"}, "geometry": {"type": "Point", "coordinates": [83.9695789, 28.1968215]}}, {"type": "Feature", "properties": {"type": "yes"}, "geometry": {"type": "Point", "coordinates": [83.9713878, 28.2005489]}}, {"type": "Feature", "properties": {"type": "yes"}, "geometry": {"type": "Point", "coordinates": [83.969538, 28.196639]}}, {"type": "Feature", "properties": {"type": "yes"}, "geometry": {"type": "Point", "coordinates": [83.9712252, 28.2006228]}}, {"type": "Feature", "properties": {"name": "Public Service Commission (Western Regional Directorate)", "type": "yes"}, "geometry": {"type": "Point", "coordinates": [83.9728269, 28.2003185]}}, {"type": "Feature", "properties": {"name": "Arrivals", "type": "yes"}, "geometry": {"type": "Point", "coordinates": [83.9777211, 28.1993341]}}, {"type": "Feature", "properties": {"type": "hotel"}, "geometry": {"type": "Point", "coordinates": [83.962554, 28.2052699]}}, {"type": "Feature", "properties": {"type": "hotel"}, "geometry": {"type": "Point", "coordinates": [83.9625518, 28.2048925]}}, {"type": "Feature", "properties": {"name": "Lake View Resort Reception", "type": "yes"}, "geometry": {"type": "Point", "coordinates": [83.9623223, 28.2050513]}}, {"type": "Feature", "properties": {"name": "Lake View Resort", "type": "yes"}, "geometry": {"type": "Point", "coordinates": [83.9623449, 28.2048024]}}, {"type": "Feature", "properties": {"name": "Bhagwati motor works", "type": "garage"}, "geometry": {"type": "Point", "coordinates": [83.9832927, 28.205807]}}, {"type": "Feature", "properties": {"name": "Kotee Home Hotel", "type": "yes"}, "geometry": {"type": "Point", "coordinates": [83.9573592, 28.2096623]}}, {"type": "Feature", "properties": {"type": "yes"}, "geometry": {"type": "Point", "coordinates": [83.961373, 28.2057712]}}, {"type": "Feature", "properties": {"type": "yes"}, "geometry": {"type": "Point", "coordinates": [83.9614627, 28.2057152]}}, {"type": "Feature", "properties": {"type": "yes"}, "geometry": {"type": "Point", "coordinates": [83.9619089, 28.2057868]}}, {"type": "Feature", "properties": {"type": "yes"}, "geometry": {"type": "Point", "coordinates": [83.9618215, 28.2057011]}}, {"type": "Feature", "properties": {"type": "yes"}, "geometry": {"type": "Point", "coordinates": [83.9616834, 28.2057626]}}, {"type": "Feature", "properties": {"type": "yes"}, "geometry": {"type": "Point", "coordinates": [83.9617103, 28.2056203]}}, {"type": "Feature", "properties": {"type": "yes"}, "geometry": {"type": "Point", "coordinates": [83.9618059, 28.2058518]}}, {"type": "Feature", "properties": {"type": "yes"}, "geometry": {"type": "Point", "coordinates": [83.9618145, 28.205563]}}, {"type": "Feature", "properties": {"name": "Trek-O-Tel Pokhara", "type": "yes"}, "geometry": {"type": "Point", "coordinates": [83.9615808, 28.2056083]}}, {"type": "Feature", "properties": {"type": "yes"}, "geometry": {"type": "Point", "coordinates": [83.9773192, 28.1932053]}}, {"type": "Feature", "properties": {"type": "yes"}, "geometry": {"type": "Point", "coordinates": [83.9773623, 28.1928146]}}, {"type": "Feature", "properties": {"type": "yes"}, "geometry": {"type": "Point", "coordinates": [83.9768528, 28.1932016]}}, {"type": "Feature", "properties": {"name": "The Mountain House", "type": "commercial"}, "geometry": {"type": "Point", "coordinates": [83.959954, 28.2118694]}}, {"type": "Feature", "properties": {"name": "Octagon Guesthouse", "type": "commercial"}, "geometry": {"type": "Point", "coordinates": [83.9589781, 28.2124222]}}, {"type": "Feature", "properties": {"name": "Hotel Karuna", "type": "commercial"}, "geometry": {"type": "Point", "coordinates": [83.9597687, 28.2120224]}}, {"type": "Feature", "properties": {"type": "yes"}, "geometry": {"type": "Point", "coordinates": [83.9622148, 28.205946]}}, {"type": "Feature", "properties": {"name": "Pahari Plaza", "type": "commercial"}, "geometry": {"type": "Point", "coordinates": [83.9592009, 28.1894013]}}, {"type": "Feature", "properties": {"name": "Spa and Healing Center", "type": "residential"}, "geometry": {"type": "Point", "coordinates": [83.9626119, 28.2045033]}}, {"type": "Feature", "properties": {"type": "yes"}, "geometry": {"type": "Point", "coordinates": [83.96423, 28.2057288]}}, {"type": "Feature", "properties": {"type": "yes"}, "geometry": {"type": "Point", "coordinates": [83.9864217, 28.2188003]}}, {"type": "Feature", "properties": {"type": "yes"}, "geometry": {"type": "Point", "coordinates": [83.9651487, 28.2044251]}}, {"type": "Feature", "properties": {"name": "Himalayan Joe Espresso Bar", "type": "yes"}, "geometry": {"type": "Point", "coordinates": [83.9593372, 28.2066441]}}, {"type": "Feature", "properties": {"name": "New Kunwar Electronic Centre", "type": "yes"}, "geometry": {"type": "Point", "coordinates": [83.9651674, 28.2063456]}}, {"type": "Feature", "properties": {"type": "yes"}, "geometry": {"type": "Point", "coordinates": [83.9598045, 28.2064514]}}, {"type": "Feature", "properties": {"name": "Acharya electronics", "type": "yes"}, "geometry": {"type": "Point", "coordinates": [83.9710968, 28.1918874]}}, {"type": "Feature", "properties": {"name": "Puime Fast Food", "type": "yes"}, "geometry": {"type": "Point", "coordinates": [83.9745881, 28.1958972]}}, {"type": "Feature", "properties": {"name": "Bibek's House", "type": "house"}, "geometry": {"type": "Point", "coordinates": [83.974794, 28.190231]}}, {"type": "Feature", "properties": {"type": "yes"}, "geometry": {"type": "Point", "coordinates": [83.9693796, 28.2044055]}}, {"type": "Feature", "properties": {"type": "yes"}, "geometry": {"type": "Point", "coordinates": [83.969296, 28.204957]}}, {"type": "Feature", "properties": {"type": "office"}, "geometry": {"type": "Point", "coordinates": [83.9691962, 28.2043201]}}, {"type": "Feature", "properties": {"name": "Janapriya Multiple College(BBA Building)", "type": "yes"}, "geometry": {"type": "Point", "coordinates": [83.9790298, 28.2023803]}}, {"type": "Feature", "properties": {"type": "yes"}, "geometry": {"type": "Point", "coordinates": [83.9607284, 28.2100191]}}, {"type": "Feature", "properties": {"type": "yes"}, "geometry": {"type": "Point", "coordinates": [83.9613064, 28.2116822]}}, {"type": "Feature", "properties": {"type": "yes"}, "geometry": {"type": "Point", "coordinates": [83.9587899, 28.2111657]}}, {"type": "Feature", "properties": {"type": "yes"}, "geometry": {"type": "Point", "coordinates": [83.959226, 28.2106311]}}, {"type": "Feature", "properties": {"type": "yes"}, "geometry": {"type": "Point", "coordinates": [83.9784738, 28.2135794]}}, {"type": "Feature", "properties": {"type": "yes"}, "geometry": {"type": "Point", "coordinates": [83.9842203, 28.2108476]}}, {"type": "Feature", "properties": {"type": "yes"}, "geometry": {"type": "Point", "coordinates": [83.9840028, 28.2106708]}}, {"type": "Feature", "properties": {"type": "industrial"}, "geometry": {"type": "Point", "coordinates": [83.9833968, 28.2112276]}}, {"type": "Feature", "properties": {"type": "yes"}, "geometry": {"type": "Point", "coordinates": [83.9810925, 28.2158141]}}, {"type": "Feature", "properties": {"type": "yes"}, "geometry": {"type": "Point", "coordinates": [83.9811891, 28.2157527]}}, {"type": "Feature", "properties": {"type": "yes"}, "geometry": {"type": "Point", "coordinates": [83.9809506, 28.1409183]}}, {"type": "Feature", "properties": {"type": "yes"}, "geometry": {"type": "Point", "coordinates": [83.9854405, 28.1461792]}}, {"type": "Feature", "properties": {"type": "yes"}, "geometry": {"type": "Point", "coordinates": [83.9855428, 28.1462253]}}, {"type": "Feature", "properties": {"type": "yes"}, "geometry": {"type": "Point", "coordinates": [83.9856498, 28.1462817]}}, {"type": "Feature", "properties": {"type": "yes"}, "geometry": {"type": "Point", "coordinates": [83.9857164, 28.1463376]}}, {"type": "Feature", "properties": {"type": "yes"}, "geometry": {"type": "Point", "coordinates": [83.9862644, 28.1466864]}}, {"type": "Feature", "properties": {"type": "yes"}, "geometry": {"type": "Point", "coordinates": [83.9862988, 28.1465647]}}, {"type": "Feature", "properties": {"type": "yes"}, "geometry": {"type": "Point", "coordinates": [83.9864189, 28.1467281]}}, {"type": "Feature", "properties": {"type": "yes"}, "geometry": {"type": "Point", "coordinates": [83.9866315, 28.1466726]}}, {"type": "Feature", "properties": {"type": "yes"}, "geometry": {"type": "Point", "coordinates": [83.9867409, 28.1466986]}}, {"type": "Feature", "properties": {"type": "yes"}, "geometry": {"type": "Point", "coordinates": [83.9871681, 28.1467482]}}, {"type": "Feature", "properties": {"type": "yes"}, "geometry": {"type": "Point", "coordinates": [83.9864975, 28.1461816]}}, {"type": "Feature", "properties": {"type": "yes"}, "geometry": {"type": "Point", "coordinates": [83.986584, 28.1460985]}}, {"type": "Feature", "properties": {"type": "yes"}, "geometry": {"type": "Point", "coordinates": [83.9866282, 28.1461513]}}, {"type": "Feature", "properties": {"type": "yes"}, "geometry": {"type": "Point", "coordinates": [83.9868723, 28.146238]}}, {"type": "Feature", "properties": {"type": "yes"}, "geometry": {"type": "Point", "coordinates": [83.986784, 28.1459016]}}, {"type": "Feature", "properties": {"type": "yes"}, "geometry": {"type": "Point", "coordinates": [83.9867, 28.1459372]}}, {"type": "Feature", "properties": {"type": "yes"}, "geometry": {"type": "Point", "coordinates": [83.9859264, 28.1475619]}}, {"type": "Feature", "properties": {"type": "yes"}, "geometry": {"type": "Point", "coordinates": [83.985976, 28.1479914]}}, {"type": "Feature", "properties": {"type": "yes"}, "geometry": {"type": "Point", "coordinates": [83.9866662, 28.1494615]}}, {"type": "Feature", "properties": {"type": "yes"}, "geometry": {"type": "Point", "coordinates": [83.986724, 28.1493598]}}, {"type": "Feature", "properties": {"type": "yes"}, "geometry": {"type": "Point", "coordinates": [83.9867978, 28.1492757]}}, {"type": "Feature", "properties": {"type": "yes"}, "geometry": {"type": "Point", "coordinates": [83.9867996, 28.1491486]}}, {"type": "Feature", "properties": {"type": "yes"}, "geometry": {"type": "Point", "coordinates": [83.9858315, 28.146386]}}, {"type": "Feature", "properties": {"type": "yes"}, "geometry": {"type": "Point", "coordinates": [83.9849913, 28.1454311]}}, {"type": "Feature", "properties": {"type": "yes"}, "geometry": {"type": "Point", "coordinates": [83.9851875, 28.1456709]}}, {"type": "Feature", "properties": {"type": "yes"}, "geometry": {"type": "Point", "coordinates": [83.9851024, 28.145508]}}, {"type": "Feature", "properties": {"type": "yes"}, "geometry": {"type": "Point", "coordinates": [83.9845062, 28.1443168]}}, {"type": "Feature", "properties": {"type": "house"}, "geometry": {"type": "Point", "coordinates": [83.964197, 28.1456727]}}, {"type": "Feature", "properties": {"type": "house"}, "geometry": {"type": "Point", "coordinates": [83.9646216, 28.1454815]}}, {"type": "Feature", "properties": {"type": "house"}, "geometry": {"type": "Point", "coordinates": [83.9650656, 28.1454738]}}, {"type": "Feature", "properties": {"type": "house"}, "geometry": {"type": "Point", "coordinates": [83.9650069, 28.1453827]}}, {"type": "Feature", "properties": {"type": "house"}, "geometry": {"type": "Point", "coordinates": [83.96558, 28.1453778]}}, {"type": "Feature", "properties": {"type": "house"}, "geometry": {"type": "Point", "coordinates": [83.965548, 28.1451793]}}, {"type": "Feature", "properties": {"type": "house"}, "geometry": {"type": "Point", "coordinates": [83.9656476, 28.1451692]}}, {"type": "Feature", "properties": {"type": "house"}, "geometry": {"type": "Point", "coordinates": [83.9644486, 28.1444744]}}, {"type": "Feature", "properties": {"type": "house"}, "geometry": {"type": "Point", "coordinates": [83.9643488, 28.1444237]}}, {"type": "Feature", "properties": {"type": "school"}, "geometry": {"type": "Point", "coordinates": [83.967257, 28.1891126]}}, {"type": "Feature", "properties": {"type": "school"}, "geometry": {"type": "Point", "coordinates": [83.9675601, 28.1892613]}}, {"type": "Feature", "properties": {"type": "yes"}, "geometry": {"type": "Point", "coordinates": [83.988725, 28.1409808]}}, {"type": "Feature", "properties": {"type": "yes"}, "geometry": {"type": "Point", "coordinates": [83.9889198, 28.1410879]}}, {"type": "Feature", "properties": {"type": "yes"}, "geometry": {"type": "Point", "coordinates": [83.9888221, 28.1410505]}}, {"type": "Feature", "properties": {"type": "yes"}, "geometry": {"type": "Point", "coordinates": [83.9888617, 28.1409302]}}, {"type": "Feature", "properties": {"type": "yes"}, "geometry": {"type": "Point", "coordinates": [83.9887395, 28.1409325]}}, {"type": "Feature", "properties": {"type": "yes"}, "geometry": {"type": "Point", "coordinates": [83.9888604, 28.1409845]}}, {"type": "Feature", "properties": {"type": "yes"}, "geometry": {"type": "Point", "coordinates": [83.9889598, 28.1409965]}}, {"type": "Feature", "properties": {"type": "yes"}, "geometry": {"type": "Point", "coordinates": [83.9868225, 28.1502225]}}, {"type": "Feature", "properties": {"type": "yes"}, "geometry": {"type": "Point", "coordinates": [83.9868532, 28.1503218]}}, {"type": "Feature", "properties": {"type": "yes"}, "geometry": {"type": "Point", "coordinates": [83.9869142, 28.1505217]}}, {"type": "Feature", "properties": {"type": "yes"}, "geometry": {"type": "Point", "coordinates": [83.9868672, 28.1507248]}}, {"type": "Feature", "properties": {"type": "yes"}, "geometry": {"type": "Point", "coordinates": [83.9867513, 28.1508919]}}, {"type": "Feature", "properties": {"type": "yes"}, "geometry": {"type": "Point", "coordinates": [83.987141, 28.1508463]}}, {"type": "Feature", "properties": {"type": "yes"}, "geometry": {"type": "Point", "coordinates": [83.9864936, 28.1515449]}}, {"type": "Feature", "properties": {"type": "yes"}, "geometry": {"type": "Point", "coordinates": [83.9861627, 28.151703]}}, {"type": "Feature", "properties": {"type": "yes"}, "geometry": {"type": "Point", "coordinates": [83.9860867, 28.1513673]}}, {"type": "Feature", "properties": {"type": "yes"}, "geometry": {"type": "Point", "coordinates": [83.9870597, 28.1515683]}}, {"type": "Feature", "properties": {"type": "yes"}, "geometry": {"type": "Point", "coordinates": [83.9870493, 28.150956]}}, {"type": "Feature", "properties": {"type": "yes"}, "geometry": {"type": "Point", "coordinates": [83.9874025, 28.1513318]}}, {"type": "Feature", "properties": {"type": "yes"}, "geometry": {"type": "Point", "coordinates": [83.9872261, 28.1512324]}}, {"type": "Feature", "properties": {"type": "yes"}, "geometry": {"type": "Point", "coordinates": [83.9876307, 28.1515693]}}, {"type": "Feature", "properties": {"type": "yes"}, "geometry": {"type": "Point", "coordinates": [83.9874049, 28.1516247]}}, {"type": "Feature", "properties": {"type": "yes"}, "geometry": {"type": "Point", "coordinates": [83.9875471, 28.1517218]}}, {"type": "Feature", "properties": {"type": "yes"}, "geometry": {"type": "Point", "coordinates": [83.9877173, 28.1516692]}}, {"type": "Feature", "properties": {"type": "yes"}, "geometry": {"type": "Point", "coordinates": [83.9878024, 28.1516444]}}, {"type": "Feature", "properties": {"type": "yes"}, "geometry": {"type": "Point", "coordinates": [83.9877849, 28.1516907]}}, {"type": "Feature", "properties": {"type": "yes"}, "geometry": {"type": "Point", "coordinates": [83.9873695, 28.152152]}}, {"type": "Feature", "properties": {"type": "yes"}, "geometry": {"type": "Point", "coordinates": [83.9875119, 28.1521896]}}, {"type": "Feature", "properties": {"type": "yes"}, "geometry": {"type": "Point", "coordinates": [83.9873532, 28.1525763]}}, {"type": "Feature", "properties": {"type": "yes"}, "geometry": {"type": "Point", "coordinates": [83.9873549, 28.1526699]}}, {"type": "Feature", "properties": {"type": "yes"}, "geometry": {"type": "Point", "coordinates": [83.9874693, 28.1522402]}}, {"type": "Feature", "properties": {"type": "yes"}, "geometry": {"type": "Point", "coordinates": [83.9874165, 28.1523218]}}, {"type": "Feature", "properties": {"type": "yes"}, "geometry": {"type": "Point", "coordinates": [83.9876513, 28.1520511]}}, {"type": "Feature", "properties": {"type": "yes"}, "geometry": {"type": "Point", "coordinates": [83.9878123, 28.1519943]}}, {"type": "Feature", "properties": {"type": "yes"}, "geometry": {"type": "Point", "coordinates": [83.9864745, 28.1519908]}}, {"type": "Feature", "properties": {"type": "yes"}, "geometry": {"type": "Point", "coordinates": [83.9866981, 28.1522271]}}, {"type": "Feature", "properties": {"type": "yes"}, "geometry": {"type": "Point", "coordinates": [83.9866744, 28.1524386]}}, {"type": "Feature", "properties": {"type": "yes"}, "geometry": {"type": "Point", "coordinates": [83.9866737, 28.1525391]}}, {"type": "Feature", "properties": {"type": "yes"}, "geometry": {"type": "Point", "coordinates": [83.9866761, 28.1525997]}}, {"type": "Feature", "properties": {"name": "Nanigunj", "type": "yes"}, "geometry": {"type": "Point", "coordinates": [83.9587785, 28.2065548]}}, {"type": "Feature", "properties": {"type": "yes"}, "geometry": {"type": "Point", "coordinates": [83.9572989, 28.2076128]}}, {"type": "Feature", "properties": {"type": "yes"}, "geometry": {"type": "Point", "coordinates": [83.9578525, 28.2061195]}}, {"type": "Feature", "properties": {"type": "yes"}, "geometry": {"type": "Point", "coordinates": [83.9576013, 28.2068784]}}, {"type": "Feature", "properties": {"type": "yes"}, "geometry": {"type": "Point", "coordinates": [83.9574199, 28.2061849]}}, {"type": "Feature", "properties": {"type": "yes"}, "geometry": {"type": "Point", "coordinates": [83.9585383, 28.2057045]}}, {"type": "Feature", "properties": {"name": "Ward Office - Ward No. 8", "type": "yes"}, "geometry": {"type": "Point", "coordinates": [83.9811406, 28.2109315]}}, {"type": "Feature", "properties": {"name": "Kingdom Hall of Jehovah's Witnesses", "type": "yes"}, "geometry": {"type": "Point", "coordinates": [83.9859278, 28.211277]}}, {"type": "Feature", "properties": {"name": "Srijana Mini Market", "type": "yes"}, "geometry": {"type": "Point", "coordinates": [83.9809671, 28.2122326]}}, {"type": "Feature", "properties": {"name": "Pokhara Abroad Inn", "type": "apartments"}, "geometry": {"type": "Point", "coordinates": [83.9660878, 28.2127039]}}, {"type": "Feature", "properties": {"name": "Studio Apartments", "type": "yes"}, "geometry": {"type": "Point", "coordinates": [83.966512, 28.2125429]}}, {"type": "Feature", "properties": {"name": "Ratna Himalayan Coffee", "type": "yes"}, "geometry": {"type": "Point", "coordinates": [83.9739338, 28.2159434]}}, {"type": "Feature", "properties": {"name": "Ratna Shree Gym", "type": "yes"}, "geometry": {"type": "Point", "coordinates": [83.9637971, 28.2133479]}}, {"type": "Feature", "properties": {"name": "Hotel Orchid", "type": "hotel"}, "geometry": {"type": "Point", "coordinates": [83.9627322, 28.2078596]}}, {"type": "Feature", "properties": {"name": "Hotel Tara", "type": "hotel"}, "geometry": {"type": "Point", "coordinates": [83.9625184, 28.2077113]}}, {"type": "Feature", "properties": {"name": "Glacier Hotel and Spa", "type": "hotel"}, "geometry": {"type": "Point", "coordinates": [83.9612707, 28.2059602]}}, {"type": "Feature", "properties": {"name": "Hotel City Inn", "type": "yes"}, "geometry": {"type": "Point", "coordinates": [83.9614914, 28.2063501]}}, {"type": "Feature", "properties": {"name": "Co-Op", "type": "yes"}, "geometry": {"type": "Point", "coordinates": [83.9595626, 28.2066405]}}, {"type": "Feature", "properties": {"type": "yes"}, "geometry": {"type": "Point", "coordinates": [83.9576562, 28.2080451]}}, {"type": "Feature", "properties": {"type": "yes"}, "geometry": {"type": "Point", "coordinates": [83.9609425, 28.2109724]}}, {"type": "Feature", "properties": {"name": "Lakeside Center", "type": "yes"}, "geometry": {"type": "Point", "coordinates": [83.9570488, 28.2133782]}}, {"type": "Feature", "properties": {"name": "Jalpa Devi Mandir", "type": "yes"}, "geometry": {"type": "Point", "coordinates": [83.9833248, 28.2146103]}}, {"type": "Feature", "properties": {"type": "commercial"}, "geometry": {"type": "Point", "coordinates": [83.9814722, 28.2121293]}}, {"type": "Feature", "properties": {"name": "Temple Tree Resort and Spa Reception, Restaurant, and Conference Building", "type": "yes"}, "geometry": {"type": "Point", "coordinates": [83.9631114, 28.2060677]}}, {"type": "Feature", "properties": {"type": "yes"}, "geometry": {"type": "Point", "coordinates": [83.9630995, 28.2056814]}}, {"type": "Feature", "properties": {"type": "yes"}, "geometry": {"type": "Point", "coordinates": [83.9633885, 28.2057889]}}, {"type": "Feature", "properties": {"type": "yes"}, "geometry": {"type": "Point", "coordinates": [83.9634338, 28.2059764]}}, {"type": "Feature", "properties": {"name": "Coffee Shop", "type": "yes"}, "geometry": {"type": "Point", "coordinates": [83.963847, 28.2057]}}, {"type": "Feature", "properties": {"type": "yes"}, "geometry": {"type": "Point", "coordinates": [83.9636708, 28.2059799]}}, {"type": "Feature", "properties": {"type": "yes"}, "geometry": {"type": "Point", "coordinates": [83.9634947, 28.2057611]}}, {"type": "Feature", "properties": {"type": "yes"}, "geometry": {"type": "Point", "coordinates": [83.963698, 28.2056855]}}, {"type": "Feature", "properties": {"type": "yes"}, "geometry": {"type": "Point", "coordinates": [83.9628642, 28.2059736]}}, {"type": "Feature", "properties": {"type": "yes"}, "geometry": {"type": "Point", "coordinates": [83.9637312, 28.201292]}}, {"type": "Feature", "properties": {"type": "yes"}, "geometry": {"type": "Point", "coordinates": [83.9638067, 28.2006748]}}, {"type": "Feature", "properties": {"type": "yes"}, "geometry": {"type": "Point", "coordinates": [83.9635433, 28.200716]}}, {"type": "Feature", "properties": {"type": "yes"}, "geometry": {"type": "Point", "coordinates": [83.963735, 28.2006048]}}, {"type": "Feature", "properties": {"type": "yes"}, "geometry": {"type": "Point", "coordinates": [83.9645685, 28.2004473]}}, {"type": "Feature", "properties": {"type": "residential"}, "geometry": {"type": "Point", "coordinates": [83.9664827, 28.2064492]}}, {"type": "Feature", "properties": {"type": "residential"}, "geometry": {"type": "Point", "coordinates": [83.9666828, 28.2063172]}}, {"type": "Feature", "properties": {"type": "residential"}, "geometry": {"type": "Point", "coordinates": [83.9667032, 28.2067995]}}, {"type": "Feature", "properties": {"type": "residential"}, "geometry": {"type": "Point", "coordinates": [83.9666409, 28.2065164]}}, {"type": "Feature", "properties": {"type": "yes"}, "geometry": {"type": "Point", "coordinates": [83.9865324, 28.2110652]}}, {"type": "Feature", "properties": {"name": "Joshi Niwas", "type": "house"}, "geometry": {"type": "Point", "coordinates": [83.976483, 28.2190171]}}, {"type": "Feature", "properties": {"type": "yes"}, "geometry": {"type": "Point", "coordinates": [83.9644857, 28.2003972]}}, {"type": "Feature", "properties": {"type": "yes"}, "geometry": {"type": "Point", "coordinates": [83.9642066, 28.2005915]}}, {"type": "Feature", "properties": {"type": "yes"}, "geometry": {"type": "Point", "coordinates": [83.9639009, 28.2009503]}}, {"type": "Feature", "properties": {"type": "yes"}, "geometry": {"type": "Point", "coordinates": [83.9634916, 28.2010114]}}, {"type": "Feature", "properties": {"type": "yes"}, "geometry": {"type": "Point", "coordinates": [83.9640593, 28.2003445]}}, {"type": "Feature", "properties": {"type": "yes"}, "geometry": {"type": "Point", "coordinates": [83.9636623, 28.2011805]}}, {"type": "Feature", "properties": {"type": "yes"}, "geometry": {"type": "Point", "coordinates": [83.9624766, 28.2061799]}}, {"type": "Feature", "properties": {"type": "yes"}, "geometry": {"type": "Point", "coordinates": [83.9619737, 28.2062893]}}, {"type": "Feature", "properties": {"type": "yes"}, "geometry": {"type": "Point", "coordinates": [83.9624253, 28.2063527]}}, {"type": "Feature", "properties": {"type": "yes"}, "geometry": {"type": "Point", "coordinates": [83.9625489, 28.2063386]}}, {"type": "Feature", "properties": {"type": "yes"}, "geometry": {"type": "Point", "coordinates": [83.9627249, 28.2050905]}}, {"type": "Feature", "properties": {"type": "yes"}, "geometry": {"type": "Point", "coordinates": [83.9647709, 28.2099304]}}, {"type": "Feature", "properties": {"type": "yes"}, "geometry": {"type": "Point", "coordinates": [83.9647172, 28.2096854]}}, {"type": "Feature", "properties": {"type": "yes"}, "geometry": {"type": "Point", "coordinates": [83.9646537, 28.2095293]}}, {"type": "Feature", "properties": {"type": "yes"}, "geometry": {"type": "Point", "coordinates": [83.9646116, 28.2094449]}}, {"type": "Feature", "properties": {"type": "yes"}, "geometry": {"type": "Point", "coordinates": [83.9645623, 28.2093536]}}, {"type": "Feature", "properties": {"type": "yes"}, "geometry": {"type": "Point", "coordinates": [83.9645502, 28.209254]}}, {"type": "Feature", "properties": {"type": "yes"}, "geometry": {"type": "Point", "coordinates": [83.964451, 28.2090804]}}, {"type": "Feature", "properties": {"type": "yes"}, "geometry": {"type": "Point", "coordinates": [83.9643889, 28.2089978]}}, {"type": "Feature", "properties": {"type": "yes"}, "geometry": {"type": "Point", "coordinates": [83.9647779, 28.2089111]}}, {"type": "Feature", "properties": {"type": "yes"}, "geometry": {"type": "Point", "coordinates": [83.9647116, 28.2087205]}}, {"type": "Feature", "properties": {"type": "yes"}, "geometry": {"type": "Point", "coordinates": [83.9646214, 28.2086624]}}, {"type": "Feature", "properties": {"type": "yes"}, "geometry": {"type": "Point", "coordinates": [83.9604944, 28.20837]}}, {"type": "Feature", "properties": {"type": "yes"}, "geometry": {"type": "Point", "coordinates": [83.959843, 28.2083017]}}, {"type": "Feature", "properties": {"type": "yes"}, "geometry": {"type": "Point", "coordinates": [83.9610216, 28.2083165]}}, {"type": "Feature", "properties": {"type": "yes"}, "geometry": {"type": "Point", "coordinates": [83.9602659, 28.2077474]}}, {"type": "Feature", "properties": {"type": "yes"}, "geometry": {"type": "Point", "coordinates": [83.9585561, 28.2082652]}}, {"type": "Feature", "properties": {"type": "yes"}, "geometry": {"type": "Point", "coordinates": [83.9582484, 28.2082906]}}, {"type": "Feature", "properties": {"name": "Hotel Diplomat", "type": "hotel"}, "geometry": {"type": "Point", "coordinates": [83.9590643, 28.2071895]}}, {"type": "Feature", "properties": {"type": "yes"}, "geometry": {"type": "Point", "coordinates": [83.964066, 28.2067773]}}, {"type": "Feature", "properties": {"type": "yes"}, "geometry": {"type": "Point", "coordinates": [83.9648945, 28.2065689]}}, {"type": "Feature", "properties": {"type": "yes"}, "geometry": {"type": "Point", "coordinates": [83.9643481, 28.2066422]}}, {"type": "Feature", "properties": {"type": "yes"}, "geometry": {"type": "Point", "coordinates": [83.9637692, 28.2071753]}}, {"type": "Feature", "properties": {"type": "yes"}, "geometry": {"type": "Point", "coordinates": [83.9633008, 28.2072444]}}, {"type": "Feature", "properties": {"type": "yes"}, "geometry": {"type": "Point", "coordinates": [83.9625291, 28.2065615]}}, {"type": "Feature", "properties": {"type": "yes"}, "geometry": {"type": "Point", "coordinates": [83.9624333, 28.2065129]}}, {"type": "Feature", "properties": {"type": "yes"}, "geometry": {"type": "Point", "coordinates": [83.9628269, 28.2071731]}}, {"type": "Feature", "properties": {"type": "yes"}, "geometry": {"type": "Point", "coordinates": [83.9623174, 28.206872]}}, {"type": "Feature", "properties": {"type": "yes"}, "geometry": {"type": "Point", "coordinates": [83.9623632, 28.2069634]}}, {"type": "Feature", "properties": {"type": "yes"}, "geometry": {"type": "Point", "coordinates": [83.9624215, 28.2070424]}}, {"type": "Feature", "properties": {"type": "yes"}, "geometry": {"type": "Point", "coordinates": [83.9622626, 28.2073695]}}, {"type": "Feature", "properties": {"type": "yes"}, "geometry": {"type": "Point", "coordinates": [83.9614974, 28.2072248]}}, {"type": "Feature", "properties": {"type": "yes"}, "geometry": {"type": "Point", "coordinates": [83.9616633, 28.2073076]}}, {"type": "Feature", "properties": {"type": "yes"}, "geometry": {"type": "Point", "coordinates": [83.9617212, 28.2074525]}}, {"type": "Feature", "properties": {"type": "yes"}, "geometry": {"type": "Point", "coordinates": [83.9620132, 28.2073947]}}, {"type": "Feature", "properties": {"name": "Azoo Guest House", "type": "yes"}, "geometry": {"type": "Point", "coordinates": [83.962254, 28.2071424]}}, {"type": "Feature", "properties": {"type": "yes"}, "geometry": {"type": "Point", "coordinates": [83.962535, 28.2072423]}}, {"type": "Feature", "properties": {"type": "yes"}, "geometry": {"type": "Point", "coordinates": [83.9626238, 28.2073646]}}, {"type": "Feature", "properties": {"type": "yes"}, "geometry": {"type": "Point", "coordinates": [83.9629274, 28.2073965]}}, {"type": "Feature", "properties": {"type": "yes"}, "geometry": {"type": "Point", "coordinates": [83.963077, 28.2071649]}}, {"type": "Feature", "properties": {"name": "Hotel Himalayan Inn", "type": "yes"}, "geometry": {"type": "Point", "coordinates": [83.9627909, 28.2069374]}}, {"type": "Feature", "properties": {"name": "Hotel Fewa Holi Inn", "type": "yes"}, "geometry": {"type": "Point", "coordinates": [83.9627469, 28.2068542]}}, {"type": "Feature", "properties": {"type": "yes"}, "geometry": {"type": "Point", "coordinates": [83.9639392, 28.2077447]}}, {"type": "Feature", "properties": {"type": "yes"}, "geometry": {"type": "Point", "coordinates": [83.9642687, 28.2077187]}}, {"type": "Feature", "properties": {"type": "yes"}, "geometry": {"type": "Point", "coordinates": [83.9637076, 28.2081259]}}, {"type": "Feature", "properties": {"type": "yes"}, "geometry": {"type": "Point", "coordinates": [83.9635388, 28.2081227]}}, {"type": "Feature", "properties": {"type": "yes"}, "geometry": {"type": "Point", "coordinates": [83.9632119, 28.2083454]}}, {"type": "Feature", "properties": {"type": "yes"}, "geometry": {"type": "Point", "coordinates": [83.9630887, 28.2082215]}}, {"type": "Feature", "properties": {"type": "yes"}, "geometry": {"type": "Point", "coordinates": [83.9625579, 28.2084549]}}, {"type": "Feature", "properties": {"type": "yes"}, "geometry": {"type": "Point", "coordinates": [83.9622868, 28.2085942]}}, {"type": "Feature", "properties": {"type": "yes"}, "geometry": {"type": "Point", "coordinates": [83.9619568, 28.208846]}}, {"type": "Feature", "properties": {"type": "yes"}, "geometry": {"type": "Point", "coordinates": [83.9618344, 28.2084143]}}, {"type": "Feature", "properties": {"type": "yes"}, "geometry": {"type": "Point", "coordinates": [83.9616142, 28.2081729]}}, {"type": "Feature", "properties": {"type": "yes"}, "geometry": {"type": "Point", "coordinates": [83.9611206, 28.208569]}}, {"type": "Feature", "properties": {"type": "yes"}, "geometry": {"type": "Point", "coordinates": [83.9608078, 28.20873]}}, {"type": "Feature", "properties": {"type": "yes"}, "geometry": {"type": "Point", "coordinates": [83.9612646, 28.2087083]}}, {"type": "Feature", "properties": {"type": "yes"}, "geometry": {"type": "Point", "coordinates": [83.9622417, 28.2092369]}}, {"type": "Feature", "properties": {"type": "yes"}, "geometry": {"type": "Point", "coordinates": [83.9626116, 28.2092789]}}, {"type": "Feature", "properties": {"type": "yes"}, "geometry": {"type": "Point", "coordinates": [83.9631053, 28.2090087]}}, {"type": "Feature", "properties": {"type": "yes"}, "geometry": {"type": "Point", "coordinates": [83.9631528, 28.2093396]}}, {"type": "Feature", "properties": {"type": "yes"}, "geometry": {"type": "Point", "coordinates": [83.9634885, 28.2096331]}}, {"type": "Feature", "properties": {"type": "yes"}, "geometry": {"type": "Point", "coordinates": [83.9638548, 28.2097629]}}, {"type": "Feature", "properties": {"type": "yes"}, "geometry": {"type": "Point", "coordinates": [83.9637899, 28.2096311]}}, {"type": "Feature", "properties": {"type": "yes"}, "geometry": {"type": "Point", "coordinates": [83.9642652, 28.2095052]}}, {"type": "Feature", "properties": {"type": "yes"}, "geometry": {"type": "Point", "coordinates": [83.9653436, 28.2100013]}}, {"type": "Feature", "properties": {"type": "yes"}, "geometry": {"type": "Point", "coordinates": [83.9657312, 28.2094619]}}, {"type": "Feature", "properties": {"name": "Himalayan Children Care and Environment Conservation", "type": "yes"}, "geometry": {"type": "Point", "coordinates": [83.9665137, 28.2107206]}}, {"type": "Feature", "properties": {"type": "yes"}, "geometry": {"type": "Point", "coordinates": [83.9657297, 28.2109215]}}, {"type": "Feature", "properties": {"type": "yes"}, "geometry": {"type": "Point", "coordinates": [83.9657302, 28.2108299]}}, {"type": "Feature", "properties": {"type": "yes"}, "geometry": {"type": "Point", "coordinates": [83.9654287, 28.2111466]}}, {"type": "Feature", "properties": {"type": "yes"}, "geometry": {"type": "Point", "coordinates": [83.9648407, 28.211202]}}, {"type": "Feature", "properties": {"type": "yes"}, "geometry": {"type": "Point", "coordinates": [83.9635184, 28.2118399]}}, {"type": "Feature", "properties": {"name": "Hotel Bougainvillea", "type": "hotel"}, "geometry": {"type": "Point", "coordinates": [83.9596396, 28.2109079]}}, {"type": "Feature", "properties": {"type": "yes"}, "geometry": {"type": "Point", "coordinates": [83.959983, 28.210718]}}, {"type": "Feature", "properties": {"type": "yes"}, "geometry": {"type": "Point", "coordinates": [83.9586151, 28.2098908]}}, {"type": "Feature", "properties": {"type": "yes"}, "geometry": {"type": "Point", "coordinates": [83.9589107, 28.2099097]}}, {"type": "Feature", "properties": {"type": "yes"}, "geometry": {"type": "Point", "coordinates": [83.9591953, 28.2096687]}}, {"type": "Feature", "properties": {"name": "Hotel Murano", "type": "hotel"}, "geometry": {"type": "Point", "coordinates": [83.9595021, 28.2086438]}}, {"type": "Feature", "properties": {"type": "hotel"}, "geometry": {"type": "Point", "coordinates": [83.9596941, 28.2090784]}}, {"type": "Feature", "properties": {"type": "hotel"}, "geometry": {"type": "Point", "coordinates": [83.9591886, 28.2093087]}}, {"type": "Feature", "properties": {"name": "CIWEC Hospital", "type": "yes"}, "geometry": {"type": "Point", "coordinates": [83.9590162, 28.2092705]}}, {"type": "Feature", "properties": {"type": "yes"}, "geometry": {"type": "Point", "coordinates": [83.9587018, 28.2089445]}}, {"type": "Feature", "properties": {"name": "Hotel Sakura", "type": "yes"}, "geometry": {"type": "Point", "coordinates": [83.9592321, 28.2085573]}}, {"type": "Feature", "properties": {"name": "Four Seasons", "type": "yes"}, "geometry": {"type": "Point", "coordinates": [83.9594637, 28.2083579]}}, {"type": "Feature", "properties": {"type": "yes"}, "geometry": {"type": "Point", "coordinates": [83.9590332, 28.2081731]}}, {"type": "Feature", "properties": {"type": "yes"}, "geometry": {"type": "Point", "coordinates": [83.9732169, 28.1808533]}}, {"type": "Feature", "properties": {"type": "yes"}, "geometry": {"type": "Point", "coordinates": [83.9753985, 28.1804242]}}, {"type": "Feature", "properties": {"type": "yes"}, "geometry": {"type": "Point", "coordinates": [83.9733065, 28.1816035]}}, {"type": "Feature", "properties": {"type": "yes"}, "geometry": {"type": "Point", "coordinates": [83.9729363, 28.1809931]}}, {"type": "Feature", "properties": {"type": "yes"}, "geometry": {"type": "Point", "coordinates": [83.9726366, 28.1815234]}}, {"type": "Feature", "properties": {"type": "yes"}, "geometry": {"type": "Point", "coordinates": [83.9727438, 28.1817016]}}, {"type": "Feature", "properties": {"type": "yes"}, "geometry": {"type": "Point", "coordinates": [83.9727817, 28.1818639]}}, {"type": "Feature", "properties": {"type": "yes"}, "geometry": {"type": "Point", "coordinates": [83.972818, 28.1822483]}}, {"type": "Feature", "properties": {"type": "yes"}, "geometry": {"type": "Point", "coordinates": [83.9318157, 28.1808081]}}, {"type": "Feature", "properties": {"type": "yes"}, "geometry": {"type": "Point", "coordinates": [83.9321685, 28.1808021]}}, {"type": "Feature", "properties": {"type": "yes"}, "geometry": {"type": "Point", "coordinates": [83.9320162, 28.1808231]}}, {"type": "Feature", "properties": {"type": "yes"}, "geometry": {"type": "Point", "coordinates": [83.9312115, 28.1804622]}}, {"type": "Feature", "properties": {"type": "yes"}, "geometry": {"type": "Point", "coordinates": [83.9313238, 28.1803823]}}, {"type": "Feature", "properties": {"type": "yes"}, "geometry": {"type": "Point", "coordinates": [83.931496, 28.180364]}}, {"type": "Feature", "properties": {"type": "yes"}, "geometry": {"type": "Point", "coordinates": [83.931145, 28.1806048]}}, {"type": "Feature", "properties": {"type": "yes"}, "geometry": {"type": "Point", "coordinates": [83.9311047, 28.1807292]}}, {"type": "Feature", "properties": {"type": "yes"}, "geometry": {"type": "Point", "coordinates": [83.9326759, 28.1804044]}}, {"type": "Feature", "properties": {"type": "yes"}, "geometry": {"type": "Point", "coordinates": [83.9329587, 28.1803196]}}, {"type": "Feature", "properties": {"type": "yes"}, "geometry": {"type": "Point", "coordinates": [83.9332237, 28.180232]}}, {"type": "Feature", "properties": {"type": "yes"}, "geometry": {"type": "Point", "coordinates": [83.9316333, 28.1808098]}}, {"type": "Feature", "properties": {"type": "house"}, "geometry": {"type": "Point", "coordinates": [83.9789188, 28.2126563]}}, {"type": "Feature", "properties": {"type": "house"}, "geometry": {"type": "Point", "coordinates": [83.9782875, 28.212773]}}, {"type": "Feature", "properties": {"type": "yes"}, "geometry": {"type": "Point", "coordinates": [83.9804781, 28.2127381]}}, {"type": "Feature", "properties": {"type": "yes"}, "geometry": {"type": "Point", "coordinates": [83.9805662, 28.2126835]}}, {"type": "Feature", "properties": {"type": "yes"}, "geometry": {"type": "Point", "coordinates": [83.9805664, 28.2124439]}}, {"type": "Feature", "properties": {"type": "yes"}, "geometry": {"type": "Point", "coordinates": [83.9805512, 28.2128168]}}, {"type": "Feature", "properties": {"type": "yes"}, "geometry": {"type": "Point", "coordinates": [83.9810559, 28.2125603]}}, {"type": "Feature", "properties": {"type": "yes"}, "geometry": {"type": "Point", "coordinates": [83.9806994, 28.2124278]}}, {"type": "Feature", "properties": {"type": "yes"}, "geometry": {"type": "Point", "coordinates": [83.979917, 28.2126808]}}, {"type": "Feature", "properties": {"type": "yes"}, "geometry": {"type": "Point", "coordinates": [83.9883513, 28.2093597]}}, {"type": "Feature", "properties": {"type": "yes"}, "geometry": {"type": "Point", "coordinates": [83.9800545, 28.2126188]}}, {"type": "Feature", "properties": {"type": "yes"}, "geometry": {"type": "Point", "coordinates": [83.9806451, 28.212792]}}, {"type": "Feature", "properties": {"type": "yes"}, "geometry": {"type": "Point", "coordinates": [83.9807564, 28.212743]}}, {"type": "Feature", "properties": {"type": "yes"}, "geometry": {"type": "Point", "coordinates": [83.9808264, 28.2127261]}}, {"type": "Feature", "properties": {"type": "yes"}, "geometry": {"type": "Point", "coordinates": [83.980328, 28.2127745]}}, {"type": "Feature", "properties": {"type": "yes"}, "geometry": {"type": "Point", "coordinates": [83.9799727, 28.21289]}}, {"type": "Feature", "properties": {"type": "yes"}, "geometry": {"type": "Point", "coordinates": [83.9807676, 28.212604]}}, {"type": "Feature", "properties": {"type": "yes"}, "geometry": {"type": "Point", "coordinates": [83.9801561, 28.2129837]}}, {"type": "Feature", "properties": {"type": "yes"}, "geometry": {"type": "Point", "coordinates": [83.9806447, 28.2126308]}}, {"type": "Feature", "properties": {"type": "yes"}, "geometry": {"type": "Point", "coordinates": [83.9802569, 28.2129302]}}, {"type": "Feature", "properties": {"type": "yes"}, "geometry": {"type": "Point", "coordinates": [83.979957, 28.2124375]}}, {"type": "Feature", "properties": {"type": "yes"}, "geometry": {"type": "Point", "coordinates": [83.9803664, 28.2125536]}}, {"type": "Feature", "properties": {"type": "yes"}, "geometry": {"type": "Point", "coordinates": [83.9804494, 28.2124958]}}, {"type": "Feature", "properties": {"type": "yes"}, "geometry": {"type": "Point", "coordinates": [83.9882941, 28.2090194]}}, {"type": "Feature", "properties": {"type": "yes"}, "geometry": {"type": "Point", "coordinates": [83.9887083, 28.2084372]}}, {"type": "Feature", "properties": {"type": "yes"}, "geometry": {"type": "Point", "coordinates": [83.9881904, 28.2087815]}}, {"type": "Feature", "properties": {"type": "yes"}, "geometry": {"type": "Point", "coordinates": [83.9819205, 28.2105544]}}, {"type": "Feature", "properties": {"type": "yes"}, "geometry": {"type": "Point", "coordinates": [83.9808565, 28.2105441]}}, {"type": "Feature", "properties": {"name": "Karma Complex", "type": "yes"}, "geometry": {"type": "Point", "coordinates": [83.9806673, 28.210471]}}, {"type": "Feature", "properties": {"type": "yes"}, "geometry": {"type": "Point", "coordinates": [83.9814346, 28.2098262]}}, {"type": "Feature", "properties": {"type": "yes"}, "geometry": {"type": "Point", "coordinates": [83.9807549, 28.2105999]}}, {"type": "Feature", "properties": {"type": "yes"}, "geometry": {"type": "Point", "coordinates": [83.9806641, 28.2103629]}}, {"type": "Feature", "properties": {"type": "yes"}, "geometry": {"type": "Point", "coordinates": [83.9805327, 28.2104328]}}, {"type": "Feature", "properties": {"type": "yes"}, "geometry": {"type": "Point", "coordinates": [83.981324, 28.2101803]}}, {"type": "Feature", "properties": {"type": "yes"}, "geometry": {"type": "Point", "coordinates": [83.9801573, 28.2090241]}}, {"type": "Feature", "properties": {"type": "yes"}, "geometry": {"type": "Point", "coordinates": [83.9817172, 28.2101802]}}, {"type": "Feature", "properties": {"type": "yes"}, "geometry": {"type": "Point", "coordinates": [83.9812987, 28.2108285]}}, {"type": "Feature", "properties": {"type": "yes"}, "geometry": {"type": "Point", "coordinates": [83.9817422, 28.2103618]}}, {"type": "Feature", "properties": {"type": "yes"}, "geometry": {"type": "Point", "coordinates": [83.9806999, 28.2105548]}}, {"type": "Feature", "properties": {"type": "yes"}, "geometry": {"type": "Point", "coordinates": [83.9805791, 28.2128949]}}, {"type": "Feature", "properties": {"type": "yes"}, "geometry": {"type": "Point", "coordinates": [83.9819603, 28.209817]}}, {"type": "Feature", "properties": {"type": "yes"}, "geometry": {"type": "Point", "coordinates": [83.9809368, 28.2107433]}}, {"type": "Feature", "properties": {"type": "yes"}, "geometry": {"type": "Point", "coordinates": [83.981204, 28.2096898]}}, {"type": "Feature", "properties": {"type": "yes"}, "geometry": {"type": "Point", "coordinates": [83.9810422, 28.2118018]}}, {"type": "Feature", "properties": {"type": "yes"}, "geometry": {"type": "Point", "coordinates": [83.980466, 28.209128]}}, {"type": "Feature", "properties": {"type": "yes"}, "geometry": {"type": "Point", "coordinates": [83.9821358, 28.2104126]}}, {"type": "Feature", "properties": {"type": "yes"}, "geometry": {"type": "Point", "coordinates": [83.9745261, 28.2190522]}}, {"type": "Feature", "properties": {"type": "yes"}, "geometry": {"type": "Point", "coordinates": [83.9742092, 28.2192166]}}, {"type": "Feature", "properties": {"type": "yes"}, "geometry": {"type": "Point", "coordinates": [83.9746225, 28.2190323]}}, {"type": "Feature", "properties": {"type": "yes"}, "geometry": {"type": "Point", "coordinates": [83.9741175, 28.2190199]}}, {"type": "Feature", "properties": {"type": "yes"}, "geometry": {"type": "Point", "coordinates": [83.9745142, 28.2187295]}}, {"type": "Feature", "properties": {"type": "yes"}, "geometry": {"type": "Point", "coordinates": [83.9749987, 28.2185145]}}, {"type": "Feature", "properties": {"type": "yes"}, "geometry": {"type": "Point", "coordinates": [83.9744462, 28.2187997]}}, {"type": "Feature", "properties": {"type": "yes"}, "geometry": {"type": "Point", "coordinates": [83.975966, 28.2187859]}}, {"type": "Feature", "properties": {"type": "yes"}, "geometry": {"type": "Point", "coordinates": [83.9742244, 28.2189481]}}, {"type": "Feature", "properties": {"type": "yes"}, "geometry": {"type": "Point", "coordinates": [83.9737427, 28.2192405]}}, {"type": "Feature", "properties": {"type": "yes"}, "geometry": {"type": "Point", "coordinates": [83.9760743, 28.2186345]}}, {"type": "Feature", "properties": {"type": "yes"}, "geometry": {"type": "Point", "coordinates": [83.974307, 28.2191738]}}, {"type": "Feature", "properties": {"type": "yes"}, "geometry": {"type": "Point", "coordinates": [83.976182, 28.2189183]}}, {"type": "Feature", "properties": {"type": "yes"}, "geometry": {"type": "Point", "coordinates": [83.976154, 28.2186028]}}, {"type": "Feature", "properties": {"type": "yes"}, "geometry": {"type": "Point", "coordinates": [83.9758948, 28.2186692]}}, {"type": "Feature", "properties": {"type": "yes"}, "geometry": {"type": "Point", "coordinates": [83.9761568, 28.2191238]}}, {"type": "Feature", "properties": {"type": "yes"}, "geometry": {"type": "Point", "coordinates": [83.9761228, 28.2190408]}}, {"type": "Feature", "properties": {"type": "yes"}, "geometry": {"type": "Point", "coordinates": [83.9771885, 28.2194017]}}, {"type": "Feature", "properties": {"type": "yes"}, "geometry": {"type": "Point", "coordinates": [83.974813, 28.2185931]}}, {"type": "Feature", "properties": {"type": "yes"}, "geometry": {"type": "Point", "coordinates": [83.9722143, 28.219634]}}, {"type": "Feature", "properties": {"type": "yes"}, "geometry": {"type": "Point", "coordinates": [83.9719132, 28.2198154]}}, {"type": "Feature", "properties": {"type": "yes"}, "geometry": {"type": "Point", "coordinates": [83.9718605, 28.2199191]}}, {"type": "Feature", "properties": {"type": "yes"}, "geometry": {"type": "Point", "coordinates": [83.9735962, 28.2200085]}}, {"type": "Feature", "properties": {"type": "yes"}, "geometry": {"type": "Point", "coordinates": [83.974944, 28.2197594]}}, {"type": "Feature", "properties": {"type": "yes"}, "geometry": {"type": "Point", "coordinates": [83.9748379, 28.2196342]}}, {"type": "Feature", "properties": {"type": "yes"}, "geometry": {"type": "Point", "coordinates": [83.9747763, 28.2195314]}}, {"type": "Feature", "properties": {"type": "yes"}, "geometry": {"type": "Point", "coordinates": [83.9746597, 28.2198829]}}, {"type": "Feature", "properties": {"type": "yes"}, "geometry": {"type": "Point", "coordinates": [83.9737657, 28.2195731]}}, {"type": "Feature", "properties": {"type": "yes"}, "geometry": {"type": "Point", "coordinates": [83.9745123, 28.2198586]}}, {"type": "Feature", "properties": {"type": "yes"}, "geometry": {"type": "Point", "coordinates": [83.9738253, 28.2196492]}}, {"type": "Feature", "properties": {"type": "yes"}, "geometry": {"type": "Point", "coordinates": [83.9748485, 28.2200284]}}, {"type": "Feature", "properties": {"type": "yes"}, "geometry": {"type": "Point", "coordinates": [83.9744429, 28.219801]}}, {"type": "Feature", "properties": {"type": "yes"}, "geometry": {"type": "Point", "coordinates": [83.974474, 28.2194862]}}, {"type": "Feature", "properties": {"type": "yes"}, "geometry": {"type": "Point", "coordinates": [83.9724892, 28.2196705]}}, {"type": "Feature", "properties": {"type": "yes"}, "geometry": {"type": "Point", "coordinates": [83.9731267, 28.2194812]}}, {"type": "Feature", "properties": {"type": "yes"}, "geometry": {"type": "Point", "coordinates": [83.9723966, 28.2195145]}}, {"type": "Feature", "properties": {"type": "yes"}, "geometry": {"type": "Point", "coordinates": [83.9727076, 28.2195283]}}, {"type": "Feature", "properties": {"type": "yes"}, "geometry": {"type": "Point", "coordinates": [83.9721277, 28.2196563]}}, {"type": "Feature", "properties": {"type": "yes"}, "geometry": {"type": "Point", "coordinates": [83.97224, 28.2198396]}}, {"type": "Feature", "properties": {"type": "house"}, "geometry": {"type": "Point", "coordinates": [83.9792163, 28.2083027]}}, {"type": "Feature", "properties": {"type": "house"}, "geometry": {"type": "Point", "coordinates": [83.9802231, 28.2080597]}}, {"type": "Feature", "properties": {"type": "yes"}, "geometry": {"type": "Point", "coordinates": [83.9842722, 28.2195554]}}, {"type": "Feature", "properties": {"type": "yes"}, "geometry": {"type": "Point", "coordinates": [83.9842734, 28.219938]}}, {"type": "Feature", "properties": {"type": "yes"}, "geometry": {"type": "Point", "coordinates": [83.9845481, 28.2197802]}}, {"type": "Feature", "properties": {"type": "yes"}, "geometry": {"type": "Point", "coordinates": [83.9842355, 28.2198027]}}, {"type": "Feature", "properties": {"type": "yes"}, "geometry": {"type": "Point", "coordinates": [83.9900477, 28.213644]}}, {"type": "Feature", "properties": {"type": "yes"}, "geometry": {"type": "Point", "coordinates": [83.9895629, 28.2134043]}}, {"type": "Feature", "properties": {"type": "yes"}, "geometry": {"type": "Point", "coordinates": [83.9889228, 28.2117265]}}, {"type": "Feature", "properties": {"type": "yes"}, "geometry": {"type": "Point", "coordinates": [83.9897015, 28.2130319]}}, {"type": "Feature", "properties": {"type": "yes"}, "geometry": {"type": "Point", "coordinates": [83.9894495, 28.2127829]}}, {"type": "Feature", "properties": {"type": "yes"}, "geometry": {"type": "Point", "coordinates": [83.989882, 28.2132412]}}, {"type": "Feature", "properties": {"type": "yes"}, "geometry": {"type": "Point", "coordinates": [83.9900248, 28.2126142]}}, {"type": "Feature", "properties": {"type": "yes"}, "geometry": {"type": "Point", "coordinates": [83.9896424, 28.2133601]}}, {"type": "Feature", "properties": {"type": "yes"}, "geometry": {"type": "Point", "coordinates": [83.9896185, 28.2126108]}}, {"type": "Feature", "properties": {"type": "yes"}, "geometry": {"type": "Point", "coordinates": [83.9898091, 28.2137461]}}, {"type": "Feature", "properties": {"type": "yes"}, "geometry": {"type": "Point", "coordinates": [83.989992, 28.2129006]}}, {"type": "Feature", "properties": {"type": "yes"}, "geometry": {"type": "Point", "coordinates": [83.9898537, 28.2138281]}}, {"type": "Feature", "properties": {"type": "yes"}, "geometry": {"type": "Point", "coordinates": [83.9897978, 28.2132979]}}, {"type": "Feature", "properties": {"type": "yes"}, "geometry": {"type": "Point", "coordinates": [83.9886257, 28.2120978]}}, {"type": "Feature", "properties": {"type": "yes"}, "geometry": {"type": "Point", "coordinates": [83.9894815, 28.2131298]}}, {"type": "Feature", "properties": {"name": "Welcome bakery", "type": "yes"}, "geometry": {"type": "Point", "coordinates": [83.9663824, 28.2117762]}}, {"type": "Feature", "properties": {"type": "yes"}, "geometry": {"type": "Point", "coordinates": [83.9779085, 28.2120661]}}, {"type": "Feature", "properties": {"type": "yes"}, "geometry": {"type": "Point", "coordinates": [83.9892895, 28.2008095]}}, {"type": "Feature", "properties": {"type": "yes"}, "geometry": {"type": "Point", "coordinates": [83.9893351, 28.2014594]}}, {"type": "Feature", "properties": {"type": "yes"}, "geometry": {"type": "Point", "coordinates": [83.9889074, 28.2014949]}}, {"type": "Feature", "properties": {"type": "yes"}, "geometry": {"type": "Point", "coordinates": [83.9894954, 28.2007181]}}, {"type": "Feature", "properties": {"type": "yes"}, "geometry": {"type": "Point", "coordinates": [83.9893045, 28.2009628]}}, {"type": "Feature", "properties": {"type": "yes"}, "geometry": {"type": "Point", "coordinates": [83.9898036, 28.2009781]}}, {"type": "Feature", "properties": {"type": "yes"}, "geometry": {"type": "Point", "coordinates": [83.9898016, 28.2007782]}}, {"type": "Feature", "properties": {"type": "yes"}, "geometry": {"type": "Point", "coordinates": [83.9897057, 28.2011695]}}, {"type": "Feature", "properties": {"type": "yes"}, "geometry": {"type": "Point", "coordinates": [83.9886218, 28.2010461]}}, {"type": "Feature", "properties": {"type": "yes"}, "geometry": {"type": "Point", "coordinates": [83.9896398, 28.2006536]}}, {"type": "Feature", "properties": {"type": "yes"}, "geometry": {"type": "Point", "coordinates": [83.9879418, 28.200817]}}, {"type": "Feature", "properties": {"type": "yes"}, "geometry": {"type": "Point", "coordinates": [83.9885282, 28.2015198]}}, {"type": "Feature", "properties": {"type": "yes"}, "geometry": {"type": "Point", "coordinates": [83.9887697, 28.2008918]}}, {"type": "Feature", "properties": {"type": "yes"}, "geometry": {"type": "Point", "coordinates": [83.9879238, 28.2010717]}}, {"type": "Feature", "properties": {"type": "yes"}, "geometry": {"type": "Point", "coordinates": [83.9880968, 28.2012657]}}, {"type": "Feature", "properties": {"type": "yes"}, "geometry": {"type": "Point", "coordinates": [83.9884057, 28.2012701]}}, {"type": "Feature", "properties": {"type": "yes"}, "geometry": {"type": "Point", "coordinates": [83.9887202, 28.2017167]}}, {"type": "Feature", "properties": {"type": "yes"}, "geometry": {"type": "Point", "coordinates": [83.9879526, 28.2019255]}}, {"type": "Feature", "properties": {"type": "yes"}, "geometry": {"type": "Point", "coordinates": [83.988423, 28.201708]}}, {"type": "Feature", "properties": {"type": "yes"}, "geometry": {"type": "Point", "coordinates": [83.9885568, 28.2019155]}}, {"type": "Feature", "properties": {"type": "yes"}, "geometry": {"type": "Point", "coordinates": [83.9875782, 28.2015006]}}, {"type": "Feature", "properties": {"type": "yes"}, "geometry": {"type": "Point", "coordinates": [83.9878121, 28.2017117]}}, {"type": "Feature", "properties": {"type": "yes"}, "geometry": {"type": "Point", "coordinates": [83.9878011, 28.2012755]}}, {"type": "Feature", "properties": {"type": "yes"}, "geometry": {"type": "Point", "coordinates": [83.9887021, 28.2012727]}}, {"type": "Feature", "properties": {"type": "yes"}, "geometry": {"type": "Point", "coordinates": [83.9882279, 28.2010774]}}, {"type": "Feature", "properties": {"type": "yes"}, "geometry": {"type": "Point", "coordinates": [83.9882587, 28.2019211]}}, {"type": "Feature", "properties": {"type": "yes"}, "geometry": {"type": "Point", "coordinates": [83.9881131, 28.2017169]}}, {"type": "Feature", "properties": {"name": "Silver Oaks Inn", "type": "commercial"}, "geometry": {"type": "Point", "coordinates": [83.9599021, 28.2125733]}}, {"type": "Feature", "properties": {"type": "yes"}, "geometry": {"type": "Point", "coordinates": [83.9609869, 28.208085]}}, {"type": "Feature", "properties": {"name": "Hotel Guru, Pokhara", "type": "yes"}, "geometry": {"type": "Point", "coordinates": [83.9608767, 28.2101198]}}, {"type": "Feature", "properties": {"type": "yes"}, "geometry": {"type": "Point", "coordinates": [83.9683735, 28.2085765]}}, {"type": "Feature", "properties": {"name": "poudel niwas", "type": "yes"}, "geometry": {"type": "Point", "coordinates": [83.9677137, 28.2065583]}}, {"type": "Feature", "properties": {"name": "Nirma House", "type": "yes"}, "geometry": {"type": "Point", "coordinates": [83.9676992, 28.2060695]}}, {"type": "Feature", "properties": {"type": "yes"}, "geometry": {"type": "Point", "coordinates": [83.9614381, 28.206551]}}, {"type": "Feature", "properties": {"type": "yes"}, "geometry": {"type": "Point", "coordinates": [83.9663799, 28.2100098]}}, {"type": "Feature", "properties": {"name": "Telecommunication House", "type": "yes"}, "geometry": {"type": "Point", "coordinates": [83.9657494, 28.2113623]}}, {"type": "Feature", "properties": {"type": "yes"}, "geometry": {"type": "Point", "coordinates": [83.9495031, 28.1954786]}}, {"type": "Feature", "properties": {"type": "yes"}, "geometry": {"type": "Point", "coordinates": [83.9662141, 28.2077969]}}, {"type": "Feature", "properties": {"type": "yes"}, "geometry": {"type": "Point", "coordinates": [83.9678527, 28.2075001]}}, {"type": "Feature", "properties": {"type": "yes"}, "geometry": {"type": "Point", "coordinates": [83.9683355, 28.2071864]}}, {"type": "Feature", "properties": {"type": "yes"}, "geometry": {"type": "Point", "coordinates": [83.9681013, 28.2065963]}}, {"type": "Feature", "properties": {"type": "yes"}, "geometry": {"type": "Point", "coordinates": [83.9658359, 28.2072849]}}, {"type": "Feature", "properties": {"type": "yes"}, "geometry": {"type": "Point", "coordinates": [83.9659375, 28.2072448]}}, {"type": "Feature", "properties": {"type": "house"}, "geometry": {"type": "Point", "coordinates": [83.9661604, 28.2066006]}}, {"type": "Feature", "properties": {"type": "yes"}, "geometry": {"type": "Point", "coordinates": [83.9674242, 28.2067734]}}, {"type": "Feature", "properties": {"name": "Enlightenment Trekking", "type": "yes"}, "geometry": {"type": "Point", "coordinates": [83.967314, 28.2068502]}}, {"type": "Feature", "properties": {"type": "yes"}, "geometry": {"type": "Point", "coordinates": [83.967365, 28.2068159]}}, {"type": "Feature", "properties": {"type": "yes"}, "geometry": {"type": "Point", "coordinates": [83.9662506, 28.2072882]}}, {"type": "Feature", "properties": {"type": "yes"}, "geometry": {"type": "Point", "coordinates": [83.9662187, 28.207667]}}, {"type": "Feature", "properties": {"type": "yes"}, "geometry": {"type": "Point", "coordinates": [83.9660409, 28.2072036]}}, {"type": "Feature", "properties": {"name": "Khanal Niwas", "type": "yes"}, "geometry": {"type": "Point", "coordinates": [83.9611063, 28.2088108]}}, {"type": "Feature", "properties": {"type": "yes"}, "geometry": {"type": "Point", "coordinates": [83.9806238, 28.2109913]}}, {"type": "Feature", "properties": {"name": "Heelam Handmade craft shop", "type": "yes"}, "geometry": {"type": "Point", "coordinates": [83.9660591, 28.2083918]}}, {"type": "Feature", "properties": {"name": "Hamro Collection", "type": "yes"}, "geometry": {"type": "Point", "coordinates": [83.9631299, 28.2087767]}}, {"type": "Feature", "properties": {"type": "yes"}, "geometry": {"type": "Point", "coordinates": [83.9670576, 28.2074453]}}, {"type": "Feature", "properties": {"type": "yes"}, "geometry": {"type": "Point", "coordinates": [83.9679124, 28.2078986]}}, {"type": "Feature", "properties": {"name": "Gurung Auto Decor", "type": "yes"}, "geometry": {"type": "Point", "coordinates": [83.9869806, 28.2118006]}}, {"type": "Feature", "properties": {"name": "Y5 Restaurant", "type": "yes"}, "geometry": {"type": "Point", "coordinates": [83.9868035, 28.2120637]}}, {"type": "Feature", "properties": {"type": "yes"}, "geometry": {"type": "Point", "coordinates": [83.9888715, 28.2094619]}}, {"type": "Feature", "properties": {"type": "yes"}, "geometry": {"type": "Point", "coordinates": [83.9679933, 28.2086784]}}, {"type": "Feature", "properties": {"type": "yes"}, "geometry": {"type": "Point", "coordinates": [83.9675878, 28.2069858]}}, {"type": "Feature", "properties": {"type": "yes"}, "geometry": {"type": "Point", "coordinates": [83.9725805, 28.188541]}}, {"type": "Feature", "properties": {"type": "yes"}, "geometry": {"type": "Point", "coordinates": [83.9671507, 28.2077741]}}, {"type": "Feature", "properties": {"name": "Shree Bishownath Shiva Mandir", "type": "yes"}, "geometry": {"type": "Point", "coordinates": [83.9898582, 28.2171659]}}, {"type": "Feature", "properties": {"type": "yes"}, "geometry": {"type": "Point", "coordinates": [83.9862241, 28.2087582]}}, {"type": "Feature", "properties": {"type": "yes"}, "geometry": {"type": "Point", "coordinates": [83.9891376, 28.2016882]}}, {"type": "Feature", "properties": {"type": "yes"}, "geometry": {"type": "Point", "coordinates": [83.9875301, 28.2017195]}}, {"type": "Feature", "properties": {"type": "yes"}, "geometry": {"type": "Point", "coordinates": [83.9892209, 28.201865]}}, {"type": "Feature", "properties": {"type": "yes"}, "geometry": {"type": "Point", "coordinates": [83.9701347, 28.1890422]}}, {"type": "Feature", "properties": {"type": "yes"}, "geometry": {"type": "Point", "coordinates": [83.970644, 28.1891898]}}, {"type": "Feature", "properties": {"type": "yes"}, "geometry": {"type": "Point", "coordinates": [83.9711358, 28.1873835]}}, {"type": "Feature", "properties": {"type": "yes"}, "geometry": {"type": "Point", "coordinates": [83.9703932, 28.1878984]}}, {"type": "Feature", "properties": {"type": "yes"}, "geometry": {"type": "Point", "coordinates": [83.9708106, 28.1899831]}}, {"type": "Feature", "properties": {"type": "yes"}, "geometry": {"type": "Point", "coordinates": [83.9712746, 28.1879056]}}, {"type": "Feature", "properties": {"name": "Kids Valley Montessori", "type": "yes"}, "geometry": {"type": "Point", "coordinates": [83.9699997, 28.188421]}}, {"type": "Feature", "properties": {"type": "yes"}, "geometry": {"type": "Point", "coordinates": [83.9707155, 28.189378]}}, {"type": "Feature", "properties": {"type": "yes"}, "geometry": {"type": "Point", "coordinates": [83.9709206, 28.1898829]}}, {"type": "Feature", "properties": {"type": "yes"}, "geometry": {"type": "Point", "coordinates": [83.9700529, 28.1886713]}}, {"type": "Feature", "properties": {"type": "yes"}, "geometry": {"type": "Point", "coordinates": [83.9710253, 28.1891624]}}, {"type": "Feature", "properties": {"type": "yes"}, "geometry": {"type": "Point", "coordinates": [83.9713719, 28.1901888]}}, {"type": "Feature", "properties": {"type": "yes"}, "geometry": {"type": "Point", "coordinates": [83.9705883, 28.1883816]}}, {"type": "Feature", "properties": {"type": "yes"}, "geometry": {"type": "Point", "coordinates": [83.9708885, 28.1896798]}}, {"type": "Feature", "properties": {"type": "yes"}, "geometry": {"type": "Point", "coordinates": [83.9708783, 28.1888709]}}, {"type": "Feature", "properties": {"type": "yes"}, "geometry": {"type": "Point", "coordinates": [83.9710574, 28.1870901]}}, {"type": "Feature", "properties": {"type": "yes"}, "geometry": {"type": "Point", "coordinates": [83.9702211, 28.1881761]}}, {"type": "Feature", "properties": {"type": "yes"}, "geometry": {"type": "Point", "coordinates": [83.9704297, 28.1896928]}}, {"type": "Feature", "properties": {"type": "yes"}, "geometry": {"type": "Point", "coordinates": [83.9709142, 28.1876249]}}, {"type": "Feature", "properties": {"type": "yes"}, "geometry": {"type": "Point", "coordinates": [83.9706801, 28.18853]}}, {"type": "Feature", "properties": {"type": "yes"}, "geometry": {"type": "Point", "coordinates": [83.9706194, 28.1878799]}}, {"type": "Feature", "properties": {"type": "yes"}, "geometry": {"type": "Point", "coordinates": [83.9708047, 28.1897486]}}, {"type": "Feature", "properties": {"type": "yes"}, "geometry": {"type": "Point", "coordinates": [83.9710918, 28.1872562]}}, {"type": "Feature", "properties": {"type": "yes"}, "geometry": {"type": "Point", "coordinates": [83.9756872, 28.1917288]}}, {"type": "Feature", "properties": {"type": "yes"}, "geometry": {"type": "Point", "coordinates": [83.9753698, 28.1896943]}}, {"type": "Feature", "properties": {"type": "yes"}, "geometry": {"type": "Point", "coordinates": [83.9759117, 28.1916362]}}, {"type": "Feature", "properties": {"type": "yes"}, "geometry": {"type": "Point", "coordinates": [83.9761937, 28.1922543]}}, {"type": "Feature", "properties": {"type": "yes"}, "geometry": {"type": "Point", "coordinates": [83.9762231, 28.1911241]}}, {"type": "Feature", "properties": {"type": "yes"}, "geometry": {"type": "Point", "coordinates": [83.9756528, 28.1922816]}}, {"type": "Feature", "properties": {"type": "yes"}, "geometry": {"type": "Point", "coordinates": [83.9762883, 28.1921363]}}, {"type": "Feature", "properties": {"type": "yes"}, "geometry": {"type": "Point", "coordinates": [83.9756125, 28.1918241]}}, {"type": "Feature", "properties": {"type": "yes"}, "geometry": {"type": "Point", "coordinates": [83.9760536, 28.1912492]}}, {"type": "Feature", "properties": {"type": "yes"}, "geometry": {"type": "Point", "coordinates": [83.9752868, 28.1920511]}}, {"type": "Feature", "properties": {"type": "yes"}, "geometry": {"type": "Point", "coordinates": [83.9886131, 28.1995481]}}, {"type": "Feature", "properties": {"type": "yes"}, "geometry": {"type": "Point", "coordinates": [83.9895032, 28.1992528]}}, {"type": "Feature", "properties": {"type": "yes"}, "geometry": {"type": "Point", "coordinates": [83.9874236, 28.1994502]}}, {"type": "Feature", "properties": {"type": "yes"}, "geometry": {"type": "Point", "coordinates": [83.9880494, 28.2004266]}}, {"type": "Feature", "properties": {"type": "yes"}, "geometry": {"type": "Point", "coordinates": [83.986677, 28.1992683]}}, {"type": "Feature", "properties": {"type": "yes"}, "geometry": {"type": "Point", "coordinates": [83.9883957, 28.2002812]}}, {"type": "Feature", "properties": {"type": "yes"}, "geometry": {"type": "Point", "coordinates": [83.9871577, 28.1997446]}}, {"type": "Feature", "properties": {"type": "yes"}, "geometry": {"type": "Point", "coordinates": [83.9885101, 28.1993764]}}, {"type": "Feature", "properties": {"type": "yes"}, "geometry": {"type": "Point", "coordinates": [83.9889967, 28.2003883]}}, {"type": "Feature", "properties": {"type": "yes"}, "geometry": {"type": "Point", "coordinates": [83.9881753, 28.2005866]}}, {"type": "Feature", "properties": {"type": "yes"}, "geometry": {"type": "Point", "coordinates": [83.9887431, 28.2005106]}}, {"type": "Feature", "properties": {"type": "yes"}, "geometry": {"type": "Point", "coordinates": [83.9884257, 28.199352]}}, {"type": "Feature", "properties": {"type": "yes"}, "geometry": {"type": "Point", "coordinates": [83.9879395, 28.1996385]}}, {"type": "Feature", "properties": {"type": "yes"}, "geometry": {"type": "Point", "coordinates": [83.9897921, 28.1997867]}}, {"type": "Feature", "properties": {"type": "yes"}, "geometry": {"type": "Point", "coordinates": [83.9890061, 28.199595]}}, {"type": "Feature", "properties": {"type": "yes"}, "geometry": {"type": "Point", "coordinates": [83.9888067, 28.1996225]}}, {"type": "Feature", "properties": {"type": "yes"}, "geometry": {"type": "Point", "coordinates": [83.9883373, 28.1996691]}}, {"type": "Feature", "properties": {"type": "yes"}, "geometry": {"type": "Point", "coordinates": [83.9871703, 28.1994833]}}, {"type": "Feature", "properties": {"type": "yes"}, "geometry": {"type": "Point", "coordinates": [83.9881697, 28.1996741]}}, {"type": "Feature", "properties": {"type": "yes"}, "geometry": {"type": "Point", "coordinates": [83.9873166, 28.199574]}}, {"type": "Feature", "properties": {"type": "yes"}, "geometry": {"type": "Point", "coordinates": [83.9880452, 28.1994434]}}, {"type": "Feature", "properties": {"type": "yes"}, "geometry": {"type": "Point", "coordinates": [83.9897438, 28.1999839]}}, {"type": "Feature", "properties": {"type": "yes"}, "geometry": {"type": "Point", "coordinates": [83.9895384, 28.1997809]}}, {"type": "Feature", "properties": {"type": "yes"}, "geometry": {"type": "Point", "coordinates": [83.9873171, 28.1997386]}}, {"type": "Feature", "properties": {"type": "yes"}, "geometry": {"type": "Point", "coordinates": [83.9891417, 28.1996122]}}, {"type": "Feature", "properties": {"type": "yes"}, "geometry": {"type": "Point", "coordinates": [83.9875639, 28.1997164]}}, {"type": "Feature", "properties": {"type": "yes"}, "geometry": {"type": "Point", "coordinates": [83.988986, 28.199419]}}, {"type": "Feature", "properties": {"type": "yes"}, "geometry": {"type": "Point", "coordinates": [83.9861983, 28.2001226]}}, {"type": "Feature", "properties": {"type": "yes"}, "geometry": {"type": "Point", "coordinates": [83.9897203, 28.2003907]}}, {"type": "Feature", "properties": {"type": "yes"}, "geometry": {"type": "Point", "coordinates": [83.988511, 28.1996448]}}, {"type": "Feature", "properties": {"type": "yes"}, "geometry": {"type": "Point", "coordinates": [83.9859792, 28.1993394]}}, {"type": "Feature", "properties": {"type": "yes"}, "geometry": {"type": "Point", "coordinates": [83.9869863, 28.1992219]}}, {"type": "Feature", "properties": {"type": "yes"}, "geometry": {"type": "Point", "coordinates": [83.9873237, 28.1992154]}}, {"type": "Feature", "properties": {"type": "yes"}, "geometry": {"type": "Point", "coordinates": [83.9888397, 28.2000324]}}, {"type": "Feature", "properties": {"type": "yes"}, "geometry": {"type": "Point", "coordinates": [83.9889768, 28.2002533]}}, {"type": "Feature", "properties": {"type": "yes"}, "geometry": {"type": "Point", "coordinates": [83.9891588, 28.1994989]}}, {"type": "Feature", "properties": {"type": "yes"}, "geometry": {"type": "Point", "coordinates": [83.989288, 28.1994019]}}, {"type": "Feature", "properties": {"type": "yes"}, "geometry": {"type": "Point", "coordinates": [83.9899253, 28.199444]}}, {"type": "Feature", "properties": {"name": "Gorkha Home", "type": "yes"}, "geometry": {"type": "Point", "coordinates": [83.9894527, 28.2003945]}}, {"type": "Feature", "properties": {"type": "yes"}, "geometry": {"type": "Point", "coordinates": [83.9877433, 28.1997455]}}, {"type": "Feature", "properties": {"type": "yes"}, "geometry": {"type": "Point", "coordinates": [83.9880653, 28.1997364]}}, {"type": "Feature", "properties": {"type": "yes"}, "geometry": {"type": "Point", "coordinates": [83.9881612, 28.2003033]}}, {"type": "Feature", "properties": {"type": "yes"}, "geometry": {"type": "Point", "coordinates": [83.9902562, 28.1999637]}}, {"type": "Feature", "properties": {"type": "yes"}, "geometry": {"type": "Point", "coordinates": [83.9883487, 28.2005289]}}, {"type": "Feature", "properties": {"type": "yes"}, "geometry": {"type": "Point", "coordinates": [83.9887176, 28.199324]}}, {"type": "Feature", "properties": {"type": "yes"}, "geometry": {"type": "Point", "coordinates": [83.9885122, 28.2005264]}}, {"type": "Feature", "properties": {"type": "yes"}, "geometry": {"type": "Point", "coordinates": [83.9863305, 28.2005752]}}, {"type": "Feature", "properties": {"type": "yes"}, "geometry": {"type": "Point", "coordinates": [83.9862233, 28.1993088]}}, {"type": "Feature", "properties": {"type": "yes"}, "geometry": {"type": "Point", "coordinates": [83.9818169, 28.2058989]}}, {"type": "Feature", "properties": {"type": "yes"}, "geometry": {"type": "Point", "coordinates": [83.9815315, 28.2046229]}}, {"type": "Feature", "properties": {"type": "yes"}, "geometry": {"type": "Point", "coordinates": [83.9823395, 28.2056921]}}, {"type": "Feature", "properties": {"name": "rural house", "type": "residential"}, "geometry": {"type": "Point", "coordinates": [83.9898144, 28.1576449]}}, {"type": "Feature", "properties": {"name": "Farm house", "type": "residential"}, "geometry": {"type": "Point", "coordinates": [83.9886316, 28.1582645]}}, {"type": "Feature", "properties": {"type": "residential"}, "geometry": {"type": "Point", "coordinates": [83.989151, 28.157771]}}, {"type": "Feature", "properties": {"type": "residential"}, "geometry": {"type": "Point", "coordinates": [83.9892093, 28.1576904]}}, {"type": "Feature", "properties": {"type": "residential"}, "geometry": {"type": "Point", "coordinates": [83.9886442, 28.1576995]}}, {"type": "Feature", "properties": {"type": "residential"}, "geometry": {"type": "Point", "coordinates": [83.9888819, 28.1578461]}}, {"type": "Feature", "properties": {"type": "residential"}, "geometry": {"type": "Point", "coordinates": [83.989242, 28.1578145]}}, {"type": "Feature", "properties": {"type": "residential"}, "geometry": {"type": "Point", "coordinates": [83.9893001, 28.1577529]}}, {"type": "Feature", "properties": {"type": "residential"}, "geometry": {"type": "Point", "coordinates": [83.9893998, 28.1578763]}}, {"type": "Feature", "properties": {"type": "residential"}, "geometry": {"type": "Point", "coordinates": [83.9889887, 28.157789]}}, {"type": "Feature", "properties": {"type": "residential"}, "geometry": {"type": "Point", "coordinates": [83.9888799, 28.1568853]}}, {"type": "Feature", "properties": {"type": "residential"}, "geometry": {"type": "Point", "coordinates": [83.9890957, 28.1567981]}}, {"type": "Feature", "properties": {"type": "residential"}, "geometry": {"type": "Point", "coordinates": [83.9624616, 28.2122146]}}, {"type": "Feature", "properties": {"type": "residential"}, "geometry": {"type": "Point", "coordinates": [83.9888976, 28.156802]}}, {"type": "Feature", "properties": {"type": "residential"}, "geometry": {"type": "Point", "coordinates": [83.9884636, 28.1572619]}}, {"type": "Feature", "properties": {"type": "residential"}, "geometry": {"type": "Point", "coordinates": [83.9897866, 28.158263]}}, {"type": "Feature", "properties": {"type": "residential"}, "geometry": {"type": "Point", "coordinates": [83.989509, 28.1580892]}}, {"type": "Feature", "properties": {"type": "yes"}, "geometry": {"type": "Point", "coordinates": [83.9635548, 28.2077288]}}, {"type": "Feature", "properties": {"name": "Susan Cleary", "type": "yes"}, "geometry": {"type": "Point", "coordinates": [83.9636144, 28.2079369]}}, {"type": "Feature", "properties": {"type": "yes"}, "geometry": {"type": "Point", "coordinates": [83.9633238, 28.207961]}}, {"type": "Feature", "properties": {"type": "yes"}, "geometry": {"type": "Point", "coordinates": [83.9635697, 28.2078125]}}, {"type": "Feature", "properties": {"type": "yes"}, "geometry": {"type": "Point", "coordinates": [83.963196, 28.2078701]}}, {"type": "Feature", "properties": {"type": "yes"}, "geometry": {"type": "Point", "coordinates": [83.963154, 28.2077812]}}, {"type": "Feature", "properties": {"type": "yes"}, "geometry": {"type": "Point", "coordinates": [83.9630298, 28.2076621]}}, {"type": "Feature", "properties": {"type": "yes"}, "geometry": {"type": "Point", "coordinates": [83.9634913, 28.2075862]}}, {"type": "Feature", "properties": {"type": "yes"}, "geometry": {"type": "Point", "coordinates": [83.9633066, 28.2073495]}}, {"type": "Feature", "properties": {"type": "yes"}, "geometry": {"type": "Point", "coordinates": [83.9632471, 28.2070676]}}, {"type": "Feature", "properties": {"name": "Paradise Boutique Hotel", "type": "yes"}, "geometry": {"type": "Point", "coordinates": [83.963882, 28.2064351]}}, {"type": "Feature", "properties": {"type": "yes"}, "geometry": {"type": "Point", "coordinates": [83.9634367, 28.2062861]}}, {"type": "Feature", "properties": {"type": "apartments"}, "geometry": {"type": "Point", "coordinates": [83.963532, 28.2062389]}}, {"type": "Feature", "properties": {"type": "yes"}, "geometry": {"type": "Point", "coordinates": [83.9636437, 28.2062148]}}, {"type": "Feature", "properties": {"type": "yes"}, "geometry": {"type": "Point", "coordinates": [83.9638887, 28.2062193]}}, {"type": "Feature", "properties": {"type": "yes"}, "geometry": {"type": "Point", "coordinates": [83.9640506, 28.2061251]}}, {"type": "Feature", "properties": {"type": "yes"}, "geometry": {"type": "Point", "coordinates": [83.9637409, 28.2061816]}}, {"type": "Feature", "properties": {"type": "yes"}, "geometry": {"type": "Point", "coordinates": [83.9638466, 28.2059967]}}, {"type": "Feature", "properties": {"type": "yes"}, "geometry": {"type": "Point", "coordinates": [83.9637082, 28.2060548]}}, {"type": "Feature", "properties": {"type": "yes"}, "geometry": {"type": "Point", "coordinates": [83.9639775, 28.2060176]}}, {"type": "Feature", "properties": {"type": "yes"}, "geometry": {"type": "Point", "coordinates": [83.9641702, 28.2060708]}}, {"type": "Feature", "properties": {"type": "yes"}, "geometry": {"type": "Point", "coordinates": [83.9641175, 28.2059932]}}, {"type": "Feature", "properties": {"type": "yes"}, "geometry": {"type": "Point", "coordinates": [83.9640792, 28.2059157]}}, {"type": "Feature", "properties": {"type": "yes"}, "geometry": {"type": "Point", "coordinates": [83.9643368, 28.2060057]}}, {"type": "Feature", "properties": {"type": "yes"}, "geometry": {"type": "Point", "coordinates": [83.9642407, 28.2060303]}}, {"type": "Feature", "properties": {"type": "yes"}, "geometry": {"type": "Point", "coordinates": [83.9642643, 28.2053216]}}, {"type": "Feature", "properties": {"name": "Incredible Tours and Travels", "type": "yes"}, "geometry": {"type": "Point", "coordinates": [83.9631993, 28.2065121]}}, {"type": "Feature", "properties": {"name": "Pleasant Home", "type": "yes"}, "geometry": {"type": "Point", "coordinates": [83.9633508, 28.206446]}}, {"type": "Feature", "properties": {"type": "yes"}, "geometry": {"type": "Point", "coordinates": [83.9637029, 28.2067502]}}, {"type": "Feature", "properties": {"type": "yes"}, "geometry": {"type": "Point", "coordinates": [83.9642904, 28.206841]}}, {"type": "Feature", "properties": {"type": "yes"}, "geometry": {"type": "Point", "coordinates": [83.9634487, 28.2070326]}}, {"type": "Feature", "properties": {"type": "yes"}, "geometry": {"type": "Point", "coordinates": [83.9638048, 28.2075589]}}, {"type": "Feature", "properties": {"type": "yes"}, "geometry": {"type": "Point", "coordinates": [83.9640519, 28.2074452]}}, {"type": "Feature", "properties": {"type": "yes"}, "geometry": {"type": "Point", "coordinates": [83.9641453, 28.2075967]}}, {"type": "Feature", "properties": {"type": "yes"}, "geometry": {"type": "Point", "coordinates": [83.9643101, 28.2079639]}}, {"type": "Feature", "properties": {"type": "yes"}, "geometry": {"type": "Point", "coordinates": [83.9646192, 28.2074038]}}, {"type": "Feature", "properties": {"type": "yes"}, "geometry": {"type": "Point", "coordinates": [83.9644773, 28.2077345]}}, {"type": "Feature", "properties": {"type": "yes"}, "geometry": {"type": "Point", "coordinates": [83.9632217, 28.2085356]}}, {"type": "Feature", "properties": {"type": "yes"}, "geometry": {"type": "Point", "coordinates": [83.9633482, 28.2087924]}}, {"type": "Feature", "properties": {"type": "yes"}, "geometry": {"type": "Point", "coordinates": [83.9627667, 28.2087618]}}, {"type": "Feature", "properties": {"type": "yes"}, "geometry": {"type": "Point", "coordinates": [83.962373, 28.2090733]}}, {"type": "Feature", "properties": {"type": "yes"}, "geometry": {"type": "Point", "coordinates": [83.9650454, 28.2076218]}}, {"type": "Feature", "properties": {"type": "yes"}, "geometry": {"type": "Point", "coordinates": [83.9654408, 28.2076733]}}, {"type": "Feature", "properties": {"type": "yes"}, "geometry": {"type": "Point", "coordinates": [83.9653072, 28.2082385]}}, {"type": "Feature", "properties": {"type": "yes"}, "geometry": {"type": "Point", "coordinates": [83.9652699, 28.2081857]}}, {"type": "Feature", "properties": {"type": "yes"}, "geometry": {"type": "Point", "coordinates": [83.9675538, 28.2083386]}}, {"type": "Feature", "properties": {"name": "Barahi Futsal Arena", "type": "yes"}, "geometry": {"type": "Point", "coordinates": [83.9829804, 28.2190258]}}, {"type": "Feature", "properties": {"type": "yes"}, "geometry": {"type": "Point", "coordinates": [83.9826858, 28.2187428]}}, {"type": "Feature", "properties": {"type": "yes"}, "geometry": {"type": "Point", "coordinates": [83.9826492, 28.2188278]}}, {"type": "Feature", "properties": {"type": "yes"}, "geometry": {"type": "Point", "coordinates": [83.9826459, 28.2186292]}}, {"type": "Feature", "properties": {"type": "yes"}, "geometry": {"type": "Point", "coordinates": [83.9593049, 28.2076012]}}, {"type": "Feature", "properties": {"type": "yes"}, "geometry": {"type": "Point", "coordinates": [83.9579689, 28.2070285]}}, {"type": "Feature", "properties": {"type": "yes"}, "geometry": {"type": "Point", "coordinates": [83.9580754, 28.2074655]}}, {"type": "Feature", "properties": {"type": "yes"}, "geometry": {"type": "Point", "coordinates": [83.9583178, 28.2071225]}}, {"type": "Feature", "properties": {"type": "yes"}, "geometry": {"type": "Point", "coordinates": [83.9621495, 28.2073419]}}, {"type": "Feature", "properties": {"type": "yes"}, "geometry": {"type": "Point", "coordinates": [83.9621733, 28.2072506]}}, {"type": "Feature", "properties": {"type": "yes"}, "geometry": {"type": "Point", "coordinates": [83.9621249, 28.2071724]}}, {"type": "Feature", "properties": {"type": "yes"}, "geometry": {"type": "Point", "coordinates": [83.9619009, 28.2072688]}}, {"type": "Feature", "properties": {"type": "yes"}, "geometry": {"type": "Point", "coordinates": [83.9620114, 28.2072014]}}, {"type": "Feature", "properties": {"type": "yes"}, "geometry": {"type": "Point", "coordinates": [83.9626412, 28.2074976]}}, {"type": "Feature", "properties": {"type": "yes"}, "geometry": {"type": "Point", "coordinates": [83.9628739, 28.2072483]}}, {"type": "Feature", "properties": {"type": "yes"}, "geometry": {"type": "Point", "coordinates": [83.9618038, 28.2060802]}}, {"type": "Feature", "properties": {"type": "yes"}, "geometry": {"type": "Point", "coordinates": [83.9772071, 28.2011543]}}, {"type": "Feature", "properties": {"type": "yes"}, "geometry": {"type": "Point", "coordinates": [83.975396, 28.1998879]}}, {"type": "Feature", "properties": {"type": "yes"}, "geometry": {"type": "Point", "coordinates": [83.9826179, 28.218424]}}, {"type": "Feature", "properties": {"type": "yes"}, "geometry": {"type": "Point", "coordinates": [83.9583681, 28.216903]}}, {"type": "Feature", "properties": {"type": "yes"}, "geometry": {"type": "Point", "coordinates": [83.9580945, 28.2167538]}}, {"type": "Feature", "properties": {"name": "Guesthouse", "type": "commercial"}, "geometry": {"type": "Point", "coordinates": [83.9605097, 28.2068387]}}, {"type": "Feature", "properties": {"name": "Lotus Inn", "type": "commercial"}, "geometry": {"type": "Point", "coordinates": [83.9608463, 28.2067296]}}, {"type": "Feature", "properties": {"type": "yes"}, "geometry": {"type": "Point", "coordinates": [83.9602435, 28.2068489]}}, {"type": "Feature", "properties": {"name": "Hotel Raniban Arcade", "type": "yes"}, "geometry": {"type": "Point", "coordinates": [83.9605848, 28.2061401]}}, {"type": "Feature", "properties": {"type": "yes"}, "geometry": {"type": "Point", "coordinates": [83.9625253, 28.2074292]}}, {"type": "Feature", "properties": {"type": "yes"}, "geometry": {"type": "Point", "coordinates": [83.9623653, 28.2074859]}}, {"type": "Feature", "properties": {"type": "yes"}, "geometry": {"type": "Point", "coordinates": [83.9624717, 28.2071835]}}, {"type": "Feature", "properties": {"type": "yes"}, "geometry": {"type": "Point", "coordinates": [83.9619514, 28.2069263]}}, {"type": "Feature", "properties": {"type": "yes"}, "geometry": {"type": "Point", "coordinates": [83.9617994, 28.2070678]}}, {"type": "Feature", "properties": {"type": "yes"}, "geometry": {"type": "Point", "coordinates": [83.9622676, 28.2067912]}}, {"type": "Feature", "properties": {"type": "yes"}, "geometry": {"type": "Point", "coordinates": [83.9622245, 28.2066854]}}, {"type": "Feature", "properties": {"type": "yes"}, "geometry": {"type": "Point", "coordinates": [83.961979, 28.2065667]}}, {"type": "Feature", "properties": {"type": "yes"}, "geometry": {"type": "Point", "coordinates": [83.961172, 28.2065561]}}, {"type": "Feature", "properties": {"type": "yes"}, "geometry": {"type": "Point", "coordinates": [83.9609813, 28.2068183]}}, {"type": "Feature", "properties": {"type": "commercial"}, "geometry": {"type": "Point", "coordinates": [83.9604677, 28.207368]}}, {"type": "Feature", "properties": {"type": "commercial"}, "geometry": {"type": "Point", "coordinates": [83.9610479, 28.2071561]}}, {"type": "Feature", "properties": {"type": "yes"}, "geometry": {"type": "Point", "coordinates": [83.9606725, 28.2071491]}}, {"type": "Feature", "properties": {"type": "yes"}, "geometry": {"type": "Point", "coordinates": [83.9600937, 28.2066533]}}, {"type": "Feature", "properties": {"type": "yes"}, "geometry": {"type": "Point", "coordinates": [83.9594796, 28.2073105]}}, {"type": "Feature", "properties": {"type": "yes"}, "geometry": {"type": "Point", "coordinates": [83.9853831, 28.182352]}}, {"type": "Feature", "properties": {"type": "yes"}, "geometry": {"type": "Point", "coordinates": [83.9858743, 28.1824296]}}, {"type": "Feature", "properties": {"type": "yes"}, "geometry": {"type": "Point", "coordinates": [83.9863142, 28.182167]}}, {"type": "Feature", "properties": {"type": "yes"}, "geometry": {"type": "Point", "coordinates": [83.9870357, 28.181866]}}, {"type": "Feature", "properties": {"type": "yes"}, "geometry": {"type": "Point", "coordinates": [83.9871561, 28.1816993]}}, {"type": "Feature", "properties": {"type": "yes"}, "geometry": {"type": "Point", "coordinates": [83.9863166, 28.1815094]}}, {"type": "Feature", "properties": {"type": "yes"}, "geometry": {"type": "Point", "coordinates": [83.974461, 28.1951971]}}, {"type": "Feature", "properties": {"type": "yes"}, "geometry": {"type": "Point", "coordinates": [83.9742492, 28.1952694]}}, {"type": "Feature", "properties": {"type": "yes"}, "geometry": {"type": "Point", "coordinates": [83.9743973, 28.1953545]}}, {"type": "Feature", "properties": {"type": "yes"}, "geometry": {"type": "Point", "coordinates": [83.9742877, 28.1954599]}}, {"type": "Feature", "properties": {"type": "yes"}, "geometry": {"type": "Point", "coordinates": [83.9747327, 28.1957629]}}, {"type": "Feature", "properties": {"type": "yes"}, "geometry": {"type": "Point", "coordinates": [83.974398, 28.1955296]}}, {"type": "Feature", "properties": {"type": "yes"}, "geometry": {"type": "Point", "coordinates": [83.9743356, 28.1956262]}}, {"type": "Feature", "properties": {"type": "yes"}, "geometry": {"type": "Point", "coordinates": [83.9750535, 28.196399]}}, {"type": "Feature", "properties": {"type": "yes"}, "geometry": {"type": "Point", "coordinates": [83.975353, 28.1961805]}}, {"type": "Feature", "properties": {"type": "yes"}, "geometry": {"type": "Point", "coordinates": [83.9751758, 28.196095]}}, {"type": "Feature", "properties": {"type": "yes"}, "geometry": {"type": "Point", "coordinates": [83.9747086, 28.1960575]}}, {"type": "Feature", "properties": {"type": "yes"}, "geometry": {"type": "Point", "coordinates": [83.9748365, 28.1961534]}}, {"type": "Feature", "properties": {"type": "yes"}, "geometry": {"type": "Point", "coordinates": [83.9752537, 28.1962569]}}, {"type": "Feature", "properties": {"type": "yes"}, "geometry": {"type": "Point", "coordinates": [83.9754788, 28.1960629]}}, {"type": "Feature", "properties": {"type": "yes"}, "geometry": {"type": "Point", "coordinates": [83.9748492, 28.1958116]}}, {"type": "Feature", "properties": {"type": "yes"}, "geometry": {"type": "Point", "coordinates": [83.9749372, 28.1963482]}}, {"type": "Feature", "properties": {"type": "yes"}, "geometry": {"type": "Point", "coordinates": [83.9756962, 28.1956488]}}, {"type": "Feature", "properties": {"type": "yes"}, "geometry": {"type": "Point", "coordinates": [83.9756675, 28.1952374]}}, {"type": "Feature", "properties": {"type": "yes"}, "geometry": {"type": "Point", "coordinates": [83.9757138, 28.1952911]}}, {"type": "Feature", "properties": {"type": "yes"}, "geometry": {"type": "Point", "coordinates": [83.9757607, 28.1953373]}}, {"type": "Feature", "properties": {"type": "yes"}, "geometry": {"type": "Point", "coordinates": [83.9758083, 28.1953875]}}, {"type": "Feature", "properties": {"type": "yes"}, "geometry": {"type": "Point", "coordinates": [83.9757889, 28.1951382]}}, {"type": "Feature", "properties": {"type": "yes"}, "geometry": {"type": "Point", "coordinates": [83.9758392, 28.1951931]}}, {"type": "Feature", "properties": {"type": "yes"}, "geometry": {"type": "Point", "coordinates": [83.9758881, 28.1952408]}}, {"type": "Feature", "properties": {"type": "yes"}, "geometry": {"type": "Point", "coordinates": [83.9759357, 28.1952865]}}, {"type": "Feature", "properties": {"type": "yes"}, "geometry": {"type": "Point", "coordinates": [83.9759909, 28.1953418]}}, {"type": "Feature", "properties": {"type": "yes"}, "geometry": {"type": "Point", "coordinates": [83.9754491, 28.1953791]}}, {"type": "Feature", "properties": {"type": "yes"}, "geometry": {"type": "Point", "coordinates": [83.9748575, 28.1959455]}}, {"type": "Feature", "properties": {"type": "yes"}, "geometry": {"type": "Point", "coordinates": [83.976264, 28.1981796]}}, {"type": "Feature", "properties": {"type": "yes"}, "geometry": {"type": "Point", "coordinates": [83.975995, 28.1978364]}}, {"type": "Feature", "properties": {"type": "yes"}, "geometry": {"type": "Point", "coordinates": [83.9757822, 28.1975835]}}, {"type": "Feature", "properties": {"type": "yes"}, "geometry": {"type": "Point", "coordinates": [83.9744934, 28.1954338]}}, {"type": "Feature", "properties": {"type": "yes"}, "geometry": {"type": "Point", "coordinates": [83.9745753, 28.1954982]}}, {"type": "Feature", "properties": {"type": "yes"}, "geometry": {"type": "Point", "coordinates": [83.9744494, 28.1956257]}}, {"type": "Feature", "properties": {"type": "yes"}, "geometry": {"type": "Point", "coordinates": [83.9746776, 28.1955478]}}, {"type": "Feature", "properties": {"type": "yes"}, "geometry": {"type": "Point", "coordinates": [83.9745128, 28.1956902]}}, {"type": "Feature", "properties": {"type": "yes"}, "geometry": {"type": "Point", "coordinates": [83.9748424, 28.1962716]}}, {"type": "Feature", "properties": {"type": "yes"}, "geometry": {"type": "Point", "coordinates": [83.9746627, 28.1959734]}}, {"type": "Feature", "properties": {"type": "yes"}, "geometry": {"type": "Point", "coordinates": [83.9750075, 28.1958082]}}, {"type": "Feature", "properties": {"type": "yes"}, "geometry": {"type": "Point", "coordinates": [83.9748035, 28.195377]}}, {"type": "Feature", "properties": {"type": "yes"}, "geometry": {"type": "Point", "coordinates": [83.9748187, 28.1952189]}}, {"type": "Feature", "properties": {"type": "yes"}, "geometry": {"type": "Point", "coordinates": [83.975038, 28.1953387]}}, {"type": "Feature", "properties": {"type": "yes"}, "geometry": {"type": "Point", "coordinates": [83.9745703, 28.1951135]}}, {"type": "Feature", "properties": {"type": "yes"}, "geometry": {"type": "Point", "coordinates": [83.9745889, 28.1950072]}}, {"type": "Feature", "properties": {"type": "yes"}, "geometry": {"type": "Point", "coordinates": [83.9749353, 28.195139]}}, {"type": "Feature", "properties": {"type": "yes"}, "geometry": {"type": "Point", "coordinates": [83.9828998, 28.2071846]}}, {"type": "Feature", "properties": {"type": "yes"}, "geometry": {"type": "Point", "coordinates": [83.9840595, 28.207239]}}, {"type": "Feature", "properties": {"type": "yes"}, "geometry": {"type": "Point", "coordinates": [83.9848252, 28.2065179]}}, {"type": "Feature", "properties": {"type": "yes"}, "geometry": {"type": "Point", "coordinates": [83.9812175, 28.2100636]}}, {"type": "Feature", "properties": {"type": "yes"}, "geometry": {"type": "Point", "coordinates": [83.9835024, 28.2100624]}}, {"type": "Feature", "properties": {"type": "yes"}, "geometry": {"type": "Point", "coordinates": [83.9815797, 28.2100698]}}, {"type": "Feature", "properties": {"type": "yes"}, "geometry": {"type": "Point", "coordinates": [83.983474, 28.2070103]}}, {"type": "Feature", "properties": {"type": "yes"}, "geometry": {"type": "Point", "coordinates": [83.9833887, 28.2068697]}}, {"type": "Feature", "properties": {"type": "yes"}, "geometry": {"type": "Point", "coordinates": [83.9889589, 28.206679]}}, {"type": "Feature", "properties": {"type": "yes"}, "geometry": {"type": "Point", "coordinates": [83.987856, 28.2059168]}}, {"type": "Feature", "properties": {"type": "residential"}, "geometry": {"type": "Point", "coordinates": [83.9879675, 28.205946]}}, {"type": "Feature", "properties": {"type": "yes"}, "geometry": {"type": "Point", "coordinates": [83.9867793, 28.2048761]}}, {"type": "Feature", "properties": {"type": "yes"}, "geometry": {"type": "Point", "coordinates": [83.9765757, 28.1984996]}}, {"type": "Feature", "properties": {"type": "yes"}, "geometry": {"type": "Point", "coordinates": [83.9746691, 28.1980202]}}, {"type": "Feature", "properties": {"type": "yes"}, "geometry": {"type": "Point", "coordinates": [83.9748465, 28.1980152]}}, {"type": "Feature", "properties": {"type": "yes"}, "geometry": {"type": "Point", "coordinates": [83.9753844, 28.1981513]}}, {"type": "Feature", "properties": {"type": "yes"}, "geometry": {"type": "Point", "coordinates": [83.9753685, 28.1983436]}}, {"type": "Feature", "properties": {"type": "yes"}, "geometry": {"type": "Point", "coordinates": [83.9752836, 28.1984173]}}, {"type": "Feature", "properties": {"type": "yes"}, "geometry": {"type": "Point", "coordinates": [83.9752221, 28.1984509]}}, {"type": "Feature", "properties": {"type": "yes"}, "geometry": {"type": "Point", "coordinates": [83.9751883, 28.1984791]}}, {"type": "Feature", "properties": {"type": "yes"}, "geometry": {"type": "Point", "coordinates": [83.9751319, 28.198512]}}, {"type": "Feature", "properties": {"type": "yes"}, "geometry": {"type": "Point", "coordinates": [83.9750836, 28.1985467]}}, {"type": "Feature", "properties": {"type": "yes"}, "geometry": {"type": "Point", "coordinates": [83.9749624, 28.1986284]}}, {"type": "Feature", "properties": {"type": "yes"}, "geometry": {"type": "Point", "coordinates": [83.9746143, 28.19881]}}, {"type": "Feature", "properties": {"type": "yes"}, "geometry": {"type": "Point", "coordinates": [83.9744367, 28.1985643]}}, {"type": "Feature", "properties": {"type": "yes"}, "geometry": {"type": "Point", "coordinates": [83.9741188, 28.1984154]}}, {"type": "Feature", "properties": {"type": "yes"}, "geometry": {"type": "Point", "coordinates": [83.9745174, 28.1983448]}}, {"type": "Feature", "properties": {"type": "yes"}, "geometry": {"type": "Point", "coordinates": [83.9750582, 28.1979518]}}, {"type": "Feature", "properties": {"type": "yes"}, "geometry": {"type": "Point", "coordinates": [83.9750401, 28.1980533]}}, {"type": "Feature", "properties": {"type": "yes"}, "geometry": {"type": "Point", "coordinates": [83.9751983, 28.1981869]}}, {"type": "Feature", "properties": {"type": "yes"}, "geometry": {"type": "Point", "coordinates": [83.9750007, 28.1978915]}}, {"type": "Feature", "properties": {"type": "yes"}, "geometry": {"type": "Point", "coordinates": [83.9751258, 28.197764]}}, {"type": "Feature", "properties": {"type": "yes"}, "geometry": {"type": "Point", "coordinates": [83.9761333, 28.1987934]}}, {"type": "Feature", "properties": {"type": "yes"}, "geometry": {"type": "Point", "coordinates": [83.9756503, 28.1986553]}}, {"type": "Feature", "properties": {"type": "yes"}, "geometry": {"type": "Point", "coordinates": [83.9754736, 28.1987859]}}, {"type": "Feature", "properties": {"type": "yes"}, "geometry": {"type": "Point", "coordinates": [83.9752666, 28.1987649]}}, {"type": "Feature", "properties": {"type": "yes"}, "geometry": {"type": "Point", "coordinates": [83.9752271, 28.1990816]}}, {"type": "Feature", "properties": {"name": "sameer ko ghar", "type": "yes"}, "geometry": {"type": "Point", "coordinates": [83.9753362, 28.1991718]}}, {"type": "Feature", "properties": {"type": "yes"}, "geometry": {"type": "Point", "coordinates": [83.9755177, 28.1990435]}}, {"type": "Feature", "properties": {"type": "yes"}, "geometry": {"type": "Point", "coordinates": [83.9755908, 28.1991419]}}, {"type": "Feature", "properties": {"type": "yes"}, "geometry": {"type": "Point", "coordinates": [83.9753454, 28.1992937]}}, {"type": "Feature", "properties": {"type": "yes"}, "geometry": {"type": "Point", "coordinates": [83.975446, 28.1992528]}}, {"type": "Feature", "properties": {"type": "yes"}, "geometry": {"type": "Point", "coordinates": [83.9751157, 28.1993185]}}, {"type": "Feature", "properties": {"type": "yes"}, "geometry": {"type": "Point", "coordinates": [83.9751392, 28.1993886]}}, {"type": "Feature", "properties": {"type": "yes"}, "geometry": {"type": "Point", "coordinates": [83.9747424, 28.1991114]}}, {"type": "Feature", "properties": {"type": "yes"}, "geometry": {"type": "Point", "coordinates": [83.9749207, 28.1990119]}}, {"type": "Feature", "properties": {"type": "yes"}, "geometry": {"type": "Point", "coordinates": [83.9741838, 28.1993669]}}, {"type": "Feature", "properties": {"type": "yes"}, "geometry": {"type": "Point", "coordinates": [83.9746152, 28.1992275]}}, {"type": "Feature", "properties": {"type": "yes"}, "geometry": {"type": "Point", "coordinates": [83.9743711, 28.19956]}}, {"type": "Feature", "properties": {"type": "yes"}, "geometry": {"type": "Point", "coordinates": [83.9745629, 28.1996078]}}, {"type": "Feature", "properties": {"type": "yes"}, "geometry": {"type": "Point", "coordinates": [83.9744242, 28.1992583]}}, {"type": "Feature", "properties": {"type": "yes"}, "geometry": {"type": "Point", "coordinates": [83.9747148, 28.1993339]}}, {"type": "Feature", "properties": {"type": "yes"}, "geometry": {"type": "Point", "coordinates": [83.9748241, 28.1992576]}}, {"type": "Feature", "properties": {"type": "yes"}, "geometry": {"type": "Point", "coordinates": [83.9748184, 28.1994246]}}, {"type": "Feature", "properties": {"type": "yes"}, "geometry": {"type": "Point", "coordinates": [83.9770865, 28.1989384]}}, {"type": "Feature", "properties": {"type": "yes"}, "geometry": {"type": "Point", "coordinates": [83.9772865, 28.198949]}}, {"type": "Feature", "properties": {"type": "yes"}, "geometry": {"type": "Point", "coordinates": [83.9785099, 28.1999542]}}, {"type": "Feature", "properties": {"type": "yes"}, "geometry": {"type": "Point", "coordinates": [83.984384, 28.1931573]}}, {"type": "Feature", "properties": {"type": "yes"}, "geometry": {"type": "Point", "coordinates": [83.9867739, 28.194064]}}, {"type": "Feature", "properties": {"type": "yes"}, "geometry": {"type": "Point", "coordinates": [83.9863562, 28.1941531]}}, {"type": "Feature", "properties": {"type": "yes"}, "geometry": {"type": "Point", "coordinates": [83.9861926, 28.194212]}}, {"type": "Feature", "properties": {"type": "yes"}, "geometry": {"type": "Point", "coordinates": [83.9869341, 28.1936509]}}, {"type": "Feature", "properties": {"type": "yes"}, "geometry": {"type": "Point", "coordinates": [83.9870633, 28.1936149]}}, {"type": "Feature", "properties": {"type": "yes"}, "geometry": {"type": "Point", "coordinates": [83.987056, 28.1934413]}}, {"type": "Feature", "properties": {"type": "yes"}, "geometry": {"type": "Point", "coordinates": [83.987216, 28.1934479]}}, {"type": "Feature", "properties": {"type": "yes"}, "geometry": {"type": "Point", "coordinates": [83.9871485, 28.1932949]}}, {"type": "Feature", "properties": {"type": "yes"}, "geometry": {"type": "Point", "coordinates": [83.9856666, 28.1938288]}}, {"type": "Feature", "properties": {"type": "yes"}, "geometry": {"type": "Point", "coordinates": [83.9856822, 28.1936512]}}, {"type": "Feature", "properties": {"type": "yes"}, "geometry": {"type": "Point", "coordinates": [83.9857391, 28.1936257]}}, {"type": "Feature", "properties": {"type": "yes"}, "geometry": {"type": "Point", "coordinates": [83.9858026, 28.1933904]}}, {"type": "Feature", "properties": {"type": "yes"}, "geometry": {"type": "Point", "coordinates": [83.9858738, 28.1933614]}}, {"type": "Feature", "properties": {"type": "yes"}, "geometry": {"type": "Point", "coordinates": [83.9855777, 28.1932483]}}, {"type": "Feature", "properties": {"type": "yes"}, "geometry": {"type": "Point", "coordinates": [83.9854446, 28.1933865]}}, {"type": "Feature", "properties": {"type": "yes"}, "geometry": {"type": "Point", "coordinates": [83.9862312, 28.1935839]}}, {"type": "Feature", "properties": {"type": "yes"}, "geometry": {"type": "Point", "coordinates": [83.9864288, 28.1935102]}}, {"type": "Feature", "properties": {"type": "yes"}, "geometry": {"type": "Point", "coordinates": [83.9865031, 28.1934809]}}, {"type": "Feature", "properties": {"type": "yes"}, "geometry": {"type": "Point", "coordinates": [83.9858241, 28.1937426]}}, {"type": "Feature", "properties": {"type": "yes"}, "geometry": {"type": "Point", "coordinates": [83.9867239, 28.1930706]}}, {"type": "Feature", "properties": {"type": "yes"}, "geometry": {"type": "Point", "coordinates": [83.9867998, 28.1933782]}}, {"type": "Feature", "properties": {"type": "yes"}, "geometry": {"type": "Point", "coordinates": [83.9868575, 28.1932348]}}, {"type": "Feature", "properties": {"type": "yes"}, "geometry": {"type": "Point", "coordinates": [83.9869803, 28.1930691]}}, {"type": "Feature", "properties": {"type": "yes"}, "geometry": {"type": "Point", "coordinates": [83.9870541, 28.1924293]}}, {"type": "Feature", "properties": {"type": "yes"}, "geometry": {"type": "Point", "coordinates": [83.9865867, 28.1919649]}}, {"type": "Feature", "properties": {"type": "yes"}, "geometry": {"type": "Point", "coordinates": [83.9866325, 28.1919181]}}, {"type": "Feature", "properties": {"type": "yes"}, "geometry": {"type": "Point", "coordinates": [83.9867637, 28.1918838]}}, {"type": "Feature", "properties": {"type": "yes"}, "geometry": {"type": "Point", "coordinates": [83.9866827, 28.1917677]}}, {"type": "Feature", "properties": {"type": "yes"}, "geometry": {"type": "Point", "coordinates": [83.9867619, 28.1917621]}}, {"type": "Feature", "properties": {"type": "yes"}, "geometry": {"type": "Point", "coordinates": [83.9871404, 28.1916324]}}, {"type": "Feature", "properties": {"type": "yes"}, "geometry": {"type": "Point", "coordinates": [83.9865604, 28.1916011]}}, {"type": "Feature", "properties": {"type": "yes"}, "geometry": {"type": "Point", "coordinates": [83.9868431, 28.1918213]}}, {"type": "Feature", "properties": {"type": "yes"}, "geometry": {"type": "Point", "coordinates": [83.9869485, 28.1916761]}}, {"type": "Feature", "properties": {"type": "yes"}, "geometry": {"type": "Point", "coordinates": [83.987224, 28.1915223]}}, {"type": "Feature", "properties": {"type": "yes"}, "geometry": {"type": "Point", "coordinates": [83.9870633, 28.1913897]}}, {"type": "Feature", "properties": {"type": "yes"}, "geometry": {"type": "Point", "coordinates": [83.9868661, 28.1914051]}}, {"type": "Feature", "properties": {"type": "yes"}, "geometry": {"type": "Point", "coordinates": [83.9873535, 28.1913233]}}, {"type": "Feature", "properties": {"type": "yes"}, "geometry": {"type": "Point", "coordinates": [83.9871368, 28.1911682]}}, {"type": "Feature", "properties": {"type": "yes"}, "geometry": {"type": "Point", "coordinates": [83.9874351, 28.1909062]}}, {"type": "Feature", "properties": {"type": "yes"}, "geometry": {"type": "Point", "coordinates": [83.9873366, 28.1908333]}}, {"type": "Feature", "properties": {"type": "yes"}, "geometry": {"type": "Point", "coordinates": [83.9874453, 28.1913025]}}, {"type": "Feature", "properties": {"type": "yes"}, "geometry": {"type": "Point", "coordinates": [83.9873136, 28.1910762]}}, {"type": "Feature", "properties": {"type": "yes"}, "geometry": {"type": "Point", "coordinates": [83.9873985, 28.1911941]}}, {"type": "Feature", "properties": {"type": "yes"}, "geometry": {"type": "Point", "coordinates": [83.9874333, 28.1931922]}}, {"type": "Feature", "properties": {"type": "yes"}, "geometry": {"type": "Point", "coordinates": [83.9876555, 28.1934403]}}, {"type": "Feature", "properties": {"type": "yes"}, "geometry": {"type": "Point", "coordinates": [83.9876254, 28.1937249]}}, {"type": "Feature", "properties": {"type": "yes"}, "geometry": {"type": "Point", "coordinates": [83.9876043, 28.1936277]}}, {"type": "Feature", "properties": {"type": "yes"}, "geometry": {"type": "Point", "coordinates": [83.9877488, 28.1936811]}}, {"type": "Feature", "properties": {"type": "yes"}, "geometry": {"type": "Point", "coordinates": [83.9885601, 28.1932149]}}, {"type": "Feature", "properties": {"type": "yes"}, "geometry": {"type": "Point", "coordinates": [83.9884852, 28.1929065]}}, {"type": "Feature", "properties": {"name": "Independent Living Society Nepal", "type": "yes"}, "geometry": {"type": "Point", "coordinates": [83.9898707, 28.1934225]}}, {"type": "Feature", "properties": {"name": "Admin Block", "type": "yes"}, "geometry": {"type": "Point", "coordinates": [83.9891405, 28.1933652]}}, {"type": "Feature", "properties": {"type": "yes"}, "geometry": {"type": "Point", "coordinates": [83.9891018, 28.1937891]}}, {"type": "Feature", "properties": {"type": "yes"}, "geometry": {"type": "Point", "coordinates": [83.9893767, 28.1937294]}}, {"type": "Feature", "properties": {"name": "The Ark Cafe", "type": "yes"}, "geometry": {"type": "Point", "coordinates": [83.9898269, 28.1937815]}}, {"type": "Feature", "properties": {"type": "yes"}, "geometry": {"type": "Point", "coordinates": [83.9893726, 28.1944431]}}, {"type": "Feature", "properties": {"type": "yes"}, "geometry": {"type": "Point", "coordinates": [83.9887855, 28.1946932]}}, {"type": "Feature", "properties": {"type": "yes"}, "geometry": {"type": "Point", "coordinates": [83.9883253, 28.194394]}}, {"type": "Feature", "properties": {"type": "yes"}, "geometry": {"type": "Point", "coordinates": [83.9878428, 28.1942347]}}, {"type": "Feature", "properties": {"type": "yes"}, "geometry": {"type": "Point", "coordinates": [83.9804752, 28.1980483]}}, {"type": "Feature", "properties": {"type": "yes"}, "geometry": {"type": "Point", "coordinates": [83.9804696, 28.1981356]}}, {"type": "Feature", "properties": {"type": "yes"}, "geometry": {"type": "Point", "coordinates": [83.9805035, 28.198258]}}, {"type": "Feature", "properties": {"type": "yes"}, "geometry": {"type": "Point", "coordinates": [83.9806975, 28.1981997]}}, {"type": "Feature", "properties": {"type": "yes"}, "geometry": {"type": "Point", "coordinates": [83.980992, 28.1980489]}}, {"type": "Feature", "properties": {"type": "yes"}, "geometry": {"type": "Point", "coordinates": [83.9809089, 28.1979289]}}, {"type": "Feature", "properties": {"type": "yes"}, "geometry": {"type": "Point", "coordinates": [83.9811546, 28.1978902]}}, {"type": "Feature", "properties": {"type": "yes"}, "geometry": {"type": "Point", "coordinates": [83.9825334, 28.1981291]}}, {"type": "Feature", "properties": {"type": "yes"}, "geometry": {"type": "Point", "coordinates": [83.9828556, 28.1979471]}}, {"type": "Feature", "properties": {"type": "yes"}, "geometry": {"type": "Point", "coordinates": [83.9830104, 28.19791]}}, {"type": "Feature", "properties": {"type": "yes"}, "geometry": {"type": "Point", "coordinates": [83.9835671, 28.1979642]}}, {"type": "Feature", "properties": {"type": "yes"}, "geometry": {"type": "Point", "coordinates": [83.9834369, 28.1980584]}}, {"type": "Feature", "properties": {"type": "yes"}, "geometry": {"type": "Point", "coordinates": [83.9830848, 28.1981608]}}, {"type": "Feature", "properties": {"type": "yes"}, "geometry": {"type": "Point", "coordinates": [83.9828139, 28.1983369]}}, {"type": "Feature", "properties": {"type": "yes"}, "geometry": {"type": "Point", "coordinates": [83.9836679, 28.1981595]}}, {"type": "Feature", "properties": {"type": "yes"}, "geometry": {"type": "Point", "coordinates": [83.9833055, 28.1984731]}}, {"type": "Feature", "properties": {"type": "yes"}, "geometry": {"type": "Point", "coordinates": [83.9830084, 28.1985483]}}, {"type": "Feature", "properties": {"type": "yes"}, "geometry": {"type": "Point", "coordinates": [83.9834428, 28.1984883]}}, {"type": "Feature", "properties": {"type": "yes"}, "geometry": {"type": "Point", "coordinates": [83.9843348, 28.1987537]}}, {"type": "Feature", "properties": {"type": "yes"}, "geometry": {"type": "Point", "coordinates": [83.9837312, 28.1986015]}}, {"type": "Feature", "properties": {"type": "yes"}, "geometry": {"type": "Point", "coordinates": [83.9838283, 28.1990014]}}, {"type": "Feature", "properties": {"type": "yes"}, "geometry": {"type": "Point", "coordinates": [83.9834715, 28.1992594]}}, {"type": "Feature", "properties": {"type": "yes"}, "geometry": {"type": "Point", "coordinates": [83.9833472, 28.1989806]}}, {"type": "Feature", "properties": {"type": "yes"}, "geometry": {"type": "Point", "coordinates": [83.9836152, 28.1988967]}}, {"type": "Feature", "properties": {"type": "yes"}, "geometry": {"type": "Point", "coordinates": [83.98356, 28.1994098]}}, {"type": "Feature", "properties": {"type": "yes"}, "geometry": {"type": "Point", "coordinates": [83.9839592, 28.1991663]}}, {"type": "Feature", "properties": {"type": "yes"}, "geometry": {"type": "Point", "coordinates": [83.9841276, 28.1993024]}}, {"type": "Feature", "properties": {"type": "yes"}, "geometry": {"type": "Point", "coordinates": [83.9836682, 28.1995116]}}, {"type": "Feature", "properties": {"type": "yes"}, "geometry": {"type": "Point", "coordinates": [83.983941, 28.1994284]}}, {"type": "Feature", "properties": {"type": "yes"}, "geometry": {"type": "Point", "coordinates": [83.98386, 28.1997054]}}, {"type": "Feature", "properties": {"type": "yes"}, "geometry": {"type": "Point", "coordinates": [83.9841615, 28.1994471]}}, {"type": "Feature", "properties": {"type": "yes"}, "geometry": {"type": "Point", "coordinates": [83.9845103, 28.1992897]}}, {"type": "Feature", "properties": {"type": "yes"}, "geometry": {"type": "Point", "coordinates": [83.9843142, 28.1995602]}}, {"type": "Feature", "properties": {"type": "yes"}, "geometry": {"type": "Point", "coordinates": [83.9839698, 28.1998183]}}, {"type": "Feature", "properties": {"type": "yes"}, "geometry": {"type": "Point", "coordinates": [83.9841782, 28.1999081]}}, {"type": "Feature", "properties": {"type": "yes"}, "geometry": {"type": "Point", "coordinates": [83.9844553, 28.1997458]}}, {"type": "Feature", "properties": {"type": "yes"}, "geometry": {"type": "Point", "coordinates": [83.9848569, 28.1996805]}}, {"type": "Feature", "properties": {"type": "yes"}, "geometry": {"type": "Point", "coordinates": [83.9843006, 28.1999528]}}, {"type": "Feature", "properties": {"type": "yes"}, "geometry": {"type": "Point", "coordinates": [83.9845705, 28.1999007]}}, {"type": "Feature", "properties": {"type": "yes"}, "geometry": {"type": "Point", "coordinates": [83.9847122, 28.2000544]}}, {"type": "Feature", "properties": {"type": "yes"}, "geometry": {"type": "Point", "coordinates": [83.9846146, 28.2001129]}}, {"type": "Feature", "properties": {"type": "yes"}, "geometry": {"type": "Point", "coordinates": [83.9844533, 28.2000896]}}, {"type": "Feature", "properties": {"type": "yes"}, "geometry": {"type": "Point", "coordinates": [83.984956, 28.1990685]}}, {"type": "Feature", "properties": {"type": "yes"}, "geometry": {"type": "Point", "coordinates": [83.984197, 28.1990423]}}, {"type": "Feature", "properties": {"type": "yes"}, "geometry": {"type": "Point", "coordinates": [83.984521, 28.1983646]}}, {"type": "Feature", "properties": {"type": "yes"}, "geometry": {"type": "Point", "coordinates": [83.9842541, 28.1985415]}}, {"type": "Feature", "properties": {"type": "yes"}, "geometry": {"type": "Point", "coordinates": [83.984191, 28.1983601]}}, {"type": "Feature", "properties": {"type": "yes"}, "geometry": {"type": "Point", "coordinates": [83.9840292, 28.1979921]}}, {"type": "Feature", "properties": {"type": "yes"}, "geometry": {"type": "Point", "coordinates": [83.9839132, 28.1981987]}}, {"type": "Feature", "properties": {"type": "yes"}, "geometry": {"type": "Point", "coordinates": [83.9845306, 28.1981373]}}, {"type": "Feature", "properties": {"type": "yes"}, "geometry": {"type": "Point", "coordinates": [83.9841096, 28.1981011]}}, {"type": "Feature", "properties": {"type": "yes"}, "geometry": {"type": "Point", "coordinates": [83.9843045, 28.1980651]}}, {"type": "Feature", "properties": {"type": "yes"}, "geometry": {"type": "Point", "coordinates": [83.9850759, 28.1994865]}}, {"type": "Feature", "properties": {"type": "yes"}, "geometry": {"type": "Point", "coordinates": [83.9709361, 28.1972113]}}, {"type": "Feature", "properties": {"name": "District Government Attorney Office", "type": "yes"}, "geometry": {"type": "Point", "coordinates": [83.9736063, 28.200698]}}, {"type": "Feature", "properties": {"type": "yes"}, "geometry": {"type": "Point", "coordinates": [83.9785538, 28.2004579]}}, {"type": "Feature", "properties": {"name": "Hamro Coffee", "type": "yes"}, "geometry": {"type": "Point", "coordinates": [83.9730105, 28.1973035]}}, {"type": "Feature", "properties": {"type": "yes"}, "geometry": {"type": "Point", "coordinates": [83.9721162, 28.1977962]}}, {"type": "Feature", "properties": {"type": "yes"}, "geometry": {"type": "Point", "coordinates": [83.9718412, 28.1975299]}}, {"type": "Feature", "properties": {"type": "yes"}, "geometry": {"type": "Point", "coordinates": [83.9773331, 28.2012096]}}, {"type": "Feature", "properties": {"type": "yes"}, "geometry": {"type": "Point", "coordinates": [83.9715107, 28.1972345]}}, {"type": "Feature", "properties": {"type": "yes"}, "geometry": {"type": "Point", "coordinates": [83.9707327, 28.197472]}}, {"type": "Feature", "properties": {"type": "yes"}, "geometry": {"type": "Point", "coordinates": [83.9780205, 28.2002309]}}, {"type": "Feature", "properties": {"type": "yes"}, "geometry": {"type": "Point", "coordinates": [83.9788176, 28.2006284]}}, {"type": "Feature", "properties": {"type": "yes"}, "geometry": {"type": "Point", "coordinates": [83.9766091, 28.2008743]}}, {"type": "Feature", "properties": {"type": "yes"}, "geometry": {"type": "Point", "coordinates": [83.9777635, 28.2000578]}}, {"type": "Feature", "properties": {"type": "yes"}, "geometry": {"type": "Point", "coordinates": [83.9773127, 28.2012749]}}, {"type": "Feature", "properties": {"type": "yes"}, "geometry": {"type": "Point", "coordinates": [83.9724944, 28.1976314]}}, {"type": "Feature", "properties": {"name": "WaYU Fitness & Slimming Centre", "type": "yes"}, "geometry": {"type": "Point", "coordinates": [83.9729626, 28.1969562]}}, {"type": "Feature", "properties": {"type": "yes"}, "geometry": {"type": "Point", "coordinates": [83.9711862, 28.1972128]}}, {"type": "Feature", "properties": {"type": "yes"}, "geometry": {"type": "Point", "coordinates": [83.9787697, 28.1889242]}}, {"type": "Feature", "properties": {"type": "yes"}, "geometry": {"type": "Point", "coordinates": [83.9855674, 28.2105644]}}, {"type": "Feature", "properties": {"type": "yes"}, "geometry": {"type": "Point", "coordinates": [83.9888131, 28.1904277]}}, {"type": "Feature", "properties": {"type": "yes"}, "geometry": {"type": "Point", "coordinates": [83.9879836, 28.190401]}}, {"type": "Feature", "properties": {"type": "yes"}, "geometry": {"type": "Point", "coordinates": [83.9899753, 28.1950369]}}, {"type": "Feature", "properties": {"type": "yes"}, "geometry": {"type": "Point", "coordinates": [83.990053, 28.1948886]}}, {"type": "Feature", "properties": {"type": "yes"}, "geometry": {"type": "Point", "coordinates": [83.977033, 28.2026154]}}, {"type": "Feature", "properties": {"type": "yes"}, "geometry": {"type": "Point", "coordinates": [83.9751037, 28.20187]}}, {"type": "Feature", "properties": {"type": "yes"}, "geometry": {"type": "Point", "coordinates": [83.9869367, 28.2120071]}}, {"type": "Feature", "properties": {"type": "yes"}, "geometry": {"type": "Point", "coordinates": [83.9576215, 28.171996]}}, {"type": "Feature", "properties": {"type": "yes"}, "geometry": {"type": "Point", "coordinates": [83.9714632, 28.190761]}}, {"type": "Feature", "properties": {"type": "yes"}, "geometry": {"type": "Point", "coordinates": [83.9726859, 28.1839534]}}, {"type": "Feature", "properties": {"type": "yes"}, "geometry": {"type": "Point", "coordinates": [83.973866, 28.1880758]}}, {"type": "Feature", "properties": {"name": "District Agriculture Office", "type": "yes"}, "geometry": {"type": "Point", "coordinates": [83.9707494, 28.1929783]}}, {"type": "Feature", "properties": {"type": "yes"}, "geometry": {"type": "Point", "coordinates": [83.9637905, 28.1903875]}}, {"type": "Feature", "properties": {"type": "yes"}, "geometry": {"type": "Point", "coordinates": [83.9736314, 28.1825148]}}, {"type": "Feature", "properties": {"type": "yes"}, "geometry": {"type": "Point", "coordinates": [83.9743164, 28.1837455]}}, {"type": "Feature", "properties": {"type": "yes"}, "geometry": {"type": "Point", "coordinates": [83.9740786, 28.1702989]}}, {"type": "Feature", "properties": {"type": "yes"}, "geometry": {"type": "Point", "coordinates": [83.963403, 28.1724258]}}, {"type": "Feature", "properties": {"type": "yes"}, "geometry": {"type": "Point", "coordinates": [83.9561049, 28.1931069]}}, {"type": "Feature", "properties": {"type": "yes"}, "geometry": {"type": "Point", "coordinates": [83.9706633, 28.1927113]}}, {"type": "Feature", "properties": {"type": "yes"}, "geometry": {"type": "Point", "coordinates": [83.9759041, 28.186264]}}, {"type": "Feature", "properties": {"type": "yes"}, "geometry": {"type": "Point", "coordinates": [83.9639151, 28.1912201]}}, {"type": "Feature", "properties": {"type": "yes"}, "geometry": {"type": "Point", "coordinates": [83.9738924, 28.1831285]}}, {"type": "Feature", "properties": {"type": "yes"}, "geometry": {"type": "Point", "coordinates": [83.9561336, 28.194259]}}, {"type": "Feature", "properties": {"type": "yes"}, "geometry": {"type": "Point", "coordinates": [83.9704627, 28.1933068]}}, {"type": "Feature", "properties": {"type": "yes"}, "geometry": {"type": "Point", "coordinates": [83.9612831, 28.1920976]}}, {"type": "Feature", "properties": {"type": "yes"}, "geometry": {"type": "Point", "coordinates": [83.9778543, 28.1833491]}}, {"type": "Feature", "properties": {"type": "yes"}, "geometry": {"type": "Point", "coordinates": [83.9569386, 28.1725836]}}, {"type": "Feature", "properties": {"type": "yes"}, "geometry": {"type": "Point", "coordinates": [83.9585426, 28.1708561]}}, {"type": "Feature", "properties": {"type": "yes"}, "geometry": {"type": "Point", "coordinates": [83.9747442, 28.2034616]}}, {"type": "Feature", "properties": {"type": "yes"}, "geometry": {"type": "Point", "coordinates": [83.9759818, 28.201698]}}, {"type": "Feature", "properties": {"type": "yes"}, "geometry": {"type": "Point", "coordinates": [83.9745389, 28.2034651]}}, {"type": "Feature", "properties": {"type": "yes"}, "geometry": {"type": "Point", "coordinates": [83.9750684, 28.202364]}}, {"type": "Feature", "properties": {"type": "yes"}, "geometry": {"type": "Point", "coordinates": [83.9768278, 28.2029556]}}, {"type": "Feature", "properties": {"type": "yes"}, "geometry": {"type": "Point", "coordinates": [83.9756194, 28.2012217]}}, {"type": "Feature", "properties": {"type": "yes"}, "geometry": {"type": "Point", "coordinates": [83.9763798, 28.2010152]}}, {"type": "Feature", "properties": {"type": "yes"}, "geometry": {"type": "Point", "coordinates": [83.9896198, 28.1995325]}}, {"type": "Feature", "properties": {"type": "yes"}, "geometry": {"type": "Point", "coordinates": [83.9880467, 28.1989607]}}, {"type": "Feature", "properties": {"type": "yes"}, "geometry": {"type": "Point", "coordinates": [83.9897781, 28.199498]}}, {"type": "Feature", "properties": {"type": "yes"}, "geometry": {"type": "Point", "coordinates": [83.9874875, 28.1991107]}}, {"type": "Feature", "properties": {"type": "yes"}, "geometry": {"type": "Point", "coordinates": [83.9884873, 28.198704]}}, {"type": "Feature", "properties": {"type": "yes"}, "geometry": {"type": "Point", "coordinates": [83.9876627, 28.1990132]}}, {"type": "Feature", "properties": {"type": "yes"}, "geometry": {"type": "Point", "coordinates": [83.9876832, 28.198439]}}, {"type": "Feature", "properties": {"type": "yes"}, "geometry": {"type": "Point", "coordinates": [83.9875751, 28.1988632]}}, {"type": "Feature", "properties": {"type": "yes"}, "geometry": {"type": "Point", "coordinates": [83.9879601, 28.199194]}}, {"type": "Feature", "properties": {"type": "yes"}, "geometry": {"type": "Point", "coordinates": [83.9868958, 28.1980677]}}, {"type": "Feature", "properties": {"type": "yes"}, "geometry": {"type": "Point", "coordinates": [83.9880912, 28.1991353]}}, {"type": "Feature", "properties": {"type": "yes"}, "geometry": {"type": "Point", "coordinates": [83.9880028, 28.1985473]}}, {"type": "Feature", "properties": {"type": "yes"}, "geometry": {"type": "Point", "coordinates": [83.9867708, 28.1981982]}}, {"type": "Feature", "properties": {"type": "yes"}, "geometry": {"type": "Point", "coordinates": [83.9875071, 28.198194]}}, {"type": "Feature", "properties": {"type": "yes"}, "geometry": {"type": "Point", "coordinates": [83.9871188, 28.1976578]}}, {"type": "Feature", "properties": {"type": "yes"}, "geometry": {"type": "Point", "coordinates": [83.9868965, 28.1977023]}}, {"type": "Feature", "properties": {"type": "yes"}, "geometry": {"type": "Point", "coordinates": [83.986553, 28.1981004]}}, {"type": "Feature", "properties": {"type": "yes"}, "geometry": {"type": "Point", "coordinates": [83.9870532, 28.1976703]}}, {"type": "Feature", "properties": {"type": "yes"}, "geometry": {"type": "Point", "coordinates": [83.9871768, 28.1974862]}}, {"type": "Feature", "properties": {"type": "yes"}, "geometry": {"type": "Point", "coordinates": [83.9865932, 28.1979389]}}, {"type": "Feature", "properties": {"type": "yes"}, "geometry": {"type": "Point", "coordinates": [83.9867481, 28.1977243]}}, {"type": "Feature", "properties": {"type": "yes"}, "geometry": {"type": "Point", "coordinates": [83.9868916, 28.1972353]}}, {"type": "Feature", "properties": {"type": "yes"}, "geometry": {"type": "Point", "coordinates": [83.9862065, 28.1979917]}}, {"type": "Feature", "properties": {"type": "yes"}, "geometry": {"type": "Point", "coordinates": [83.9865225, 28.1975498]}}, {"type": "Feature", "properties": {"type": "yes"}, "geometry": {"type": "Point", "coordinates": [83.9868498, 28.1974811]}}, {"type": "Feature", "properties": {"type": "yes"}, "geometry": {"type": "Point", "coordinates": [83.9861963, 28.1984496]}}, {"type": "Feature", "properties": {"type": "yes"}, "geometry": {"type": "Point", "coordinates": [83.9860944, 28.1984708]}}, {"type": "Feature", "properties": {"type": "yes"}, "geometry": {"type": "Point", "coordinates": [83.9856859, 28.197416]}}, {"type": "Feature", "properties": {"name": "Tanglekot Tamu Samaj Ghar", "type": "yes"}, "geometry": {"type": "Point", "coordinates": [83.9858201, 28.1983929]}}, {"type": "Feature", "properties": {"type": "yes"}, "geometry": {"type": "Point", "coordinates": [83.9856502, 28.1987136]}}, {"type": "Feature", "properties": {"type": "yes"}, "geometry": {"type": "Point", "coordinates": [83.9895329, 28.190089]}}, {"type": "Feature", "properties": {"type": "yes"}, "geometry": {"type": "Point", "coordinates": [83.98975, 28.1899385]}}, {"type": "Feature", "properties": {"type": "yes"}, "geometry": {"type": "Point", "coordinates": [83.9899108, 28.1901832]}}, {"type": "Feature", "properties": {"type": "yes"}, "geometry": {"type": "Point", "coordinates": [83.9896459, 28.1900928]}}, {"type": "Feature", "properties": {"type": "yes"}, "geometry": {"type": "Point", "coordinates": [83.9892673, 28.190372]}}, {"type": "Feature", "properties": {"name": "Bikash Nepal", "type": "yes"}, "geometry": {"type": "Point", "coordinates": [83.989225, 28.1904786]}}, {"type": "Feature", "properties": {"type": "yes"}, "geometry": {"type": "Point", "coordinates": [83.9890585, 28.1901611]}}, {"type": "Feature", "properties": {"type": "yes"}, "geometry": {"type": "Point", "coordinates": [83.9884069, 28.1903875]}}, {"type": "Feature", "properties": {"type": "yes"}, "geometry": {"type": "Point", "coordinates": [83.9897687, 28.1901269]}}, {"type": "Feature", "properties": {"type": "house"}, "geometry": {"type": "Point", "coordinates": [83.9895992, 28.214155]}}, {"type": "Feature", "properties": {"type": "house"}, "geometry": {"type": "Point", "coordinates": [83.9893562, 28.213412]}}, {"type": "Feature", "properties": {"type": "house"}, "geometry": {"type": "Point", "coordinates": [83.989052, 28.2132797]}}, {"type": "Feature", "properties": {"type": "yes"}, "geometry": {"type": "Point", "coordinates": [83.9880254, 28.2112259]}}, {"type": "Feature", "properties": {"type": "yes"}, "geometry": {"type": "Point", "coordinates": [83.9882538, 28.2122196]}}, {"type": "Feature", "properties": {"name": "Pokhara Mall", "type": "yes"}, "geometry": {"type": "Point", "coordinates": [83.986071, 28.2097241]}}, {"type": "Feature", "properties": {"type": "yes"}, "geometry": {"type": "Point", "coordinates": [83.9882224, 28.2101158]}}, {"type": "Feature", "properties": {"type": "yes"}, "geometry": {"type": "Point", "coordinates": [83.9883616, 28.2103685]}}, {"type": "Feature", "properties": {"type": "yes"}, "geometry": {"type": "Point", "coordinates": [83.9888222, 28.2099841]}}, {"type": "Feature", "properties": {"type": "yes"}, "geometry": {"type": "Point", "coordinates": [83.9890035, 28.2103033]}}, {"type": "Feature", "properties": {"type": "yes"}, "geometry": {"type": "Point", "coordinates": [83.9885699, 28.2101631]}}, {"type": "Feature", "properties": {"type": "yes"}, "geometry": {"type": "Point", "coordinates": [83.9896289, 28.2100661]}}, {"type": "Feature", "properties": {"type": "yes"}, "geometry": {"type": "Point", "coordinates": [83.9893802, 28.2155067]}}, {"type": "Feature", "properties": {"type": "yes"}, "geometry": {"type": "Point", "coordinates": [83.9888883, 28.2100976]}}, {"type": "Feature", "properties": {"type": "yes"}, "geometry": {"type": "Point", "coordinates": [83.9811117, 28.2045824]}}, {"type": "Feature", "properties": {"type": "yes"}, "geometry": {"type": "Point", "coordinates": [83.9825268, 28.2097094]}}, {"type": "Feature", "properties": {"type": "yes"}, "geometry": {"type": "Point", "coordinates": [83.9810959, 28.2105281]}}, {"type": "Feature", "properties": {"type": "yes"}, "geometry": {"type": "Point", "coordinates": [83.9824502, 28.2059974]}}, {"type": "Feature", "properties": {"type": "yes"}, "geometry": {"type": "Point", "coordinates": [83.9849005, 28.2124894]}}, {"type": "Feature", "properties": {"type": "yes"}, "geometry": {"type": "Point", "coordinates": [83.9886313, 28.2142963]}}, {"type": "Feature", "properties": {"type": "yes"}, "geometry": {"type": "Point", "coordinates": [83.9891866, 28.2148391]}}, {"type": "Feature", "properties": {"type": "yes"}, "geometry": {"type": "Point", "coordinates": [83.9810893, 28.2062858]}}, {"type": "Feature", "properties": {"type": "yes"}, "geometry": {"type": "Point", "coordinates": [83.9748063, 28.1855109]}}, {"type": "Feature", "properties": {"type": "yes"}, "geometry": {"type": "Point", "coordinates": [83.9755718, 28.1849881]}}, {"type": "Feature", "properties": {"type": "yes"}, "geometry": {"type": "Point", "coordinates": [83.9816843, 28.1963502]}}, {"type": "Feature", "properties": {"type": "yes"}, "geometry": {"type": "Point", "coordinates": [83.974748, 28.1853859]}}, {"type": "Feature", "properties": {"type": "yes"}, "geometry": {"type": "Point", "coordinates": [83.9807966, 28.1879479]}}, {"type": "Feature", "properties": {"type": "yes"}, "geometry": {"type": "Point", "coordinates": [83.9760451, 28.1854526]}}, {"type": "Feature", "properties": {"type": "yes"}, "geometry": {"type": "Point", "coordinates": [83.9769572, 28.1851783]}}, {"type": "Feature", "properties": {"type": "yes"}, "geometry": {"type": "Point", "coordinates": [83.9785713, 28.190822]}}, {"type": "Feature", "properties": {"type": "yes"}, "geometry": {"type": "Point", "coordinates": [83.980753, 28.1952163]}}, {"type": "Feature", "properties": {"type": "yes"}, "geometry": {"type": "Point", "coordinates": [83.9759058, 28.1860164]}}, {"type": "Feature", "properties": {"type": "yes"}, "geometry": {"type": "Point", "coordinates": [83.9753321, 28.185007]}}, {"type": "Feature", "properties": {"type": "yes"}, "geometry": {"type": "Point", "coordinates": [83.9808968, 28.1878278]}}, {"type": "Feature", "properties": {"type": "yes"}, "geometry": {"type": "Point", "coordinates": [83.977925, 28.1923105]}}, {"type": "Feature", "properties": {"type": "yes"}, "geometry": {"type": "Point", "coordinates": [83.9779803, 28.1873167]}}, {"type": "Feature", "properties": {"type": "yes"}, "geometry": {"type": "Point", "coordinates": [83.9756388, 28.185136]}}, {"type": "Feature", "properties": {"type": "yes"}, "geometry": {"type": "Point", "coordinates": [83.983039, 28.1864387]}}, {"type": "Feature", "properties": {"type": "yes"}, "geometry": {"type": "Point", "coordinates": [83.9901101, 28.1971107]}}, {"type": "Feature", "properties": {"type": "yes"}, "geometry": {"type": "Point", "coordinates": [83.9896194, 28.1957178]}}, {"type": "Feature", "properties": {"type": "yes"}, "geometry": {"type": "Point", "coordinates": [83.9898422, 28.1958989]}}, {"type": "Feature", "properties": {"type": "yes"}, "geometry": {"type": "Point", "coordinates": [83.9895317, 28.1954987]}}, {"type": "Feature", "properties": {"type": "yes"}, "geometry": {"type": "Point", "coordinates": [83.9888978, 28.1951725]}}, {"type": "Feature", "properties": {"type": "yes"}, "geometry": {"type": "Point", "coordinates": [83.9769565, 28.1858569]}}, {"type": "Feature", "properties": {"type": "yes"}, "geometry": {"type": "Point", "coordinates": [83.9769508, 28.1855969]}}, {"type": "Feature", "properties": {"type": "yes"}, "geometry": {"type": "Point", "coordinates": [83.9823329, 28.190829]}}, {"type": "Feature", "properties": {"type": "yes"}, "geometry": {"type": "Point", "coordinates": [83.9780214, 28.1923924]}}, {"type": "Feature", "properties": {"type": "yes"}, "geometry": {"type": "Point", "coordinates": [83.9758978, 28.1858429]}}, {"type": "Feature", "properties": {"type": "yes"}, "geometry": {"type": "Point", "coordinates": [83.9821143, 28.1915738]}}, {"type": "Feature", "properties": {"type": "yes"}, "geometry": {"type": "Point", "coordinates": [83.9799937, 28.1930228]}}, {"type": "Feature", "properties": {"type": "yes"}, "geometry": {"type": "Point", "coordinates": [83.9811349, 28.1919297]}}, {"type": "Feature", "properties": {"type": "yes"}, "geometry": {"type": "Point", "coordinates": [83.9787764, 28.1924896]}}, {"type": "Feature", "properties": {"type": "yes"}, "geometry": {"type": "Point", "coordinates": [83.9790516, 28.1925459]}}, {"type": "Feature", "properties": {"type": "yes"}, "geometry": {"type": "Point", "coordinates": [83.9787034, 28.1921712]}}, {"type": "Feature", "properties": {"type": "yes"}, "geometry": {"type": "Point", "coordinates": [83.9795982, 28.192164]}}, {"type": "Feature", "properties": {"type": "yes"}, "geometry": {"type": "Point", "coordinates": [83.9798911, 28.1924956]}}, {"type": "Feature", "properties": {"type": "yes"}, "geometry": {"type": "Point", "coordinates": [83.980025, 28.1919293]}}, {"type": "Feature", "properties": {"type": "yes"}, "geometry": {"type": "Point", "coordinates": [83.9809922, 28.1927889]}}, {"type": "Feature", "properties": {"type": "yes"}, "geometry": {"type": "Point", "coordinates": [83.9870391, 28.2037322]}}, {"type": "Feature", "properties": {"type": "yes"}, "geometry": {"type": "Point", "coordinates": [83.9894703, 28.2097937]}}, {"type": "Feature", "properties": {"type": "yes"}, "geometry": {"type": "Point", "coordinates": [83.9900335, 28.2170711]}}, {"type": "Feature", "properties": {"type": "yes"}, "geometry": {"type": "Point", "coordinates": [83.9715905, 28.1840719]}}, {"type": "Feature", "properties": {"type": "yes"}, "geometry": {"type": "Point", "coordinates": [83.9730609, 28.1827745]}}, {"type": "Feature", "properties": {"type": "yes"}, "geometry": {"type": "Point", "coordinates": [83.9731419, 28.1823132]}}, {"type": "Feature", "properties": {"type": "yes"}, "geometry": {"type": "Point", "coordinates": [83.9726019, 28.1828188]}}, {"type": "Feature", "properties": {"type": "yes"}, "geometry": {"type": "Point", "coordinates": [83.9732674, 28.182633]}}, {"type": "Feature", "properties": {"type": "yes"}, "geometry": {"type": "Point", "coordinates": [83.97318, 28.18246]}}, {"type": "Feature", "properties": {"type": "yes"}, "geometry": {"type": "Point", "coordinates": [83.9722715, 28.184136]}}, {"type": "Feature", "properties": {"type": "yes"}, "geometry": {"type": "Point", "coordinates": [83.9734526, 28.1826538]}}, {"type": "Feature", "properties": {"type": "yes"}, "geometry": {"type": "Point", "coordinates": [83.9720056, 28.1843808]}}, {"type": "Feature", "properties": {"type": "yes"}, "geometry": {"type": "Point", "coordinates": [83.9724064, 28.1850283]}}, {"type": "Feature", "properties": {"type": "yes"}, "geometry": {"type": "Point", "coordinates": [83.9729792, 28.1826216]}}, {"type": "Feature", "properties": {"type": "yes"}, "geometry": {"type": "Point", "coordinates": [83.9714611, 28.184708]}}, {"type": "Feature", "properties": {"type": "yes"}, "geometry": {"type": "Point", "coordinates": [83.9787564, 28.187627]}}, {"type": "Feature", "properties": {"type": "yes"}, "geometry": {"type": "Point", "coordinates": [83.9785603, 28.1875461]}}, {"type": "Feature", "properties": {"type": "yes"}, "geometry": {"type": "Point", "coordinates": [83.9722627, 28.1848362]}}, {"type": "Feature", "properties": {"type": "yes"}, "geometry": {"type": "Point", "coordinates": [83.9743808, 28.1835018]}}, {"type": "Feature", "properties": {"type": "yes"}, "geometry": {"type": "Point", "coordinates": [83.9734351, 28.1825455]}}, {"type": "Feature", "properties": {"type": "yes"}, "geometry": {"type": "Point", "coordinates": [83.9716907, 28.1846527]}}, {"type": "Feature", "properties": {"type": "yes"}, "geometry": {"type": "Point", "coordinates": [83.9714039, 28.1842314]}}, {"type": "Feature", "properties": {"type": "yes"}, "geometry": {"type": "Point", "coordinates": [83.9723226, 28.1849049]}}, {"type": "Feature", "properties": {"type": "yes"}, "geometry": {"type": "Point", "coordinates": [83.9730286, 28.1826975]}}, {"type": "Feature", "properties": {"type": "yes"}, "geometry": {"type": "Point", "coordinates": [83.9733271, 28.1823396]}}, {"type": "Feature", "properties": {"type": "yes"}, "geometry": {"type": "Point", "coordinates": [83.9724585, 28.1842869]}}, {"type": "Feature", "properties": {"type": "yes"}, "geometry": {"type": "Point", "coordinates": [83.9785867, 28.1876619]}}, {"type": "Feature", "properties": {"type": "yes"}, "geometry": {"type": "Point", "coordinates": [83.9725021, 28.1829864]}}, {"type": "Feature", "properties": {"type": "yes"}, "geometry": {"type": "Point", "coordinates": [83.9786685, 28.1874805]}}, {"type": "Feature", "properties": {"type": "yes"}, "geometry": {"type": "Point", "coordinates": [83.9904279, 28.2103786]}}, {"type": "Feature", "properties": {"type": "yes"}, "geometry": {"type": "Point", "coordinates": [83.9678556, 28.2092519]}}, {"type": "Feature", "properties": {"type": "yes"}, "geometry": {"type": "Point", "coordinates": [83.9591793, 28.2069975]}}, {"type": "Feature", "properties": {"type": "yes"}, "geometry": {"type": "Point", "coordinates": [83.9686267, 28.2106993]}}, {"type": "Feature", "properties": {"type": "yes"}, "geometry": {"type": "Point", "coordinates": [83.9656628, 28.2079538]}}, {"type": "Feature", "properties": {"type": "yes"}, "geometry": {"type": "Point", "coordinates": [83.9679594, 28.2096523]}}, {"type": "Feature", "properties": {"type": "yes"}, "geometry": {"type": "Point", "coordinates": [83.9596676, 28.2071306]}}, {"type": "Feature", "properties": {"type": "yes"}, "geometry": {"type": "Point", "coordinates": [83.9687689, 28.2081794]}}, {"type": "Feature", "properties": {"type": "yes"}, "geometry": {"type": "Point", "coordinates": [83.9603094, 28.2070994]}}, {"type": "Feature", "properties": {"type": "yes"}, "geometry": {"type": "Point", "coordinates": [83.9612519, 28.2069091]}}, {"type": "Feature", "properties": {"type": "yes"}, "geometry": {"type": "Point", "coordinates": [83.9891831, 28.2084308]}}, {"type": "Feature", "properties": {"type": "yes"}, "geometry": {"type": "Point", "coordinates": [83.9900046, 28.2085556]}}, {"type": "Feature", "properties": {"type": "yes"}, "geometry": {"type": "Point", "coordinates": [83.9684667, 28.2105222]}}, {"type": "Feature", "properties": {"type": "yes"}, "geometry": {"type": "Point", "coordinates": [83.9721537, 28.2127256]}}, {"type": "Feature", "properties": {"type": "yes"}, "geometry": {"type": "Point", "coordinates": [83.9724509, 28.2127778]}}, {"type": "Feature", "properties": {"type": "yes"}, "geometry": {"type": "Point", "coordinates": [83.9716442, 28.2121358]}}, {"type": "Feature", "properties": {"type": "yes"}, "geometry": {"type": "Point", "coordinates": [83.9700543, 28.2120136]}}, {"type": "Feature", "properties": {"type": "yes"}, "geometry": {"type": "Point", "coordinates": [83.9691141, 28.2118099]}}, {"type": "Feature", "properties": {"type": "yes"}, "geometry": {"type": "Point", "coordinates": [83.971966, 28.2125617]}}, {"type": "Feature", "properties": {"type": "yes"}, "geometry": {"type": "Point", "coordinates": [83.9687998, 28.2109437]}}, {"type": "Feature", "properties": {"type": "yes"}, "geometry": {"type": "Point", "coordinates": [83.9722327, 28.2123706]}}, {"type": "Feature", "properties": {"type": "yes"}, "geometry": {"type": "Point", "coordinates": [83.9709282, 28.212044]}}, {"type": "Feature", "properties": {"type": "yes"}, "geometry": {"type": "Point", "coordinates": [83.9878419, 28.2092893]}}, {"type": "Feature", "properties": {"type": "yes"}, "geometry": {"type": "Point", "coordinates": [83.984697, 28.2089016]}}, {"type": "Feature", "properties": {"type": "yes"}, "geometry": {"type": "Point", "coordinates": [83.9833862, 28.2089125]}}, {"type": "Feature", "properties": {"name": "Krishi Samagri Company Limited", "type": "yes"}, "geometry": {"type": "Point", "coordinates": [83.9874932, 28.2095801]}}, {"type": "Feature", "properties": {"type": "yes"}, "geometry": {"type": "Point", "coordinates": [83.9805424, 28.2073112]}}, {"type": "Feature", "properties": {"type": "yes"}, "geometry": {"type": "Point", "coordinates": [83.9806459, 28.2073618]}}, {"type": "Feature", "properties": {"type": "yes"}, "geometry": {"type": "Point", "coordinates": [83.9803338, 28.207029]}}, {"type": "Feature", "properties": {"type": "yes"}, "geometry": {"type": "Point", "coordinates": [83.9806772, 28.2071618]}}, {"type": "Feature", "properties": {"type": "yes"}, "geometry": {"type": "Point", "coordinates": [83.9669953, 28.2050411]}}, {"type": "Feature", "properties": {"type": "yes"}, "geometry": {"type": "Point", "coordinates": [83.9682144, 28.2058262]}}, {"type": "Feature", "properties": {"type": "yes"}, "geometry": {"type": "Point", "coordinates": [83.9689302, 28.206587]}}, {"type": "Feature", "properties": {"type": "yes"}, "geometry": {"type": "Point", "coordinates": [83.9682562, 28.2088811]}}, {"type": "Feature", "properties": {"type": "yes"}, "geometry": {"type": "Point", "coordinates": [83.9703041, 28.2149237]}}, {"type": "Feature", "properties": {"name": "Lucky Paints and Hardware", "type": "yes"}, "geometry": {"type": "Point", "coordinates": [83.9712629, 28.2135859]}}, {"type": "Feature", "properties": {"type": "yes"}, "geometry": {"type": "Point", "coordinates": [83.9697731, 28.2106194]}}, {"type": "Feature", "properties": {"type": "yes"}, "geometry": {"type": "Point", "coordinates": [83.9696261, 28.2106852]}}, {"type": "Feature", "properties": {"type": "yes"}, "geometry": {"type": "Point", "coordinates": [83.9723155, 28.2121152]}}, {"type": "Feature", "properties": {"type": "yes"}, "geometry": {"type": "Point", "coordinates": [83.9697397, 28.2131138]}}, {"type": "Feature", "properties": {"type": "yes"}, "geometry": {"type": "Point", "coordinates": [83.9717771, 28.2114413]}}, {"type": "Feature", "properties": {"type": "yes"}, "geometry": {"type": "Point", "coordinates": [83.9705938, 28.2108741]}}, {"type": "Feature", "properties": {"type": "yes"}, "geometry": {"type": "Point", "coordinates": [83.9692362, 28.2132153]}}, {"type": "Feature", "properties": {"type": "yes"}, "geometry": {"type": "Point", "coordinates": [83.972123, 28.2138286]}}, {"type": "Feature", "properties": {"type": "yes"}, "geometry": {"type": "Point", "coordinates": [83.9698355, 28.2099626]}}, {"type": "Feature", "properties": {"type": "yes"}, "geometry": {"type": "Point", "coordinates": [83.9718723, 28.2127674]}}, {"type": "Feature", "properties": {"type": "yes"}, "geometry": {"type": "Point", "coordinates": [83.9703299, 28.2099384]}}, {"type": "Feature", "properties": {"type": "yes"}, "geometry": {"type": "Point", "coordinates": [83.9695911, 28.213204]}}, {"type": "Feature", "properties": {"type": "yes"}, "geometry": {"type": "Point", "coordinates": [83.9734632, 28.2152182]}}, {"type": "Feature", "properties": {"type": "yes"}, "geometry": {"type": "Point", "coordinates": [83.9710439, 28.2102135]}}, {"type": "Feature", "properties": {"type": "yes"}, "geometry": {"type": "Point", "coordinates": [83.9718199, 28.2126987]}}, {"type": "Feature", "properties": {"type": "yes"}, "geometry": {"type": "Point", "coordinates": [83.9718147, 28.2149664]}}, {"type": "Feature", "properties": {"type": "yes"}, "geometry": {"type": "Point", "coordinates": [83.9705877, 28.215272]}}, {"type": "Feature", "properties": {"type": "yes"}, "geometry": {"type": "Point", "coordinates": [83.9705014, 28.2127114]}}, {"type": "Feature", "properties": {"type": "yes"}, "geometry": {"type": "Point", "coordinates": [83.9706265, 28.210928]}}, {"type": "Feature", "properties": {"type": "yes"}, "geometry": {"type": "Point", "coordinates": [83.9703777, 28.2152959]}}, {"type": "Feature", "properties": {"type": "yes"}, "geometry": {"type": "Point", "coordinates": [83.9691792, 28.2131344]}}, {"type": "Feature", "properties": {"type": "yes"}, "geometry": {"type": "Point", "coordinates": [83.9713417, 28.2132252]}}, {"type": "Feature", "properties": {"name": "Prakriti Home", "type": "yes"}, "geometry": {"type": "Point", "coordinates": [83.9706979, 28.2110813]}}, {"type": "Feature", "properties": {"type": "yes"}, "geometry": {"type": "Point", "coordinates": [83.9703073, 28.2113084]}}, {"type": "Feature", "properties": {"type": "yes"}, "geometry": {"type": "Point", "coordinates": [83.9690757, 28.2135666]}}, {"type": "Feature", "properties": {"type": "yes"}, "geometry": {"type": "Point", "coordinates": [83.9723872, 28.2153683]}}, {"type": "Feature", "properties": {"type": "yes"}, "geometry": {"type": "Point", "coordinates": [83.9724846, 28.2150792]}}, {"type": "Feature", "properties": {"type": "yes"}, "geometry": {"type": "Point", "coordinates": [83.9738722, 28.215342]}}, {"type": "Feature", "properties": {"type": "yes"}, "geometry": {"type": "Point", "coordinates": [83.9697593, 28.2143905]}}, {"type": "Feature", "properties": {"type": "yes"}, "geometry": {"type": "Point", "coordinates": [83.9713856, 28.2153173]}}, {"type": "Feature", "properties": {"type": "yes"}, "geometry": {"type": "Point", "coordinates": [83.969598, 28.2098574]}}, {"type": "Feature", "properties": {"type": "yes"}, "geometry": {"type": "Point", "coordinates": [83.971185, 28.2135006]}}, {"type": "Feature", "properties": {"type": "yes"}, "geometry": {"type": "Point", "coordinates": [83.970658, 28.2110017]}}, {"type": "Feature", "properties": {"type": "yes"}, "geometry": {"type": "Point", "coordinates": [83.9705956, 28.2128821]}}, {"type": "Feature", "properties": {"type": "yes"}, "geometry": {"type": "Point", "coordinates": [83.9707853, 28.210247]}}, {"type": "Feature", "properties": {"type": "yes"}, "geometry": {"type": "Point", "coordinates": [83.9697302, 28.2130468]}}, {"type": "Feature", "properties": {"type": "yes"}, "geometry": {"type": "Point", "coordinates": [83.9702396, 28.2153293]}}, {"type": "Feature", "properties": {"type": "yes"}, "geometry": {"type": "Point", "coordinates": [83.9745974, 28.214045]}}, {"type": "Feature", "properties": {"type": "yes"}, "geometry": {"type": "Point", "coordinates": [83.9721622, 28.2122121]}}, {"type": "Feature", "properties": {"type": "yes"}, "geometry": {"type": "Point", "coordinates": [83.9705735, 28.2150401]}}, {"type": "Feature", "properties": {"type": "yes"}, "geometry": {"type": "Point", "coordinates": [83.9886956, 28.197096]}}, {"type": "Feature", "properties": {"type": "yes"}, "geometry": {"type": "Point", "coordinates": [83.9840483, 28.2107819]}}, {"type": "Feature", "properties": {"type": "yes"}, "geometry": {"type": "Point", "coordinates": [83.9844766, 28.2085605]}}, {"type": "Feature", "properties": {"type": "yes"}, "geometry": {"type": "Point", "coordinates": [83.988265, 28.1906968]}}, {"type": "Feature", "properties": {"name": "Aama Milan Kendra", "type": "yes"}, "geometry": {"type": "Point", "coordinates": [83.9845972, 28.2079024]}}, {"type": "Feature", "properties": {"type": "yes"}, "geometry": {"type": "Point", "coordinates": [83.9883875, 28.195637]}}, {"type": "Feature", "properties": {"type": "yes"}, "geometry": {"type": "Point", "coordinates": [83.9873527, 28.1914112]}}, {"type": "Feature", "properties": {"type": "yes"}, "geometry": {"type": "Point", "coordinates": [83.9887092, 28.1906106]}}, {"type": "Feature", "properties": {"type": "yes"}, "geometry": {"type": "Point", "coordinates": [83.9880617, 28.1954792]}}, {"type": "Feature", "properties": {"name": "Happy Home Pokhara", "type": "yes"}, "geometry": {"type": "Point", "coordinates": [83.9876168, 28.1910642]}}, {"type": "Feature", "properties": {"type": "yes"}, "geometry": {"type": "Point", "coordinates": [83.9832019, 28.2084281]}}, {"type": "Feature", "properties": {"type": "yes"}, "geometry": {"type": "Point", "coordinates": [83.9893966, 28.1902436]}}, {"type": "Feature", "properties": {"type": "yes"}, "geometry": {"type": "Point", "coordinates": [83.987905, 28.1981836]}}, {"type": "Feature", "properties": {"type": "yes"}, "geometry": {"type": "Point", "coordinates": [83.9827375, 28.2089235]}}, {"type": "Feature", "properties": {"type": "yes"}, "geometry": {"type": "Point", "coordinates": [83.9834348, 28.2083163]}}, {"type": "Feature", "properties": {"type": "yes"}, "geometry": {"type": "Point", "coordinates": [83.9840916, 28.2070344]}}, {"type": "Feature", "properties": {"type": "yes"}, "geometry": {"type": "Point", "coordinates": [83.9841689, 28.2082294]}}, {"type": "Feature", "properties": {"type": "yes"}, "geometry": {"type": "Point", "coordinates": [83.9831142, 28.2085338]}}, {"type": "Feature", "properties": {"type": "yes"}, "geometry": {"type": "Point", "coordinates": [83.9827821, 28.2090012]}}, {"type": "Feature", "properties": {"type": "yes"}, "geometry": {"type": "Point", "coordinates": [83.9833455, 28.2082439]}}, {"type": "Feature", "properties": {"type": "yes"}, "geometry": {"type": "Point", "coordinates": [83.9831357, 28.2080868]}}, {"type": "Feature", "properties": {"type": "yes"}, "geometry": {"type": "Point", "coordinates": [83.9839506, 28.2078982]}}, {"type": "Feature", "properties": {"type": "yes"}, "geometry": {"type": "Point", "coordinates": [83.9832221, 28.2079393]}}, {"type": "Feature", "properties": {"type": "yes"}, "geometry": {"type": "Point", "coordinates": [83.9774991, 28.208582]}}, {"type": "Feature", "properties": {"type": "yes"}, "geometry": {"type": "Point", "coordinates": [83.9774158, 28.2078039]}}, {"type": "Feature", "properties": {"type": "yes"}, "geometry": {"type": "Point", "coordinates": [83.9776143, 28.2084776]}}, {"type": "Feature", "properties": {"type": "yes"}, "geometry": {"type": "Point", "coordinates": [83.9791259, 28.2087473]}}, {"type": "Feature", "properties": {"type": "yes"}, "geometry": {"type": "Point", "coordinates": [83.9802166, 28.2075222]}}, {"type": "Feature", "properties": {"type": "yes"}, "geometry": {"type": "Point", "coordinates": [83.9803437, 28.2076393]}}, {"type": "Feature", "properties": {"type": "yes"}, "geometry": {"type": "Point", "coordinates": [83.9780582, 28.2081983]}}, {"type": "Feature", "properties": {"type": "yes"}, "geometry": {"type": "Point", "coordinates": [83.9808632, 28.2090148]}}, {"type": "Feature", "properties": {"type": "yes"}, "geometry": {"type": "Point", "coordinates": [83.9798144, 28.2086623]}}, {"type": "Feature", "properties": {"type": "yes"}, "geometry": {"type": "Point", "coordinates": [83.9793003, 28.2079879]}}, {"type": "Feature", "properties": {"type": "yes"}, "geometry": {"type": "Point", "coordinates": [83.9785417, 28.2081429]}}, {"type": "Feature", "properties": {"type": "yes"}, "geometry": {"type": "Point", "coordinates": [83.9767155, 28.208242]}}, {"type": "Feature", "properties": {"type": "yes"}, "geometry": {"type": "Point", "coordinates": [83.9767702, 28.2081992]}}, {"type": "Feature", "properties": {"type": "yes"}, "geometry": {"type": "Point", "coordinates": [83.9787573, 28.2084008]}}, {"type": "Feature", "properties": {"type": "yes"}, "geometry": {"type": "Point", "coordinates": [83.9769415, 28.2080487]}}, {"type": "Feature", "properties": {"type": "yes"}, "geometry": {"type": "Point", "coordinates": [83.9807434, 28.2094445]}}, {"type": "Feature", "properties": {"type": "yes"}, "geometry": {"type": "Point", "coordinates": [83.9771416, 28.2087196]}}, {"type": "Feature", "properties": {"type": "yes"}, "geometry": {"type": "Point", "coordinates": [83.9791935, 28.2074983]}}, {"type": "Feature", "properties": {"type": "yes"}, "geometry": {"type": "Point", "coordinates": [83.9804621, 28.2079173]}}, {"type": "Feature", "properties": {"name": "Patan Jali Sewa Kendra", "type": "yes"}, "geometry": {"type": "Point", "coordinates": [83.9796507, 28.2083869]}}, {"type": "Feature", "properties": {"name": "Safal Complex", "type": "yes"}, "geometry": {"type": "Point", "coordinates": [83.9790141, 28.2086682]}}, {"type": "Feature", "properties": {"type": "yes"}, "geometry": {"type": "Point", "coordinates": [83.979495, 28.2077665]}}, {"type": "Feature", "properties": {"type": "yes"}, "geometry": {"type": "Point", "coordinates": [83.9784632, 28.2080445]}}, {"type": "Feature", "properties": {"type": "yes"}, "geometry": {"type": "Point", "coordinates": [83.9766599, 28.2082899]}}, {"type": "Feature", "properties": {"type": "yes"}, "geometry": {"type": "Point", "coordinates": [83.9802649, 28.2090722]}}, {"type": "Feature", "properties": {"type": "yes"}, "geometry": {"type": "Point", "coordinates": [83.9799311, 28.2074606]}}, {"type": "Feature", "properties": {"type": "yes"}, "geometry": {"type": "Point", "coordinates": [83.978923, 28.2085649]}}, {"type": "Feature", "properties": {"type": "yes"}, "geometry": {"type": "Point", "coordinates": [83.9811007, 28.2092675]}}, {"type": "Feature", "properties": {"name": "Pahar Trust", "type": "yes"}, "geometry": {"type": "Point", "coordinates": [83.9821017, 28.2080388]}}, {"type": "Feature", "properties": {"type": "yes"}, "geometry": {"type": "Point", "coordinates": [83.9809554, 28.2090794]}}, {"type": "Feature", "properties": {"type": "yes"}, "geometry": {"type": "Point", "coordinates": [83.9810726, 28.2092381]}}, {"type": "Feature", "properties": {"type": "yes"}, "geometry": {"type": "Point", "coordinates": [83.9811776, 28.2093806]}}, {"type": "Feature", "properties": {"type": "yes"}, "geometry": {"type": "Point", "coordinates": [83.9817312, 28.2090459]}}, {"type": "Feature", "properties": {"type": "yes"}, "geometry": {"type": "Point", "coordinates": [83.9811013, 28.208896]}}, {"type": "Feature", "properties": {"type": "yes"}, "geometry": {"type": "Point", "coordinates": [83.9811763, 28.2089374]}}, {"type": "Feature", "properties": {"type": "yes"}, "geometry": {"type": "Point", "coordinates": [83.9820973, 28.2090277]}}, {"type": "Feature", "properties": {"type": "yes"}, "geometry": {"type": "Point", "coordinates": [83.9836727, 28.2095281]}}, {"type": "Feature", "properties": {"type": "yes"}, "geometry": {"type": "Point", "coordinates": [83.983184, 28.2096315]}}, {"type": "Feature", "properties": {"type": "yes"}, "geometry": {"type": "Point", "coordinates": [83.9822147, 28.2089375]}}, {"type": "Feature", "properties": {"type": "yes"}, "geometry": {"type": "Point", "coordinates": [83.9819302, 28.2087192]}}, {"type": "Feature", "properties": {"type": "yes"}, "geometry": {"type": "Point", "coordinates": [83.9830923, 28.2094447]}}, {"type": "Feature", "properties": {"type": "house"}, "geometry": {"type": "Point", "coordinates": [83.9870192, 28.2167125]}}, {"type": "Feature", "properties": {"type": "house"}, "geometry": {"type": "Point", "coordinates": [83.9871233, 28.2167526]}}, {"type": "Feature", "properties": {"type": "house"}, "geometry": {"type": "Point", "coordinates": [83.9871612, 28.2170526]}}, {"type": "Feature", "properties": {"type": "house"}, "geometry": {"type": "Point", "coordinates": [83.9871398, 28.2169499]}}, {"type": "Feature", "properties": {"type": "house"}, "geometry": {"type": "Point", "coordinates": [83.9869161, 28.2173277]}}, {"type": "Feature", "properties": {"type": "house"}, "geometry": {"type": "Point", "coordinates": [83.9867136, 28.2179247]}}, {"type": "Feature", "properties": {"type": "yes"}, "geometry": {"type": "Point", "coordinates": [83.9815022, 28.208854]}}, {"type": "Feature", "properties": {"type": "yes"}, "geometry": {"type": "Point", "coordinates": [83.9821546, 28.2102663]}}, {"type": "Feature", "properties": {"type": "yes"}, "geometry": {"type": "Point", "coordinates": [83.9830499, 28.2105007]}}, {"type": "Feature", "properties": {"type": "yes"}, "geometry": {"type": "Point", "coordinates": [83.982017, 28.2109149]}}, {"type": "Feature", "properties": {"type": "yes"}, "geometry": {"type": "Point", "coordinates": [83.981491, 28.2095233]}}, {"type": "Feature", "properties": {"type": "yes"}, "geometry": {"type": "Point", "coordinates": [83.9815087, 28.2078174]}}, {"type": "Feature", "properties": {"name": "Naulo Bihani", "type": "yes"}, "geometry": {"type": "Point", "coordinates": [83.9818768, 28.2104829]}}, {"type": "Feature", "properties": {"type": "yes"}, "geometry": {"type": "Point", "coordinates": [83.9812061, 28.2106841]}}, {"type": "Feature", "properties": {"type": "yes"}, "geometry": {"type": "Point", "coordinates": [83.9815706, 28.207744]}}, {"type": "Feature", "properties": {"type": "yes"}, "geometry": {"type": "Point", "coordinates": [83.9815628, 28.2090266]}}, {"type": "Feature", "properties": {"type": "yes"}, "geometry": {"type": "Point", "coordinates": [83.9833312, 28.2103913]}}, {"type": "Feature", "properties": {"type": "yes"}, "geometry": {"type": "Point", "coordinates": [83.9816147, 28.208538]}}, {"type": "Feature", "properties": {"type": "yes"}, "geometry": {"type": "Point", "coordinates": [83.9813536, 28.2075971]}}, {"type": "Feature", "properties": {"type": "yes"}, "geometry": {"type": "Point", "coordinates": [83.9819363, 28.2085436]}}, {"type": "Feature", "properties": {"type": "yes"}, "geometry": {"type": "Point", "coordinates": [83.9836283, 28.2102421]}}, {"type": "Feature", "properties": {"type": "yes"}, "geometry": {"type": "Point", "coordinates": [83.9799477, 28.2111702]}}, {"type": "Feature", "properties": {"type": "yes"}, "geometry": {"type": "Point", "coordinates": [83.9801069, 28.2110655]}}, {"type": "Feature", "properties": {"type": "yes"}, "geometry": {"type": "Point", "coordinates": [83.9785375, 28.210499]}}, {"type": "Feature", "properties": {"type": "yes"}, "geometry": {"type": "Point", "coordinates": [83.9797635, 28.2112391]}}, {"type": "Feature", "properties": {"type": "yes"}, "geometry": {"type": "Point", "coordinates": [83.9794533, 28.211068]}}, {"type": "Feature", "properties": {"type": "yes"}, "geometry": {"type": "Point", "coordinates": [83.9778908, 28.2105485]}}, {"type": "Feature", "properties": {"name": "Laxmi Complex", "type": "yes"}, "geometry": {"type": "Point", "coordinates": [83.9794865, 28.2117621]}}, {"type": "Feature", "properties": {"type": "yes"}, "geometry": {"type": "Point", "coordinates": [83.9796889, 28.2112758]}}, {"type": "Feature", "properties": {"type": "yes"}, "geometry": {"type": "Point", "coordinates": [83.9798503, 28.2112016]}}, {"type": "Feature", "properties": {"type": "yes"}, "geometry": {"type": "Point", "coordinates": [83.9842685, 28.2150111]}}, {"type": "Feature", "properties": {"type": "yes"}, "geometry": {"type": "Point", "coordinates": [83.9821806, 28.2100664]}}, {"type": "Feature", "properties": {"type": "yes"}, "geometry": {"type": "Point", "coordinates": [83.983061, 28.211885]}}, {"type": "Feature", "properties": {"type": "yes"}, "geometry": {"type": "Point", "coordinates": [83.9820096, 28.2093381]}}, {"type": "Feature", "properties": {"type": "yes"}, "geometry": {"type": "Point", "coordinates": [83.9809965, 28.208403]}}, {"type": "Feature", "properties": {"type": "yes"}, "geometry": {"type": "Point", "coordinates": [83.9873606, 28.214945]}}, {"type": "Feature", "properties": {"type": "yes"}, "geometry": {"type": "Point", "coordinates": [83.988691, 28.2145792]}}, {"type": "Feature", "properties": {"type": "yes"}, "geometry": {"type": "Point", "coordinates": [83.9809184, 28.2096045]}}, {"type": "Feature", "properties": {"type": "yes"}, "geometry": {"type": "Point", "coordinates": [83.9865077, 28.2150881]}}, {"type": "Feature", "properties": {"type": "yes"}, "geometry": {"type": "Point", "coordinates": [83.9839642, 28.2147675]}}, {"type": "Feature", "properties": {"type": "yes"}, "geometry": {"type": "Point", "coordinates": [83.9823897, 28.206886]}}, {"type": "Feature", "properties": {"type": "yes"}, "geometry": {"type": "Point", "coordinates": [83.9892909, 28.2151937]}}, {"type": "Feature", "properties": {"type": "yes"}, "geometry": {"type": "Point", "coordinates": [83.9891889, 28.2170963]}}, {"type": "Feature", "properties": {"type": "yes"}, "geometry": {"type": "Point", "coordinates": [83.9840875, 28.2146868]}}, {"type": "Feature", "properties": {"type": "yes"}, "geometry": {"type": "Point", "coordinates": [83.9816902, 28.2095893]}}, {"type": "Feature", "properties": {"type": "yes"}, "geometry": {"type": "Point", "coordinates": [83.9893259, 28.2167241]}}, {"type": "Feature", "properties": {"type": "yes"}, "geometry": {"type": "Point", "coordinates": [83.9892909, 28.216647]}}, {"type": "Feature", "properties": {"type": "yes"}, "geometry": {"type": "Point", "coordinates": [83.9832906, 28.2125453]}}, {"type": "Feature", "properties": {"type": "yes"}, "geometry": {"type": "Point", "coordinates": [83.9893958, 28.2167894]}}, {"type": "Feature", "properties": {"type": "yes"}, "geometry": {"type": "Point", "coordinates": [83.9807353, 28.2088552]}}, {"type": "Feature", "properties": {"type": "yes"}, "geometry": {"type": "Point", "coordinates": [83.9822426, 28.2073714]}}, {"type": "Feature", "properties": {"type": "yes"}, "geometry": {"type": "Point", "coordinates": [83.9834649, 28.2129691]}}, {"type": "Feature", "properties": {"type": "yes"}, "geometry": {"type": "Point", "coordinates": [83.9808087, 28.2095226]}}, {"type": "Feature", "properties": {"type": "yes"}, "geometry": {"type": "Point", "coordinates": [83.9862704, 28.2031947]}}, {"type": "Feature", "properties": {"type": "yes"}, "geometry": {"type": "Point", "coordinates": [83.9824037, 28.206216]}}, {"type": "Feature", "properties": {"type": "yes"}, "geometry": {"type": "Point", "coordinates": [83.9847632, 28.2062646]}}, {"type": "Feature", "properties": {"type": "yes"}, "geometry": {"type": "Point", "coordinates": [83.9811855, 28.2044471]}}, {"type": "Feature", "properties": {"type": "yes"}, "geometry": {"type": "Point", "coordinates": [83.9853175, 28.2063017]}}, {"type": "Feature", "properties": {"type": "yes"}, "geometry": {"type": "Point", "coordinates": [83.9814957, 28.2055898]}}, {"type": "Feature", "properties": {"type": "yes"}, "geometry": {"type": "Point", "coordinates": [83.9813055, 28.2052184]}}, {"type": "Feature", "properties": {"type": "yes"}, "geometry": {"type": "Point", "coordinates": [83.9646604, 28.2124865]}}, {"type": "Feature", "properties": {"type": "retail"}, "geometry": {"type": "Point", "coordinates": [83.9591866, 28.2141912]}}, {"type": "Feature", "properties": {"type": "yes"}, "geometry": {"type": "Point", "coordinates": [83.9647478, 28.2126261]}}, {"type": "Feature", "properties": {"type": "yes"}, "geometry": {"type": "Point", "coordinates": [83.9620246, 28.2132746]}}, {"type": "Feature", "properties": {"type": "yes"}, "geometry": {"type": "Point", "coordinates": [83.9640019, 28.2123542]}}, {"type": "Feature", "properties": {"type": "yes"}, "geometry": {"type": "Point", "coordinates": [83.9633146, 28.2123176]}}, {"type": "Feature", "properties": {"type": "yes"}, "geometry": {"type": "Point", "coordinates": [83.9611189, 28.2139935]}}, {"type": "Feature", "properties": {"type": "yes"}, "geometry": {"type": "Point", "coordinates": [83.9637593, 28.2131933]}}, {"type": "Feature", "properties": {"type": "yes"}, "geometry": {"type": "Point", "coordinates": [83.9630997, 28.2129864]}}, {"type": "Feature", "properties": {"type": "yes"}, "geometry": {"type": "Point", "coordinates": [83.9610134, 28.213585]}}, {"type": "Feature", "properties": {"type": "yes"}, "geometry": {"type": "Point", "coordinates": [83.9644423, 28.2125499]}}, {"type": "Feature", "properties": {"type": "yes"}, "geometry": {"type": "Point", "coordinates": [83.9635783, 28.2122303]}}, {"type": "Feature", "properties": {"type": "yes"}, "geometry": {"type": "Point", "coordinates": [83.9622006, 28.2133586]}}, {"type": "Feature", "properties": {"type": "yes"}, "geometry": {"type": "Point", "coordinates": [83.9640217, 28.2124482]}}, {"type": "Feature", "properties": {"type": "yes"}, "geometry": {"type": "Point", "coordinates": [83.9635916, 28.2126036]}}, {"type": "Feature", "properties": {"type": "yes"}, "geometry": {"type": "Point", "coordinates": [83.9634269, 28.2115313]}}, {"type": "Feature", "properties": {"name": "Hotel Goodwill", "type": "yes"}, "geometry": {"type": "Point", "coordinates": [83.9598061, 28.2140063]}}, {"type": "Feature", "properties": {"type": "yes"}, "geometry": {"type": "Point", "coordinates": [83.9597359, 28.2149747]}}, {"type": "Feature", "properties": {"type": "yes"}, "geometry": {"type": "Point", "coordinates": [83.9620234, 28.213747]}}, {"type": "Feature", "properties": {"type": "yes"}, "geometry": {"type": "Point", "coordinates": [83.959458, 28.2142495]}}, {"type": "Feature", "properties": {"type": "yes"}, "geometry": {"type": "Point", "coordinates": [83.9622759, 28.213307]}}, {"type": "Feature", "properties": {"type": "yes"}, "geometry": {"type": "Point", "coordinates": [83.9638285, 28.2102398]}}, {"type": "Feature", "properties": {"type": "yes"}, "geometry": {"type": "Point", "coordinates": [83.9625083, 28.208884]}}, {"type": "Feature", "properties": {"type": "yes"}, "geometry": {"type": "Point", "coordinates": [83.9625793, 28.2132145]}}, {"type": "Feature", "properties": {"type": "yes"}, "geometry": {"type": "Point", "coordinates": [83.9627135, 28.21317]}}, {"type": "Feature", "properties": {"type": "yes"}, "geometry": {"type": "Point", "coordinates": [83.9621278, 28.2087701]}}, {"type": "Feature", "properties": {"type": "yes"}, "geometry": {"type": "Point", "coordinates": [83.9641309, 28.2103687]}}, {"type": "Feature", "properties": {"type": "yes"}, "geometry": {"type": "Point", "coordinates": [83.9610914, 28.2144156]}}, {"type": "Feature", "properties": {"type": "yes"}, "geometry": {"type": "Point", "coordinates": [83.9576073, 28.2129487]}}, {"type": "Feature", "properties": {"type": "yes"}, "geometry": {"type": "Point", "coordinates": [83.9614193, 28.2142046]}}, {"type": "Feature", "properties": {"type": "yes"}, "geometry": {"type": "Point", "coordinates": [83.9630129, 28.2110378]}}, {"type": "Feature", "properties": {"type": "yes"}, "geometry": {"type": "Point", "coordinates": [83.963671, 28.2109495]}}, {"type": "Feature", "properties": {"type": "yes"}, "geometry": {"type": "Point", "coordinates": [83.9620581, 28.2117497]}}, {"type": "Feature", "properties": {"type": "yes"}, "geometry": {"type": "Point", "coordinates": [83.9598543, 28.2116841]}}, {"type": "Feature", "properties": {"type": "yes"}, "geometry": {"type": "Point", "coordinates": [83.9605527, 28.2113782]}}, {"type": "Feature", "properties": {"type": "yes"}, "geometry": {"type": "Point", "coordinates": [83.960797, 28.21141]}}, {"type": "Feature", "properties": {"type": "yes"}, "geometry": {"type": "Point", "coordinates": [83.9626869, 28.2103422]}}, {"type": "Feature", "properties": {"type": "yes"}, "geometry": {"type": "Point", "coordinates": [83.9580353, 28.2111339]}}, {"type": "Feature", "properties": {"type": "yes"}, "geometry": {"type": "Point", "coordinates": [83.9616142, 28.2110878]}}, {"type": "Feature", "properties": {"type": "yes"}, "geometry": {"type": "Point", "coordinates": [83.9579653, 28.2125157]}}, {"type": "Feature", "properties": {"type": "yes"}, "geometry": {"type": "Point", "coordinates": [83.9583596, 28.2112808]}}, {"type": "Feature", "properties": {"type": "yes"}, "geometry": {"type": "Point", "coordinates": [83.960315, 28.2114943]}}, {"type": "Feature", "properties": {"type": "yes"}, "geometry": {"type": "Point", "coordinates": [83.9582248, 28.2116578]}}, {"type": "Feature", "properties": {"type": "yes"}, "geometry": {"type": "Point", "coordinates": [83.9625185, 28.2116333]}}, {"type": "Feature", "properties": {"name": "Dayatra Courtyard", "type": "yes"}, "geometry": {"type": "Point", "coordinates": [83.9586147, 28.2107077]}}, {"type": "Feature", "properties": {"type": "yes"}, "geometry": {"type": "Point", "coordinates": [83.9575622, 28.2107823]}}, {"type": "Feature", "properties": {"type": "yes"}, "geometry": {"type": "Point", "coordinates": [83.9607141, 28.2112204]}}, {"type": "Feature", "properties": {"type": "yes"}, "geometry": {"type": "Point", "coordinates": [83.9637207, 28.2113733]}}, {"type": "Feature", "properties": {"type": "yes"}, "geometry": {"type": "Point", "coordinates": [83.9615068, 28.2106568]}}, {"type": "Feature", "properties": {"type": "yes"}, "geometry": {"type": "Point", "coordinates": [83.9593416, 28.2120796]}}, {"type": "Feature", "properties": {"type": "yes"}, "geometry": {"type": "Point", "coordinates": [83.9582999, 28.2122646]}}, {"type": "Feature", "properties": {"type": "yes"}, "geometry": {"type": "Point", "coordinates": [83.9631761, 28.2119334]}}, {"type": "Feature", "properties": {"type": "yes"}, "geometry": {"type": "Point", "coordinates": [83.9583246, 28.2108982]}}, {"type": "Feature", "properties": {"type": "yes"}, "geometry": {"type": "Point", "coordinates": [83.9600828, 28.211484]}}, {"type": "Feature", "properties": {"type": "yes"}, "geometry": {"type": "Point", "coordinates": [83.9583459, 28.2111104]}}, {"type": "Feature", "properties": {"type": "yes"}, "geometry": {"type": "Point", "coordinates": [83.9649974, 28.2109096]}}, {"type": "Feature", "properties": {"type": "yes"}, "geometry": {"type": "Point", "coordinates": [83.9645184, 28.210655]}}, {"type": "Feature", "properties": {"type": "yes"}, "geometry": {"type": "Point", "coordinates": [83.9667816, 28.2110095]}}, {"type": "Feature", "properties": {"type": "yes"}, "geometry": {"type": "Point", "coordinates": [83.9668409, 28.2108892]}}, {"type": "Feature", "properties": {"type": "yes"}, "geometry": {"type": "Point", "coordinates": [83.9667791, 28.2103403]}}, {"type": "Feature", "properties": {"type": "yes"}, "geometry": {"type": "Point", "coordinates": [83.9826768, 28.2152752]}}, {"type": "Feature", "properties": {"type": "yes"}, "geometry": {"type": "Point", "coordinates": [83.9802699, 28.2138015]}}, {"type": "Feature", "properties": {"type": "yes"}, "geometry": {"type": "Point", "coordinates": [83.9807247, 28.2136134]}}, {"type": "Feature", "properties": {"type": "yes"}, "geometry": {"type": "Point", "coordinates": [83.9813841, 28.2152612]}}, {"type": "Feature", "properties": {"type": "yes"}, "geometry": {"type": "Point", "coordinates": [83.9826246, 28.2126078]}}, {"type": "Feature", "properties": {"type": "yes"}, "geometry": {"type": "Point", "coordinates": [83.981553, 28.2150112]}}, {"type": "Feature", "properties": {"type": "yes"}, "geometry": {"type": "Point", "coordinates": [83.9799687, 28.2140989]}}, {"type": "Feature", "properties": {"type": "yes"}, "geometry": {"type": "Point", "coordinates": [83.9798693, 28.2145375]}}, {"type": "Feature", "properties": {"type": "yes"}, "geometry": {"type": "Point", "coordinates": [83.9806604, 28.2136536]}}, {"type": "Feature", "properties": {"type": "yes"}, "geometry": {"type": "Point", "coordinates": [83.9817128, 28.2150235]}}, {"type": "Feature", "properties": {"type": "yes"}, "geometry": {"type": "Point", "coordinates": [83.9802628, 28.2139458]}}, {"type": "Feature", "properties": {"type": "yes"}, "geometry": {"type": "Point", "coordinates": [83.9807964, 28.2144723]}}, {"type": "Feature", "properties": {"type": "yes"}, "geometry": {"type": "Point", "coordinates": [83.9818486, 28.2151664]}}, {"type": "Feature", "properties": {"type": "yes"}, "geometry": {"type": "Point", "coordinates": [83.9814691, 28.2125637]}}, {"type": "Feature", "properties": {"type": "yes"}, "geometry": {"type": "Point", "coordinates": [83.9826975, 28.2153938]}}, {"type": "Feature", "properties": {"type": "yes"}, "geometry": {"type": "Point", "coordinates": [83.9817167, 28.2133149]}}, {"type": "Feature", "properties": {"type": "yes"}, "geometry": {"type": "Point", "coordinates": [83.980125, 28.2138751]}}, {"type": "Feature", "properties": {"type": "yes"}, "geometry": {"type": "Point", "coordinates": [83.9812576, 28.2148405]}}, {"type": "Feature", "properties": {"type": "yes"}, "geometry": {"type": "Point", "coordinates": [83.9821407, 28.2134337]}}, {"type": "Feature", "properties": {"type": "yes"}, "geometry": {"type": "Point", "coordinates": [83.981586, 28.2152398]}}, {"type": "Feature", "properties": {"type": "yes"}, "geometry": {"type": "Point", "coordinates": [83.9830597, 28.212706]}}, {"type": "Feature", "properties": {"type": "yes"}, "geometry": {"type": "Point", "coordinates": [83.9796927, 28.2140651]}}, {"type": "Feature", "properties": {"type": "yes"}, "geometry": {"type": "Point", "coordinates": [83.9800191, 28.2143307]}}, {"type": "Feature", "properties": {"type": "yes"}, "geometry": {"type": "Point", "coordinates": [83.9795833, 28.213844]}}, {"type": "Feature", "properties": {"type": "yes"}, "geometry": {"type": "Point", "coordinates": [83.9802946, 28.2141288]}}, {"type": "Feature", "properties": {"type": "yes"}, "geometry": {"type": "Point", "coordinates": [83.9808132, 28.2135788]}}, {"type": "Feature", "properties": {"type": "yes"}, "geometry": {"type": "Point", "coordinates": [83.9797837, 28.2140356]}}, {"type": "Feature", "properties": {"type": "yes"}, "geometry": {"type": "Point", "coordinates": [83.9805187, 28.2147075]}}, {"type": "Feature", "properties": {"type": "yes"}, "geometry": {"type": "Point", "coordinates": [83.9801519, 28.2147324]}}, {"type": "Feature", "properties": {"type": "yes"}, "geometry": {"type": "Point", "coordinates": [83.9820442, 28.2135694]}}, {"type": "Feature", "properties": {"type": "house"}, "geometry": {"type": "Point", "coordinates": [83.9797156, 28.2144068]}}, {"type": "Feature", "properties": {"type": "yes"}, "geometry": {"type": "Point", "coordinates": [83.980745, 28.2139778]}}, {"type": "Feature", "properties": {"type": "yes"}, "geometry": {"type": "Point", "coordinates": [83.9818101, 28.2126818]}}, {"type": "Feature", "properties": {"type": "yes"}, "geometry": {"type": "Point", "coordinates": [83.982566, 28.215037]}}, {"type": "Feature", "properties": {"type": "yes"}, "geometry": {"type": "Point", "coordinates": [83.9804933, 28.2138588]}}, {"type": "Feature", "properties": {"type": "yes"}, "geometry": {"type": "Point", "coordinates": [83.9815474, 28.2147214]}}, {"type": "Feature", "properties": {"type": "yes"}, "geometry": {"type": "Point", "coordinates": [83.9814974, 28.2136489]}}, {"type": "Feature", "properties": {"type": "yes"}, "geometry": {"type": "Point", "coordinates": [83.9818767, 28.2136236]}}, {"type": "Feature", "properties": {"type": "yes"}, "geometry": {"type": "Point", "coordinates": [83.9817013, 28.2153945]}}, {"type": "Feature", "properties": {"type": "yes"}, "geometry": {"type": "Point", "coordinates": [83.9820016, 28.2128017]}}, {"type": "Feature", "properties": {"type": "yes"}, "geometry": {"type": "Point", "coordinates": [83.9824833, 28.2148965]}}, {"type": "Feature", "properties": {"type": "yes"}, "geometry": {"type": "Point", "coordinates": [83.9804249, 28.2137386]}}, {"type": "Feature", "properties": {"type": "yes"}, "geometry": {"type": "Point", "coordinates": [83.9803115, 28.2143745]}}, {"type": "Feature", "properties": {"type": "yes"}, "geometry": {"type": "Point", "coordinates": [83.9820747, 28.2150602]}}, {"type": "Feature", "properties": {"type": "yes"}, "geometry": {"type": "Point", "coordinates": [83.9799594, 28.2139166]}}, {"type": "Feature", "properties": {"type": "yes"}, "geometry": {"type": "Point", "coordinates": [83.9801948, 28.2138293]}}, {"type": "Feature", "properties": {"type": "yes"}, "geometry": {"type": "Point", "coordinates": [83.9799754, 28.2148328]}}, {"type": "Feature", "properties": {"type": "yes"}, "geometry": {"type": "Point", "coordinates": [83.9798239, 28.2144067]}}, {"type": "Feature", "properties": {"type": "yes"}, "geometry": {"type": "Point", "coordinates": [83.9801056, 28.2140098]}}, {"type": "Feature", "properties": {"type": "yes"}, "geometry": {"type": "Point", "coordinates": [83.9800328, 28.2138765]}}, {"type": "Feature", "properties": {"type": "yes"}, "geometry": {"type": "Point", "coordinates": [83.9815416, 28.2127755]}}, {"type": "Feature", "properties": {"type": "yes"}, "geometry": {"type": "Point", "coordinates": [83.9826207, 28.2151788]}}, {"type": "Feature", "properties": {"type": "yes"}, "geometry": {"type": "Point", "coordinates": [83.9814133, 28.214772]}}, {"type": "Feature", "properties": {"type": "yes"}, "geometry": {"type": "Point", "coordinates": [83.9818514, 28.2149173]}}, {"type": "Feature", "properties": {"type": "yes"}, "geometry": {"type": "Point", "coordinates": [83.9816755, 28.2128647]}}, {"type": "Feature", "properties": {"type": "yes"}, "geometry": {"type": "Point", "coordinates": [83.9819218, 28.2153545]}}, {"type": "Feature", "properties": {"type": "yes"}, "geometry": {"type": "Point", "coordinates": [83.9806661, 28.2142337]}}, {"type": "Feature", "properties": {"type": "yes"}, "geometry": {"type": "Point", "coordinates": [83.9818366, 28.2134732]}}, {"type": "Feature", "properties": {"type": "yes"}, "geometry": {"type": "Point", "coordinates": [83.9814069, 28.2135226]}}, {"type": "Feature", "properties": {"type": "yes"}, "geometry": {"type": "Point", "coordinates": [83.9819611, 28.2137062]}}, {"type": "Feature", "properties": {"type": "yes"}, "geometry": {"type": "Point", "coordinates": [83.9838585, 28.2126191]}}, {"type": "Feature", "properties": {"type": "yes"}, "geometry": {"type": "Point", "coordinates": [83.983285, 28.2139619]}}, {"type": "Feature", "properties": {"type": "yes"}, "geometry": {"type": "Point", "coordinates": [83.9833766, 28.2135009]}}, {"type": "Feature", "properties": {"type": "yes"}, "geometry": {"type": "Point", "coordinates": [83.9809878, 28.2135033]}}, {"type": "Feature", "properties": {"type": "yes"}, "geometry": {"type": "Point", "coordinates": [83.9835359, 28.2126957]}}, {"type": "Feature", "properties": {"type": "yes"}, "geometry": {"type": "Point", "coordinates": [83.9808009, 28.2128249]}}, {"type": "Feature", "properties": {"type": "yes"}, "geometry": {"type": "Point", "coordinates": [83.9840528, 28.2140614]}}, {"type": "Feature", "properties": {"type": "yes"}, "geometry": {"type": "Point", "coordinates": [83.9824118, 28.2129269]}}, {"type": "Feature", "properties": {"type": "yes"}, "geometry": {"type": "Point", "coordinates": [83.9835185, 28.2131403]}}, {"type": "Feature", "properties": {"type": "yes"}, "geometry": {"type": "Point", "coordinates": [83.98404, 28.2139749]}}, {"type": "Feature", "properties": {"type": "yes"}, "geometry": {"type": "Point", "coordinates": [83.9809621, 28.2136645]}}, {"type": "Feature", "properties": {"type": "yes"}, "geometry": {"type": "Point", "coordinates": [83.9833612, 28.2137948]}}, {"type": "Feature", "properties": {"type": "yes"}, "geometry": {"type": "Point", "coordinates": [83.9799775, 28.2136272]}}, {"type": "Feature", "properties": {"type": "detached"}, "geometry": {"type": "Point", "coordinates": [83.979542, 28.2141754]}}, {"type": "Feature", "properties": {"type": "yes"}, "geometry": {"type": "Point", "coordinates": [83.9799896, 28.2132624]}}, {"type": "Feature", "properties": {"type": "yes"}, "geometry": {"type": "Point", "coordinates": [83.9800514, 28.2131075]}}, {"type": "Feature", "properties": {"type": "yes"}, "geometry": {"type": "Point", "coordinates": [83.9844987, 28.2140861]}}, {"type": "Feature", "properties": {"type": "yes"}, "geometry": {"type": "Point", "coordinates": [83.9795713, 28.2130938]}}, {"type": "Feature", "properties": {"type": "yes"}, "geometry": {"type": "Point", "coordinates": [83.9842771, 28.213983]}}, {"type": "Feature", "properties": {"type": "yes"}, "geometry": {"type": "Point", "coordinates": [83.983551, 28.2130355]}}, {"type": "Feature", "properties": {"type": "yes"}, "geometry": {"type": "Point", "coordinates": [83.9809587, 28.2134074]}}, {"type": "Feature", "properties": {"type": "yes"}, "geometry": {"type": "Point", "coordinates": [83.9836449, 28.2133629]}}, {"type": "Feature", "properties": {"type": "yes"}, "geometry": {"type": "Point", "coordinates": [83.9825442, 28.2124801]}}, {"type": "Feature", "properties": {"type": "yes"}, "geometry": {"type": "Point", "coordinates": [83.981083, 28.2128221]}}, {"type": "Feature", "properties": {"type": "yes"}, "geometry": {"type": "Point", "coordinates": [83.9805496, 28.2131119]}}, {"type": "Feature", "properties": {"type": "yes"}, "geometry": {"type": "Point", "coordinates": [83.9830494, 28.2139085]}}, {"type": "Feature", "properties": {"type": "yes"}, "geometry": {"type": "Point", "coordinates": [83.9841537, 28.2141875]}}, {"type": "Feature", "properties": {"type": "yes"}, "geometry": {"type": "Point", "coordinates": [83.9804762, 28.2130383]}}, {"type": "Feature", "properties": {"type": "yes"}, "geometry": {"type": "Point", "coordinates": [83.9812964, 28.2134434]}}, {"type": "Feature", "properties": {"type": "yes"}, "geometry": {"type": "Point", "coordinates": [83.9817158, 28.2131249]}}, {"type": "Feature", "properties": {"type": "yes"}, "geometry": {"type": "Point", "coordinates": [83.9829267, 28.2133229]}}, {"type": "Feature", "properties": {"type": "yes"}, "geometry": {"type": "Point", "coordinates": [83.9829404, 28.2141271]}}, {"type": "Feature", "properties": {"type": "yes"}, "geometry": {"type": "Point", "coordinates": [83.9839422, 28.2131932]}}, {"type": "Feature", "properties": {"type": "yes"}, "geometry": {"type": "Point", "coordinates": [83.983074, 28.2135589]}}, {"type": "Feature", "properties": {"type": "yes"}, "geometry": {"type": "Point", "coordinates": [83.9841192, 28.2135712]}}, {"type": "Feature", "properties": {"type": "yes"}, "geometry": {"type": "Point", "coordinates": [83.9821419, 28.2124818]}}, {"type": "Feature", "properties": {"type": "yes"}, "geometry": {"type": "Point", "coordinates": [83.98245, 28.2130719]}}, {"type": "Feature", "properties": {"type": "yes"}, "geometry": {"type": "Point", "coordinates": [83.9836811, 28.2126812]}}, {"type": "Feature", "properties": {"type": "yes"}, "geometry": {"type": "Point", "coordinates": [83.9821996, 28.2131022]}}, {"type": "Feature", "properties": {"type": "yes"}, "geometry": {"type": "Point", "coordinates": [83.979719, 28.2127656]}}, {"type": "Feature", "properties": {"type": "yes"}, "geometry": {"type": "Point", "coordinates": [83.9832565, 28.2138243]}}, {"type": "Feature", "properties": {"type": "yes"}, "geometry": {"type": "Point", "coordinates": [83.9839004, 28.2138317]}}, {"type": "Feature", "properties": {"type": "yes"}, "geometry": {"type": "Point", "coordinates": [83.9833311, 28.2140352]}}, {"type": "Feature", "properties": {"type": "yes"}, "geometry": {"type": "Point", "coordinates": [83.983448, 28.2137597]}}, {"type": "Feature", "properties": {"type": "yes"}, "geometry": {"type": "Point", "coordinates": [83.9823368, 28.2133799]}}, {"type": "Feature", "properties": {"type": "yes"}, "geometry": {"type": "Point", "coordinates": [83.9839219, 28.2134725]}}, {"type": "Feature", "properties": {"type": "yes"}, "geometry": {"type": "Point", "coordinates": [83.9824479, 28.2133193]}}, {"type": "Feature", "properties": {"type": "yes"}, "geometry": {"type": "Point", "coordinates": [83.9833306, 28.2134227]}}, {"type": "Feature", "properties": {"type": "yes"}, "geometry": {"type": "Point", "coordinates": [83.9843156, 28.2138274]}}, {"type": "Feature", "properties": {"type": "yes"}, "geometry": {"type": "Point", "coordinates": [83.9833059, 28.213278]}}, {"type": "Feature", "properties": {"type": "yes"}, "geometry": {"type": "Point", "coordinates": [83.9835791, 28.2132298]}}, {"type": "Feature", "properties": {"type": "yes"}, "geometry": {"type": "Point", "coordinates": [83.98361, 28.2139316]}}, {"type": "Feature", "properties": {"type": "yes"}, "geometry": {"type": "Point", "coordinates": [83.9833665, 28.2141045]}}, {"type": "Feature", "properties": {"type": "yes"}, "geometry": {"type": "Point", "coordinates": [83.9803574, 28.2131508]}}, {"type": "Feature", "properties": {"type": "yes"}, "geometry": {"type": "Point", "coordinates": [83.9807864, 28.212902]}}, {"type": "Feature", "properties": {"type": "yes"}, "geometry": {"type": "Point", "coordinates": [83.9802196, 28.21305]}}, {"type": "Feature", "properties": {"type": "yes"}, "geometry": {"type": "Point", "coordinates": [83.9841971, 28.2142593]}}, {"type": "Feature", "properties": {"type": "yes"}, "geometry": {"type": "Point", "coordinates": [83.9838161, 28.2125312]}}, {"type": "Feature", "properties": {"type": "yes"}, "geometry": {"type": "Point", "coordinates": [83.9826492, 28.2132757]}}, {"type": "Feature", "properties": {"type": "yes"}, "geometry": {"type": "Point", "coordinates": [83.9810296, 28.2136404]}}, {"type": "Feature", "properties": {"type": "yes"}, "geometry": {"type": "Point", "coordinates": [83.98375, 28.2134898]}}, {"type": "Feature", "properties": {"type": "yes"}, "geometry": {"type": "Point", "coordinates": [83.9800736, 28.2134985]}}, {"type": "Feature", "properties": {"type": "yes"}, "geometry": {"type": "Point", "coordinates": [83.9812245, 28.2128939]}}, {"type": "Feature", "properties": {"type": "yes"}, "geometry": {"type": "Point", "coordinates": [83.9829832, 28.213298]}}, {"type": "Feature", "properties": {"type": "yes"}, "geometry": {"type": "Point", "coordinates": [83.9840181, 28.2131248]}}, {"type": "Feature", "properties": {"type": "yes"}, "geometry": {"type": "Point", "coordinates": [83.9798071, 28.2131875]}}, {"type": "Feature", "properties": {"type": "yes"}, "geometry": {"type": "Point", "coordinates": [83.9806383, 28.213037]}}, {"type": "Feature", "properties": {"type": "yes"}, "geometry": {"type": "Point", "coordinates": [83.9825762, 28.2131858]}}, {"type": "Feature", "properties": {"type": "yes"}, "geometry": {"type": "Point", "coordinates": [83.9831229, 28.2132074]}}, {"type": "Feature", "properties": {"type": "yes"}, "geometry": {"type": "Point", "coordinates": [83.9838, 28.2133122]}}, {"type": "Feature", "properties": {"type": "yes"}, "geometry": {"type": "Point", "coordinates": [83.9807778, 28.2133745]}}, {"type": "Feature", "properties": {"type": "yes"}, "geometry": {"type": "Point", "coordinates": [83.9802562, 28.2131969]}}, {"type": "Feature", "properties": {"type": "yes"}, "geometry": {"type": "Point", "coordinates": [83.9838758, 28.2137409]}}, {"type": "Feature", "properties": {"type": "yes"}, "geometry": {"type": "Point", "coordinates": [83.9837713, 28.2126528]}}, {"type": "Feature", "properties": {"type": "yes"}, "geometry": {"type": "Point", "coordinates": [83.9808173, 28.2131214]}}, {"type": "Feature", "properties": {"type": "yes"}, "geometry": {"type": "Point", "coordinates": [83.9808033, 28.2129854]}}, {"type": "Feature", "properties": {"type": "yes"}, "geometry": {"type": "Point", "coordinates": [83.9802117, 28.2126424]}}, {"type": "Feature", "properties": {"name": "Balbatika Montessori Pre School", "type": "yes"}, "geometry": {"type": "Point", "coordinates": [83.983143, 28.2140626]}}, {"type": "Feature", "properties": {"type": "yes"}, "geometry": {"type": "Point", "coordinates": [83.9842397, 28.2138904]}}, {"type": "Feature", "properties": {"type": "yes"}, "geometry": {"type": "Point", "coordinates": [83.9829577, 28.2141953]}}, {"type": "Feature", "properties": {"type": "yes"}, "geometry": {"type": "Point", "coordinates": [83.9840991, 28.2141204]}}, {"type": "Feature", "properties": {"type": "yes"}, "geometry": {"type": "Point", "coordinates": [83.9833497, 28.2128151]}}, {"type": "Feature", "properties": {"type": "yes"}, "geometry": {"type": "Point", "coordinates": [83.980461, 28.2131827]}}, {"type": "Feature", "properties": {"type": "yes"}, "geometry": {"type": "Point", "coordinates": [83.9811517, 28.2134785]}}, {"type": "Feature", "properties": {"type": "yes"}, "geometry": {"type": "Point", "coordinates": [83.9805278, 28.2132529]}}, {"type": "Feature", "properties": {"type": "yes"}, "geometry": {"type": "Point", "coordinates": [83.9812892, 28.2133122]}}, {"type": "Feature", "properties": {"type": "yes"}, "geometry": {"type": "Point", "coordinates": [83.9835406, 28.213854]}}, {"type": "Feature", "properties": {"type": "yes"}, "geometry": {"type": "Point", "coordinates": [83.9816713, 28.2130205]}}, {"type": "Feature", "properties": {"type": "yes"}, "geometry": {"type": "Point", "coordinates": [83.968598, 28.2125537]}}, {"type": "Feature", "properties": {"type": "yes"}, "geometry": {"type": "Point", "coordinates": [83.9686866, 28.2126077]}}, {"type": "Feature", "properties": {"type": "yes"}, "geometry": {"type": "Point", "coordinates": [83.9073565, 28.1566251]}}, {"type": "Feature", "properties": {"type": "yes"}, "geometry": {"type": "Point", "coordinates": [83.9046441, 28.1565991]}}, {"type": "Feature", "properties": {"type": "yes"}, "geometry": {"type": "Point", "coordinates": [83.9012758, 28.1557216]}}, {"type": "Feature", "properties": {"type": "yes"}, "geometry": {"type": "Point", "coordinates": [83.9036668, 28.1569357]}}, {"type": "Feature", "properties": {"type": "yes"}, "geometry": {"type": "Point", "coordinates": [83.904718, 28.1567506]}}, {"type": "Feature", "properties": {"type": "yes"}, "geometry": {"type": "Point", "coordinates": [83.902991, 28.1559088]}}, {"type": "Feature", "properties": {"type": "yes"}, "geometry": {"type": "Point", "coordinates": [83.9000161, 28.1507343]}}, {"type": "Feature", "properties": {"type": "yes"}, "geometry": {"type": "Point", "coordinates": [83.9037028, 28.157056]}}, {"type": "Feature", "properties": {"type": "yes"}, "geometry": {"type": "Point", "coordinates": [83.9068328, 28.1573329]}}, {"type": "Feature", "properties": {"type": "yes"}, "geometry": {"type": "Point", "coordinates": [83.9015982, 28.1558246]}}, {"type": "Feature", "properties": {"type": "yes"}, "geometry": {"type": "Point", "coordinates": [83.9068634, 28.1565052]}}, {"type": "Feature", "properties": {"type": "yes"}, "geometry": {"type": "Point", "coordinates": [83.9022003, 28.1557689]}}, {"type": "Feature", "properties": {"type": "yes"}, "geometry": {"type": "Point", "coordinates": [83.9038383, 28.1522099]}}, {"type": "Feature", "properties": {"type": "yes"}, "geometry": {"type": "Point", "coordinates": [83.9071821, 28.1566367]}}, {"type": "Feature", "properties": {"type": "yes"}, "geometry": {"type": "Point", "coordinates": [83.901691, 28.1557678]}}, {"type": "Feature", "properties": {"type": "yes"}, "geometry": {"type": "Point", "coordinates": [83.9043058, 28.1571748]}}, {"type": "Feature", "properties": {"type": "yes"}, "geometry": {"type": "Point", "coordinates": [83.907021, 28.156673]}}, {"type": "Feature", "properties": {"type": "yes"}, "geometry": {"type": "Point", "coordinates": [83.9017795, 28.1548939]}}, {"type": "Feature", "properties": {"type": "yes"}, "geometry": {"type": "Point", "coordinates": [83.906928, 28.1570668]}}, {"type": "Feature", "properties": {"type": "yes"}, "geometry": {"type": "Point", "coordinates": [83.9046886, 28.156686]}}, {"type": "Feature", "properties": {"type": "yes"}, "geometry": {"type": "Point", "coordinates": [83.9031699, 28.1573063]}}, {"type": "Feature", "properties": {"type": "yes"}, "geometry": {"type": "Point", "coordinates": [83.9023963, 28.1549068]}}, {"type": "Feature", "properties": {"type": "yes"}, "geometry": {"type": "Point", "coordinates": [83.9030183, 28.1519767]}}, {"type": "Feature", "properties": {"type": "yes"}, "geometry": {"type": "Point", "coordinates": [83.9017731, 28.1551651]}}, {"type": "Feature", "properties": {"type": "yes"}, "geometry": {"type": "Point", "coordinates": [83.9038287, 28.1572227]}}, {"type": "Feature", "properties": {"type": "yes"}, "geometry": {"type": "Point", "coordinates": [83.9024093, 28.1553038]}}, {"type": "Feature", "properties": {"type": "yes"}, "geometry": {"type": "Point", "coordinates": [83.900117, 28.1508088]}}, {"type": "Feature", "properties": {"type": "yes"}, "geometry": {"type": "Point", "coordinates": [83.9021702, 28.1552059]}}, {"type": "Feature", "properties": {"type": "yes"}, "geometry": {"type": "Point", "coordinates": [83.9068353, 28.1571367]}}, {"type": "Feature", "properties": {"type": "yes"}, "geometry": {"type": "Point", "coordinates": [83.9016461, 28.1551743]}}, {"type": "Feature", "properties": {"type": "yes"}, "geometry": {"type": "Point", "coordinates": [83.9022611, 28.1552657]}}, {"type": "Feature", "properties": {"type": "yes"}, "geometry": {"type": "Point", "coordinates": [83.9038568, 28.1569871]}}, {"type": "Feature", "properties": {"type": "yes"}, "geometry": {"type": "Point", "coordinates": [83.9026707, 28.1557739]}}, {"type": "Feature", "properties": {"type": "yes"}, "geometry": {"type": "Point", "coordinates": [83.906644, 28.1574388]}}, {"type": "Feature", "properties": {"type": "yes"}, "geometry": {"type": "Point", "coordinates": [83.9023514, 28.1554614]}}, {"type": "Feature", "properties": {"type": "yes"}, "geometry": {"type": "Point", "coordinates": [83.9011679, 28.1557063]}}, {"type": "Feature", "properties": {"type": "yes"}, "geometry": {"type": "Point", "coordinates": [83.9038348, 28.1571531]}}, {"type": "Feature", "properties": {"type": "yes"}, "geometry": {"type": "Point", "coordinates": [83.9048161, 28.156872]}}, {"type": "Feature", "properties": {"type": "yes"}, "geometry": {"type": "Point", "coordinates": [83.9039435, 28.1569092]}}, {"type": "Feature", "properties": {"type": "yes"}, "geometry": {"type": "Point", "coordinates": [83.900221, 28.1508376]}}, {"type": "Feature", "properties": {"type": "yes"}, "geometry": {"type": "Point", "coordinates": [83.9046613, 28.1563465]}}, {"type": "Feature", "properties": {"type": "yes"}, "geometry": {"type": "Point", "coordinates": [83.9037057, 28.1571827]}}, {"type": "Feature", "properties": {"type": "yes"}, "geometry": {"type": "Point", "coordinates": [83.9021967, 28.154963]}}, {"type": "Feature", "properties": {"type": "yes"}, "geometry": {"type": "Point", "coordinates": [83.9013326, 28.1557802]}}, {"type": "Feature", "properties": {"type": "yes"}, "geometry": {"type": "Point", "coordinates": [83.9035712, 28.1522945]}}, {"type": "Feature", "properties": {"type": "yes"}, "geometry": {"type": "Point", "coordinates": [83.9039875, 28.1575201]}}, {"type": "Feature", "properties": {"type": "yes"}, "geometry": {"type": "Point", "coordinates": [83.9074587, 28.1565905]}}, {"type": "Feature", "properties": {"type": "yes"}, "geometry": {"type": "Point", "coordinates": [83.9016575, 28.1557069]}}, {"type": "Feature", "properties": {"type": "yes"}, "geometry": {"type": "Point", "coordinates": [83.9042044, 28.1571598]}}, {"type": "Feature", "properties": {"type": "yes"}, "geometry": {"type": "Point", "coordinates": [83.9069205, 28.1567438]}}, {"type": "Feature", "properties": {"type": "yes"}, "geometry": {"type": "Point", "coordinates": [83.9023984, 28.1546345]}}, {"type": "Feature", "properties": {"type": "yes"}, "geometry": {"type": "Point", "coordinates": [83.9068157, 28.1570675]}}, {"type": "Feature", "properties": {"type": "yes"}, "geometry": {"type": "Point", "coordinates": [83.9038446, 28.157778]}}, {"type": "Feature", "properties": {"type": "yes"}, "geometry": {"type": "Point", "coordinates": [83.9036341, 28.1520579]}}, {"type": "Feature", "properties": {"type": "yes"}, "geometry": {"type": "Point", "coordinates": [83.9019366, 28.154949]}}, {"type": "Feature", "properties": {"type": "yes"}, "geometry": {"type": "Point", "coordinates": [83.9021395, 28.1551027]}}, {"type": "Feature", "properties": {"type": "yes"}, "geometry": {"type": "Point", "coordinates": [83.9014011, 28.1553449]}}, {"type": "Feature", "properties": {"type": "yes"}, "geometry": {"type": "Point", "coordinates": [83.9035879, 28.1561322]}}, {"type": "Feature", "properties": {"type": "yes"}, "geometry": {"type": "Point", "coordinates": [83.9040887, 28.1571292]}}, {"type": "Feature", "properties": {"type": "yes"}, "geometry": {"type": "Point", "coordinates": [83.9022798, 28.1554499]}}, {"type": "Feature", "properties": {"type": "yes"}, "geometry": {"type": "Point", "coordinates": [83.9015217, 28.1553181]}}, {"type": "Feature", "properties": {"type": "yes"}, "geometry": {"type": "Point", "coordinates": [83.9069365, 28.1572853]}}, {"type": "Feature", "properties": {"type": "yes"}, "geometry": {"type": "Point", "coordinates": [83.9025637, 28.1557541]}}, {"type": "Feature", "properties": {"type": "yes"}, "geometry": {"type": "Point", "coordinates": [83.9038168, 28.1574424]}}, {"type": "Feature", "properties": {"type": "yes"}, "geometry": {"type": "Point", "coordinates": [83.9040294, 28.1570311]}}, {"type": "Feature", "properties": {"type": "yes"}, "geometry": {"type": "Point", "coordinates": [83.9012996, 28.155831]}}, {"type": "Feature", "properties": {"type": "yes"}, "geometry": {"type": "Point", "coordinates": [83.90244, 28.1557531]}}, {"type": "Feature", "properties": {"type": "yes"}, "geometry": {"type": "Point", "coordinates": [83.9067248, 28.1573918]}}, {"type": "Feature", "properties": {"type": "yes"}, "geometry": {"type": "Point", "coordinates": [83.9068164, 28.1569103]}}, {"type": "Feature", "properties": {"type": "yes"}, "geometry": {"type": "Point", "coordinates": [83.983458, 28.214204]}}, {"type": "Feature", "properties": {"type": "yes"}, "geometry": {"type": "Point", "coordinates": [83.9845186, 28.2129752]}}, {"type": "Feature", "properties": {"type": "yes"}, "geometry": {"type": "Point", "coordinates": [83.9835181, 28.2145158]}}, {"type": "Feature", "properties": {"type": "yes"}, "geometry": {"type": "Point", "coordinates": [83.984649, 28.2143369]}}, {"type": "Feature", "properties": {"type": "yes"}, "geometry": {"type": "Point", "coordinates": [83.984662, 28.2127395]}}, {"type": "Feature", "properties": {"type": "yes"}, "geometry": {"type": "Point", "coordinates": [83.9835676, 28.2143101]}}, {"type": "Feature", "properties": {"type": "yes"}, "geometry": {"type": "Point", "coordinates": [83.9842264, 28.2132109]}}, {"type": "Feature", "properties": {"type": "yes"}, "geometry": {"type": "Point", "coordinates": [83.9833835, 28.2152702]}}, {"type": "Feature", "properties": {"type": "yes"}, "geometry": {"type": "Point", "coordinates": [83.984578, 28.2134945]}}, {"type": "Feature", "properties": {"type": "yes"}, "geometry": {"type": "Point", "coordinates": [83.9835298, 28.2151651]}}, {"type": "Feature", "properties": {"type": "yes"}, "geometry": {"type": "Point", "coordinates": [83.984855, 28.2144678]}}, {"type": "Feature", "properties": {"type": "yes"}, "geometry": {"type": "Point", "coordinates": [83.9840711, 28.2150101]}}, {"type": "Feature", "properties": {"type": "yes"}, "geometry": {"type": "Point", "coordinates": [83.9843952, 28.2146841]}}, {"type": "Feature", "properties": {"type": "yes"}, "geometry": {"type": "Point", "coordinates": [83.9840073, 28.2151445]}}, {"type": "Feature", "properties": {"type": "yes"}, "geometry": {"type": "Point", "coordinates": [83.9837201, 28.2148272]}}, {"type": "Feature", "properties": {"type": "yes"}, "geometry": {"type": "Point", "coordinates": [83.9840427, 28.2124539]}}, {"type": "Feature", "properties": {"type": "yes"}, "geometry": {"type": "Point", "coordinates": [83.9828033, 28.2143681]}}, {"type": "Feature", "properties": {"type": "yes"}, "geometry": {"type": "Point", "coordinates": [83.984301, 28.2150845]}}, {"type": "Feature", "properties": {"type": "yes"}, "geometry": {"type": "Point", "coordinates": [83.9843737, 28.214526]}}, {"type": "Feature", "properties": {"type": "yes"}, "geometry": {"type": "Point", "coordinates": [83.982054, 28.21393]}}, {"type": "Feature", "properties": {"name": "Srijana Mahila Saving & Credit Cooperative", "type": "yes"}, "geometry": {"type": "Point", "coordinates": [83.983514, 28.2146133]}}, {"type": "Feature", "properties": {"type": "yes"}, "geometry": {"type": "Point", "coordinates": [83.9825165, 28.2147124]}}, {"type": "Feature", "properties": {"type": "yes"}, "geometry": {"type": "Point", "coordinates": [83.9822156, 28.214417]}}, {"type": "Feature", "properties": {"type": "yes"}, "geometry": {"type": "Point", "coordinates": [83.9835119, 28.2148859]}}, {"type": "Feature", "properties": {"type": "yes"}, "geometry": {"type": "Point", "coordinates": [83.9848813, 28.2126179]}}, {"type": "Feature", "properties": {"type": "yes"}, "geometry": {"type": "Point", "coordinates": [83.983842, 28.2147909]}}, {"type": "Feature", "properties": {"type": "yes"}, "geometry": {"type": "Point", "coordinates": [83.9848342, 28.2147051]}}, {"type": "Feature", "properties": {"type": "yes"}, "geometry": {"type": "Point", "coordinates": [83.9823492, 28.2140219]}}, {"type": "Feature", "properties": {"type": "yes"}, "geometry": {"type": "Point", "coordinates": [83.9841855, 28.212693]}}, {"type": "Feature", "properties": {"type": "yes"}, "geometry": {"type": "Point", "coordinates": [83.9822398, 28.2137909]}}, {"type": "Feature", "properties": {"type": "yes"}, "geometry": {"type": "Point", "coordinates": [83.9847518, 28.2154868]}}, {"type": "Feature", "properties": {"type": "yes"}, "geometry": {"type": "Point", "coordinates": [83.9847095, 28.21478]}}, {"type": "Feature", "properties": {"type": "yes"}, "geometry": {"type": "Point", "coordinates": [83.9842911, 28.2136342]}}, {"type": "Feature", "properties": {"type": "yes"}, "geometry": {"type": "Point", "coordinates": [83.9841256, 28.2151737]}}, {"type": "Feature", "properties": {"type": "yes"}, "geometry": {"type": "Point", "coordinates": [83.982829, 28.2144945]}}, {"type": "Feature", "properties": {"type": "yes"}, "geometry": {"type": "Point", "coordinates": [83.9833605, 28.2151878]}}, {"type": "Feature", "properties": {"type": "yes"}, "geometry": {"type": "Point", "coordinates": [83.9843279, 28.2133593]}}, {"type": "Feature", "properties": {"type": "yes"}, "geometry": {"type": "Point", "coordinates": [83.9829754, 28.2150686]}}, {"type": "Feature", "properties": {"type": "yes"}, "geometry": {"type": "Point", "coordinates": [83.9833974, 28.2147394]}}, {"type": "Feature", "properties": {"type": "yes"}, "geometry": {"type": "Point", "coordinates": [83.982344, 28.2141142]}}, {"type": "Feature", "properties": {"name": "Sparsh Aayurveda Hospital", "type": "yes"}, "geometry": {"type": "Point", "coordinates": [83.9847582, 28.2129386]}}, {"type": "Feature", "properties": {"type": "yes"}, "geometry": {"type": "Point", "coordinates": [83.9844778, 28.21465]}}, {"type": "Feature", "properties": {"type": "yes"}, "geometry": {"type": "Point", "coordinates": [83.9830865, 28.2143524]}}, {"type": "Feature", "properties": {"type": "yes"}, "geometry": {"type": "Point", "coordinates": [83.9828352, 28.2138622]}}, {"type": "Feature", "properties": {"type": "yes"}, "geometry": {"type": "Point", "coordinates": [83.9834512, 28.2152033]}}, {"type": "Feature", "properties": {"type": "yes"}, "geometry": {"type": "Point", "coordinates": [83.9834063, 28.2141641]}}, {"type": "Feature", "properties": {"type": "yes"}, "geometry": {"type": "Point", "coordinates": [83.9831248, 28.2147802]}}, {"type": "Feature", "properties": {"type": "yes"}, "geometry": {"type": "Point", "coordinates": [83.9844482, 28.2147424]}}, {"type": "Feature", "properties": {"type": "yes"}, "geometry": {"type": "Point", "coordinates": [83.9845523, 28.214864]}}, {"type": "Feature", "properties": {"name": "Jalpa Devi Mahila Udhwar Samuha", "type": "yes"}, "geometry": {"type": "Point", "coordinates": [83.9823243, 28.2146317]}}, {"type": "Feature", "properties": {"name": "My Montessori Pre School", "type": "yes"}, "geometry": {"type": "Point", "coordinates": [83.9836698, 28.2144026]}}, {"type": "Feature", "properties": {"type": "yes"}, "geometry": {"type": "Point", "coordinates": [83.9827119, 28.2145938]}}, {"type": "Feature", "properties": {"type": "yes"}, "geometry": {"type": "Point", "coordinates": [83.9828901, 28.214808]}}, {"type": "Feature", "properties": {"type": "yes"}, "geometry": {"type": "Point", "coordinates": [83.9845567, 28.213154]}}, {"type": "Feature", "properties": {"type": "yes"}, "geometry": {"type": "Point", "coordinates": [83.9836686, 28.2147525]}}, {"type": "Feature", "properties": {"type": "yes"}, "geometry": {"type": "Point", "coordinates": [83.9841143, 28.2132483]}}, {"type": "Feature", "properties": {"type": "yes"}, "geometry": {"type": "Point", "coordinates": [83.9844766, 28.2125394]}}, {"type": "Feature", "properties": {"type": "yes"}, "geometry": {"type": "Point", "coordinates": [83.9833158, 28.2142913]}}, {"type": "Feature", "properties": {"type": "yes"}, "geometry": {"type": "Point", "coordinates": [83.9830034, 28.2148115]}}, {"type": "Feature", "properties": {"type": "yes"}, "geometry": {"type": "Point", "coordinates": [83.9837748, 28.2154738]}}, {"type": "Feature", "properties": {"type": "yes"}, "geometry": {"type": "Point", "coordinates": [83.982166, 28.2141791]}}, {"type": "Feature", "properties": {"type": "yes"}, "geometry": {"type": "Point", "coordinates": [83.9827694, 28.2148322]}}, {"type": "Feature", "properties": {"type": "yes"}, "geometry": {"type": "Point", "coordinates": [83.9846835, 28.2153504]}}, {"type": "Feature", "properties": {"type": "yes"}, "geometry": {"type": "Point", "coordinates": [83.9841693, 28.2133804]}}, {"type": "Feature", "properties": {"type": "yes"}, "geometry": {"type": "Point", "coordinates": [83.9845943, 28.2149832]}}, {"type": "Feature", "properties": {"type": "yes"}, "geometry": {"type": "Point", "coordinates": [83.9830148, 28.2144863]}}, {"type": "Feature", "properties": {"type": "yes"}, "geometry": {"type": "Point", "coordinates": [83.9848135, 28.2132845]}}, {"type": "Feature", "properties": {"type": "yes"}, "geometry": {"type": "Point", "coordinates": [83.9837634, 28.2148921]}}, {"type": "Feature", "properties": {"type": "yes"}, "geometry": {"type": "Point", "coordinates": [83.9841481, 28.212993]}}, {"type": "Feature", "properties": {"type": "yes"}, "geometry": {"type": "Point", "coordinates": [83.9845832, 28.2144051]}}, {"type": "Feature", "properties": {"type": "yes"}, "geometry": {"type": "Point", "coordinates": [83.982453, 28.2137936]}}, {"type": "Feature", "properties": {"type": "yes"}, "geometry": {"type": "Point", "coordinates": [83.9824655, 28.2145967]}}, {"type": "Feature", "properties": {"type": "yes"}, "geometry": {"type": "Point", "coordinates": [83.9849036, 28.2153779]}}, {"type": "Feature", "properties": {"type": "yes"}, "geometry": {"type": "Point", "coordinates": [83.9844878, 28.2133977]}}, {"type": "Feature", "properties": {"type": "yes"}, "geometry": {"type": "Point", "coordinates": [83.9847631, 28.2133927]}}, {"type": "Feature", "properties": {"type": "yes"}, "geometry": {"type": "Point", "coordinates": [83.9831767, 28.214256]}}, {"type": "Feature", "properties": {"type": "yes"}, "geometry": {"type": "Point", "coordinates": [83.9838144, 28.2151033]}}, {"type": "Feature", "properties": {"type": "yes"}, "geometry": {"type": "Point", "coordinates": [83.9829123, 28.2153392]}}, {"type": "Feature", "properties": {"type": "yes"}, "geometry": {"type": "Point", "coordinates": [83.9842433, 28.2133516]}}, {"type": "Feature", "properties": {"type": "yes"}, "geometry": {"type": "Point", "coordinates": [83.9849174, 28.2150494]}}, {"type": "Feature", "properties": {"type": "yes"}, "geometry": {"type": "Point", "coordinates": [83.9843192, 28.2126254]}}, {"type": "Feature", "properties": {"type": "yes"}, "geometry": {"type": "Point", "coordinates": [83.9832009, 28.2143279]}}, {"type": "Feature", "properties": {"type": "yes"}, "geometry": {"type": "Point", "coordinates": [83.9826463, 28.2142057]}}, {"type": "Feature", "properties": {"type": "yes"}, "geometry": {"type": "Point", "coordinates": [83.982316, 28.213943]}}, {"type": "Feature", "properties": {"type": "yes"}, "geometry": {"type": "Point", "coordinates": [83.9847429, 28.2154211]}}, {"type": "Feature", "properties": {"type": "yes"}, "geometry": {"type": "Point", "coordinates": [83.9830946, 28.2137367]}}, {"type": "Feature", "properties": {"type": "yes"}, "geometry": {"type": "Point", "coordinates": [83.9828203, 28.2141451]}}, {"type": "Feature", "properties": {"type": "yes"}, "geometry": {"type": "Point", "coordinates": [83.9848353, 28.2148558]}}, {"type": "Feature", "properties": {"type": "yes"}, "geometry": {"type": "Point", "coordinates": [83.9827383, 28.2141716]}}, {"type": "Feature", "properties": {"type": "yes"}, "geometry": {"type": "Point", "coordinates": [83.9847459, 28.2146287]}}, {"type": "Feature", "properties": {"type": "yes"}, "geometry": {"type": "Point", "coordinates": [83.9843549, 28.212848]}}, {"type": "Feature", "properties": {"type": "yes"}, "geometry": {"type": "Point", "coordinates": [83.9825872, 28.2137657]}}, {"type": "Feature", "properties": {"type": "yes"}, "geometry": {"type": "Point", "coordinates": [83.9845038, 28.2136984]}}, {"type": "Feature", "properties": {"type": "yes"}, "geometry": {"type": "Point", "coordinates": [83.9831634, 28.2141906]}}, {"type": "Feature", "properties": {"type": "yes"}, "geometry": {"type": "Point", "coordinates": [83.9836497, 28.2152182]}}, {"type": "Feature", "properties": {"type": "yes"}, "geometry": {"type": "Point", "coordinates": [83.9846295, 28.2133332]}}, {"type": "Feature", "properties": {"type": "yes"}, "geometry": {"type": "Point", "coordinates": [83.9836038, 28.2141793]}}, {"type": "Feature", "properties": {"type": "yes"}, "geometry": {"type": "Point", "coordinates": [83.9835721, 28.2154791]}}, {"type": "Feature", "properties": {"type": "yes"}, "geometry": {"type": "Point", "coordinates": [83.982823, 28.2148464]}}, {"type": "Feature", "properties": {"type": "yes"}, "geometry": {"type": "Point", "coordinates": [83.9838734, 28.214994]}}, {"type": "Feature", "properties": {"type": "yes"}, "geometry": {"type": "Point", "coordinates": [83.9847336, 28.2151738]}}, {"type": "Feature", "properties": {"name": "place", "type": "yes"}, "geometry": {"type": "Point", "coordinates": [83.9839583, 28.2127809]}}, {"type": "Feature", "properties": {"type": "yes"}, "geometry": {"type": "Point", "coordinates": [83.984876, 28.2152879]}}, {"type": "Feature", "properties": {"type": "yes"}, "geometry": {"type": "Point", "coordinates": [83.9845394, 28.214539]}}, {"type": "Feature", "properties": {"type": "yes"}, "geometry": {"type": "Point", "coordinates": [83.9827868, 28.2136912]}}, {"type": "Feature", "properties": {"type": "yes"}, "geometry": {"type": "Point", "coordinates": [83.9836528, 28.2154416]}}, {"type": "Feature", "properties": {"type": "yes"}, "geometry": {"type": "Point", "coordinates": [83.9824869, 28.2140866]}}, {"type": "Feature", "properties": {"type": "yes"}, "geometry": {"type": "Point", "coordinates": [83.9835382, 28.214231]}}, {"type": "Feature", "properties": {"type": "yes"}, "geometry": {"type": "Point", "coordinates": [83.9821482, 28.2140093]}}, {"type": "Feature", "properties": {"type": "yes"}, "geometry": {"type": "Point", "coordinates": [83.9834205, 28.2142578]}}, {"type": "Feature", "properties": {"type": "yes"}, "geometry": {"type": "Point", "coordinates": [83.9843913, 28.2135412]}}, {"type": "Feature", "properties": {"type": "yes"}, "geometry": {"type": "Point", "coordinates": [83.9835845, 28.2150942]}}, {"type": "Feature", "properties": {"type": "yes"}, "geometry": {"type": "Point", "coordinates": [83.9832247, 28.2152173]}}, {"type": "Feature", "properties": {"type": "yes"}, "geometry": {"type": "Point", "coordinates": [83.9839312, 28.2151565]}}, {"type": "Feature", "properties": {"type": "yes"}, "geometry": {"type": "Point", "coordinates": [83.9838999, 28.2154911]}}, {"type": "Feature", "properties": {"type": "yes"}, "geometry": {"type": "Point", "coordinates": [83.9848373, 28.2154252]}}, {"type": "Feature", "properties": {"type": "yes"}, "geometry": {"type": "Point", "coordinates": [83.9844803, 28.2135857]}}, {"type": "Feature", "properties": {"type": "yes"}, "geometry": {"type": "Point", "coordinates": [83.9842915, 28.2152251]}}, {"type": "Feature", "properties": {"type": "yes"}, "geometry": {"type": "Point", "coordinates": [83.9829962, 28.2152743]}}, {"type": "Feature", "properties": {"type": "yes"}, "geometry": {"type": "Point", "coordinates": [83.9834889, 28.2149734]}}, {"type": "Feature", "properties": {"type": "yes"}, "geometry": {"type": "Point", "coordinates": [83.9825441, 28.2142316]}}, {"type": "Feature", "properties": {"type": "yes"}, "geometry": {"type": "Point", "coordinates": [83.9838482, 28.2128126]}}, {"type": "Feature", "properties": {"type": "yes"}, "geometry": {"type": "Point", "coordinates": [83.9847515, 28.2135366]}}, {"type": "Feature", "properties": {"type": "yes"}, "geometry": {"type": "Point", "coordinates": [83.9814614, 28.2139115]}}, {"type": "Feature", "properties": {"type": "yes"}, "geometry": {"type": "Point", "coordinates": [83.9821013, 28.2155253]}}, {"type": "Feature", "properties": {"type": "yes"}, "geometry": {"type": "Point", "coordinates": [83.9816991, 28.2143193]}}, {"type": "Feature", "properties": {"type": "yes"}, "geometry": {"type": "Point", "coordinates": [83.9815492, 28.2142081]}}, {"type": "Feature", "properties": {"type": "yes"}, "geometry": {"type": "Point", "coordinates": [83.9812959, 28.2144658]}}, {"type": "Feature", "properties": {"type": "yes"}, "geometry": {"type": "Point", "coordinates": [83.9820838, 28.2153342]}}, {"type": "Feature", "properties": {"type": "yes"}, "geometry": {"type": "Point", "coordinates": [83.9819629, 28.2146355]}}, {"type": "Feature", "properties": {"type": "yes"}, "geometry": {"type": "Point", "coordinates": [83.9809797, 28.2139885]}}, {"type": "Feature", "properties": {"type": "yes"}, "geometry": {"type": "Point", "coordinates": [83.9803663, 28.2142603]}}, {"type": "Feature", "properties": {"type": "yes"}, "geometry": {"type": "Point", "coordinates": [83.9812394, 28.2143254]}}, {"type": "Feature", "properties": {"type": "yes"}, "geometry": {"type": "Point", "coordinates": [83.9807918, 28.2153227]}}, {"type": "Feature", "properties": {"type": "yes"}, "geometry": {"type": "Point", "coordinates": [83.9813483, 28.2157399]}}, {"type": "Feature", "properties": {"type": "yes"}, "geometry": {"type": "Point", "coordinates": [83.9802125, 28.2143071]}}, {"type": "Feature", "properties": {"type": "yes"}, "geometry": {"type": "Point", "coordinates": [83.9821195, 28.2154035]}}, {"type": "Feature", "properties": {"type": "yes"}, "geometry": {"type": "Point", "coordinates": [83.9816787, 28.2156552]}}, {"type": "Feature", "properties": {"type": "yes"}, "geometry": {"type": "Point", "coordinates": [83.9811487, 28.214477]}}, {"type": "Feature", "properties": {"type": "yes"}, "geometry": {"type": "Point", "coordinates": [83.9821703, 28.2152302]}}, {"type": "Feature", "properties": {"type": "yes"}, "geometry": {"type": "Point", "coordinates": [83.9801478, 28.2145036]}}, {"type": "Feature", "properties": {"type": "yes"}, "geometry": {"type": "Point", "coordinates": [83.9822786, 28.215449]}}, {"type": "Feature", "properties": {"type": "yes"}, "geometry": {"type": "Point", "coordinates": [83.9815806, 28.2138503]}}, {"type": "Feature", "properties": {"type": "yes"}, "geometry": {"type": "Point", "coordinates": [83.9817756, 28.2156167]}}, {"type": "Feature", "properties": {"type": "yes"}, "geometry": {"type": "Point", "coordinates": [83.9812123, 28.2155506]}}, {"type": "Feature", "properties": {"type": "yes"}, "geometry": {"type": "Point", "coordinates": [83.9818126, 28.2132931]}}, {"type": "Feature", "properties": {"type": "yes"}, "geometry": {"type": "Point", "coordinates": [83.9815813, 28.2139856]}}, {"type": "Feature", "properties": {"type": "yes"}, "geometry": {"type": "Point", "coordinates": [83.9820313, 28.2152765]}}, {"type": "Feature", "properties": {"type": "yes"}, "geometry": {"type": "Point", "coordinates": [83.9814616, 28.2143733]}}, {"type": "Feature", "properties": {"type": "yes"}, "geometry": {"type": "Point", "coordinates": [83.9816115, 28.2140919]}}, {"type": "Feature", "properties": {"type": "yes"}, "geometry": {"type": "Point", "coordinates": [83.9821711, 28.2155052]}}, {"type": "Feature", "properties": {"type": "yes"}, "geometry": {"type": "Point", "coordinates": [83.9812297, 28.214145]}}, {"type": "Feature", "properties": {"type": "yes"}, "geometry": {"type": "Point", "coordinates": [83.9807703, 28.2147092]}}, {"type": "Feature", "properties": {"type": "yes"}, "geometry": {"type": "Point", "coordinates": [83.9812603, 28.2142045]}}, {"type": "Feature", "properties": {"type": "yes"}, "geometry": {"type": "Point", "coordinates": [83.9823555, 28.2156121]}}, {"type": "Feature", "properties": {"type": "yes"}, "geometry": {"type": "Point", "coordinates": [83.9818872, 28.2144875]}}, {"type": "Feature", "properties": {"type": "yes"}, "geometry": {"type": "Point", "coordinates": [83.9817379, 28.214468]}}, {"type": "Feature", "properties": {"type": "yes"}, "geometry": {"type": "Point", "coordinates": [83.9809516, 28.2142617]}}, {"type": "Feature", "properties": {"type": "yes"}, "geometry": {"type": "Point", "coordinates": [83.9822009, 28.2155853]}}, {"type": "Feature", "properties": {"type": "yes"}, "geometry": {"type": "Point", "coordinates": [83.981347, 28.2142919]}}, {"type": "Feature", "properties": {"type": "yes"}, "geometry": {"type": "Point", "coordinates": [83.9806792, 28.2154074]}}, {"type": "Feature", "properties": {"type": "yes"}, "geometry": {"type": "Point", "coordinates": [83.981634, 28.2145859]}}, {"type": "Feature", "properties": {"type": "yes"}, "geometry": {"type": "Point", "coordinates": [83.9803104, 28.2144593]}}, {"type": "Feature", "properties": {"type": "yes"}, "geometry": {"type": "Point", "coordinates": [83.9800387, 28.2144211]}}, {"type": "Feature", "properties": {"type": "yes"}, "geometry": {"type": "Point", "coordinates": [83.9810866, 28.2153888]}}, {"type": "Feature", "properties": {"type": "yes"}, "geometry": {"type": "Point", "coordinates": [83.9815208, 28.214287]}}, {"type": "Feature", "properties": {"type": "yes"}, "geometry": {"type": "Point", "coordinates": [83.9821168, 28.2156318]}}, {"type": "Feature", "properties": {"type": "yes"}, "geometry": {"type": "Point", "coordinates": [83.9810335, 28.2145626]}}, {"type": "Feature", "properties": {"type": "yes"}, "geometry": {"type": "Point", "coordinates": [83.9815545, 28.214365]}}, {"type": "Feature", "properties": {"type": "yes"}, "geometry": {"type": "Point", "coordinates": [83.981353, 28.2141264]}}, {"type": "Feature", "properties": {"type": "yes"}, "geometry": {"type": "Point", "coordinates": [83.982224, 28.2153392]}}, {"type": "Feature", "properties": {"type": "yes"}, "geometry": {"type": "Point", "coordinates": [83.9823114, 28.2155013]}}, {"type": "Feature", "properties": {"type": "yes"}, "geometry": {"type": "Point", "coordinates": [83.9817685, 28.2147103]}}, {"type": "Feature", "properties": {"type": "yes"}, "geometry": {"type": "Point", "coordinates": [83.9814611, 28.2137373]}}, {"type": "Feature", "properties": {"type": "yes"}, "geometry": {"type": "Point", "coordinates": [83.9811848, 28.2153528]}}, {"type": "Feature", "properties": {"type": "yes"}, "geometry": {"type": "Point", "coordinates": [83.9819378, 28.2155858]}}, {"type": "Feature", "properties": {"type": "yes"}, "geometry": {"type": "Point", "coordinates": [83.9801661, 28.2143813]}}, {"type": "Feature", "properties": {"type": "yes"}, "geometry": {"type": "Point", "coordinates": [83.9815914, 28.2158229]}}, {"type": "Feature", "properties": {"type": "yes"}, "geometry": {"type": "Point", "coordinates": [83.9816609, 28.2142553]}}, {"type": "Feature", "properties": {"type": "yes"}, "geometry": {"type": "Point", "coordinates": [83.9823523, 28.2156885]}}, {"type": "Feature", "properties": {"type": "yes"}, "geometry": {"type": "Point", "coordinates": [83.9764109, 28.2128433]}}, {"type": "Feature", "properties": {"type": "yes"}, "geometry": {"type": "Point", "coordinates": [83.9743404, 28.2130066]}}, {"type": "Feature", "properties": {"type": "yes"}, "geometry": {"type": "Point", "coordinates": [83.9744328, 28.2129634]}}, {"type": "Feature", "properties": {"type": "yes"}, "geometry": {"type": "Point", "coordinates": [83.974541, 28.2126718]}}, {"type": "Feature", "properties": {"type": "yes"}, "geometry": {"type": "Point", "coordinates": [83.9753564, 28.2126553]}}, {"type": "Feature", "properties": {"type": "yes"}, "geometry": {"type": "Point", "coordinates": [83.974609, 28.2129177]}}, {"type": "Feature", "properties": {"type": "yes"}, "geometry": {"type": "Point", "coordinates": [83.9751728, 28.2126779]}}, {"type": "Feature", "properties": {"type": "yes"}, "geometry": {"type": "Point", "coordinates": [83.9744666, 28.212508]}}, {"type": "Feature", "properties": {"type": "yes"}, "geometry": {"type": "Point", "coordinates": [83.9748737, 28.2124772]}}, {"type": "Feature", "properties": {"type": "yes"}, "geometry": {"type": "Point", "coordinates": [83.9759723, 28.2128664]}}, {"type": "Feature", "properties": {"type": "yes"}, "geometry": {"type": "Point", "coordinates": [83.9747737, 28.2128655]}}, {"type": "Feature", "properties": {"type": "yes"}, "geometry": {"type": "Point", "coordinates": [83.9766045, 28.2127881]}}, {"type": "Feature", "properties": {"type": "yes"}, "geometry": {"type": "Point", "coordinates": [83.9742033, 28.2126434]}}, {"type": "Feature", "properties": {"type": "yes"}, "geometry": {"type": "Point", "coordinates": [83.9761683, 28.2129126]}}, {"type": "Feature", "properties": {"type": "yes"}, "geometry": {"type": "Point", "coordinates": [83.9749069, 28.2127772]}}, {"type": "Feature", "properties": {"type": "yes"}, "geometry": {"type": "Point", "coordinates": [83.9748279, 28.2125295]}}, {"type": "Feature", "properties": {"type": "yes"}, "geometry": {"type": "Point", "coordinates": [83.9755461, 28.2125532]}}, {"type": "Feature", "properties": {"type": "yes"}, "geometry": {"type": "Point", "coordinates": [83.9842089, 28.2165445]}}, {"type": "Feature", "properties": {"type": "yes"}, "geometry": {"type": "Point", "coordinates": [83.983534, 28.2170431]}}, {"type": "Feature", "properties": {"type": "yes"}, "geometry": {"type": "Point", "coordinates": [83.9830281, 28.2172002]}}, {"type": "Feature", "properties": {"type": "yes"}, "geometry": {"type": "Point", "coordinates": [83.9822803, 28.2171967]}}, {"type": "Feature", "properties": {"type": "yes"}, "geometry": {"type": "Point", "coordinates": [83.9835743, 28.2159088]}}, {"type": "Feature", "properties": {"type": "yes"}, "geometry": {"type": "Point", "coordinates": [83.9845955, 28.216409]}}, {"type": "Feature", "properties": {"type": "yes"}, "geometry": {"type": "Point", "coordinates": [83.9831968, 28.2157477]}}, {"type": "Feature", "properties": {"type": "yes"}, "geometry": {"type": "Point", "coordinates": [83.9842936, 28.2160085]}}, {"type": "Feature", "properties": {"type": "yes"}, "geometry": {"type": "Point", "coordinates": [83.9842197, 28.2168242]}}, {"type": "Feature", "properties": {"type": "yes"}, "geometry": {"type": "Point", "coordinates": [83.9835345, 28.2156907]}}, {"type": "Feature", "properties": {"type": "yes"}, "geometry": {"type": "Point", "coordinates": [83.983211, 28.2154735]}}, {"type": "Feature", "properties": {"type": "yes"}, "geometry": {"type": "Point", "coordinates": [83.984554, 28.2160442]}}, {"type": "Feature", "properties": {"type": "yes"}, "geometry": {"type": "Point", "coordinates": [83.9847053, 28.2162339]}}, {"type": "Feature", "properties": {"type": "yes"}, "geometry": {"type": "Point", "coordinates": [83.9843423, 28.2158632]}}, {"type": "Feature", "properties": {"type": "yes"}, "geometry": {"type": "Point", "coordinates": [83.981457, 28.2171125]}}, {"type": "Feature", "properties": {"type": "yes"}, "geometry": {"type": "Point", "coordinates": [83.9821188, 28.2169468]}}, {"type": "Feature", "properties": {"type": "yes"}, "geometry": {"type": "Point", "coordinates": [83.9830144, 28.2154789]}}, {"type": "Feature", "properties": {"type": "yes"}, "geometry": {"type": "Point", "coordinates": [83.9844549, 28.2158407]}}, {"type": "Feature", "properties": {"type": "yes"}, "geometry": {"type": "Point", "coordinates": [83.9824366, 28.2168346]}}, {"type": "Feature", "properties": {"type": "yes"}, "geometry": {"type": "Point", "coordinates": [83.982633, 28.2171374]}}, {"type": "Feature", "properties": {"type": "yes"}, "geometry": {"type": "Point", "coordinates": [83.9815575, 28.2170946]}}, {"type": "Feature", "properties": {"type": "yes"}, "geometry": {"type": "Point", "coordinates": [83.9828684, 28.2157011]}}, {"type": "Feature", "properties": {"type": "yes"}, "geometry": {"type": "Point", "coordinates": [83.9834696, 28.2160863]}}, {"type": "Feature", "properties": {"type": "yes"}, "geometry": {"type": "Point", "coordinates": [83.9842911, 28.2165258]}}, {"type": "Feature", "properties": {"type": "yes"}, "geometry": {"type": "Point", "coordinates": [83.9839396, 28.2158717]}}, {"type": "Feature", "properties": {"type": "yes"}, "geometry": {"type": "Point", "coordinates": [83.9842686, 28.2166984]}}, {"type": "Feature", "properties": {"type": "yes"}, "geometry": {"type": "Point", "coordinates": [83.9818284, 28.2168869]}}, {"type": "Feature", "properties": {"type": "yes"}, "geometry": {"type": "Point", "coordinates": [83.9825148, 28.217097]}}, {"type": "Feature", "properties": {"type": "yes"}, "geometry": {"type": "Point", "coordinates": [83.9830392, 28.2157794]}}, {"type": "Feature", "properties": {"type": "yes"}, "geometry": {"type": "Point", "coordinates": [83.982729, 28.2170638]}}, {"type": "Feature", "properties": {"type": "yes"}, "geometry": {"type": "Point", "coordinates": [83.9845135, 28.2163067]}}, {"type": "Feature", "properties": {"type": "yes"}, "geometry": {"type": "Point", "coordinates": [83.9839638, 28.2171781]}}, {"type": "Feature", "properties": {"type": "yes"}, "geometry": {"type": "Point", "coordinates": [83.9834664, 28.2159417]}}, {"type": "Feature", "properties": {"type": "yes"}, "geometry": {"type": "Point", "coordinates": [83.983317, 28.2157274]}}, {"type": "Feature", "properties": {"type": "yes"}, "geometry": {"type": "Point", "coordinates": [83.9847243, 28.2163651]}}, {"type": "Feature", "properties": {"type": "yes"}, "geometry": {"type": "Point", "coordinates": [83.984712, 28.2171902]}}, {"type": "Feature", "properties": {"type": "yes"}, "geometry": {"type": "Point", "coordinates": [83.9833612, 28.2159637]}}, {"type": "Feature", "properties": {"type": "yes"}, "geometry": {"type": "Point", "coordinates": [83.9833531, 28.215498]}}, {"type": "Feature", "properties": {"type": "yes"}, "geometry": {"type": "Point", "coordinates": [83.9838436, 28.2158849]}}, {"type": "Feature", "properties": {"type": "yes"}, "geometry": {"type": "Point", "coordinates": [83.9837946, 28.2160971]}}, {"type": "Feature", "properties": {"type": "yes"}, "geometry": {"type": "Point", "coordinates": [83.9844495, 28.2164835]}}, {"type": "Feature", "properties": {"type": "yes"}, "geometry": {"type": "Point", "coordinates": [83.9816492, 28.2170534]}}, {"type": "Feature", "properties": {"type": "yes"}, "geometry": {"type": "Point", "coordinates": [83.983348, 28.217114]}}, {"type": "Feature", "properties": {"type": "yes"}, "geometry": {"type": "Point", "coordinates": [83.9846592, 28.2170099]}}, {"type": "Feature", "properties": {"type": "yes"}, "geometry": {"type": "Point", "coordinates": [83.9841948, 28.2160294]}}, {"type": "Feature", "properties": {"type": "yes"}, "geometry": {"type": "Point", "coordinates": [83.9827639, 28.2172341]}}, {"type": "Feature", "properties": {"type": "yes"}, "geometry": {"type": "Point", "coordinates": [83.9842512, 28.2157944]}}, {"type": "Feature", "properties": {"type": "yes"}, "geometry": {"type": "Point", "coordinates": [83.9830241, 28.2170879]}}, {"type": "Feature", "properties": {"type": "yes"}, "geometry": {"type": "Point", "coordinates": [83.9845605, 28.2168014]}}, {"type": "Feature", "properties": {"type": "yes"}, "geometry": {"type": "Point", "coordinates": [83.9846421, 28.216779]}}, {"type": "Feature", "properties": {"type": "yes"}, "geometry": {"type": "Point", "coordinates": [83.9829402, 28.2169764]}}, {"type": "Feature", "properties": {"type": "yes"}, "geometry": {"type": "Point", "coordinates": [83.984128, 28.2158247]}}, {"type": "Feature", "properties": {"type": "yes"}, "geometry": {"type": "Point", "coordinates": [83.9839757, 28.2160554]}}, {"type": "Feature", "properties": {"type": "yes"}, "geometry": {"type": "Point", "coordinates": [83.9818614, 28.2170303]}}, {"type": "Feature", "properties": {"type": "yes"}, "geometry": {"type": "Point", "coordinates": [83.9823693, 28.2171604]}}, {"type": "Feature", "properties": {"type": "yes"}, "geometry": {"type": "Point", "coordinates": [83.9844667, 28.2160779]}}, {"type": "Feature", "properties": {"type": "yes"}, "geometry": {"type": "Point", "coordinates": [83.9826198, 28.2170584]}}, {"type": "Feature", "properties": {"type": "yes"}, "geometry": {"type": "Point", "coordinates": [83.9832387, 28.2159963]}}, {"type": "Feature", "properties": {"type": "yes"}, "geometry": {"type": "Point", "coordinates": [83.9829358, 28.2158013]}}, {"type": "Feature", "properties": {"type": "yes"}, "geometry": {"type": "Point", "coordinates": [83.9817625, 28.2170627]}}, {"type": "Feature", "properties": {"type": "yes"}, "geometry": {"type": "Point", "coordinates": [83.9845436, 28.2161607]}}, {"type": "Feature", "properties": {"type": "yes"}, "geometry": {"type": "Point", "coordinates": [83.9845684, 28.2157966]}}, {"type": "Feature", "properties": {"type": "yes"}, "geometry": {"type": "Point", "coordinates": [83.9828282, 28.2158328]}}, {"type": "Feature", "properties": {"type": "yes"}, "geometry": {"type": "Point", "coordinates": [83.9827754, 28.2155342]}}, {"type": "Feature", "properties": {"type": "yes"}, "geometry": {"type": "Point", "coordinates": [83.9842356, 28.2164041]}}, {"type": "Feature", "properties": {"type": "yes"}, "geometry": {"type": "Point", "coordinates": [83.9848966, 28.2168432]}}, {"type": "Feature", "properties": {"type": "yes"}, "geometry": {"type": "Point", "coordinates": [83.984731, 28.2166074]}}, {"type": "Feature", "properties": {"type": "yes"}, "geometry": {"type": "Point", "coordinates": [83.9753419, 28.2145808]}}, {"type": "Feature", "properties": {"type": "yes"}, "geometry": {"type": "Point", "coordinates": [83.9744601, 28.2143714]}}, {"type": "Feature", "properties": {"type": "yes"}, "geometry": {"type": "Point", "coordinates": [83.9765707, 28.2131677]}}, {"type": "Feature", "properties": {"type": "yes"}, "geometry": {"type": "Point", "coordinates": [83.9771736, 28.2133064]}}, {"type": "Feature", "properties": {"type": "yes"}, "geometry": {"type": "Point", "coordinates": [83.9745016, 28.213889]}}, {"type": "Feature", "properties": {"type": "yes"}, "geometry": {"type": "Point", "coordinates": [83.9761627, 28.2141879]}}, {"type": "Feature", "properties": {"type": "yes"}, "geometry": {"type": "Point", "coordinates": [83.9741159, 28.2138662]}}, {"type": "Feature", "properties": {"type": "yes"}, "geometry": {"type": "Point", "coordinates": [83.9743651, 28.2144828]}}, {"type": "Feature", "properties": {"type": "yes"}, "geometry": {"type": "Point", "coordinates": [83.9771451, 28.216141]}}, {"type": "Feature", "properties": {"type": "yes"}, "geometry": {"type": "Point", "coordinates": [83.9759161, 28.2137559]}}, {"type": "Feature", "properties": {"type": "yes"}, "geometry": {"type": "Point", "coordinates": [83.9760924, 28.2158122]}}, {"type": "Feature", "properties": {"type": "yes"}, "geometry": {"type": "Point", "coordinates": [83.9752314, 28.2130331]}}, {"type": "Feature", "properties": {"type": "yes"}, "geometry": {"type": "Point", "coordinates": [83.979072, 28.2126122]}}, {"type": "Feature", "properties": {"type": "yes"}, "geometry": {"type": "Point", "coordinates": [83.9744427, 28.2153264]}}, {"type": "Feature", "properties": {"type": "yes"}, "geometry": {"type": "Point", "coordinates": [83.9757118, 28.2151977]}}, {"type": "Feature", "properties": {"type": "yes"}, "geometry": {"type": "Point", "coordinates": [83.9747507, 28.2144797]}}, {"type": "Feature", "properties": {"type": "yes"}, "geometry": {"type": "Point", "coordinates": [83.9744941, 28.214751]}}, {"type": "Feature", "properties": {"type": "yes"}, "geometry": {"type": "Point", "coordinates": [83.9776059, 28.2161371]}}, {"type": "Feature", "properties": {"type": "yes"}, "geometry": {"type": "Point", "coordinates": [83.9747576, 28.2153661]}}, {"type": "Feature", "properties": {"type": "yes"}, "geometry": {"type": "Point", "coordinates": [83.9758101, 28.2132683]}}, {"type": "Feature", "properties": {"type": "yes"}, "geometry": {"type": "Point", "coordinates": [83.9790085, 28.2128533]}}, {"type": "Feature", "properties": {"name": "Prithivi Raj Marga Bus Sanchalan Samati", "type": "yes"}, "geometry": {"type": "Point", "coordinates": [83.9775468, 28.2126573]}}, {"type": "Feature", "properties": {"type": "yes"}, "geometry": {"type": "Point", "coordinates": [83.9764782, 28.2135201]}}, {"type": "Feature", "properties": {"type": "yes"}, "geometry": {"type": "Point", "coordinates": [83.9751533, 28.2145789]}}, {"type": "Feature", "properties": {"type": "yes"}, "geometry": {"type": "Point", "coordinates": [83.976676, 28.2134739]}}, {"type": "Feature", "properties": {"type": "yes"}, "geometry": {"type": "Point", "coordinates": [83.9789041, 28.2137505]}}, {"type": "Feature", "properties": {"type": "yes"}, "geometry": {"type": "Point", "coordinates": [83.9743926, 28.2162027]}}, {"type": "Feature", "properties": {"name": "Regional Hospital", "type": "yes"}, "geometry": {"type": "Point", "coordinates": [83.9753478, 28.2141857]}}, {"type": "Feature", "properties": {"type": "yes"}, "geometry": {"type": "Point", "coordinates": [83.9762461, 28.2128034]}}, {"type": "Feature", "properties": {"type": "yes"}, "geometry": {"type": "Point", "coordinates": [83.9757623, 28.2134566]}}, {"type": "Feature", "properties": {"type": "yes"}, "geometry": {"type": "Point", "coordinates": [83.977023, 28.2132626]}}, {"type": "Feature", "properties": {"type": "yes"}, "geometry": {"type": "Point", "coordinates": [83.9749587, 28.2133009]}}, {"type": "Feature", "properties": {"type": "yes"}, "geometry": {"type": "Point", "coordinates": [83.9770219, 28.2137859]}}, {"type": "Feature", "properties": {"type": "yes"}, "geometry": {"type": "Point", "coordinates": [83.9755082, 28.2144324]}}, {"type": "Feature", "properties": {"type": "yes"}, "geometry": {"type": "Point", "coordinates": [83.9772646, 28.2163011]}}, {"type": "Feature", "properties": {"type": "yes"}, "geometry": {"type": "Point", "coordinates": [83.9755749, 28.215355]}}, {"type": "Feature", "properties": {"type": "yes"}, "geometry": {"type": "Point", "coordinates": [83.9760646, 28.2132936]}}, {"type": "Feature", "properties": {"type": "yes"}, "geometry": {"type": "Point", "coordinates": [83.9752659, 28.2131523]}}, {"type": "Feature", "properties": {"type": "yes"}, "geometry": {"type": "Point", "coordinates": [83.979133, 28.2125417]}}, {"type": "Feature", "properties": {"type": "yes"}, "geometry": {"type": "Point", "coordinates": [83.9748537, 28.2143947]}}, {"type": "Feature", "properties": {"type": "yes"}, "geometry": {"type": "Point", "coordinates": [83.975757, 28.2151092]}}, {"type": "Feature", "properties": {"type": "yes"}, "geometry": {"type": "Point", "coordinates": [83.9746316, 28.2135536]}}, {"type": "Feature", "properties": {"type": "yes"}, "geometry": {"type": "Point", "coordinates": [83.9771274, 28.2160324]}}, {"type": "Feature", "properties": {"type": "yes"}, "geometry": {"type": "Point", "coordinates": [83.9758294, 28.2154492]}}, {"type": "Feature", "properties": {"type": "yes"}, "geometry": {"type": "Point", "coordinates": [83.9744218, 28.2148638]}}, {"type": "Feature", "properties": {"type": "yes"}, "geometry": {"type": "Point", "coordinates": [83.9761739, 28.2160813]}}, {"type": "Feature", "properties": {"type": "yes"}, "geometry": {"type": "Point", "coordinates": [83.9746861, 28.2162982]}}, {"type": "Feature", "properties": {"type": "yes"}, "geometry": {"type": "Point", "coordinates": [83.9774069, 28.216552]}}, {"type": "Feature", "properties": {"type": "yes"}, "geometry": {"type": "Point", "coordinates": [83.976849, 28.2130049]}}, {"type": "Feature", "properties": {"type": "yes"}, "geometry": {"type": "Point", "coordinates": [83.9750442, 28.2145971]}}, {"type": "Feature", "properties": {"type": "yes"}, "geometry": {"type": "Point", "coordinates": [83.9758513, 28.2135647]}}, {"type": "Feature", "properties": {"type": "yes"}, "geometry": {"type": "Point", "coordinates": [83.9759923, 28.216268]}}, {"type": "Feature", "properties": {"type": "yes"}, "geometry": {"type": "Point", "coordinates": [83.9765515, 28.2138192]}}, {"type": "Feature", "properties": {"type": "yes"}, "geometry": {"type": "Point", "coordinates": [83.9782767, 28.2124859]}}, {"type": "Feature", "properties": {"type": "yes"}, "geometry": {"type": "Point", "coordinates": [83.974796, 28.2162579]}}, {"type": "Feature", "properties": {"type": "yes"}, "geometry": {"type": "Point", "coordinates": [83.9761312, 28.214686]}}, {"type": "Feature", "properties": {"type": "yes"}, "geometry": {"type": "Point", "coordinates": [83.9757066, 28.2153344]}}, {"type": "Feature", "properties": {"type": "yes"}, "geometry": {"type": "Point", "coordinates": [83.9752558, 28.2139823]}}, {"type": "Feature", "properties": {"type": "yes"}, "geometry": {"type": "Point", "coordinates": [83.9770872, 28.2135702]}}, {"type": "Feature", "properties": {"type": "yes"}, "geometry": {"type": "Point", "coordinates": [83.9759644, 28.2133585]}}, {"type": "Feature", "properties": {"type": "yes"}, "geometry": {"type": "Point", "coordinates": [83.977911, 28.2129226]}}, {"type": "Feature", "properties": {"type": "yes"}, "geometry": {"type": "Point", "coordinates": [83.9759215, 28.2142299]}}, {"type": "Feature", "properties": {"type": "yes"}, "geometry": {"type": "Point", "coordinates": [83.9766586, 28.2138234]}}, {"type": "Feature", "properties": {"type": "yes"}, "geometry": {"type": "Point", "coordinates": [83.9768534, 28.2155852]}}, {"type": "Feature", "properties": {"type": "yes"}, "geometry": {"type": "Point", "coordinates": [83.9758346, 28.2159302]}}, {"type": "Feature", "properties": {"type": "yes"}, "geometry": {"type": "Point", "coordinates": [83.9751661, 28.2154138]}}, {"type": "Feature", "properties": {"type": "yes"}, "geometry": {"type": "Point", "coordinates": [83.9742203, 28.2145316]}}, {"type": "Feature", "properties": {"type": "yes"}, "geometry": {"type": "Point", "coordinates": [83.9751719, 28.2150099]}}, {"type": "Feature", "properties": {"type": "yes"}, "geometry": {"type": "Point", "coordinates": [83.9764629, 28.2149511]}}, {"type": "Feature", "properties": {"type": "yes"}, "geometry": {"type": "Point", "coordinates": [83.9744853, 28.2164881]}}, {"type": "Feature", "properties": {"type": "yes"}, "geometry": {"type": "Point", "coordinates": [83.9743849, 28.2137131]}}, {"type": "Feature", "properties": {"type": "yes"}, "geometry": {"type": "Point", "coordinates": [83.9767636, 28.2162557]}}, {"type": "Feature", "properties": {"type": "yes"}, "geometry": {"type": "Point", "coordinates": [83.97514, 28.2135299]}}, {"type": "Feature", "properties": {"type": "yes"}, "geometry": {"type": "Point", "coordinates": [83.9751938, 28.2137619]}}, {"type": "Feature", "properties": {"type": "yes"}, "geometry": {"type": "Point", "coordinates": [83.974632, 28.2155086]}}, {"type": "Feature", "properties": {"type": "yes"}, "geometry": {"type": "Point", "coordinates": [83.9742772, 28.2141554]}}, {"type": "Feature", "properties": {"type": "yes"}, "geometry": {"type": "Point", "coordinates": [83.9769863, 28.2169437]}}, {"type": "Feature", "properties": {"type": "yes"}, "geometry": {"type": "Point", "coordinates": [83.9756728, 28.214787]}}, {"type": "Feature", "properties": {"type": "yes"}, "geometry": {"type": "Point", "coordinates": [83.9767661, 28.2161621]}}, {"type": "Feature", "properties": {"type": "yes"}, "geometry": {"type": "Point", "coordinates": [83.9752558, 28.214547]}}, {"type": "Feature", "properties": {"type": "yes"}, "geometry": {"type": "Point", "coordinates": [83.9789715, 28.2127943]}}, {"type": "Feature", "properties": {"type": "yes"}, "geometry": {"type": "Point", "coordinates": [83.9751466, 28.2142495]}}, {"type": "Feature", "properties": {"type": "yes"}, "geometry": {"type": "Point", "coordinates": [83.9748574, 28.2132713]}}, {"type": "Feature", "properties": {"type": "yes"}, "geometry": {"type": "Point", "coordinates": [83.9791388, 28.212777]}}, {"type": "Feature", "properties": {"type": "yes"}, "geometry": {"type": "Point", "coordinates": [83.9770648, 28.2133597]}}, {"type": "Feature", "properties": {"type": "yes"}, "geometry": {"type": "Point", "coordinates": [83.9789565, 28.2134792]}}, {"type": "Feature", "properties": {"type": "yes"}, "geometry": {"type": "Point", "coordinates": [83.9760607, 28.2143819]}}, {"type": "Feature", "properties": {"type": "yes"}, "geometry": {"type": "Point", "coordinates": [83.9761717, 28.2137107]}}, {"type": "Feature", "properties": {"type": "yes"}, "geometry": {"type": "Point", "coordinates": [83.976845, 28.2157539]}}, {"type": "Feature", "properties": {"type": "yes"}, "geometry": {"type": "Point", "coordinates": [83.9744331, 28.2159001]}}, {"type": "Feature", "properties": {"type": "yes"}, "geometry": {"type": "Point", "coordinates": [83.9754669, 28.2143443]}}, {"type": "Feature", "properties": {"type": "yes"}, "geometry": {"type": "Point", "coordinates": [83.9759716, 28.2154344]}}, {"type": "Feature", "properties": {"type": "yes"}, "geometry": {"type": "Point", "coordinates": [83.9750505, 28.2132584]}}, {"type": "Feature", "properties": {"type": "yes"}, "geometry": {"type": "Point", "coordinates": [83.9741157, 28.2142561]}}, {"type": "Feature", "properties": {"type": "yes"}, "geometry": {"type": "Point", "coordinates": [83.9750352, 28.2148649]}}, {"type": "Feature", "properties": {"type": "yes"}, "geometry": {"type": "Point", "coordinates": [83.9748048, 28.2170575]}}, {"type": "Feature", "properties": {"type": "yes"}, "geometry": {"type": "Point", "coordinates": [83.9774223, 28.2162503]}}, {"type": "Feature", "properties": {"type": "yes"}, "geometry": {"type": "Point", "coordinates": [83.9744722, 28.2156842]}}, {"type": "Feature", "properties": {"type": "yes"}, "geometry": {"type": "Point", "coordinates": [83.9755319, 28.2146]}}, {"type": "Feature", "properties": {"type": "yes"}, "geometry": {"type": "Point", "coordinates": [83.9743347, 28.213479]}}, {"type": "Feature", "properties": {"type": "yes"}, "geometry": {"type": "Point", "coordinates": [83.9755253, 28.2150097]}}, {"type": "Feature", "properties": {"type": "yes"}, "geometry": {"type": "Point", "coordinates": [83.9773889, 28.216406]}}, {"type": "Feature", "properties": {"type": "yes"}, "geometry": {"type": "Point", "coordinates": [83.9752222, 28.2144787]}}, {"type": "Feature", "properties": {"type": "yes"}, "geometry": {"type": "Point", "coordinates": [83.9770195, 28.2160531]}}, {"type": "Feature", "properties": {"type": "yes"}, "geometry": {"type": "Point", "coordinates": [83.9760115, 28.2155658]}}, {"type": "Feature", "properties": {"type": "yes"}, "geometry": {"type": "Point", "coordinates": [83.9758101, 28.2158509]}}, {"type": "Feature", "properties": {"type": "yes"}, "geometry": {"type": "Point", "coordinates": [83.9791862, 28.2128408]}}, {"type": "Feature", "properties": {"type": "yes"}, "geometry": {"type": "Point", "coordinates": [83.9749881, 28.2134842]}}, {"type": "Feature", "properties": {"type": "yes"}, "geometry": {"type": "Point", "coordinates": [83.9787408, 28.2135855]}}, {"type": "Feature", "properties": {"type": "yes"}, "geometry": {"type": "Point", "coordinates": [83.9783977, 28.2127109]}}, {"type": "Feature", "properties": {"type": "yes"}, "geometry": {"type": "Point", "coordinates": [83.9767725, 28.2131118]}}, {"type": "Feature", "properties": {"type": "yes"}, "geometry": {"type": "Point", "coordinates": [83.9752668, 28.2140457]}}, {"type": "Feature", "properties": {"type": "yes"}, "geometry": {"type": "Point", "coordinates": [83.9769883, 28.2135823]}}, {"type": "Feature", "properties": {"type": "yes"}, "geometry": {"type": "Point", "coordinates": [83.9759074, 28.2138996]}}, {"type": "Feature", "properties": {"type": "yes"}, "geometry": {"type": "Point", "coordinates": [83.9751739, 28.2144944]}}, {"type": "Feature", "properties": {"type": "yes"}, "geometry": {"type": "Point", "coordinates": [83.976367, 28.2149109]}}, {"type": "Feature", "properties": {"type": "yes"}, "geometry": {"type": "Point", "coordinates": [83.9744747, 28.2146244]}}, {"type": "Feature", "properties": {"type": "yes"}, "geometry": {"type": "Point", "coordinates": [83.9754006, 28.2142586]}}, {"type": "Feature", "properties": {"type": "yes"}, "geometry": {"type": "Point", "coordinates": [83.9750199, 28.2131361]}}, {"type": "Feature", "properties": {"type": "yes"}, "geometry": {"type": "Point", "coordinates": [83.9746123, 28.2150933]}}, {"type": "Feature", "properties": {"type": "yes"}, "geometry": {"type": "Point", "coordinates": [83.9777903, 28.2125765]}}, {"type": "Feature", "properties": {"type": "yes"}, "geometry": {"type": "Point", "coordinates": [83.974598, 28.2168767]}}, {"type": "Feature", "properties": {"type": "yes"}, "geometry": {"type": "Point", "coordinates": [83.9781187, 28.212861]}}, {"type": "Feature", "properties": {"type": "yes"}, "geometry": {"type": "Point", "coordinates": [83.9774642, 28.2161022]}}, {"type": "Feature", "properties": {"type": "yes"}, "geometry": {"type": "Point", "coordinates": [83.9759698, 28.2152607]}}, {"type": "Feature", "properties": {"type": "yes"}, "geometry": {"type": "Point", "coordinates": [83.9749248, 28.2131752]}}, {"type": "Feature", "properties": {"type": "yes"}, "geometry": {"type": "Point", "coordinates": [83.9743102, 28.2160704]}}, {"type": "Feature", "properties": {"type": "yes"}, "geometry": {"type": "Point", "coordinates": [83.9744975, 28.2134501]}}, {"type": "Feature", "properties": {"type": "yes"}, "geometry": {"type": "Point", "coordinates": [83.9741232, 28.216754]}}, {"type": "Feature", "properties": {"type": "yes"}, "geometry": {"type": "Point", "coordinates": [83.974868, 28.214941]}}, {"type": "Feature", "properties": {"type": "yes"}, "geometry": {"type": "Point", "coordinates": [83.9749021, 28.2161667]}}, {"type": "Feature", "properties": {"type": "yes"}, "geometry": {"type": "Point", "coordinates": [83.9757651, 28.2150153]}}, {"type": "Feature", "properties": {"type": "yes"}, "geometry": {"type": "Point", "coordinates": [83.9776212, 28.2163261]}}, {"type": "Feature", "properties": {"type": "yes"}, "geometry": {"type": "Point", "coordinates": [83.9757786, 28.215662]}}, {"type": "Feature", "properties": {"type": "yes"}, "geometry": {"type": "Point", "coordinates": [83.9750677, 28.2140405]}}, {"type": "Feature", "properties": {"type": "yes"}, "geometry": {"type": "Point", "coordinates": [83.9760298, 28.2132183]}}, {"type": "Feature", "properties": {"type": "yes"}, "geometry": {"type": "Point", "coordinates": [83.9743616, 28.2163088]}}, {"type": "Feature", "properties": {"name": "Er. Arun Residence", "type": "house"}, "geometry": {"type": "Point", "coordinates": [83.9759535, 28.2159646]}}, {"type": "Feature", "properties": {"type": "yes"}, "geometry": {"type": "Point", "coordinates": [83.9762905, 28.2148307]}}, {"type": "Feature", "properties": {"type": "yes"}, "geometry": {"type": "Point", "coordinates": [83.9766654, 28.2131306]}}, {"type": "Feature", "properties": {"type": "yes"}, "geometry": {"type": "Point", "coordinates": [83.9747715, 28.2136912]}}, {"type": "Feature", "properties": {"type": "yes"}, "geometry": {"type": "Point", "coordinates": [83.9765837, 28.2152924]}}, {"type": "Feature", "properties": {"type": "yes"}, "geometry": {"type": "Point", "coordinates": [83.9765226, 28.215139]}}, {"type": "Feature", "properties": {"type": "yes"}, "geometry": {"type": "Point", "coordinates": [83.9767007, 28.2160849]}}, {"type": "Feature", "properties": {"type": "yes"}, "geometry": {"type": "Point", "coordinates": [83.9749401, 28.2137095]}}, {"type": "Feature", "properties": {"type": "yes"}, "geometry": {"type": "Point", "coordinates": [83.974701, 28.2152313]}}, {"type": "Feature", "properties": {"type": "yes"}, "geometry": {"type": "Point", "coordinates": [83.97443, 28.2138315]}}, {"type": "Feature", "properties": {"type": "yes"}, "geometry": {"type": "Point", "coordinates": [83.9780025, 28.2128531]}}, {"type": "Feature", "properties": {"type": "yes"}, "geometry": {"type": "Point", "coordinates": [83.9765139, 28.2152573]}}, {"type": "Feature", "properties": {"type": "yes"}, "geometry": {"type": "Point", "coordinates": [83.9748286, 28.2146386]}}, {"type": "Feature", "properties": {"type": "yes"}, "geometry": {"type": "Point", "coordinates": [83.9746619, 28.2157635]}}, {"type": "Feature", "properties": {"type": "yes"}, "geometry": {"type": "Point", "coordinates": [83.9758565, 28.2134229]}}, {"type": "Feature", "properties": {"type": "yes"}, "geometry": {"type": "Point", "coordinates": [83.9751046, 28.213443]}}, {"type": "Feature", "properties": {"type": "yes"}, "geometry": {"type": "Point", "coordinates": [83.9790876, 28.2127022]}}, {"type": "Feature", "properties": {"type": "yes"}, "geometry": {"type": "Point", "coordinates": [83.9776814, 28.2127791]}}, {"type": "Feature", "properties": {"type": "yes"}, "geometry": {"type": "Point", "coordinates": [83.9791745, 28.2134505]}}, {"type": "Feature", "properties": {"type": "yes"}, "geometry": {"type": "Point", "coordinates": [83.9760549, 28.2145666]}}, {"type": "Feature", "properties": {"type": "yes"}, "geometry": {"type": "Point", "coordinates": [83.9750937, 28.2145073]}}, {"type": "Feature", "properties": {"type": "yes"}, "geometry": {"type": "Point", "coordinates": [83.976999, 28.2158947]}}, {"type": "Feature", "properties": {"type": "yes"}, "geometry": {"type": "Point", "coordinates": [83.9740384, 28.2160066]}}, {"type": "Feature", "properties": {"type": "yes"}, "geometry": {"type": "Point", "coordinates": [83.9761273, 28.2160157]}}, {"type": "Feature", "properties": {"type": "yes"}, "geometry": {"type": "Point", "coordinates": [83.9741066, 28.214071]}}, {"type": "Feature", "properties": {"type": "yes"}, "geometry": {"type": "Point", "coordinates": [83.9766888, 28.215489]}}, {"type": "Feature", "properties": {"type": "yes"}, "geometry": {"type": "Point", "coordinates": [83.9742149, 28.2156824]}}, {"type": "Feature", "properties": {"type": "yes"}, "geometry": {"type": "Point", "coordinates": [83.9780908, 28.2130884]}}, {"type": "Feature", "properties": {"type": "yes"}, "geometry": {"type": "Point", "coordinates": [83.9742625, 28.2140903]}}, {"type": "Feature", "properties": {"type": "yes"}, "geometry": {"type": "Point", "coordinates": [83.9753641, 28.2151567]}}, {"type": "Feature", "properties": {"type": "yes"}, "geometry": {"type": "Point", "coordinates": [83.9764435, 28.2151965]}}, {"type": "Feature", "properties": {"type": "yes"}, "geometry": {"type": "Point", "coordinates": [83.9747022, 28.2142578]}}, {"type": "Feature", "properties": {"type": "yes"}, "geometry": {"type": "Point", "coordinates": [83.9766391, 28.2159296]}}, {"type": "Feature", "properties": {"type": "yes"}, "geometry": {"type": "Point", "coordinates": [83.9753101, 28.2133562]}}, {"type": "Feature", "properties": {"type": "yes"}, "geometry": {"type": "Point", "coordinates": [83.9752165, 28.2145679]}}, {"type": "Feature", "properties": {"type": "yes"}, "geometry": {"type": "Point", "coordinates": [83.9742878, 28.2142691]}}, {"type": "Feature", "properties": {"type": "yes"}, "geometry": {"type": "Point", "coordinates": [83.9776597, 28.2129994]}}, {"type": "Feature", "properties": {"type": "yes"}, "geometry": {"type": "Point", "coordinates": [83.9769974, 28.2166679]}}, {"type": "Feature", "properties": {"type": "yes"}, "geometry": {"type": "Point", "coordinates": [83.9757798, 28.2131994]}}, {"type": "Feature", "properties": {"type": "yes"}, "geometry": {"type": "Point", "coordinates": [83.9765925, 28.2157617]}}, {"type": "Feature", "properties": {"type": "yes"}, "geometry": {"type": "Point", "coordinates": [83.9745772, 28.2137762]}}, {"type": "Feature", "properties": {"type": "yes"}, "geometry": {"type": "Point", "coordinates": [83.9768324, 28.2164228]}}, {"type": "Feature", "properties": {"type": "yes"}, "geometry": {"type": "Point", "coordinates": [83.974825, 28.2147109]}}, {"type": "Feature", "properties": {"type": "yes"}, "geometry": {"type": "Point", "coordinates": [83.9758495, 28.2140355]}}, {"type": "Feature", "properties": {"type": "yes"}, "geometry": {"type": "Point", "coordinates": [83.9790436, 28.2130725]}}, {"type": "Feature", "properties": {"type": "yes"}, "geometry": {"type": "Point", "coordinates": [83.9740833, 28.2137045]}}, {"type": "Feature", "properties": {"type": "yes"}, "geometry": {"type": "Point", "coordinates": [83.9772819, 28.2164646]}}, {"type": "Feature", "properties": {"type": "yes"}, "geometry": {"type": "Point", "coordinates": [83.9750136, 28.2161701]}}, {"type": "Feature", "properties": {"type": "yes"}, "geometry": {"type": "Point", "coordinates": [83.9744147, 28.2145607]}}, {"type": "Feature", "properties": {"type": "yes"}, "geometry": {"type": "Point", "coordinates": [83.9740678, 28.2158751]}}, {"type": "Feature", "properties": {"type": "yes"}, "geometry": {"type": "Point", "coordinates": [83.9760137, 28.2137315]}}, {"type": "Feature", "properties": {"type": "yes"}, "geometry": {"type": "Point", "coordinates": [83.9759473, 28.2151671]}}, {"type": "Feature", "properties": {"type": "yes"}, "geometry": {"type": "Point", "coordinates": [83.974486, 28.2167927]}}, {"type": "Feature", "properties": {"type": "yes"}, "geometry": {"type": "Point", "coordinates": [83.9740541, 28.2146749]}}, {"type": "Feature", "properties": {"type": "yes"}, "geometry": {"type": "Point", "coordinates": [83.9768747, 28.2166157]}}, {"type": "Feature", "properties": {"type": "yes"}, "geometry": {"type": "Point", "coordinates": [83.974431, 28.2158401]}}, {"type": "Feature", "properties": {"type": "yes"}, "geometry": {"type": "Point", "coordinates": [83.9762034, 28.2161594]}}, {"type": "Feature", "properties": {"type": "yes"}, "geometry": {"type": "Point", "coordinates": [83.9785777, 28.2129778]}}, {"type": "Feature", "properties": {"type": "yes"}, "geometry": {"type": "Point", "coordinates": [83.9742665, 28.2166359]}}, {"type": "Feature", "properties": {"type": "yes"}, "geometry": {"type": "Point", "coordinates": [83.9750207, 28.215095]}}, {"type": "Feature", "properties": {"type": "yes"}, "geometry": {"type": "Point", "coordinates": [83.9768509, 28.2133293]}}, {"type": "Feature", "properties": {"type": "yes"}, "geometry": {"type": "Point", "coordinates": [83.976193, 28.2133055]}}, {"type": "Feature", "properties": {"type": "yes"}, "geometry": {"type": "Point", "coordinates": [83.9763778, 28.2138622]}}, {"type": "Feature", "properties": {"type": "yes"}, "geometry": {"type": "Point", "coordinates": [83.9777675, 28.2130029]}}, {"type": "Feature", "properties": {"type": "yes"}, "geometry": {"type": "Point", "coordinates": [83.9791517, 28.2160522]}}, {"type": "Feature", "properties": {"type": "yes"}, "geometry": {"type": "Point", "coordinates": [83.9775738, 28.2139312]}}, {"type": "Feature", "properties": {"type": "yes"}, "geometry": {"type": "Point", "coordinates": [83.9778764, 28.2141767]}}, {"type": "Feature", "properties": {"type": "yes"}, "geometry": {"type": "Point", "coordinates": [83.9775999, 28.2136887]}}, {"type": "Feature", "properties": {"type": "yes"}, "geometry": {"type": "Point", "coordinates": [83.9780718, 28.2153912]}}, {"type": "Feature", "properties": {"type": "yes"}, "geometry": {"type": "Point", "coordinates": [83.9788201, 28.2163409]}}, {"type": "Feature", "properties": {"type": "yes"}, "geometry": {"type": "Point", "coordinates": [83.9780248, 28.2138285]}}, {"type": "Feature", "properties": {"type": "yes"}, "geometry": {"type": "Point", "coordinates": [83.978778, 28.2153455]}}, {"type": "Feature", "properties": {"type": "yes"}, "geometry": {"type": "Point", "coordinates": [83.9790755, 28.2152828]}}, {"type": "Feature", "properties": {"type": "yes"}, "geometry": {"type": "Point", "coordinates": [83.9771055, 28.2141052]}}, {"type": "Feature", "properties": {"type": "yes"}, "geometry": {"type": "Point", "coordinates": [83.9777725, 28.2136292]}}, {"type": "Feature", "properties": {"type": "yes"}, "geometry": {"type": "Point", "coordinates": [83.9778411, 28.2146742]}}, {"type": "Feature", "properties": {"type": "yes"}, "geometry": {"type": "Point", "coordinates": [83.9769175, 28.2150588]}}, {"type": "Feature", "properties": {"type": "yes"}, "geometry": {"type": "Point", "coordinates": [83.9782378, 28.2155646]}}, {"type": "Feature", "properties": {"type": "yes"}, "geometry": {"type": "Point", "coordinates": [83.9777469, 28.2149743]}}, {"type": "Feature", "properties": {"type": "yes"}, "geometry": {"type": "Point", "coordinates": [83.9784331, 28.2142896]}}, {"type": "Feature", "properties": {"type": "yes"}, "geometry": {"type": "Point", "coordinates": [83.9793705, 28.2162852]}}, {"type": "Feature", "properties": {"type": "yes"}, "geometry": {"type": "Point", "coordinates": [83.9775419, 28.2155532]}}, {"type": "Feature", "properties": {"type": "yes"}, "geometry": {"type": "Point", "coordinates": [83.977685, 28.2146815]}}, {"type": "Feature", "properties": {"type": "yes"}, "geometry": {"type": "Point", "coordinates": [83.9770785, 28.2148534]}}, {"type": "Feature", "properties": {"type": "yes"}, "geometry": {"type": "Point", "coordinates": [83.9769783, 28.2145158]}}, {"type": "Feature", "properties": {"type": "yes"}, "geometry": {"type": "Point", "coordinates": [83.9786926, 28.2153807]}}, {"type": "Feature", "properties": {"type": "yes"}, "geometry": {"type": "Point", "coordinates": [83.9786476, 28.2165009]}}, {"type": "Feature", "properties": {"type": "yes"}, "geometry": {"type": "Point", "coordinates": [83.9772954, 28.2140028]}}, {"type": "Feature", "properties": {"type": "yes"}, "geometry": {"type": "Point", "coordinates": [83.9764103, 28.2141392]}}, {"type": "Feature", "properties": {"type": "yes"}, "geometry": {"type": "Point", "coordinates": [83.9791283, 28.2164012]}}, {"type": "Feature", "properties": {"type": "yes"}, "geometry": {"type": "Point", "coordinates": [83.9768889, 28.2135557]}}, {"type": "Feature", "properties": {"type": "yes"}, "geometry": {"type": "Point", "coordinates": [83.9779588, 28.2135869]}}, {"type": "Feature", "properties": {"type": "yes"}, "geometry": {"type": "Point", "coordinates": [83.9779653, 28.2158708]}}, {"type": "Feature", "properties": {"type": "yes"}, "geometry": {"type": "Point", "coordinates": [83.9792053, 28.2154454]}}, {"type": "Feature", "properties": {"type": "yes"}, "geometry": {"type": "Point", "coordinates": [83.9783365, 28.2157642]}}, {"type": "Feature", "properties": {"type": "yes"}, "geometry": {"type": "Point", "coordinates": [83.9793085, 28.2159479]}}, {"type": "Feature", "properties": {"type": "yes"}, "geometry": {"type": "Point", "coordinates": [83.9780647, 28.2135257]}}, {"type": "Feature", "properties": {"type": "yes"}, "geometry": {"type": "Point", "coordinates": [83.977436, 28.214846]}}, {"type": "Feature", "properties": {"type": "yes"}, "geometry": {"type": "Point", "coordinates": [83.9784643, 28.2141888]}}, {"type": "Feature", "properties": {"type": "yes"}, "geometry": {"type": "Point", "coordinates": [83.9767417, 28.2146871]}}, {"type": "Feature", "properties": {"type": "yes"}, "geometry": {"type": "Point", "coordinates": [83.9777358, 28.2154915]}}, {"type": "Feature", "properties": {"type": "yes"}, "geometry": {"type": "Point", "coordinates": [83.9776021, 28.214667]}}, {"type": "Feature", "properties": {"type": "yes"}, "geometry": {"type": "Point", "coordinates": [83.9787145, 28.2139928]}}, {"type": "Feature", "properties": {"type": "yes"}, "geometry": {"type": "Point", "coordinates": [83.9767712, 28.2148886]}}, {"type": "Feature", "properties": {"type": "yes"}, "geometry": {"type": "Point", "coordinates": [83.9784761, 28.2164603]}}, {"type": "Feature", "properties": {"type": "yes"}, "geometry": {"type": "Point", "coordinates": [83.9783076, 28.2138167]}}, {"type": "Feature", "properties": {"type": "yes"}, "geometry": {"type": "Point", "coordinates": [83.9790962, 28.2139089]}}, {"type": "Feature", "properties": {"type": "yes"}, "geometry": {"type": "Point", "coordinates": [83.9779106, 28.2134511]}}, {"type": "Feature", "properties": {"type": "yes"}, "geometry": {"type": "Point", "coordinates": [83.9789149, 28.2164578]}}, {"type": "Feature", "properties": {"type": "yes"}, "geometry": {"type": "Point", "coordinates": [83.9777194, 28.2142439]}}, {"type": "Feature", "properties": {"type": "yes"}, "geometry": {"type": "Point", "coordinates": [83.9769837, 28.2142404]}}, {"type": "Feature", "properties": {"type": "yes"}, "geometry": {"type": "Point", "coordinates": [83.9791462, 28.2152605]}}, {"type": "Feature", "properties": {"type": "yes"}, "geometry": {"type": "Point", "coordinates": [83.9783349, 28.2147101]}}, {"type": "Feature", "properties": {"type": "yes"}, "geometry": {"type": "Point", "coordinates": [83.978736, 28.2163642]}}, {"type": "Feature", "properties": {"name": "Akshyar Montessori", "type": "yes"}, "geometry": {"type": "Point", "coordinates": [83.9792781, 28.2156891]}}, {"type": "Feature", "properties": {"type": "yes"}, "geometry": {"type": "Point", "coordinates": [83.9775592, 28.2134532]}}, {"type": "Feature", "properties": {"type": "yes"}, "geometry": {"type": "Point", "coordinates": [83.9778958, 28.2163366]}}, {"type": "Feature", "properties": {"type": "yes"}, "geometry": {"type": "Point", "coordinates": [83.9772917, 28.2136848]}}, {"type": "Feature", "properties": {"type": "yes"}, "geometry": {"type": "Point", "coordinates": [83.9789874, 28.2153123]}}, {"type": "Feature", "properties": {"type": "yes"}, "geometry": {"type": "Point", "coordinates": [83.9786671, 28.2139038]}}, {"type": "Feature", "properties": {"type": "yes"}, "geometry": {"type": "Point", "coordinates": [83.9772107, 28.214889]}}, {"type": "Feature", "properties": {"type": "yes"}, "geometry": {"type": "Point", "coordinates": [83.9781361, 28.2139263]}}, {"type": "Feature", "properties": {"type": "yes"}, "geometry": {"type": "Point", "coordinates": [83.9787994, 28.2140199]}}, {"type": "Feature", "properties": {"type": "yes"}, "geometry": {"type": "Point", "coordinates": [83.9778162, 28.2144915]}}, {"type": "Feature", "properties": {"type": "yes"}, "geometry": {"type": "Point", "coordinates": [83.9782307, 28.2160954]}}, {"type": "Feature", "properties": {"type": "yes"}, "geometry": {"type": "Point", "coordinates": [83.979388, 28.2161913]}}, {"type": "Feature", "properties": {"type": "yes"}, "geometry": {"type": "Point", "coordinates": [83.9784528, 28.2148221]}}, {"type": "Feature", "properties": {"type": "yes"}, "geometry": {"type": "Point", "coordinates": [83.9770163, 28.2152565]}}, {"type": "Feature", "properties": {"type": "yes"}, "geometry": {"type": "Point", "coordinates": [83.9788036, 28.2164983]}}, {"type": "Feature", "properties": {"type": "yes"}, "geometry": {"type": "Point", "coordinates": [83.9786041, 28.2154085]}}, {"type": "Feature", "properties": {"type": "yes"}, "geometry": {"type": "Point", "coordinates": [83.9781524, 28.2135029]}}, {"type": "Feature", "properties": {"type": "yes"}, "geometry": {"type": "Point", "coordinates": [83.9771448, 28.2144917]}}, {"type": "Feature", "properties": {"type": "yes"}, "geometry": {"type": "Point", "coordinates": [83.977834, 28.2161835]}}, {"type": "Feature", "properties": {"type": "yes"}, "geometry": {"type": "Point", "coordinates": [83.9788705, 28.2153111]}}, {"type": "Feature", "properties": {"type": "yes"}, "geometry": {"type": "Point", "coordinates": [83.9773555, 28.214876]}}, {"type": "Feature", "properties": {"type": "yes"}, "geometry": {"type": "Point", "coordinates": [83.9778856, 28.2138136]}}, {"type": "Feature", "properties": {"type": "yes"}, "geometry": {"type": "Point", "coordinates": [83.9792178, 28.2140658]}}, {"type": "Feature", "properties": {"type": "yes"}, "geometry": {"type": "Point", "coordinates": [83.9783022, 28.2160882]}}, {"type": "Feature", "properties": {"type": "yes"}, "geometry": {"type": "Point", "coordinates": [83.9778629, 28.215477]}}, {"type": "Feature", "properties": {"type": "yes"}, "geometry": {"type": "Point", "coordinates": [83.9780904, 28.214066]}}, {"type": "Feature", "properties": {"type": "yes"}, "geometry": {"type": "Point", "coordinates": [83.9779377, 28.2161376]}}, {"type": "Feature", "properties": {"type": "yes"}, "geometry": {"type": "Point", "coordinates": [83.9782016, 28.2144872]}}, {"type": "Feature", "properties": {"name": "Phirke Tamu Samaj Ghar", "type": "yes"}, "geometry": {"type": "Point", "coordinates": [83.9792321, 28.2146475]}}, {"type": "Feature", "properties": {"type": "yes"}, "geometry": {"type": "Point", "coordinates": [83.9776454, 28.2155287]}}, {"type": "Feature", "properties": {"type": "yes"}, "geometry": {"type": "Point", "coordinates": [83.9773333, 28.2159893]}}, {"type": "Feature", "properties": {"type": "yes"}, "geometry": {"type": "Point", "coordinates": [83.9782091, 28.2133679]}}, {"type": "Feature", "properties": {"type": "yes"}, "geometry": {"type": "Point", "coordinates": [83.9783722, 28.2165916]}}, {"type": "Feature", "properties": {"type": "yes"}, "geometry": {"type": "Point", "coordinates": [83.9776457, 28.2142834]}}, {"type": "Feature", "properties": {"type": "yes"}, "geometry": {"type": "Point", "coordinates": [83.9767285, 28.215159]}}, {"type": "Feature", "properties": {"type": "yes"}, "geometry": {"type": "Point", "coordinates": [83.9764641, 28.2140256]}}, {"type": "Feature", "properties": {"type": "yes"}, "geometry": {"type": "Point", "coordinates": [83.9788304, 28.2155709]}}, {"type": "Feature", "properties": {"type": "yes"}, "geometry": {"type": "Point", "coordinates": [83.9771815, 28.213814]}}, {"type": "Feature", "properties": {"type": "yes"}, "geometry": {"type": "Point", "coordinates": [83.9788829, 28.2145335]}}, {"type": "Feature", "properties": {"type": "yes"}, "geometry": {"type": "Point", "coordinates": [83.9781404, 28.2161159]}}, {"type": "Feature", "properties": {"type": "yes"}, "geometry": {"type": "Point", "coordinates": [83.9766911, 28.2141305]}}, {"type": "Feature", "properties": {"type": "yes"}, "geometry": {"type": "Point", "coordinates": [83.9777079, 28.2140921]}}, {"type": "Feature", "properties": {"type": "yes"}, "geometry": {"type": "Point", "coordinates": [83.9779604, 28.2139593]}}, {"type": "Feature", "properties": {"type": "yes"}, "geometry": {"type": "Point", "coordinates": [83.9772605, 28.2141841]}}, {"type": "Feature", "properties": {"type": "yes"}, "geometry": {"type": "Point", "coordinates": [83.977455, 28.2135157]}}, {"type": "Feature", "properties": {"type": "yes"}, "geometry": {"type": "Point", "coordinates": [83.9781096, 28.2156302]}}, {"type": "Feature", "properties": {"type": "yes"}, "geometry": {"type": "Point", "coordinates": [83.9790659, 28.2145776]}}, {"type": "Feature", "properties": {"type": "yes"}, "geometry": {"type": "Point", "coordinates": [83.9781832, 28.2133089]}}, {"type": "Feature", "properties": {"type": "yes"}, "geometry": {"type": "Point", "coordinates": [83.9775327, 28.2143356]}}, {"type": "Feature", "properties": {"type": "yes"}, "geometry": {"type": "Point", "coordinates": [83.9775011, 28.2146482]}}, {"type": "Feature", "properties": {"type": "yes"}, "geometry": {"type": "Point", "coordinates": [83.9789018, 28.2160463]}}, {"type": "Feature", "properties": {"type": "yes"}, "geometry": {"type": "Point", "coordinates": [83.9777679, 28.2146799]}}, {"type": "Feature", "properties": {"type": "yes"}, "geometry": {"type": "Point", "coordinates": [83.9779555, 28.2150244]}}, {"type": "Feature", "properties": {"type": "yes"}, "geometry": {"type": "Point", "coordinates": [83.978692, 28.2146748]}}, {"type": "Feature", "properties": {"type": "yes"}, "geometry": {"type": "Point", "coordinates": [83.9765982, 28.2147359]}}, {"type": "Feature", "properties": {"type": "yes"}, "geometry": {"type": "Point", "coordinates": [83.9778979, 28.213292]}}, {"type": "Feature", "properties": {"type": "yes"}, "geometry": {"type": "Point", "coordinates": [83.9777908, 28.2142166]}}, {"type": "Feature", "properties": {"type": "yes"}, "geometry": {"type": "Point", "coordinates": [83.9785809, 28.2138558]}}, {"type": "Feature", "properties": {"type": "yes"}, "geometry": {"type": "Point", "coordinates": [83.9775694, 28.2141516]}}, {"type": "Feature", "properties": {"type": "yes"}, "geometry": {"type": "Point", "coordinates": [83.9777366, 28.2138546]}}, {"type": "Feature", "properties": {"type": "yes"}, "geometry": {"type": "Point", "coordinates": [83.9780148, 28.2141048]}}, {"type": "Feature", "properties": {"type": "yes"}, "geometry": {"type": "Point", "coordinates": [83.9780018, 28.2156442]}}, {"type": "Feature", "properties": {"type": "yes"}, "geometry": {"type": "Point", "coordinates": [83.9774215, 28.2137434]}}, {"type": "Feature", "properties": {"type": "yes"}, "geometry": {"type": "Point", "coordinates": [83.9778175, 28.2140251]}}, {"type": "Feature", "properties": {"type": "yes"}, "geometry": {"type": "Point", "coordinates": [83.9776256, 28.2148215]}}, {"type": "Feature", "properties": {"type": "yes"}, "geometry": {"type": "Point", "coordinates": [83.9787435, 28.2158818]}}, {"type": "Feature", "properties": {"type": "yes"}, "geometry": {"type": "Point", "coordinates": [83.9777801, 28.2157414]}}, {"type": "Feature", "properties": {"type": "yes"}, "geometry": {"type": "Point", "coordinates": [83.9771441, 28.2153471]}}, {"type": "Feature", "properties": {"type": "yes"}, "geometry": {"type": "Point", "coordinates": [83.9770374, 28.2150392]}}, {"type": "Feature", "properties": {"type": "yes"}, "geometry": {"type": "Point", "coordinates": [83.9778883, 28.2149138]}}, {"type": "Feature", "properties": {"type": "yes"}, "geometry": {"type": "Point", "coordinates": [83.9705095, 28.2125644]}}, {"type": "Feature", "properties": {"type": "yes"}, "geometry": {"type": "Point", "coordinates": [83.9706694, 28.2144153]}}, {"type": "Feature", "properties": {"name": "Himchuli Party Palace and Catering Service", "type": "yes"}, "geometry": {"type": "Point", "coordinates": [83.9697335, 28.2125792]}}, {"type": "Feature", "properties": {"type": "yes"}, "geometry": {"type": "Point", "coordinates": [83.9690553, 28.2132958]}}, {"type": "Feature", "properties": {"type": "yes"}, "geometry": {"type": "Point", "coordinates": [83.9691862, 28.2136906]}}, {"type": "Feature", "properties": {"type": "yes"}, "geometry": {"type": "Point", "coordinates": [83.9703767, 28.2126357]}}, {"type": "Feature", "properties": {"type": "yes"}, "geometry": {"type": "Point", "coordinates": [83.9688163, 28.2131601]}}, {"type": "Feature", "properties": {"type": "yes"}, "geometry": {"type": "Point", "coordinates": [83.9687718, 28.2128119]}}, {"type": "Feature", "properties": {"type": "yes"}, "geometry": {"type": "Point", "coordinates": [83.9706689, 28.2128211]}}, {"type": "Feature", "properties": {"type": "yes"}, "geometry": {"type": "Point", "coordinates": [83.9701001, 28.2130646]}}, {"type": "Feature", "properties": {"type": "yes"}, "geometry": {"type": "Point", "coordinates": [83.969875, 28.2129904]}}, {"type": "Feature", "properties": {"type": "yes"}, "geometry": {"type": "Point", "coordinates": [83.9708994, 28.2142155]}}, {"type": "Feature", "properties": {"type": "yes"}, "geometry": {"type": "Point", "coordinates": [83.9695562, 28.2141301]}}, {"type": "Feature", "properties": {"type": "yes"}, "geometry": {"type": "Point", "coordinates": [83.9692027, 28.2142479]}}, {"type": "Feature", "properties": {"type": "yes"}, "geometry": {"type": "Point", "coordinates": [83.9691117, 28.2133429]}}, {"type": "Feature", "properties": {"type": "yes"}, "geometry": {"type": "Point", "coordinates": [83.9696898, 28.2140118]}}, {"type": "Feature", "properties": {"type": "yes"}, "geometry": {"type": "Point", "coordinates": [83.9697747, 28.213261]}}, {"type": "Feature", "properties": {"type": "yes"}, "geometry": {"type": "Point", "coordinates": [83.9694339, 28.2142572]}}, {"type": "Feature", "properties": {"type": "yes"}, "geometry": {"type": "Point", "coordinates": [83.9701443, 28.2131004]}}, {"type": "Feature", "properties": {"type": "yes"}, "geometry": {"type": "Point", "coordinates": [83.9696258, 28.2140817]}}, {"type": "Feature", "properties": {"type": "yes"}, "geometry": {"type": "Point", "coordinates": [83.9689659, 28.2131047]}}, {"type": "Feature", "properties": {"type": "yes"}, "geometry": {"type": "Point", "coordinates": [83.9689599, 28.2129154]}}, {"type": "Feature", "properties": {"type": "yes"}, "geometry": {"type": "Point", "coordinates": [83.9685478, 28.2137392]}}, {"type": "Feature", "properties": {"type": "yes"}, "geometry": {"type": "Point", "coordinates": [83.9707516, 28.2129543]}}, {"type": "Feature", "properties": {"type": "yes"}, "geometry": {"type": "Point", "coordinates": [83.9690907, 28.2132231]}}, {"type": "Feature", "properties": {"type": "yes"}, "geometry": {"type": "Point", "coordinates": [83.9686576, 28.2128952]}}, {"type": "Feature", "properties": {"type": "yes"}, "geometry": {"type": "Point", "coordinates": [83.9698366, 28.213817]}}, {"type": "Feature", "properties": {"type": "yes"}, "geometry": {"type": "Point", "coordinates": [83.9687065, 28.2132193]}}, {"type": "Feature", "properties": {"type": "yes"}, "geometry": {"type": "Point", "coordinates": [83.9687801, 28.213455]}}, {"type": "Feature", "properties": {"type": "yes"}, "geometry": {"type": "Point", "coordinates": [83.970721, 28.2127919]}}, {"type": "Feature", "properties": {"type": "yes"}, "geometry": {"type": "Point", "coordinates": [83.9693426, 28.2137414]}}, {"type": "Feature", "properties": {"type": "yes"}, "geometry": {"type": "Point", "coordinates": [83.9700192, 28.2126302]}}, {"type": "Feature", "properties": {"type": "yes"}, "geometry": {"type": "Point", "coordinates": [83.9704865, 28.2125072]}}, {"type": "Feature", "properties": {"type": "yes"}, "geometry": {"type": "Point", "coordinates": [83.9685732, 28.2126659]}}, {"type": "Feature", "properties": {"type": "yes"}, "geometry": {"type": "Point", "coordinates": [83.9699522, 28.2125283]}}, {"type": "Feature", "properties": {"type": "yes"}, "geometry": {"type": "Point", "coordinates": [83.9693067, 28.2144379]}}, {"type": "Feature", "properties": {"type": "yes"}, "geometry": {"type": "Point", "coordinates": [83.9696736, 28.212509]}}, {"type": "Feature", "properties": {"type": "yes"}, "geometry": {"type": "Point", "coordinates": [83.9705985, 28.2141883]}}, {"type": "Feature", "properties": {"type": "yes"}, "geometry": {"type": "Point", "coordinates": [83.9699108, 28.2138989]}}, {"type": "Feature", "properties": {"type": "yes"}, "geometry": {"type": "Point", "coordinates": [83.970631, 28.2142513]}}, {"type": "Feature", "properties": {"type": "yes"}, "geometry": {"type": "Point", "coordinates": [83.9703725, 28.2135587]}}, {"type": "Feature", "properties": {"name": "SOS Bahini Nepal( Didi Bahini Bachau)", "type": "yes"}, "geometry": {"type": "Point", "coordinates": [83.9691689, 28.2134905]}}, {"type": "Feature", "properties": {"type": "yes"}, "geometry": {"type": "Point", "coordinates": [83.970293, 28.2125406]}}, {"type": "Feature", "properties": {"type": "yes"}, "geometry": {"type": "Point", "coordinates": [83.9696426, 28.2135019]}}, {"type": "Feature", "properties": {"type": "yes"}, "geometry": {"type": "Point", "coordinates": [83.9695007, 28.214219]}}, {"type": "Feature", "properties": {"type": "yes"}, "geometry": {"type": "Point", "coordinates": [83.9689621, 28.2136081]}}, {"type": "Feature", "properties": {"type": "yes"}, "geometry": {"type": "Point", "coordinates": [83.9697582, 28.2138846]}}, {"type": "Feature", "properties": {"type": "yes"}, "geometry": {"type": "Point", "coordinates": [83.9687632, 28.2137402]}}, {"type": "Feature", "properties": {"type": "yes"}, "geometry": {"type": "Point", "coordinates": [83.9693744, 28.2145152]}}, {"type": "Feature", "properties": {"type": "yes"}, "geometry": {"type": "Point", "coordinates": [83.9694468, 28.2147207]}}, {"type": "Feature", "properties": {"type": "yes"}, "geometry": {"type": "Point", "coordinates": [83.9702453, 28.2139051]}}, {"type": "Feature", "properties": {"type": "yes"}, "geometry": {"type": "Point", "coordinates": [83.9706529, 28.2129897]}}, {"type": "Feature", "properties": {"type": "yes"}, "geometry": {"type": "Point", "coordinates": [83.9691859, 28.2143352]}}, {"type": "Feature", "properties": {"type": "yes"}, "geometry": {"type": "Point", "coordinates": [83.9700226, 28.2125147]}}, {"type": "Feature", "properties": {"type": "yes"}, "geometry": {"type": "Point", "coordinates": [83.969549, 28.2138137]}}, {"type": "Feature", "properties": {"type": "yes"}, "geometry": {"type": "Point", "coordinates": [83.9709366, 28.2143199]}}, {"type": "Feature", "properties": {"type": "yes"}, "geometry": {"type": "Point", "coordinates": [83.9699691, 28.2140517]}}, {"type": "Feature", "properties": {"type": "yes"}, "geometry": {"type": "Point", "coordinates": [83.9694888, 28.2135559]}}, {"type": "Feature", "properties": {"type": "yes"}, "geometry": {"type": "Point", "coordinates": [83.9703874, 28.2133253]}}, {"type": "Feature", "properties": {"type": "yes"}, "geometry": {"type": "Point", "coordinates": [83.9708576, 28.214105]}}, {"type": "Feature", "properties": {"type": "yes"}, "geometry": {"type": "Point", "coordinates": [83.968898, 28.2136494]}}, {"type": "Feature", "properties": {"type": "yes"}, "geometry": {"type": "Point", "coordinates": [83.9700498, 28.2125564]}}, {"type": "Feature", "properties": {"type": "yes"}, "geometry": {"type": "Point", "coordinates": [83.9706219, 28.2143678]}}, {"type": "Feature", "properties": {"type": "yes"}, "geometry": {"type": "Point", "coordinates": [83.9703194, 28.2132271]}}, {"type": "Feature", "properties": {"type": "yes"}, "geometry": {"type": "Point", "coordinates": [83.9699849, 28.2125869]}}, {"type": "Feature", "properties": {"type": "yes"}, "geometry": {"type": "Point", "coordinates": [83.9687109, 28.2133592]}}, {"type": "Feature", "properties": {"type": "yes"}, "geometry": {"type": "Point", "coordinates": [83.9710417, 28.2142918]}}, {"type": "Feature", "properties": {"type": "yes"}, "geometry": {"type": "Point", "coordinates": [83.9705139, 28.2140618]}}, {"type": "Feature", "properties": {"type": "yes"}, "geometry": {"type": "Point", "coordinates": [83.9802391, 28.2149119]}}, {"type": "Feature", "properties": {"type": "yes"}, "geometry": {"type": "Point", "coordinates": [83.9818486, 28.2163189]}}, {"type": "Feature", "properties": {"type": "yes"}, "geometry": {"type": "Point", "coordinates": [83.9833221, 28.2167504]}}, {"type": "Feature", "properties": {"type": "yes"}, "geometry": {"type": "Point", "coordinates": [83.9807808, 28.215725]}}, {"type": "Feature", "properties": {"type": "yes"}, "geometry": {"type": "Point", "coordinates": [83.9813367, 28.2160656]}}, {"type": "Feature", "properties": {"type": "yes"}, "geometry": {"type": "Point", "coordinates": [83.979872, 28.216425]}}, {"type": "Feature", "properties": {"type": "yes"}, "geometry": {"type": "Point", "coordinates": [83.980282, 28.2169447]}}, {"type": "Feature", "properties": {"type": "yes"}, "geometry": {"type": "Point", "coordinates": [83.9820804, 28.2162695]}}, {"type": "Feature", "properties": {"type": "yes"}, "geometry": {"type": "Point", "coordinates": [83.9804208, 28.2168912]}}, {"type": "Feature", "properties": {"type": "yes"}, "geometry": {"type": "Point", "coordinates": [83.9817637, 28.2163639]}}, {"type": "Feature", "properties": {"type": "yes"}, "geometry": {"type": "Point", "coordinates": [83.9819656, 28.2162589]}}, {"type": "Feature", "properties": {"type": "yes"}, "geometry": {"type": "Point", "coordinates": [83.9803404, 28.2159216]}}, {"type": "Feature", "properties": {"type": "yes"}, "geometry": {"type": "Point", "coordinates": [83.9849243, 28.2166404]}}, {"type": "Feature", "properties": {"type": "yes"}, "geometry": {"type": "Point", "coordinates": [83.9827461, 28.2166625]}}, {"type": "Feature", "properties": {"type": "yes"}, "geometry": {"type": "Point", "coordinates": [83.9806324, 28.2169026]}}, {"type": "Feature", "properties": {"type": "yes"}, "geometry": {"type": "Point", "coordinates": [83.9827873, 28.2165415]}}, {"type": "Feature", "properties": {"type": "yes"}, "geometry": {"type": "Point", "coordinates": [83.9828002, 28.2128145]}}, {"type": "Feature", "properties": {"type": "detached"}, "geometry": {"type": "Point", "coordinates": [83.9795511, 28.2146017]}}, {"type": "Feature", "properties": {"type": "yes"}, "geometry": {"type": "Point", "coordinates": [83.9815195, 28.2166682]}}, {"type": "Feature", "properties": {"type": "yes"}, "geometry": {"type": "Point", "coordinates": [83.9828419, 28.2129859]}}, {"type": "Feature", "properties": {"type": "yes"}, "geometry": {"type": "Point", "coordinates": [83.9818777, 28.2128164]}}, {"type": "Feature", "properties": {"type": "yes"}, "geometry": {"type": "Point", "coordinates": [83.981716, 28.2166038]}}, {"type": "Feature", "properties": {"type": "yes"}, "geometry": {"type": "Point", "coordinates": [83.9829185, 28.2167166]}}, {"type": "Feature", "properties": {"type": "yes"}, "geometry": {"type": "Point", "coordinates": [83.9815198, 28.2124799]}}, {"type": "Feature", "properties": {"type": "yes"}, "geometry": {"type": "Point", "coordinates": [83.980942, 28.2156577]}}, {"type": "Feature", "properties": {"type": "yes"}, "geometry": {"type": "Point", "coordinates": [83.9818035, 28.2129392]}}, {"type": "Feature", "properties": {"type": "yes"}, "geometry": {"type": "Point", "coordinates": [83.9804128, 28.2159038]}}, {"type": "Feature", "properties": {"type": "yes"}, "geometry": {"type": "Point", "coordinates": [83.9803552, 28.2161918]}}, {"type": "Feature", "properties": {"type": "yes"}, "geometry": {"type": "Point", "coordinates": [83.9840094, 28.2156118]}}, {"type": "Feature", "properties": {"type": "yes"}, "geometry": {"type": "Point", "coordinates": [83.9804831, 28.215868]}}, {"type": "Feature", "properties": {"type": "yes"}, "geometry": {"type": "Point", "coordinates": [83.9813389, 28.2164975]}}, {"type": "Feature", "properties": {"type": "yes"}, "geometry": {"type": "Point", "coordinates": [83.980586, 28.2169982]}}, {"type": "Feature", "properties": {"type": "yes"}, "geometry": {"type": "Point", "coordinates": [83.9806034, 28.2158092]}}, {"type": "Feature", "properties": {"type": "yes"}, "geometry": {"type": "Point", "coordinates": [83.9808115, 28.216388]}}, {"type": "Feature", "properties": {"type": "yes"}, "geometry": {"type": "Point", "coordinates": [83.9845377, 28.2159583]}}, {"type": "Feature", "properties": {"type": "yes"}, "geometry": {"type": "Point", "coordinates": [83.9815241, 28.2127008]}}, {"type": "Feature", "properties": {"type": "yes"}, "geometry": {"type": "Point", "coordinates": [83.982061, 28.2161268]}}, {"type": "Feature", "properties": {"type": "yes"}, "geometry": {"type": "Point", "coordinates": [83.9815009, 28.2126284]}}, {"type": "Feature", "properties": {"type": "yes"}, "geometry": {"type": "Point", "coordinates": [83.9808337, 28.2168883]}}, {"type": "Feature", "properties": {"type": "yes"}, "geometry": {"type": "Point", "coordinates": [83.982617, 28.2166192]}}, {"type": "Feature", "properties": {"type": "yes"}, "geometry": {"type": "Point", "coordinates": [83.9805864, 28.2168126]}}, {"type": "Feature", "properties": {"type": "yes"}, "geometry": {"type": "Point", "coordinates": [83.9803795, 28.2129285]}}, {"type": "Feature", "properties": {"type": "yes"}, "geometry": {"type": "Point", "coordinates": [83.9827542, 28.2163582]}}, {"type": "Feature", "properties": {"type": "yes"}, "geometry": {"type": "Point", "coordinates": [83.9821977, 28.2142644]}}, {"type": "Feature", "properties": {"type": "yes"}, "geometry": {"type": "Point", "coordinates": [83.9818865, 28.2173019]}}, {"type": "Feature", "properties": {"type": "yes"}, "geometry": {"type": "Point", "coordinates": [83.9816503, 28.2126249]}}, {"type": "Feature", "properties": {"type": "yes"}, "geometry": {"type": "Point", "coordinates": [83.9835424, 28.216481]}}, {"type": "Feature", "properties": {"type": "yes"}, "geometry": {"type": "Point", "coordinates": [83.9807435, 28.2167321]}}, {"type": "Feature", "properties": {"type": "yes"}, "geometry": {"type": "Point", "coordinates": [83.9802784, 28.2164006]}}, {"type": "Feature", "properties": {"type": "yes"}, "geometry": {"type": "Point", "coordinates": [83.9806966, 28.2157694]}}, {"type": "Feature", "properties": {"type": "yes"}, "geometry": {"type": "Point", "coordinates": [83.9844569, 28.2168258]}}, {"type": "Feature", "properties": {"type": "yes"}, "geometry": {"type": "Point", "coordinates": [83.98312, 28.2128376]}}, {"type": "Feature", "properties": {"type": "yes"}, "geometry": {"type": "Point", "coordinates": [83.9818969, 28.2165545]}}, {"type": "Feature", "properties": {"type": "yes"}, "geometry": {"type": "Point", "coordinates": [83.9807191, 28.2164392]}}, {"type": "Feature", "properties": {"type": "yes"}, "geometry": {"type": "Point", "coordinates": [83.9832783, 28.2170157]}}, {"type": "Feature", "properties": {"type": "yes"}, "geometry": {"type": "Point", "coordinates": [83.981872, 28.212987]}}, {"type": "Feature", "properties": {"type": "yes"}, "geometry": {"type": "Point", "coordinates": [83.9800654, 28.2157619]}}, {"type": "Feature", "properties": {"type": "yes"}, "geometry": {"type": "Point", "coordinates": [83.9807969, 28.2159683]}}, {"type": "Feature", "properties": {"type": "yes"}, "geometry": {"type": "Point", "coordinates": [83.983603, 28.2168817]}}, {"type": "Feature", "properties": {"type": "yes"}, "geometry": {"type": "Point", "coordinates": [83.9822329, 28.2143353]}}, {"type": "Feature", "properties": {"type": "yes"}, "geometry": {"type": "Point", "coordinates": [83.9826905, 28.21373]}}, {"type": "Feature", "properties": {"type": "yes"}, "geometry": {"type": "Point", "coordinates": [83.9805205, 28.2160774]}}, {"type": "Feature", "properties": {"type": "yes"}, "geometry": {"type": "Point", "coordinates": [83.9822712, 28.2167141]}}, {"type": "Feature", "properties": {"type": "yes"}, "geometry": {"type": "Point", "coordinates": [83.9832249, 28.2150269]}}, {"type": "Feature", "properties": {"type": "yes"}, "geometry": {"type": "Point", "coordinates": [83.9822397, 28.2166575]}}, {"type": "Feature", "properties": {"type": "yes"}, "geometry": {"type": "Point", "coordinates": [83.9821599, 28.2140981]}}, {"type": "Feature", "properties": {"type": "yes"}, "geometry": {"type": "Point", "coordinates": [83.9806162, 28.2160438]}}, {"type": "Feature", "properties": {"type": "yes"}, "geometry": {"type": "Point", "coordinates": [83.9808675, 28.2156955]}}, {"type": "Feature", "properties": {"type": "yes"}, "geometry": {"type": "Point", "coordinates": [83.9838308, 28.2168492]}}, {"type": "Feature", "properties": {"type": "yes"}, "geometry": {"type": "Point", "coordinates": [83.9812447, 28.2160762]}}, {"type": "Feature", "properties": {"type": "yes"}, "geometry": {"type": "Point", "coordinates": [83.982049, 28.2128715]}}, {"type": "Feature", "properties": {"type": "yes"}, "geometry": {"type": "Point", "coordinates": [83.9824128, 28.2166116]}}, {"type": "Feature", "properties": {"type": "yes"}, "geometry": {"type": "Point", "coordinates": [83.9810277, 28.215625]}}, {"type": "Feature", "properties": {"type": "yes"}, "geometry": {"type": "Point", "coordinates": [83.9821561, 28.2164844]}}, {"type": "Feature", "properties": {"type": "yes"}, "geometry": {"type": "Point", "coordinates": [83.9815324, 28.2167977]}}, {"type": "Feature", "properties": {"type": "yes"}, "geometry": {"type": "Point", "coordinates": [83.9831577, 28.2149645]}}, {"type": "Feature", "properties": {"type": "yes"}, "geometry": {"type": "Point", "coordinates": [83.9804286, 28.2156532]}}, {"type": "Feature", "properties": {"type": "yes"}, "geometry": {"type": "Point", "coordinates": [83.9824727, 28.2161749]}}, {"type": "Feature", "properties": {"type": "yes"}, "geometry": {"type": "Point", "coordinates": [83.9820162, 28.2166833]}}, {"type": "Feature", "properties": {"type": "yes"}, "geometry": {"type": "Point", "coordinates": [83.9804603, 28.2129436]}}, {"type": "Feature", "properties": {"type": "yes"}, "geometry": {"type": "Point", "coordinates": [83.9819508, 28.2125716]}}, {"type": "Feature", "properties": {"type": "yes"}, "geometry": {"type": "Point", "coordinates": [83.9806051, 28.2162306]}}, {"type": "Feature", "properties": {"type": "yes"}, "geometry": {"type": "Point", "coordinates": [83.9819963, 28.2173091]}}, {"type": "Feature", "properties": {"type": "yes"}, "geometry": {"type": "Point", "coordinates": [83.9815797, 28.2164335]}}, {"type": "Feature", "properties": {"type": "yes"}, "geometry": {"type": "Point", "coordinates": [83.9809182, 28.2154567]}}, {"type": "Feature", "properties": {"type": "yes"}, "geometry": {"type": "Point", "coordinates": [83.9823155, 28.2161929]}}, {"type": "Feature", "properties": {"type": "yes"}, "geometry": {"type": "Point", "coordinates": [83.9820524, 28.2164784]}}, {"type": "Feature", "properties": {"type": "yes"}, "geometry": {"type": "Point", "coordinates": [83.9809736, 28.2166402]}}, {"type": "Feature", "properties": {"type": "yes"}, "geometry": {"type": "Point", "coordinates": [83.9810627, 28.2166091]}}, {"type": "Feature", "properties": {"type": "yes"}, "geometry": {"type": "Point", "coordinates": [83.9828519, 28.2166358]}}, {"type": "Feature", "properties": {"type": "yes"}, "geometry": {"type": "Point", "coordinates": [83.9804214, 28.2161075]}}, {"type": "Feature", "properties": {"type": "yes"}, "geometry": {"type": "Point", "coordinates": [83.9834293, 28.216961]}}, {"type": "Feature", "properties": {"type": "yes"}, "geometry": {"type": "Point", "coordinates": [83.9808875, 28.2166729]}}, {"type": "Feature", "properties": {"type": "yes"}, "geometry": {"type": "Point", "coordinates": [83.9847851, 28.2164965]}}, {"type": "Feature", "properties": {"type": "yes"}, "geometry": {"type": "Point", "coordinates": [83.9823277, 28.2164014]}}, {"type": "Feature", "properties": {"type": "yes"}, "geometry": {"type": "Point", "coordinates": [83.9808794, 28.2159219]}}, {"type": "Feature", "properties": {"type": "yes"}, "geometry": {"type": "Point", "coordinates": [83.9811625, 28.2165633]}}, {"type": "Feature", "properties": {"type": "yes"}, "geometry": {"type": "Point", "coordinates": [83.983164, 28.2130114]}}, {"type": "Feature", "properties": {"type": "yes"}, "geometry": {"type": "Point", "coordinates": [83.9825078, 28.2149785]}}, {"type": "Feature", "properties": {"type": "yes"}, "geometry": {"type": "Point", "coordinates": [83.9804012, 28.2171368]}}, {"type": "Feature", "properties": {"type": "yes"}, "geometry": {"type": "Point", "coordinates": [83.9808648, 28.2161135]}}, {"type": "Feature", "properties": {"type": "yes"}, "geometry": {"type": "Point", "coordinates": [83.9807028, 28.2161927]}}, {"type": "Feature", "properties": {"type": "yes"}, "geometry": {"type": "Point", "coordinates": [83.9816738, 28.2163985]}}, {"type": "Feature", "properties": {"type": "yes"}, "geometry": {"type": "Point", "coordinates": [83.9812835, 28.2171261]}}, {"type": "Feature", "properties": {"type": "yes"}, "geometry": {"type": "Point", "coordinates": [83.9808275, 28.2154578]}}, {"type": "Feature", "properties": {"name": "Women Skills Development Organization", "type": "yes"}, "geometry": {"type": "Point", "coordinates": [83.9814273, 28.21647]}}, {"type": "Feature", "properties": {"type": "yes"}, "geometry": {"type": "Point", "coordinates": [83.9817934, 28.2162107]}}, {"type": "Feature", "properties": {"type": "yes"}, "geometry": {"type": "Point", "coordinates": [83.982578, 28.2144638]}}, {"type": "Feature", "properties": {"type": "yes"}, "geometry": {"type": "Point", "coordinates": [83.9818188, 28.2167194]}}, {"type": "Feature", "properties": {"type": "yes"}, "geometry": {"type": "Point", "coordinates": [83.9820398, 28.2168185]}}, {"type": "Feature", "properties": {"type": "yes"}, "geometry": {"type": "Point", "coordinates": [83.9814901, 28.2145468]}}, {"type": "Feature", "properties": {"type": "yes"}, "geometry": {"type": "Point", "coordinates": [83.9833402, 28.2168729]}}, {"type": "Feature", "properties": {"type": "school"}, "geometry": {"type": "Point", "coordinates": [83.9794495, 28.2143572]}}, {"type": "Feature", "properties": {"type": "yes"}, "geometry": {"type": "Point", "coordinates": [83.9813499, 28.2167139]}}, {"type": "Feature", "properties": {"type": "yes"}, "geometry": {"type": "Point", "coordinates": [83.9812552, 28.2165277]}}, {"type": "Feature", "properties": {"type": "yes"}, "geometry": {"type": "Point", "coordinates": [83.9829069, 28.2168181]}}, {"type": "Feature", "properties": {"type": "yes"}, "geometry": {"type": "Point", "coordinates": [83.9811177, 28.2155909]}}, {"type": "Feature", "properties": {"type": "yes"}, "geometry": {"type": "Point", "coordinates": [83.9837045, 28.2168656]}}, {"type": "Feature", "properties": {"type": "yes"}, "geometry": {"type": "Point", "coordinates": [83.9813636, 28.2172182]}}, {"type": "Feature", "properties": {"type": "yes"}, "geometry": {"type": "Point", "coordinates": [83.9819973, 28.2129633]}}, {"type": "Feature", "properties": {"type": "yes"}, "geometry": {"type": "Point", "coordinates": [83.9815109, 28.2123857]}}, {"type": "Feature", "properties": {"type": "yes"}, "geometry": {"type": "Point", "coordinates": [83.9829759, 28.216042]}}, {"type": "Feature", "properties": {"type": "yes"}, "geometry": {"type": "Point", "coordinates": [83.9826992, 28.2164749]}}, {"type": "Feature", "properties": {"type": "yes"}, "geometry": {"type": "Point", "coordinates": [83.981588, 28.216294]}}, {"type": "Feature", "properties": {"type": "yes"}, "geometry": {"type": "Point", "coordinates": [83.9800532, 28.2147774]}}, {"type": "Feature", "properties": {"type": "yes"}, "geometry": {"type": "Point", "coordinates": [83.9806899, 28.2166457]}}, {"type": "Feature", "properties": {"type": "yes"}, "geometry": {"type": "Point", "coordinates": [83.9847774, 28.2143304]}}, {"type": "Feature", "properties": {"type": "yes"}, "geometry": {"type": "Point", "coordinates": [83.9833426, 28.2126036]}}, {"type": "Feature", "properties": {"type": "yes"}, "geometry": {"type": "Point", "coordinates": [83.982006, 28.215768]}}, {"type": "Feature", "properties": {"type": "yes"}, "geometry": {"type": "Point", "coordinates": [83.9845416, 28.2142793]}}, {"type": "Feature", "properties": {"type": "yes"}, "geometry": {"type": "Point", "coordinates": [83.9836502, 28.2128794]}}, {"type": "Feature", "properties": {"type": "yes"}, "geometry": {"type": "Point", "coordinates": [83.9815861, 28.2160987]}}, {"type": "Feature", "properties": {"type": "yes"}, "geometry": {"type": "Point", "coordinates": [83.9804209, 28.2167592]}}, {"type": "Feature", "properties": {"type": "yes"}, "geometry": {"type": "Point", "coordinates": [83.9824259, 28.2160258]}}, {"type": "Feature", "properties": {"type": "yes"}, "geometry": {"type": "Point", "coordinates": [83.9833531, 28.2126782]}}, {"type": "Feature", "properties": {"type": "yes"}, "geometry": {"type": "Point", "coordinates": [83.9807829, 28.2138815]}}, {"type": "Feature", "properties": {"type": "yes"}, "geometry": {"type": "Point", "coordinates": [83.9834374, 28.2129028]}}, {"type": "Feature", "properties": {"type": "commercial"}, "geometry": {"type": "Point", "coordinates": [83.9848753, 28.2136462]}}, {"type": "Feature", "properties": {"type": "yes"}, "geometry": {"type": "Point", "coordinates": [83.9827809, 28.2132741]}}, {"type": "Feature", "properties": {"type": "yes"}, "geometry": {"type": "Point", "coordinates": [83.9848844, 28.2141799]}}, {"type": "Feature", "properties": {"type": "yes"}, "geometry": {"type": "Point", "coordinates": [83.9820692, 28.2159656]}}, {"type": "Feature", "properties": {"type": "yes"}, "geometry": {"type": "Point", "coordinates": [83.9846265, 28.2138195]}}, {"type": "Feature", "properties": {"type": "yes"}, "geometry": {"type": "Point", "coordinates": [83.9837738, 28.2128428]}}, {"type": "Feature", "properties": {"type": "yes"}, "geometry": {"type": "Point", "coordinates": [83.9803926, 28.2165899]}}, {"type": "Feature", "properties": {"type": "yes"}, "geometry": {"type": "Point", "coordinates": [83.9822609, 28.2158292]}}, {"type": "Feature", "properties": {"type": "yes"}, "geometry": {"type": "Point", "coordinates": [83.9844126, 28.2141469]}}, {"type": "Feature", "properties": {"type": "yes"}, "geometry": {"type": "Point", "coordinates": [83.9800977, 28.2161245]}}, {"type": "Feature", "properties": {"type": "yes"}, "geometry": {"type": "Point", "coordinates": [83.98402, 28.2138802]}}, {"type": "Feature", "properties": {"type": "yes"}, "geometry": {"type": "Point", "coordinates": [83.984812, 28.213757]}}, {"type": "Feature", "properties": {"type": "yes"}, "geometry": {"type": "Point", "coordinates": [83.9808166, 28.2165745]}}, {"type": "Feature", "properties": {"type": "yes"}, "geometry": {"type": "Point", "coordinates": [83.9847281, 28.2139149]}}, {"type": "Feature", "properties": {"type": "yes"}, "geometry": {"type": "Point", "coordinates": [83.9847898, 28.2139791]}}, {"type": "Feature", "properties": {"type": "yes"}, "geometry": {"type": "Point", "coordinates": [83.9849813, 28.2171105]}}, {"type": "Feature", "properties": {"type": "yes"}, "geometry": {"type": "Point", "coordinates": [83.9838198, 28.2129872]}}, {"type": "Feature", "properties": {"type": "yes"}, "geometry": {"type": "Point", "coordinates": [83.9818553, 28.215756]}}, {"type": "Feature", "properties": {"type": "yes"}, "geometry": {"type": "Point", "coordinates": [83.9846944, 28.2138746]}}, {"type": "Feature", "properties": {"type": "yes"}, "geometry": {"type": "Point", "coordinates": [83.98374, 28.2130003]}}, {"type": "Feature", "properties": {"type": "yes"}, "geometry": {"type": "Point", "coordinates": [83.9846847, 28.2141621]}}, {"type": "Feature", "properties": {"type": "yes"}, "geometry": {"type": "Point", "coordinates": [83.9844151, 28.2155725]}}, {"type": "Feature", "properties": {"type": "yes"}, "geometry": {"type": "Point", "coordinates": [83.9844315, 28.2139545]}}, {"type": "Feature", "properties": {"type": "yes"}, "geometry": {"type": "Point", "coordinates": [83.9805496, 28.2167088]}}, {"type": "Feature", "properties": {"type": "yes"}, "geometry": {"type": "Point", "coordinates": [83.9840489, 28.2137679]}}, {"type": "Feature", "properties": {"type": "yes"}, "geometry": {"type": "Point", "coordinates": [83.9876797, 28.2127352]}}, {"type": "Feature", "properties": {"type": "yes"}, "geometry": {"type": "Point", "coordinates": [83.9890739, 28.2144231]}}, {"type": "Feature", "properties": {"name": "Baba Foundation Nepal", "type": "yes"}, "geometry": {"type": "Point", "coordinates": [83.9852461, 28.2141032]}}, {"type": "Feature", "properties": {"type": "yes"}, "geometry": {"type": "Point", "coordinates": [83.9860494, 28.21704]}}, {"type": "Feature", "properties": {"type": "yes"}, "geometry": {"type": "Point", "coordinates": [83.9857564, 28.2172512]}}, {"type": "Feature", "properties": {"type": "yes"}, "geometry": {"type": "Point", "coordinates": [83.9851455, 28.2129162]}}, {"type": "Feature", "properties": {"type": "yes"}, "geometry": {"type": "Point", "coordinates": [83.9887562, 28.2161557]}}, {"type": "Feature", "properties": {"type": "yes"}, "geometry": {"type": "Point", "coordinates": [83.9889613, 28.2138542]}}, {"type": "Feature", "properties": {"type": "yes"}, "geometry": {"type": "Point", "coordinates": [83.9852689, 28.2160036]}}, {"type": "Feature", "properties": {"type": "yes"}, "geometry": {"type": "Point", "coordinates": [83.9874383, 28.2133694]}}, {"type": "Feature", "properties": {"type": "yes"}, "geometry": {"type": "Point", "coordinates": [83.9894357, 28.2148699]}}, {"type": "Feature", "properties": {"name": "SS Complex", "type": "yes"}, "geometry": {"type": "Point", "coordinates": [83.9852422, 28.2136994]}}, {"type": "Feature", "properties": {"type": "yes"}, "geometry": {"type": "Point", "coordinates": [83.9882935, 28.2157499]}}, {"type": "Feature", "properties": {"type": "yes"}, "geometry": {"type": "Point", "coordinates": [83.9870791, 28.213734]}}, {"type": "Feature", "properties": {"type": "yes"}, "geometry": {"type": "Point", "coordinates": [83.9859078, 28.2139955]}}, {"type": "Feature", "properties": {"type": "yes"}, "geometry": {"type": "Point", "coordinates": [83.985563, 28.2148496]}}, {"type": "Feature", "properties": {"type": "yes"}, "geometry": {"type": "Point", "coordinates": [83.985689, 28.2131109]}}, {"type": "Feature", "properties": {"type": "yes"}, "geometry": {"type": "Point", "coordinates": [83.9877261, 28.2132313]}}, {"type": "Feature", "properties": {"type": "yes"}, "geometry": {"type": "Point", "coordinates": [83.9866658, 28.2133847]}}, {"type": "Feature", "properties": {"type": "yes"}, "geometry": {"type": "Point", "coordinates": [83.9890781, 28.2138049]}}, {"type": "Feature", "properties": {"type": "yes"}, "geometry": {"type": "Point", "coordinates": [83.9883365, 28.2129416]}}, {"type": "Feature", "properties": {"type": "yes"}, "geometry": {"type": "Point", "coordinates": [83.9856857, 28.2126946]}}, {"type": "Feature", "properties": {"type": "yes"}, "geometry": {"type": "Point", "coordinates": [83.9885599, 28.2129289]}}, {"type": "Feature", "properties": {"type": "yes"}, "geometry": {"type": "Point", "coordinates": [83.986047, 28.2171922]}}, {"type": "Feature", "properties": {"type": "yes"}, "geometry": {"type": "Point", "coordinates": [83.9888059, 28.2133879]}}, {"type": "Feature", "properties": {"type": "yes"}, "geometry": {"type": "Point", "coordinates": [83.9852613, 28.2150696]}}, {"type": "Feature", "properties": {"type": "yes"}, "geometry": {"type": "Point", "coordinates": [83.9892296, 28.2149415]}}, {"type": "Feature", "properties": {"type": "yes"}, "geometry": {"type": "Point", "coordinates": [83.9872405, 28.2130411]}}, {"type": "Feature", "properties": {"type": "yes"}, "geometry": {"type": "Point", "coordinates": [83.9876168, 28.2132484]}}, {"type": "Feature", "properties": {"type": "yes"}, "geometry": {"type": "Point", "coordinates": [83.9865317, 28.2133864]}}, {"type": "Feature", "properties": {"type": "yes"}, "geometry": {"type": "Point", "coordinates": [83.9856581, 28.2169628]}}, {"type": "Feature", "properties": {"type": "yes"}, "geometry": {"type": "Point", "coordinates": [83.9851623, 28.2159306]}}, {"type": "Feature", "properties": {"type": "yes"}, "geometry": {"type": "Point", "coordinates": [83.9854203, 28.2164423]}}, {"type": "Feature", "properties": {"type": "yes"}, "geometry": {"type": "Point", "coordinates": [83.9856201, 28.2126809]}}, {"type": "Feature", "properties": {"type": "yes"}, "geometry": {"type": "Point", "coordinates": [83.9860823, 28.2149624]}}, {"type": "Feature", "properties": {"type": "yes"}, "geometry": {"type": "Point", "coordinates": [83.9864795, 28.2169036]}}, {"type": "Feature", "properties": {"type": "yes"}, "geometry": {"type": "Point", "coordinates": [83.9867531, 28.2131064]}}, {"type": "Feature", "properties": {"type": "yes"}, "geometry": {"type": "Point", "coordinates": [83.9888553, 28.2136415]}}, {"type": "Feature", "properties": {"type": "yes"}, "geometry": {"type": "Point", "coordinates": [83.9869863, 28.2132261]}}, {"type": "Feature", "properties": {"type": "yes"}, "geometry": {"type": "Point", "coordinates": [83.988039, 28.21319]}}, {"type": "Feature", "properties": {"type": "yes"}, "geometry": {"type": "Point", "coordinates": [83.98853, 28.2131725]}}, {"type": "Feature", "properties": {"type": "yes"}, "geometry": {"type": "Point", "coordinates": [83.9872307, 28.2135587]}}, {"type": "Feature", "properties": {"type": "yes"}, "geometry": {"type": "Point", "coordinates": [83.9856145, 28.2154149]}}, {"type": "Feature", "properties": {"type": "yes"}, "geometry": {"type": "Point", "coordinates": [83.9860694, 28.2171132]}}, {"type": "Feature", "properties": {"type": "yes"}, "geometry": {"type": "Point", "coordinates": [83.9890903, 28.2159173]}}, {"type": "Feature", "properties": {"type": "yes"}, "geometry": {"type": "Point", "coordinates": [83.9877992, 28.2128559]}}, {"type": "Feature", "properties": {"type": "yes"}, "geometry": {"type": "Point", "coordinates": [83.9856393, 28.2168808]}}, {"type": "Feature", "properties": {"type": "yes"}, "geometry": {"type": "Point", "coordinates": [83.9854206, 28.2158786]}}, {"type": "Feature", "properties": {"type": "yes"}, "geometry": {"type": "Point", "coordinates": [83.989547, 28.2149439]}}, {"type": "Feature", "properties": {"type": "yes"}, "geometry": {"type": "Point", "coordinates": [83.987573, 28.2135428]}}, {"type": "Feature", "properties": {"type": "yes"}, "geometry": {"type": "Point", "coordinates": [83.9862836, 28.2125623]}}, {"type": "Feature", "properties": {"type": "yes"}, "geometry": {"type": "Point", "coordinates": [83.9851947, 28.2147778]}}, {"type": "Feature", "properties": {"type": "yes"}, "geometry": {"type": "Point", "coordinates": [83.9861283, 28.2150443]}}, {"type": "Feature", "properties": {"type": "yes"}, "geometry": {"type": "Point", "coordinates": [83.9889932, 28.2157813]}}, {"type": "Feature", "properties": {"type": "yes"}, "geometry": {"type": "Point", "coordinates": [83.9879767, 28.2130802]}}, {"type": "Feature", "properties": {"type": "yes"}, "geometry": {"type": "Point", "coordinates": [83.9872435, 28.2138303]}}, {"type": "Feature", "properties": {"type": "yes"}, "geometry": {"type": "Point", "coordinates": [83.9889936, 28.2129218]}}, {"type": "Feature", "properties": {"type": "yes"}, "geometry": {"type": "Point", "coordinates": [83.9859561, 28.212558]}}, {"type": "Feature", "properties": {"type": "yes"}, "geometry": {"type": "Point", "coordinates": [83.9856745, 28.2153243]}}, {"type": "Feature", "properties": {"type": "yes"}, "geometry": {"type": "Point", "coordinates": [83.985878, 28.2161312]}}, {"type": "Feature", "properties": {"type": "yes"}, "geometry": {"type": "Point", "coordinates": [83.9868364, 28.2134436]}}, {"type": "Feature", "properties": {"type": "yes"}, "geometry": {"type": "Point", "coordinates": [83.9853681, 28.2169495]}}, {"type": "Feature", "properties": {"type": "yes"}, "geometry": {"type": "Point", "coordinates": [83.9861829, 28.2134995]}}, {"type": "Feature", "properties": {"type": "yes"}, "geometry": {"type": "Point", "coordinates": [83.9851788, 28.2131794]}}, {"type": "Feature", "properties": {"type": "yes"}, "geometry": {"type": "Point", "coordinates": [83.9893722, 28.215374]}}, {"type": "Feature", "properties": {"type": "yes"}, "geometry": {"type": "Point", "coordinates": [83.9851834, 28.2164478]}}, {"type": "Feature", "properties": {"type": "yes"}, "geometry": {"type": "Point", "coordinates": [83.9860131, 28.2128609]}}, {"type": "Feature", "properties": {"type": "yes"}, "geometry": {"type": "Point", "coordinates": [83.9852013, 28.2145186]}}, {"type": "Feature", "properties": {"type": "yes"}, "geometry": {"type": "Point", "coordinates": [83.9867552, 28.2135567]}}, {"type": "Feature", "properties": {"type": "yes"}, "geometry": {"type": "Point", "coordinates": [83.9886352, 28.212868]}}, {"type": "Feature", "properties": {"type": "yes"}, "geometry": {"type": "Point", "coordinates": [83.9856739, 28.2170318]}}, {"type": "Feature", "properties": {"type": "yes"}, "geometry": {"type": "Point", "coordinates": [83.9865802, 28.2171611]}}, {"type": "Feature", "properties": {"type": "yes"}, "geometry": {"type": "Point", "coordinates": [83.9857396, 28.2159214]}}, {"type": "Feature", "properties": {"type": "yes"}, "geometry": {"type": "Point", "coordinates": [83.9860389, 28.2148906]}}, {"type": "Feature", "properties": {"type": "yes"}, "geometry": {"type": "Point", "coordinates": [83.9858995, 28.216709]}}, {"type": "Feature", "properties": {"type": "yes"}, "geometry": {"type": "Point", "coordinates": [83.9852194, 28.2165206]}}, {"type": "Feature", "properties": {"type": "yes"}, "geometry": {"type": "Point", "coordinates": [83.9858121, 28.2135403]}}, {"type": "Feature", "properties": {"type": "yes"}, "geometry": {"type": "Point", "coordinates": [83.9875033, 28.2131541]}}, {"type": "Feature", "properties": {"type": "yes"}, "geometry": {"type": "Point", "coordinates": [83.9864913, 28.2129915]}}, {"type": "Feature", "properties": {"type": "yes"}, "geometry": {"type": "Point", "coordinates": [83.9852968, 28.2162527]}}, {"type": "Feature", "properties": {"type": "yes"}, "geometry": {"type": "Point", "coordinates": [83.985237, 28.2146418]}}, {"type": "Feature", "properties": {"type": "yes"}, "geometry": {"type": "Point", "coordinates": [83.9858825, 28.2126044]}}, {"type": "Feature", "properties": {"type": "yes"}, "geometry": {"type": "Point", "coordinates": [83.9858159, 28.2162557]}}, {"type": "Feature", "properties": {"type": "yes"}, "geometry": {"type": "Point", "coordinates": [83.9866857, 28.2128979]}}, {"type": "Feature", "properties": {"type": "yes"}, "geometry": {"type": "Point", "coordinates": [83.9885997, 28.2132722]}}, {"type": "Feature", "properties": {"type": "yes"}, "geometry": {"type": "Point", "coordinates": [83.9891626, 28.2145871]}}, {"type": "Feature", "properties": {"type": "yes"}, "geometry": {"type": "Point", "coordinates": [83.9868718, 28.2129052]}}, {"type": "Feature", "properties": {"type": "yes"}, "geometry": {"type": "Point", "coordinates": [83.9859579, 28.2142983]}}, {"type": "Feature", "properties": {"type": "yes"}, "geometry": {"type": "Point", "coordinates": [83.9856828, 28.217079]}}, {"type": "Feature", "properties": {"type": "yes"}, "geometry": {"type": "Point", "coordinates": [83.9859345, 28.2168015]}}, {"type": "Feature", "properties": {"type": "yes"}, "geometry": {"type": "Point", "coordinates": [83.9852594, 28.2158375]}}, {"type": "Feature", "properties": {"type": "yes"}, "geometry": {"type": "Point", "coordinates": [83.9857447, 28.2155613]}}, {"type": "Feature", "properties": {"type": "yes"}, "geometry": {"type": "Point", "coordinates": [83.9854778, 28.2144339]}}, {"type": "Feature", "properties": {"type": "yes"}, "geometry": {"type": "Point", "coordinates": [83.9895983, 28.2147994]}}, {"type": "Feature", "properties": {"type": "yes"}, "geometry": {"type": "Point", "coordinates": [83.9856359, 28.2171537]}}, {"type": "Feature", "properties": {"type": "yes"}, "geometry": {"type": "Point", "coordinates": [83.985022, 28.2125694]}}, {"type": "Feature", "properties": {"type": "yes"}, "geometry": {"type": "Point", "coordinates": [83.9855884, 28.2149722]}}, {"type": "Feature", "properties": {"type": "yes"}, "geometry": {"type": "Point", "coordinates": [83.9854705, 28.2161219]}}, {"type": "Feature", "properties": {"type": "yes"}, "geometry": {"type": "Point", "coordinates": [83.9889285, 28.2159313]}}, {"type": "Feature", "properties": {"type": "yes"}, "geometry": {"type": "Point", "coordinates": [83.9873133, 28.2137335]}}, {"type": "Feature", "properties": {"type": "yes"}, "geometry": {"type": "Point", "coordinates": [83.9853378, 28.2171188]}}, {"type": "Feature", "properties": {"type": "yes"}, "geometry": {"type": "Point", "coordinates": [83.9864525, 28.2126505]}}, {"type": "Feature", "properties": {"type": "yes"}, "geometry": {"type": "Point", "coordinates": [83.9862494, 28.213606]}}, {"type": "Feature", "properties": {"type": "yes"}, "geometry": {"type": "Point", "coordinates": [83.9860555, 28.2168733]}}, {"type": "Feature", "properties": {"type": "yes"}, "geometry": {"type": "Point", "coordinates": [83.9852008, 28.2135741]}}, {"type": "Feature", "properties": {"type": "yes"}, "geometry": {"type": "Point", "coordinates": [83.9880639, 28.2133658]}}, {"type": "Feature", "properties": {"type": "yes"}, "geometry": {"type": "Point", "coordinates": [83.986543, 28.2135381]}}, {"type": "Feature", "properties": {"type": "yes"}, "geometry": {"type": "Point", "coordinates": [83.9856887, 28.2128657]}}, {"type": "Feature", "properties": {"type": "yes"}, "geometry": {"type": "Point", "coordinates": [83.9887643, 28.2127788]}}, {"type": "Feature", "properties": {"type": "yes"}, "geometry": {"type": "Point", "coordinates": [83.9889359, 28.2139515]}}, {"type": "Feature", "properties": {"type": "yes"}, "geometry": {"type": "Point", "coordinates": [83.988926, 28.2137671]}}, {"type": "Feature", "properties": {"type": "yes"}, "geometry": {"type": "Point", "coordinates": [83.9872904, 28.2127048]}}, {"type": "Feature", "properties": {"type": "yes"}, "geometry": {"type": "Point", "coordinates": [83.9878314, 28.2134955]}}, {"type": "Feature", "properties": {"type": "yes"}, "geometry": {"type": "Point", "coordinates": [83.9857837, 28.2160578]}}, {"type": "Feature", "properties": {"type": "yes"}, "geometry": {"type": "Point", "coordinates": [83.9850723, 28.216311]}}, {"type": "Feature", "properties": {"type": "yes"}, "geometry": {"type": "Point", "coordinates": [83.9873662, 28.2132195]}}, {"type": "Feature", "properties": {"type": "yes"}, "geometry": {"type": "Point", "coordinates": [83.9865722, 28.2169816]}}, {"type": "Feature", "properties": {"type": "yes"}, "geometry": {"type": "Point", "coordinates": [83.9858392, 28.2129601]}}, {"type": "Feature", "properties": {"type": "yes"}, "geometry": {"type": "Point", "coordinates": [83.9875094, 28.2130402]}}, {"type": "Feature", "properties": {"type": "yes"}, "geometry": {"type": "Point", "coordinates": [83.9864913, 28.2132875]}}, {"type": "Feature", "properties": {"type": "yes"}, "geometry": {"type": "Point", "coordinates": [83.9890953, 28.2137274]}}, {"type": "Feature", "properties": {"type": "yes"}, "geometry": {"type": "Point", "coordinates": [83.9855432, 28.2145512]}}, {"type": "Feature", "properties": {"type": "yes"}, "geometry": {"type": "Point", "coordinates": [83.9858378, 28.2126725]}}, {"type": "Feature", "properties": {"type": "yes"}, "geometry": {"type": "Point", "coordinates": [83.9858012, 28.2163665]}}, {"type": "Feature", "properties": {"type": "yes"}, "geometry": {"type": "Point", "coordinates": [83.9873737, 28.2134298]}}, {"type": "Feature", "properties": {"type": "yes"}, "geometry": {"type": "Point", "coordinates": [83.9856015, 28.2167197]}}, {"type": "Feature", "properties": {"type": "yes"}, "geometry": {"type": "Point", "coordinates": [83.988691, 28.2133621]}}, {"type": "Feature", "properties": {"type": "yes"}, "geometry": {"type": "Point", "coordinates": [83.9873101, 28.2131232]}}, {"type": "Feature", "properties": {"type": "yes"}, "geometry": {"type": "Point", "coordinates": [83.9878472, 28.2129339]}}, {"type": "Feature", "properties": {"type": "yes"}, "geometry": {"type": "Point", "coordinates": [83.9854021, 28.214617]}}, {"type": "Feature", "properties": {"type": "yes"}, "geometry": {"type": "Point", "coordinates": [83.9860359, 28.2141699]}}, {"type": "Feature", "properties": {"type": "yes"}, "geometry": {"type": "Point", "coordinates": [83.9894094, 28.2156954]}}, {"type": "Feature", "properties": {"type": "yes"}, "geometry": {"type": "Point", "coordinates": [83.9872989, 28.2134765]}}, {"type": "Feature", "properties": {"type": "yes"}, "geometry": {"type": "Point", "coordinates": [83.9862066, 28.215172]}}, {"type": "Feature", "properties": {"type": "yes"}, "geometry": {"type": "Point", "coordinates": [83.9851383, 28.2152306]}}, {"type": "Feature", "properties": {"type": "yes"}, "geometry": {"type": "Point", "coordinates": [83.9897713, 28.2148718]}}, {"type": "Feature", "properties": {"type": "yes"}, "geometry": {"type": "Point", "coordinates": [83.987397, 28.2136697]}}, {"type": "Feature", "properties": {"type": "yes"}, "geometry": {"type": "Point", "coordinates": [83.9872682, 28.2133721]}}, {"type": "Feature", "properties": {"type": "yes"}, "geometry": {"type": "Point", "coordinates": [83.985091, 28.2149831]}}, {"type": "Feature", "properties": {"type": "yes"}, "geometry": {"type": "Point", "coordinates": [83.9860407, 28.2169534]}}, {"type": "Feature", "properties": {"type": "yes"}, "geometry": {"type": "Point", "coordinates": [83.9869179, 28.2136961]}}, {"type": "Feature", "properties": {"type": "yes"}, "geometry": {"type": "Point", "coordinates": [83.985866, 28.2139228]}}, {"type": "Feature", "properties": {"type": "yes"}, "geometry": {"type": "Point", "coordinates": [83.9874851, 28.2136146]}}, {"type": "Feature", "properties": {"type": "yes"}, "geometry": {"type": "Point", "coordinates": [83.9851872, 28.2167099]}}, {"type": "Feature", "properties": {"type": "yes"}, "geometry": {"type": "Point", "coordinates": [83.9862263, 28.2124803]}}, {"type": "Feature", "properties": {"type": "yes"}, "geometry": {"type": "Point", "coordinates": [83.9854483, 28.2148722]}}, {"type": "Feature", "properties": {"type": "yes"}, "geometry": {"type": "Point", "coordinates": [83.9892634, 28.2151149]}}, {"type": "Feature", "properties": {"type": "yes"}, "geometry": {"type": "Point", "coordinates": [83.9851558, 28.2144281]}}, {"type": "Feature", "properties": {"type": "yes"}, "geometry": {"type": "Point", "coordinates": [83.9858651, 28.2169624]}}, {"type": "Feature", "properties": {"type": "yes"}, "geometry": {"type": "Point", "coordinates": [83.9877891, 28.2134187]}}, {"type": "Feature", "properties": {"type": "yes"}, "geometry": {"type": "Point", "coordinates": [83.9889262, 28.2126955]}}, {"type": "Feature", "properties": {"type": "yes"}, "geometry": {"type": "Point", "coordinates": [83.9853162, 28.2152405]}}, {"type": "Feature", "properties": {"type": "yes"}, "geometry": {"type": "Point", "coordinates": [83.9855544, 28.2125287]}}, {"type": "Feature", "properties": {"type": "yes"}, "geometry": {"type": "Point", "coordinates": [83.9852409, 28.2168123]}}, {"type": "Feature", "properties": {"type": "yes"}, "geometry": {"type": "Point", "coordinates": [83.9872347, 28.2125414]}}, {"type": "Feature", "properties": {"type": "yes"}, "geometry": {"type": "Point", "coordinates": [83.9892598, 28.2150425]}}, {"type": "Feature", "properties": {"type": "yes"}, "geometry": {"type": "Point", "coordinates": [83.9860181, 28.2134511]}}, {"type": "Feature", "properties": {"type": "yes"}, "geometry": {"type": "Point", "coordinates": [83.9856725, 28.2157077]}}, {"type": "Feature", "properties": {"type": "yes"}, "geometry": {"type": "Point", "coordinates": [83.9893387, 28.2152951]}}, {"type": "Feature", "properties": {"type": "yes"}, "geometry": {"type": "Point", "coordinates": [83.985842, 28.216492]}}, {"type": "Feature", "properties": {"type": "yes"}, "geometry": {"type": "Point", "coordinates": [83.985143, 28.2163708]}}, {"type": "Feature", "properties": {"type": "yes"}, "geometry": {"type": "Point", "coordinates": [83.9868344, 28.2130499]}}, {"type": "Feature", "properties": {"type": "yes"}, "geometry": {"type": "Point", "coordinates": [83.9878485, 28.2130712]}}, {"type": "Feature", "properties": {"type": "yes"}, "geometry": {"type": "Point", "coordinates": [83.9856258, 28.2167966]}}, {"type": "Feature", "properties": {"type": "yes"}, "geometry": {"type": "Point", "coordinates": [83.9854815, 28.2146784]}}, {"type": "Feature", "properties": {"type": "yes"}, "geometry": {"type": "Point", "coordinates": [83.9874996, 28.2132954]}}, {"type": "Feature", "properties": {"type": "yes"}, "geometry": {"type": "Point", "coordinates": [83.9866243, 28.2128243]}}, {"type": "Feature", "properties": {"type": "yes"}, "geometry": {"type": "Point", "coordinates": [83.9861853, 28.214224]}}, {"type": "Feature", "properties": {"type": "yes"}, "geometry": {"type": "Point", "coordinates": [83.9884319, 28.2131137]}}, {"type": "Feature", "properties": {"type": "yes"}, "geometry": {"type": "Point", "coordinates": [83.9859024, 28.2141115]}}, {"type": "Feature", "properties": {"type": "yes"}, "geometry": {"type": "Point", "coordinates": [83.9876508, 28.2130339]}}, {"type": "Feature", "properties": {"type": "yes"}, "geometry": {"type": "Point", "coordinates": [83.9884807, 28.2161959]}}, {"type": "Feature", "properties": {"type": "yes"}, "geometry": {"type": "Point", "coordinates": [83.9869003, 28.2149823]}}, {"type": "Feature", "properties": {"type": "yes"}, "geometry": {"type": "Point", "coordinates": [83.9884215, 28.2138144]}}, {"type": "Feature", "properties": {"type": "yes"}, "geometry": {"type": "Point", "coordinates": [83.9877829, 28.2137116]}}, {"type": "Feature", "properties": {"type": "yes"}, "geometry": {"type": "Point", "coordinates": [83.9862983, 28.2141275]}}, {"type": "Feature", "properties": {"type": "yes"}, "geometry": {"type": "Point", "coordinates": [83.9893948, 28.2147553]}}, {"type": "Feature", "properties": {"type": "yes"}, "geometry": {"type": "Point", "coordinates": [83.9884911, 28.213868]}}, {"type": "Feature", "properties": {"type": "yes"}, "geometry": {"type": "Point", "coordinates": [83.9883327, 28.2136573]}}, {"type": "Feature", "properties": {"type": "yes"}, "geometry": {"type": "Point", "coordinates": [83.9875862, 28.2138256]}}, {"type": "Feature", "properties": {"type": "yes"}, "geometry": {"type": "Point", "coordinates": [83.9882827, 28.2135653]}}, {"type": "Feature", "properties": {"type": "yes"}, "geometry": {"type": "Point", "coordinates": [83.9874598, 28.2166749]}}, {"type": "Feature", "properties": {"type": "yes"}, "geometry": {"type": "Point", "coordinates": [83.9887019, 28.21654]}}, {"type": "Feature", "properties": {"type": "yes"}, "geometry": {"type": "Point", "coordinates": [83.9862204, 28.2153868]}}, {"type": "Feature", "properties": {"type": "yes"}, "geometry": {"type": "Point", "coordinates": [83.9872685, 28.2143474]}}, {"type": "Feature", "properties": {"type": "yes"}, "geometry": {"type": "Point", "coordinates": [83.9870953, 28.2147471]}}, {"type": "Feature", "properties": {"type": "yes"}, "geometry": {"type": "Point", "coordinates": [83.9883976, 28.2137316]}}, {"type": "Feature", "properties": {"type": "yes"}, "geometry": {"type": "Point", "coordinates": [83.9893838, 28.2146046]}}, {"type": "Feature", "properties": {"type": "yes"}, "geometry": {"type": "Point", "coordinates": [83.9865592, 28.2157404]}}, {"type": "Feature", "properties": {"type": "yes"}, "geometry": {"type": "Point", "coordinates": [83.9888126, 28.2166692]}}, {"type": "Feature", "properties": {"type": "yes"}, "geometry": {"type": "Point", "coordinates": [83.9865444, 28.2163549]}}, {"type": "Feature", "properties": {"type": "yes"}, "geometry": {"type": "Point", "coordinates": [83.9872562, 28.2164417]}}, {"type": "Feature", "properties": {"type": "yes"}, "geometry": {"type": "Point", "coordinates": [83.987894, 28.2165873]}}, {"type": "Feature", "properties": {"type": "yes"}, "geometry": {"type": "Point", "coordinates": [83.987379, 28.2164278]}}, {"type": "Feature", "properties": {"type": "yes"}, "geometry": {"type": "Point", "coordinates": [83.9862132, 28.2155942]}}, {"type": "Feature", "properties": {"type": "yes"}, "geometry": {"type": "Point", "coordinates": [83.9867541, 28.2162265]}}, {"type": "Feature", "properties": {"type": "yes"}, "geometry": {"type": "Point", "coordinates": [83.9866851, 28.2137772]}}, {"type": "Feature", "properties": {"type": "yes"}, "geometry": {"type": "Point", "coordinates": [83.9871489, 28.2171957]}}, {"type": "Feature", "properties": {"name": "National Cooperative Bank", "type": "yes"}, "geometry": {"type": "Point", "coordinates": [83.9864647, 28.2154281]}}, {"type": "Feature", "properties": {"type": "yes"}, "geometry": {"type": "Point", "coordinates": [83.9869083, 28.214288]}}, {"type": "Feature", "properties": {"type": "yes"}, "geometry": {"type": "Point", "coordinates": [83.9885469, 28.2166117]}}, {"type": "Feature", "properties": {"type": "yes"}, "geometry": {"type": "Point", "coordinates": [83.9875059, 28.2168979]}}, {"type": "Feature", "properties": {"type": "yes"}, "geometry": {"type": "Point", "coordinates": [83.987005, 28.2163471]}}, {"type": "Feature", "properties": {"type": "yes"}, "geometry": {"type": "Point", "coordinates": [83.9860341, 28.2147659]}}, {"type": "Feature", "properties": {"type": "yes"}, "geometry": {"type": "Point", "coordinates": [83.9888443, 28.2167376]}}, {"type": "Feature", "properties": {"type": "yes"}, "geometry": {"type": "Point", "coordinates": [83.9870222, 28.2154595]}}, {"type": "Feature", "properties": {"type": "yes"}, "geometry": {"type": "Point", "coordinates": [83.9871354, 28.2162573]}}, {"type": "Feature", "properties": {"type": "yes"}, "geometry": {"type": "Point", "coordinates": [83.9867371, 28.2148013]}}, {"type": "Feature", "properties": {"type": "yes"}, "geometry": {"type": "Point", "coordinates": [83.9867176, 28.2163353]}}, {"type": "Feature", "properties": {"type": "yes"}, "geometry": {"type": "Point", "coordinates": [83.9870735, 28.2150073]}}, {"type": "Feature", "properties": {"type": "yes"}, "geometry": {"type": "Point", "coordinates": [83.9861488, 28.214028]}}, {"type": "Feature", "properties": {"type": "yes"}, "geometry": {"type": "Point", "coordinates": [83.9862233, 28.2157361]}}, {"type": "Feature", "properties": {"type": "yes"}, "geometry": {"type": "Point", "coordinates": [83.9876714, 28.2163074]}}, {"type": "Feature", "properties": {"type": "yes"}, "geometry": {"type": "Point", "coordinates": [83.9872275, 28.2150287]}}, {"type": "Feature", "properties": {"type": "yes"}, "geometry": {"type": "Point", "coordinates": [83.9868497, 28.2146675]}}, {"type": "Feature", "properties": {"type": "yes"}, "geometry": {"type": "Point", "coordinates": [83.9874485, 28.213917]}}, {"type": "Feature", "properties": {"type": "yes"}, "geometry": {"type": "Point", "coordinates": [83.9873144, 28.217141]}}, {"type": "Feature", "properties": {"type": "yes"}, "geometry": {"type": "Point", "coordinates": [83.9869131, 28.216293]}}, {"type": "Feature", "properties": {"type": "yes"}, "geometry": {"type": "Point", "coordinates": [83.9881809, 28.2134369]}}, {"type": "Feature", "properties": {"type": "yes"}, "geometry": {"type": "Point", "coordinates": [83.9874794, 28.2168274]}}, {"type": "Feature", "properties": {"type": "yes"}, "geometry": {"type": "Point", "coordinates": [83.9863527, 28.2139336]}}, {"type": "Feature", "properties": {"type": "yes"}, "geometry": {"type": "Point", "coordinates": [83.9866722, 28.2152775]}}, {"type": "Feature", "properties": {"type": "yes"}, "geometry": {"type": "Point", "coordinates": [83.9871592, 28.2143828]}}, {"type": "Feature", "properties": {"type": "yes"}, "geometry": {"type": "Point", "coordinates": [83.98795, 28.213625]}}, {"type": "Feature", "properties": {"type": "yes"}, "geometry": {"type": "Point", "coordinates": [83.9874148, 28.2145327]}}, {"type": "Feature", "properties": {"type": "yes"}, "geometry": {"type": "Point", "coordinates": [83.9883914, 28.216518]}}, {"type": "Feature", "properties": {"type": "yes"}, "geometry": {"type": "Point", "coordinates": [83.9870526, 28.2144641]}}, {"type": "Feature", "properties": {"type": "yes"}, "geometry": {"type": "Point", "coordinates": [83.9873062, 28.2146655]}}, {"type": "Feature", "properties": {"type": "yes"}, "geometry": {"type": "Point", "coordinates": [83.9870025, 28.2145816]}}, {"type": "Feature", "properties": {"type": "yes"}, "geometry": {"type": "Point", "coordinates": [83.9872132, 28.2155392]}}, {"type": "Feature", "properties": {"type": "yes"}, "geometry": {"type": "Point", "coordinates": [83.9869058, 28.2161378]}}, {"type": "Feature", "properties": {"type": "yes"}, "geometry": {"type": "Point", "coordinates": [83.9852945, 28.2155666]}}, {"type": "Feature", "properties": {"type": "yes"}, "geometry": {"type": "Point", "coordinates": [83.9865455, 28.2158462]}}, {"type": "Feature", "properties": {"type": "yes"}, "geometry": {"type": "Point", "coordinates": [83.9863491, 28.2162554]}}, {"type": "Feature", "properties": {"type": "yes"}, "geometry": {"type": "Point", "coordinates": [83.9869205, 28.2164091]}}, {"type": "Feature", "properties": {"type": "yes"}, "geometry": {"type": "Point", "coordinates": [83.9877884, 28.2166314]}}, {"type": "Feature", "properties": {"type": "yes"}, "geometry": {"type": "Point", "coordinates": [83.9866727, 28.215009]}}, {"type": "Feature", "properties": {"type": "yes"}, "geometry": {"type": "Point", "coordinates": [83.9867723, 28.2149704]}}, {"type": "Feature", "properties": {"type": "yes"}, "geometry": {"type": "Point", "coordinates": [83.9863838, 28.2148957]}}, {"type": "Feature", "properties": {"type": "yes"}, "geometry": {"type": "Point", "coordinates": [83.9872424, 28.2141318]}}, {"type": "Feature", "properties": {"type": "yes"}, "geometry": {"type": "Point", "coordinates": [83.9864004, 28.2141007]}}, {"type": "Feature", "properties": {"type": "yes"}, "geometry": {"type": "Point", "coordinates": [83.9885762, 28.2139732]}}, {"type": "Feature", "properties": {"type": "yes"}, "geometry": {"type": "Point", "coordinates": [83.9876276, 28.2170972]}}, {"type": "Feature", "properties": {"type": "yes"}, "geometry": {"type": "Point", "coordinates": [83.9864729, 28.2143498]}}, {"type": "Feature", "properties": {"type": "yes"}, "geometry": {"type": "Point", "coordinates": [83.9864962, 28.2140499]}}, {"type": "Feature", "properties": {"type": "yes"}, "geometry": {"type": "Point", "coordinates": [83.9861548, 28.2138199]}}, {"type": "Feature", "properties": {"type": "yes"}, "geometry": {"type": "Point", "coordinates": [83.9870183, 28.2140234]}}, {"type": "Feature", "properties": {"type": "yes"}, "geometry": {"type": "Point", "coordinates": [83.9868794, 28.2163433]}}, {"type": "Feature", "properties": {"type": "yes"}, "geometry": {"type": "Point", "coordinates": [83.9866411, 28.2142712]}}, {"type": "Feature", "properties": {"type": "yes"}, "geometry": {"type": "Point", "coordinates": [83.9872044, 28.2146981]}}, {"type": "Feature", "properties": {"type": "yes"}, "geometry": {"type": "Point", "coordinates": [83.9870121, 28.2162339]}}, {"type": "Feature", "properties": {"type": "yes"}, "geometry": {"type": "Point", "coordinates": [83.9875384, 28.2169662]}}, {"type": "Feature", "properties": {"type": "yes"}, "geometry": {"type": "Point", "coordinates": [83.9862026, 28.2154899]}}, {"type": "Feature", "properties": {"type": "yes"}, "geometry": {"type": "Point", "coordinates": [83.9863881, 28.2157316]}}, {"type": "Feature", "properties": {"type": "yes"}, "geometry": {"type": "Point", "coordinates": [83.9885283, 28.2139164]}}, {"type": "Feature", "properties": {"type": "yes"}, "geometry": {"type": "Point", "coordinates": [83.9889086, 28.2163792]}}, {"type": "Feature", "properties": {"type": "yes"}, "geometry": {"type": "Point", "coordinates": [83.9885705, 28.2161847]}}, {"type": "Feature", "properties": {"type": "yes"}, "geometry": {"type": "Point", "coordinates": [83.9858158, 28.2138383]}}, {"type": "Feature", "properties": {"name": "World Touch International Fabric Garden and custom Tailoring", "type": "yes"}, "geometry": {"type": "Point", "coordinates": [83.9863315, 28.2159189]}}, {"type": "Feature", "properties": {"type": "yes"}, "geometry": {"type": "Point", "coordinates": [83.9868638, 28.2153519]}}, {"type": "Feature", "properties": {"type": "yes"}, "geometry": {"type": "Point", "coordinates": [83.9889761, 28.2162465]}}, {"type": "Feature", "properties": {"type": "yes"}, "geometry": {"type": "Point", "coordinates": [83.9880894, 28.216623]}}, {"type": "Feature", "properties": {"type": "yes"}, "geometry": {"type": "Point", "coordinates": [83.9863506, 28.2147214]}}, {"type": "Feature", "properties": {"type": "yes"}, "geometry": {"type": "Point", "coordinates": [83.9878283, 28.2143483]}}, {"type": "Feature", "properties": {"type": "yes"}, "geometry": {"type": "Point", "coordinates": [83.9891011, 28.2171162]}}, {"type": "Feature", "properties": {"type": "yes"}, "geometry": {"type": "Point", "coordinates": [83.9887188, 28.2154742]}}, {"type": "Feature", "properties": {"type": "yes"}, "geometry": {"type": "Point", "coordinates": [83.987566, 28.2142423]}}, {"type": "Feature", "properties": {"name": "Selly Nepal", "type": "yes"}, "geometry": {"type": "Point", "coordinates": [83.9890187, 28.217172]}}, {"type": "Feature", "properties": {"type": "yes"}, "geometry": {"type": "Point", "coordinates": [83.9886487, 28.2154139]}}, {"type": "Feature", "properties": {"type": "yes"}, "geometry": {"type": "Point", "coordinates": [83.9896087, 28.2172489]}}, {"type": "Feature", "properties": {"type": "yes"}, "geometry": {"type": "Point", "coordinates": [83.9876852, 28.2146488]}}, {"type": "Feature", "properties": {"type": "yes"}, "geometry": {"type": "Point", "coordinates": [83.9892016, 28.2162222]}}, {"type": "Feature", "properties": {"type": "yes"}, "geometry": {"type": "Point", "coordinates": [83.9875042, 28.2141946]}}, {"type": "Feature", "properties": {"type": "yes"}, "geometry": {"type": "Point", "coordinates": [83.9888916, 28.2156274]}}, {"type": "Feature", "properties": {"type": "yes"}, "geometry": {"type": "Point", "coordinates": [83.9888301, 28.2155731]}}, {"type": "Feature", "properties": {"type": "yes"}, "geometry": {"type": "Point", "coordinates": [83.9893775, 28.2173301]}}, {"type": "Feature", "properties": {"type": "yes"}, "geometry": {"type": "Point", "coordinates": [83.9887713, 28.215535]}}, {"type": "Feature", "properties": {"type": "yes"}, "geometry": {"type": "Point", "coordinates": [83.9895591, 28.2162301]}}, {"type": "Feature", "properties": {"type": "yes"}, "geometry": {"type": "Point", "coordinates": [83.9878643, 28.2145625]}}, {"type": "Feature", "properties": {"type": "yes"}, "geometry": {"type": "Point", "coordinates": [83.9878706, 28.2142495]}}, {"type": "Feature", "properties": {"type": "yes"}, "geometry": {"type": "Point", "coordinates": [83.9876156, 28.2144839]}}, {"type": "Feature", "properties": {"type": "yes"}, "geometry": {"type": "Point", "coordinates": [83.9885709, 28.2156539]}}, {"type": "Feature", "properties": {"type": "yes"}, "geometry": {"type": "Point", "coordinates": [83.9891931, 28.2169313]}}, {"type": "Feature", "properties": {"type": "yes"}, "geometry": {"type": "Point", "coordinates": [83.9882633, 28.2141994]}}, {"type": "Feature", "properties": {"type": "yes"}, "geometry": {"type": "Point", "coordinates": [83.9879179, 28.2143022]}}, {"type": "Feature", "properties": {"type": "yes"}, "geometry": {"type": "Point", "coordinates": [83.9882761, 28.2143527]}}, {"type": "Feature", "properties": {"type": "yes"}, "geometry": {"type": "Point", "coordinates": [83.9891928, 28.2165337]}}, {"type": "Feature", "properties": {"type": "yes"}, "geometry": {"type": "Point", "coordinates": [83.9887451, 28.2149949]}}, {"type": "Feature", "properties": {"type": "yes"}, "geometry": {"type": "Point", "coordinates": [83.9893563, 28.2169608]}}, {"type": "Feature", "properties": {"type": "yes"}, "geometry": {"type": "Point", "coordinates": [83.9880366, 28.2145317]}}, {"type": "Feature", "properties": {"type": "yes"}, "geometry": {"type": "Point", "coordinates": [83.9890934, 28.2168368]}}, {"type": "Feature", "properties": {"type": "yes"}, "geometry": {"type": "Point", "coordinates": [83.9888873, 28.2172376]}}, {"type": "Feature", "properties": {"type": "yes"}, "geometry": {"type": "Point", "coordinates": [83.9889381, 28.2171994]}}, {"type": "Feature", "properties": {"type": "yes"}, "geometry": {"type": "Point", "coordinates": [83.9895354, 28.2170726]}}, {"type": "Feature", "properties": {"type": "yes"}, "geometry": {"type": "Point", "coordinates": [83.98948, 28.2172936]}}, {"type": "Feature", "properties": {"type": "yes"}, "geometry": {"type": "Point", "coordinates": [83.9895231, 28.2150219]}}, {"type": "Feature", "properties": {"type": "yes"}, "geometry": {"type": "Point", "coordinates": [83.9885713, 28.2159374]}}, {"type": "Feature", "properties": {"type": "yes"}, "geometry": {"type": "Point", "coordinates": [83.9898524, 28.2167299]}}, {"type": "Feature", "properties": {"type": "yes"}, "geometry": {"type": "Point", "coordinates": [83.9883789, 28.2169298]}}, {"type": "Feature", "properties": {"type": "yes"}, "geometry": {"type": "Point", "coordinates": [83.9900586, 28.2161726]}}, {"type": "Feature", "properties": {"type": "yes"}, "geometry": {"type": "Point", "coordinates": [83.9896758, 28.2164431]}}, {"type": "Feature", "properties": {"type": "yes"}, "geometry": {"type": "Point", "coordinates": [83.9887024, 28.2169127]}}, {"type": "Feature", "properties": {"type": "yes"}, "geometry": {"type": "Point", "coordinates": [83.9899176, 28.2163483]}}, {"type": "Feature", "properties": {"type": "yes"}, "geometry": {"type": "Point", "coordinates": [83.9897138, 28.2166829]}}, {"type": "Feature", "properties": {"type": "yes"}, "geometry": {"type": "Point", "coordinates": [83.9880718, 28.2152543]}}, {"type": "Feature", "properties": {"type": "yes"}, "geometry": {"type": "Point", "coordinates": [83.9875158, 28.2158892]}}, {"type": "Feature", "properties": {"type": "yes"}, "geometry": {"type": "Point", "coordinates": [83.9900473, 28.214988]}}, {"type": "Feature", "properties": {"type": "yes"}, "geometry": {"type": "Point", "coordinates": [83.9876656, 28.2154467]}}, {"type": "Feature", "properties": {"type": "yes"}, "geometry": {"type": "Point", "coordinates": [83.9898565, 28.216844]}}, {"type": "Feature", "properties": {"type": "yes"}, "geometry": {"type": "Point", "coordinates": [83.987822, 28.2154431]}}, {"type": "Feature", "properties": {"type": "yes"}, "geometry": {"type": "Point", "coordinates": [83.989968, 28.214823]}}, {"type": "Feature", "properties": {"type": "yes"}, "geometry": {"type": "Point", "coordinates": [83.9879556, 28.2161226]}}, {"type": "Feature", "properties": {"type": "yes"}, "geometry": {"type": "Point", "coordinates": [83.9895087, 28.2159717]}}, {"type": "Feature", "properties": {"type": "yes"}, "geometry": {"type": "Point", "coordinates": [83.9877605, 28.2160387]}}, {"type": "Feature", "properties": {"type": "yes"}, "geometry": {"type": "Point", "coordinates": [83.9886633, 28.2159464]}}, {"type": "Feature", "properties": {"type": "yes"}, "geometry": {"type": "Point", "coordinates": [83.9887477, 28.215793]}}, {"type": "Feature", "properties": {"type": "yes"}, "geometry": {"type": "Point", "coordinates": [83.9881593, 28.2164473]}}, {"type": "Feature", "properties": {"type": "yes"}, "geometry": {"type": "Point", "coordinates": [83.9898308, 28.2158527]}}, {"type": "Feature", "properties": {"type": "yes"}, "geometry": {"type": "Point", "coordinates": [83.9896213, 28.2151723]}}, {"type": "Feature", "properties": {"type": "yes"}, "geometry": {"type": "Point", "coordinates": [83.9896976, 28.2159192]}}, {"type": "Feature", "properties": {"type": "yes"}, "geometry": {"type": "Point", "coordinates": [83.9880032, 28.2159993]}}, {"type": "Feature", "properties": {"type": "yes"}, "geometry": {"type": "Point", "coordinates": [83.9882595, 28.2165052]}}, {"type": "Feature", "properties": {"type": "yes"}, "geometry": {"type": "Point", "coordinates": [83.9899986, 28.2164429]}}, {"type": "Feature", "properties": {"type": "yes"}, "geometry": {"type": "Point", "coordinates": [83.9886603, 28.2167576]}}, {"type": "Feature", "properties": {"type": "yes"}, "geometry": {"type": "Point", "coordinates": [83.989905, 28.2159683]}}, {"type": "Feature", "properties": {"type": "yes"}, "geometry": {"type": "Point", "coordinates": [83.9889514, 28.2156943]}}, {"type": "Feature", "properties": {"type": "yes"}, "geometry": {"type": "Point", "coordinates": [83.9886548, 28.2163486]}}, {"type": "Feature", "properties": {"type": "yes"}, "geometry": {"type": "Point", "coordinates": [83.9896865, 28.2154186]}}, {"type": "Feature", "properties": {"type": "yes"}, "geometry": {"type": "Point", "coordinates": [83.9884993, 28.2170118]}}, {"type": "Feature", "properties": {"type": "yes"}, "geometry": {"type": "Point", "coordinates": [83.9897791, 28.2161813]}}, {"type": "Feature", "properties": {"type": "yes"}, "geometry": {"type": "Point", "coordinates": [83.9888235, 28.2168985]}}, {"type": "Feature", "properties": {"type": "yes"}, "geometry": {"type": "Point", "coordinates": [83.9887838, 28.2169864]}}, {"type": "Feature", "properties": {"type": "yes"}, "geometry": {"type": "Point", "coordinates": [83.9897557, 28.2160629]}}, {"type": "Feature", "properties": {"type": "yes"}, "geometry": {"type": "Point", "coordinates": [83.9900195, 28.2165416]}}, {"type": "Feature", "properties": {"type": "yes"}, "geometry": {"type": "Point", "coordinates": [83.9900732, 28.2162856]}}, {"type": "Feature", "properties": {"type": "yes"}, "geometry": {"type": "Point", "coordinates": [83.988581, 28.2168334]}}, {"type": "Feature", "properties": {"type": "yes"}, "geometry": {"type": "Point", "coordinates": [83.9897218, 28.2140704]}}, {"type": "Feature", "properties": {"type": "yes"}, "geometry": {"type": "Point", "coordinates": [83.9897397, 28.2139607]}}, {"type": "Feature", "properties": {"type": "yes"}, "geometry": {"type": "Point", "coordinates": [83.9890556, 28.2140709]}}, {"type": "Feature", "properties": {"type": "yes"}, "geometry": {"type": "Point", "coordinates": [83.9899651, 28.2139276]}}, {"type": "Feature", "properties": {"type": "yes"}, "geometry": {"type": "Point", "coordinates": [83.9895525, 28.2156832]}}, {"type": "Feature", "properties": {"type": "yes"}, "geometry": {"type": "Point", "coordinates": [83.9893336, 28.2141145]}}, {"type": "Feature", "properties": {"type": "yes"}, "geometry": {"type": "Point", "coordinates": [83.9892157, 28.2143446]}}, {"type": "Feature", "properties": {"type": "yes"}, "geometry": {"type": "Point", "coordinates": [83.9894147, 28.2135696]}}, {"type": "Feature", "properties": {"type": "yes"}, "geometry": {"type": "Point", "coordinates": [83.9892789, 28.213634]}}, {"type": "Feature", "properties": {"type": "yes"}, "geometry": {"type": "Point", "coordinates": [83.9890594, 28.2135136]}}, {"type": "Feature", "properties": {"type": "yes"}, "geometry": {"type": "Point", "coordinates": [83.9888732, 28.2134639]}}, {"type": "Feature", "properties": {"type": "yes"}, "geometry": {"type": "Point", "coordinates": [83.9893997, 28.2142556]}}, {"type": "Feature", "properties": {"type": "yes"}, "geometry": {"type": "Point", "coordinates": [83.9898989, 28.2142011]}}, {"type": "Feature", "properties": {"type": "yes"}, "geometry": {"type": "Point", "coordinates": [83.9893106, 28.2143096]}}, {"type": "Feature", "properties": {"type": "yes"}, "geometry": {"type": "Point", "coordinates": [83.9897919, 28.2142997]}}, {"type": "Feature", "properties": {"type": "yes"}, "geometry": {"type": "Point", "coordinates": [83.9890267, 28.2142275]}}, {"type": "Feature", "properties": {"type": "yes"}, "geometry": {"type": "Point", "coordinates": [83.9896007, 28.2130713]}}, {"type": "Feature", "properties": {"type": "yes"}, "geometry": {"type": "Point", "coordinates": [83.9894192, 28.2137733]}}, {"type": "Feature", "properties": {"type": "yes"}, "geometry": {"type": "Point", "coordinates": [83.9894717, 28.2138957]}}, {"type": "Feature", "properties": {"type": "yes"}, "geometry": {"type": "Point", "coordinates": [83.9894249, 28.213845]}}, {"type": "Feature", "properties": {"type": "yes"}, "geometry": {"type": "Point", "coordinates": [83.9900364, 28.2141365]}}, {"type": "Feature", "properties": {"type": "yes"}, "geometry": {"type": "Point", "coordinates": [83.989564, 28.2139782]}}, {"type": "Feature", "properties": {"type": "yes"}, "geometry": {"type": "Point", "coordinates": [83.9879826, 28.2140631]}}, {"type": "Feature", "properties": {"type": "yes"}, "geometry": {"type": "Point", "coordinates": [83.9882524, 28.2140791]}}, {"type": "Feature", "properties": {"type": "yes"}, "geometry": {"type": "Point", "coordinates": [83.9885355, 28.2146724]}}, {"type": "Feature", "properties": {"type": "yes"}, "geometry": {"type": "Point", "coordinates": [83.9881126, 28.2139197]}}, {"type": "Feature", "properties": {"type": "yes"}, "geometry": {"type": "Point", "coordinates": [83.9893164, 28.2132502]}}, {"type": "Feature", "properties": {"type": "yes"}, "geometry": {"type": "Point", "coordinates": [83.9886769, 28.214491]}}, {"type": "Feature", "properties": {"type": "yes"}, "geometry": {"type": "Point", "coordinates": [83.9887167, 28.2146335]}}, {"type": "Feature", "properties": {"type": "yes"}, "geometry": {"type": "Point", "coordinates": [83.9884683, 28.2145049]}}, {"type": "Feature", "properties": {"type": "yes"}, "geometry": {"type": "Point", "coordinates": [83.9872823, 28.2148301]}}, {"type": "Feature", "properties": {"type": "yes"}, "geometry": {"type": "Point", "coordinates": [83.9882215, 28.2150242]}}, {"type": "Feature", "properties": {"name": "Ram Krishna Vawan", "type": "yes"}, "geometry": {"type": "Point", "coordinates": [83.9857944, 28.2134399]}}, {"type": "Feature", "properties": {"type": "yes"}, "geometry": {"type": "Point", "coordinates": [83.9873963, 28.2150228]}}, {"type": "Feature", "properties": {"type": "yes"}, "geometry": {"type": "Point", "coordinates": [83.9884261, 28.215067]}}, {"type": "Feature", "properties": {"type": "yes"}, "geometry": {"type": "Point", "coordinates": [83.9887783, 28.2148124]}}, {"type": "Feature", "properties": {"type": "yes"}, "geometry": {"type": "Point", "coordinates": [83.9880921, 28.2149766]}}, {"type": "Feature", "properties": {"type": "yes"}, "geometry": {"type": "Point", "coordinates": [83.9888615, 28.2152751]}}, {"type": "Feature", "properties": {"type": "yes"}, "geometry": {"type": "Point", "coordinates": [83.9880136, 28.2147733]}}, {"type": "Feature", "properties": {"type": "yes"}, "geometry": {"type": "Point", "coordinates": [83.9883168, 28.2149609]}}, {"type": "Feature", "properties": {"type": "yes"}, "geometry": {"type": "Point", "coordinates": [83.9884134, 28.2140779]}}, {"type": "Feature", "properties": {"type": "yes"}, "geometry": {"type": "Point", "coordinates": [83.9857502, 28.2131772]}}, {"type": "Feature", "properties": {"type": "yes"}, "geometry": {"type": "Point", "coordinates": [83.987614, 28.2150038]}}, {"type": "Feature", "properties": {"type": "yes"}, "geometry": {"type": "Point", "coordinates": [83.988736, 28.2149016]}}, {"type": "Feature", "properties": {"type": "yes"}, "geometry": {"type": "Point", "coordinates": [83.9886305, 28.2151701]}}, {"type": "Feature", "properties": {"type": "yes"}, "geometry": {"type": "Point", "coordinates": [83.9889709, 28.2153241]}}, {"type": "Feature", "properties": {"type": "yes"}, "geometry": {"type": "Point", "coordinates": [83.988782, 28.2152105]}}, {"type": "Feature", "properties": {"type": "yes"}, "geometry": {"type": "Point", "coordinates": [83.9878753, 28.2139252]}}, {"type": "Feature", "properties": {"type": "yes"}, "geometry": {"type": "Point", "coordinates": [83.9885316, 28.2155376]}}, {"type": "Feature", "properties": {"type": "yes"}, "geometry": {"type": "Point", "coordinates": [83.9899781, 28.2143273]}}, {"type": "Feature", "properties": {"type": "yes"}, "geometry": {"type": "Point", "coordinates": [83.989252, 28.2132853]}}, {"type": "Feature", "properties": {"type": "yes"}, "geometry": {"type": "Point", "coordinates": [83.9898245, 28.2156596]}}, {"type": "Feature", "properties": {"type": "yes"}, "geometry": {"type": "Point", "coordinates": [83.9893283, 28.213728]}}, {"type": "Feature", "properties": {"type": "yes"}, "geometry": {"type": "Point", "coordinates": [83.9898937, 28.2149517]}}, {"type": "Feature", "properties": {"type": "yes"}, "geometry": {"type": "Point", "coordinates": [83.9884945, 28.2145922]}}, {"type": "Feature", "properties": {"type": "yes"}, "geometry": {"type": "Point", "coordinates": [83.988633, 28.2141857]}}, {"type": "Feature", "properties": {"type": "yes"}, "geometry": {"type": "Point", "coordinates": [83.9879981, 28.2146746]}}, {"type": "Feature", "properties": {"type": "yes"}, "geometry": {"type": "Point", "coordinates": [83.9879978, 28.213744]}}, {"type": "Feature", "properties": {"type": "yes"}, "geometry": {"type": "Point", "coordinates": [83.9886319, 28.2140786]}}, {"type": "Feature", "properties": {"type": "yes"}, "geometry": {"type": "Point", "coordinates": [83.9878099, 28.214918]}}, {"type": "Feature", "properties": {"type": "yes"}, "geometry": {"type": "Point", "coordinates": [83.9880611, 28.2138237]}}, {"type": "Feature", "properties": {"type": "yes"}, "geometry": {"type": "Point", "coordinates": [83.9879446, 28.2147148]}}, {"type": "Feature", "properties": {"type": "yes"}, "geometry": {"type": "Point", "coordinates": [83.9881585, 28.2155146]}}, {"type": "Feature", "properties": {"type": "yes"}, "geometry": {"type": "Point", "coordinates": [83.9884374, 28.2148547]}}, {"type": "Feature", "properties": {"type": "yes"}, "geometry": {"type": "Point", "coordinates": [83.9857498, 28.2133537]}}, {"type": "Feature", "properties": {"type": "yes"}, "geometry": {"type": "Point", "coordinates": [83.9874904, 28.2149909]}}, {"type": "Feature", "properties": {"type": "yes"}, "geometry": {"type": "Point", "coordinates": [83.988523, 28.2150996]}}, {"type": "Feature", "properties": {"type": "yes"}, "geometry": {"type": "Point", "coordinates": [83.9899405, 28.2158001]}}, {"type": "Feature", "properties": {"type": "yes"}, "geometry": {"type": "Point", "coordinates": [83.9883638, 28.2155986]}}, {"type": "Feature", "properties": {"type": "yes"}, "geometry": {"type": "Point", "coordinates": [83.9883306, 28.2147761]}}, {"type": "Feature", "properties": {"type": "yes"}, "geometry": {"type": "Point", "coordinates": [83.9876349, 28.2158502]}}, {"type": "Feature", "properties": {"type": "yes"}, "geometry": {"type": "Point", "coordinates": [83.9857538, 28.2132576]}}, {"type": "Feature", "properties": {"type": "yes"}, "geometry": {"type": "Point", "coordinates": [83.9892251, 28.2131845]}}, {"type": "Feature", "properties": {"type": "yes"}, "geometry": {"type": "Point", "coordinates": [83.9887264, 28.2146913]}}, {"type": "Feature", "properties": {"type": "yes"}, "geometry": {"type": "Point", "coordinates": [83.9891834, 28.2133569]}}, {"type": "Feature", "properties": {"type": "yes"}, "geometry": {"type": "Point", "coordinates": [83.9882291, 28.2139598]}}, {"type": "Feature", "properties": {"type": "yes"}, "geometry": {"type": "Point", "coordinates": [83.988587, 28.2171857]}}, {"type": "Feature", "properties": {"type": "yes"}, "geometry": {"type": "Point", "coordinates": [83.9882678, 28.2171406]}}, {"type": "Feature", "properties": {"type": "yes"}, "geometry": {"type": "Point", "coordinates": [83.9573936, 28.2089043]}}, {"type": "Feature", "properties": {"name": "Yes Helping Hand | Handicraft - Cashmere and Pashmina Store", "type": "yes"}, "geometry": {"type": "Point", "coordinates": [83.9570313, 28.2090654]}}, {"type": "Feature", "properties": {"type": "yes"}, "geometry": {"type": "Point", "coordinates": [83.9567681, 28.2096086]}}, {"type": "Feature", "properties": {"type": "yes"}, "geometry": {"type": "Point", "coordinates": [83.9570051, 28.2091639]}}, {"type": "Feature", "properties": {"type": "yes"}, "geometry": {"type": "Point", "coordinates": [83.9560847, 28.2081833]}}, {"type": "Feature", "properties": {"type": "yes"}, "geometry": {"type": "Point", "coordinates": [83.9569905, 28.2092819]}}, {"type": "Feature", "properties": {"type": "yes"}, "geometry": {"type": "Point", "coordinates": [83.957353, 28.209063]}}, {"type": "Feature", "properties": {"type": "yes"}, "geometry": {"type": "Point", "coordinates": [83.9567426, 28.2093221]}}, {"type": "Feature", "properties": {"type": "yes"}, "geometry": {"type": "Point", "coordinates": [83.9555808, 28.212215]}}, {"type": "Feature", "properties": {"type": "yes"}, "geometry": {"type": "Point", "coordinates": [83.9562625, 28.2109239]}}, {"type": "Feature", "properties": {"type": "yes"}, "geometry": {"type": "Point", "coordinates": [83.9572968, 28.2123487]}}, {"type": "Feature", "properties": {"type": "yes"}, "geometry": {"type": "Point", "coordinates": [83.9558727, 28.2105848]}}, {"type": "Feature", "properties": {"type": "yes"}, "geometry": {"type": "Point", "coordinates": [83.9558335, 28.2128385]}}, {"type": "Feature", "properties": {"type": "yes"}, "geometry": {"type": "Point", "coordinates": [83.9560607, 28.212462]}}, {"type": "Feature", "properties": {"type": "yes"}, "geometry": {"type": "Point", "coordinates": [83.957061, 28.2140971]}}, {"type": "Feature", "properties": {"type": "yes"}, "geometry": {"type": "Point", "coordinates": [83.9567484, 28.2115418]}}, {"type": "Feature", "properties": {"type": "yes"}, "geometry": {"type": "Point", "coordinates": [83.9562684, 28.21082]}}, {"type": "Feature", "properties": {"type": "yes"}, "geometry": {"type": "Point", "coordinates": [83.9559328, 28.2126184]}}, {"type": "Feature", "properties": {"type": "yes"}, "geometry": {"type": "Point", "coordinates": [83.9568776, 28.2115369]}}, {"type": "Feature", "properties": {"type": "yes"}, "geometry": {"type": "Point", "coordinates": [83.9570135, 28.2117532]}}, {"type": "Feature", "properties": {"type": "yes"}, "geometry": {"type": "Point", "coordinates": [83.9558357, 28.2124568]}}, {"type": "Feature", "properties": {"type": "yes"}, "geometry": {"type": "Point", "coordinates": [83.9565494, 28.2110659]}}, {"type": "Feature", "properties": {"type": "yes"}, "geometry": {"type": "Point", "coordinates": [83.9562028, 28.2124548]}}, {"type": "Feature", "properties": {"type": "yes"}, "geometry": {"type": "Point", "coordinates": [83.9573026, 28.2127924]}}, {"type": "Feature", "properties": {"type": "yes"}, "geometry": {"type": "Point", "coordinates": [83.9561858, 28.2140169]}}, {"type": "Feature", "properties": {"type": "yes"}, "geometry": {"type": "Point", "coordinates": [83.9566047, 28.2121995]}}, {"type": "Feature", "properties": {"type": "yes"}, "geometry": {"type": "Point", "coordinates": [83.956958, 28.2118201]}}, {"type": "Feature", "properties": {"name": "Alchemy", "type": "yes"}, "geometry": {"type": "Point", "coordinates": [83.9574109, 28.2130729]}}, {"type": "Feature", "properties": {"name": "Gyanendra Home", "type": "yes"}, "geometry": {"type": "Point", "coordinates": [83.9566555, 28.2112619]}}, {"type": "Feature", "properties": {"type": "yes"}, "geometry": {"type": "Point", "coordinates": [83.9563117, 28.214228]}}, {"type": "Feature", "properties": {"type": "yes"}, "geometry": {"type": "Point", "coordinates": [83.9562327, 28.2136779]}}, {"type": "Feature", "properties": {"type": "yes"}, "geometry": {"type": "Point", "coordinates": [83.9566487, 28.2123999]}}, {"type": "Feature", "properties": {"type": "yes"}, "geometry": {"type": "Point", "coordinates": [83.9569585, 28.2119597]}}, {"type": "Feature", "properties": {"type": "yes"}, "geometry": {"type": "Point", "coordinates": [83.9568989, 28.2140783]}}, {"type": "Feature", "properties": {"type": "yes"}, "geometry": {"type": "Point", "coordinates": [83.956431, 28.2112433]}}, {"type": "Feature", "properties": {"type": "yes"}, "geometry": {"type": "Point", "coordinates": [83.9568069, 28.2114212]}}, {"type": "Feature", "properties": {"type": "yes"}, "geometry": {"type": "Point", "coordinates": [83.9573439, 28.2129577]}}, {"type": "Feature", "properties": {"type": "yes"}, "geometry": {"type": "Point", "coordinates": [83.9573012, 28.2138027]}}, {"type": "Feature", "properties": {"type": "yes"}, "geometry": {"type": "Point", "coordinates": [83.9560341, 28.2137422]}}, {"type": "Feature", "properties": {"type": "yes"}, "geometry": {"type": "Point", "coordinates": [83.9562957, 28.2122842]}}, {"type": "Feature", "properties": {"type": "yes"}, "geometry": {"type": "Point", "coordinates": [83.9559336, 28.2108001]}}, {"type": "Feature", "properties": {"type": "yes"}, "geometry": {"type": "Point", "coordinates": [83.9564496, 28.2127319]}}, {"type": "Feature", "properties": {"type": "yes"}, "geometry": {"type": "Point", "coordinates": [83.9569672, 28.2138301]}}, {"type": "Feature", "properties": {"type": "yes"}, "geometry": {"type": "Point", "coordinates": [83.9569892, 28.2121585]}}, {"type": "Feature", "properties": {"type": "yes"}, "geometry": {"type": "Point", "coordinates": [83.9563365, 28.2124156]}}, {"type": "Feature", "properties": {"type": "yes"}, "geometry": {"type": "Point", "coordinates": [83.9567378, 28.2110343]}}, {"type": "Feature", "properties": {"type": "yes"}, "geometry": {"type": "Point", "coordinates": [83.9564896, 28.2100558]}}, {"type": "Feature", "properties": {"type": "yes"}, "geometry": {"type": "Point", "coordinates": [83.9568402, 28.2131818]}}, {"type": "Feature", "properties": {"type": "yes"}, "geometry": {"type": "Point", "coordinates": [83.9562341, 28.2112476]}}, {"type": "Feature", "properties": {"type": "yes"}, "geometry": {"type": "Point", "coordinates": [83.9569816, 28.2139887]}}, {"type": "Feature", "properties": {"name": "Club 99 Dance Bar", "type": "yes"}, "geometry": {"type": "Point", "coordinates": [83.9574655, 28.213956]}}, {"type": "Feature", "properties": {"type": "yes"}, "geometry": {"type": "Point", "coordinates": [83.9557801, 28.210851]}}, {"type": "Feature", "properties": {"type": "yes"}, "geometry": {"type": "Point", "coordinates": [83.9569959, 28.2125051]}}, {"type": "Feature", "properties": {"type": "yes"}, "geometry": {"type": "Point", "coordinates": [83.956798, 28.2120984]}}, {"type": "Feature", "properties": {"type": "yes"}, "geometry": {"type": "Point", "coordinates": [83.9572993, 28.2140185]}}, {"type": "Feature", "properties": {"type": "yes"}, "geometry": {"type": "Point", "coordinates": [83.9558622, 28.2123286]}}, {"type": "Feature", "properties": {"type": "yes"}, "geometry": {"type": "Point", "coordinates": [83.9564314, 28.212394]}}, {"type": "Feature", "properties": {"type": "yes"}, "geometry": {"type": "Point", "coordinates": [83.9558914, 28.211794]}}, {"type": "Feature", "properties": {"type": "yes"}, "geometry": {"type": "Point", "coordinates": [83.9569991, 28.2122646]}}, {"type": "Feature", "properties": {"type": "yes"}, "geometry": {"type": "Point", "coordinates": [83.9567697, 28.2098216]}}, {"type": "Feature", "properties": {"type": "yes"}, "geometry": {"type": "Point", "coordinates": [83.9569877, 28.2111162]}}, {"type": "Feature", "properties": {"type": "yes"}, "geometry": {"type": "Point", "coordinates": [83.956131, 28.2122045]}}, {"type": "Feature", "properties": {"type": "yes"}, "geometry": {"type": "Point", "coordinates": [83.956662, 28.2120668]}}, {"type": "Feature", "properties": {"type": "yes"}, "geometry": {"type": "Point", "coordinates": [83.9562651, 28.2107534]}}, {"type": "Feature", "properties": {"type": "yes"}, "geometry": {"type": "Point", "coordinates": [83.9571992, 28.2140494]}}, {"type": "Feature", "properties": {"type": "yes"}, "geometry": {"type": "Point", "coordinates": [83.9570142, 28.2114807]}}, {"type": "Feature", "properties": {"type": "yes"}, "geometry": {"type": "Point", "coordinates": [83.956175, 28.2100838]}}, {"type": "Feature", "properties": {"type": "yes"}, "geometry": {"type": "Point", "coordinates": [83.9557517, 28.2117865]}}, {"type": "Feature", "properties": {"type": "yes"}, "geometry": {"type": "Point", "coordinates": [83.9563002, 28.2143689]}}, {"type": "Feature", "properties": {"type": "yes"}, "geometry": {"type": "Point", "coordinates": [83.9561111, 28.2108597]}}, {"type": "Feature", "properties": {"type": "yes"}, "geometry": {"type": "Point", "coordinates": [83.9565203, 28.2123739]}}, {"type": "Feature", "properties": {"type": "yes"}, "geometry": {"type": "Point", "coordinates": [83.9569523, 28.2125891]}}, {"type": "Feature", "properties": {"type": "yes"}, "geometry": {"type": "Point", "coordinates": [83.957358, 28.2121598]}}, {"type": "Feature", "properties": {"type": "yes"}, "geometry": {"type": "Point", "coordinates": [83.9563267, 28.2106348]}}, {"type": "Feature", "properties": {"type": "yes"}, "geometry": {"type": "Point", "coordinates": [83.9566615, 28.2118315]}}, {"type": "Feature", "properties": {"type": "yes"}, "geometry": {"type": "Point", "coordinates": [83.956886, 28.2115995]}}, {"type": "Feature", "properties": {"type": "yes"}, "geometry": {"type": "Point", "coordinates": [83.9570117, 28.2113485]}}, {"type": "Feature", "properties": {"type": "yes"}, "geometry": {"type": "Point", "coordinates": [83.9567464, 28.2132778]}}, {"type": "Feature", "properties": {"type": "yes"}, "geometry": {"type": "Point", "coordinates": [83.9568786, 28.2105886]}}, {"type": "Feature", "properties": {"type": "yes"}, "geometry": {"type": "Point", "coordinates": [83.9565575, 28.2117582]}}, {"type": "Feature", "properties": {"type": "yes"}, "geometry": {"type": "Point", "coordinates": [83.9562024, 28.2126789]}}, {"type": "Feature", "properties": {"type": "yes"}, "geometry": {"type": "Point", "coordinates": [83.957017, 28.2115502]}}, {"type": "Feature", "properties": {"type": "yes"}, "geometry": {"type": "Point", "coordinates": [83.9570107, 28.2116715]}}, {"type": "Feature", "properties": {"type": "yes"}, "geometry": {"type": "Point", "coordinates": [83.9570624, 28.2132196]}}, {"type": "Feature", "properties": {"type": "yes"}, "geometry": {"type": "Point", "coordinates": [83.957448, 28.2165642]}}, {"type": "Feature", "properties": {"type": "yes"}, "geometry": {"type": "Point", "coordinates": [83.9574108, 28.2171721]}}, {"type": "Feature", "properties": {"type": "yes"}, "geometry": {"type": "Point", "coordinates": [83.9574154, 28.2172562]}}, {"type": "Feature", "properties": {"type": "yes"}, "geometry": {"type": "Point", "coordinates": [83.9574091, 28.2170813]}}, {"type": "Feature", "properties": {"type": "yes"}, "geometry": {"type": "Point", "coordinates": [83.9570162, 28.2157161]}}, {"type": "Feature", "properties": {"type": "yes"}, "geometry": {"type": "Point", "coordinates": [83.957241, 28.2158183]}}, {"type": "Feature", "properties": {"type": "yes"}, "geometry": {"type": "Point", "coordinates": [83.9571885, 28.2156996]}}, {"type": "Feature", "properties": {"type": "yes"}, "geometry": {"type": "Point", "coordinates": [83.9572569, 28.2164211]}}, {"type": "Feature", "properties": {"type": "yes"}, "geometry": {"type": "Point", "coordinates": [83.9573935, 28.2163144]}}, {"type": "Feature", "properties": {"type": "yes"}, "geometry": {"type": "Point", "coordinates": [83.9570714, 28.2157731]}}, {"type": "Feature", "properties": {"type": "yes"}, "geometry": {"type": "Point", "coordinates": [83.9474237, 28.2076473]}}, {"type": "Feature", "properties": {"type": "yes"}, "geometry": {"type": "Point", "coordinates": [83.9406962, 28.2100278]}}, {"type": "Feature", "properties": {"type": "yes"}, "geometry": {"type": "Point", "coordinates": [83.9407675, 28.2117479]}}, {"type": "Feature", "properties": {"type": "yes"}, "geometry": {"type": "Point", "coordinates": [83.9413807, 28.21125]}}, {"type": "Feature", "properties": {"type": "yes"}, "geometry": {"type": "Point", "coordinates": [83.9416833, 28.2110002]}}, {"type": "Feature", "properties": {"type": "yes"}, "geometry": {"type": "Point", "coordinates": [83.9476963, 28.2078652]}}, {"type": "Feature", "properties": {"type": "yes"}, "geometry": {"type": "Point", "coordinates": [83.9450868, 28.2079758]}}, {"type": "Feature", "properties": {"type": "yes"}, "geometry": {"type": "Point", "coordinates": [83.9409361, 28.2113156]}}, {"type": "Feature", "properties": {"type": "yes"}, "geometry": {"type": "Point", "coordinates": [83.9446353, 28.2085283]}}, {"type": "Feature", "properties": {"type": "yes"}, "geometry": {"type": "Point", "coordinates": [83.9396678, 28.2104024]}}, {"type": "Feature", "properties": {"type": "yes"}, "geometry": {"type": "Point", "coordinates": [83.9455682, 28.2076791]}}, {"type": "Feature", "properties": {"type": "yes"}, "geometry": {"type": "Point", "coordinates": [83.9477725, 28.2078713]}}, {"type": "Feature", "properties": {"type": "yes"}, "geometry": {"type": "Point", "coordinates": [83.940706, 28.2116348]}}, {"type": "Feature", "properties": {"type": "yes"}, "geometry": {"type": "Point", "coordinates": [83.941132, 28.2121745]}}, {"type": "Feature", "properties": {"type": "yes"}, "geometry": {"type": "Point", "coordinates": [83.9454031, 28.2077695]}}, {"type": "Feature", "properties": {"type": "yes"}, "geometry": {"type": "Point", "coordinates": [83.9410393, 28.2122878]}}, {"type": "Feature", "properties": {"type": "yes"}, "geometry": {"type": "Point", "coordinates": [83.9451268, 28.2078783]}}, {"type": "Feature", "properties": {"type": "yes"}, "geometry": {"type": "Point", "coordinates": [83.9415647, 28.2085646]}}, {"type": "Feature", "properties": {"type": "yes"}, "geometry": {"type": "Point", "coordinates": [83.9409275, 28.2122174]}}, {"type": "Feature", "properties": {"type": "yes"}, "geometry": {"type": "Point", "coordinates": [83.9452332, 28.2086074]}}, {"type": "Feature", "properties": {"type": "yes"}, "geometry": {"type": "Point", "coordinates": [83.9413382, 28.2111629]}}, {"type": "Feature", "properties": {"type": "yes"}, "geometry": {"type": "Point", "coordinates": [83.9453553, 28.2078595]}}, {"type": "Feature", "properties": {"type": "yes"}, "geometry": {"type": "Point", "coordinates": [83.9476104, 28.2078445]}}, {"type": "Feature", "properties": {"type": "yes"}, "geometry": {"type": "Point", "coordinates": [83.945196, 28.2081539]}}, {"type": "Feature", "properties": {"type": "yes"}, "geometry": {"type": "Point", "coordinates": [83.9411796, 28.210988]}}, {"type": "Feature", "properties": {"type": "yes"}, "geometry": {"type": "Point", "coordinates": [83.9416731, 28.2089036]}}, {"type": "Feature", "properties": {"type": "yes"}, "geometry": {"type": "Point", "coordinates": [83.9415345, 28.2119956]}}, {"type": "Feature", "properties": {"type": "yes"}, "geometry": {"type": "Point", "coordinates": [83.9407722, 28.2114992]}}, {"type": "Feature", "properties": {"type": "yes"}, "geometry": {"type": "Point", "coordinates": [83.941189, 28.2110883]}}, {"type": "Feature", "properties": {"type": "yes"}, "geometry": {"type": "Point", "coordinates": [83.9411501, 28.2114867]}}, {"type": "Feature", "properties": {"type": "yes"}, "geometry": {"type": "Point", "coordinates": [83.9412877, 28.210868]}}, {"type": "Feature", "properties": {"type": "yes"}, "geometry": {"type": "Point", "coordinates": [83.9417088, 28.2093687]}}, {"type": "Feature", "properties": {"type": "yes"}, "geometry": {"type": "Point", "coordinates": [83.940569, 28.2116059]}}, {"type": "Feature", "properties": {"type": "yes"}, "geometry": {"type": "Point", "coordinates": [83.9412128, 28.2117255]}}, {"type": "Feature", "properties": {"type": "yes"}, "geometry": {"type": "Point", "coordinates": [83.9414106, 28.2106044]}}, {"type": "Feature", "properties": {"type": "yes"}, "geometry": {"type": "Point", "coordinates": [83.9417773, 28.2085368]}}, {"type": "Feature", "properties": {"type": "yes"}, "geometry": {"type": "Point", "coordinates": [83.9414193, 28.2108426]}}, {"type": "Feature", "properties": {"type": "yes"}, "geometry": {"type": "Point", "coordinates": [83.9456525, 28.2089182]}}, {"type": "Feature", "properties": {"type": "yes"}, "geometry": {"type": "Point", "coordinates": [83.9449704, 28.2085103]}}, {"type": "Feature", "properties": {"type": "yes"}, "geometry": {"type": "Point", "coordinates": [83.9412373, 28.2105612]}}, {"type": "Feature", "properties": {"type": "yes"}, "geometry": {"type": "Point", "coordinates": [83.941045, 28.2106655]}}, {"type": "Feature", "properties": {"type": "yes"}, "geometry": {"type": "Point", "coordinates": [83.9413861, 28.2085621]}}, {"type": "Feature", "properties": {"type": "yes"}, "geometry": {"type": "Point", "coordinates": [83.9449179, 28.2082779]}}, {"type": "Feature", "properties": {"type": "yes"}, "geometry": {"type": "Point", "coordinates": [83.9407972, 28.2108365]}}, {"type": "Feature", "properties": {"type": "yes"}, "geometry": {"type": "Point", "coordinates": [83.9452451, 28.207928]}}, {"type": "Feature", "properties": {"type": "yes"}, "geometry": {"type": "Point", "coordinates": [83.9411343, 28.2106652]}}, {"type": "Feature", "properties": {"type": "yes"}, "geometry": {"type": "Point", "coordinates": [83.9448513, 28.2082052]}}, {"type": "Feature", "properties": {"type": "yes"}, "geometry": {"type": "Point", "coordinates": [83.9448913, 28.2084047]}}, {"type": "Feature", "properties": {"type": "yes"}, "geometry": {"type": "Point", "coordinates": [83.9408158, 28.2109676]}}, {"type": "Feature", "properties": {"type": "yes"}, "geometry": {"type": "Point", "coordinates": [83.9452399, 28.2080463]}}, {"type": "Feature", "properties": {"type": "yes"}, "geometry": {"type": "Point", "coordinates": [83.9416872, 28.210811]}}, {"type": "Feature", "properties": {"type": "yes"}, "geometry": {"type": "Point", "coordinates": [83.9417969, 28.2099301]}}, {"type": "Feature", "properties": {"type": "yes"}, "geometry": {"type": "Point", "coordinates": [83.94082, 28.2121134]}}, {"type": "Feature", "properties": {"type": "yes"}, "geometry": {"type": "Point", "coordinates": [83.9448148, 28.2084318]}}, {"type": "Feature", "properties": {"type": "yes"}, "geometry": {"type": "Point", "coordinates": [83.9417932, 28.2107355]}}, {"type": "Feature", "properties": {"type": "yes"}, "geometry": {"type": "Point", "coordinates": [83.9415068, 28.2101307]}}, {"type": "Feature", "properties": {"type": "yes"}, "geometry": {"type": "Point", "coordinates": [83.9573957, 28.2109264]}}, {"type": "Feature", "properties": {"type": "yes"}, "geometry": {"type": "Point", "coordinates": [83.9551411, 28.2124981]}}, {"type": "Feature", "properties": {"type": "yes"}, "geometry": {"type": "Point", "coordinates": [83.9555682, 28.2127085]}}, {"type": "Feature", "properties": {"type": "yes"}, "geometry": {"type": "Point", "coordinates": [83.9555675, 28.2128848]}}, {"type": "Feature", "properties": {"type": "yes"}, "geometry": {"type": "Point", "coordinates": [83.9573824, 28.2114021]}}, {"type": "Feature", "properties": {"type": "yes"}, "geometry": {"type": "Point", "coordinates": [83.9555138, 28.2125482]}}, {"type": "Feature", "properties": {"type": "yes"}, "geometry": {"type": "Point", "coordinates": [83.957389, 28.2113309]}}, {"type": "Feature", "properties": {"type": "yes"}, "geometry": {"type": "Point", "coordinates": [83.9572582, 28.2104408]}}, {"type": "Feature", "properties": {"type": "yes"}, "geometry": {"type": "Point", "coordinates": [83.9573976, 28.2120378]}}, {"type": "Feature", "properties": {"type": "yes"}, "geometry": {"type": "Point", "coordinates": [83.956551, 28.2113506]}}, {"type": "Feature", "properties": {"type": "yes"}, "geometry": {"type": "Point", "coordinates": [83.9573847, 28.2114807]}}, {"type": "Feature", "properties": {"type": "yes"}, "geometry": {"type": "Point", "coordinates": [83.9569627, 28.2109376]}}, {"type": "Feature", "properties": {"type": "yes"}, "geometry": {"type": "Point", "coordinates": [83.9560868, 28.2120902]}}, {"type": "Feature", "properties": {"type": "yes"}, "geometry": {"type": "Point", "coordinates": [83.9563143, 28.2113993]}}, {"type": "Feature", "properties": {"type": "yes"}, "geometry": {"type": "Point", "coordinates": [83.9572921, 28.2105561]}}, {"type": "Feature", "properties": {"type": "yes"}, "geometry": {"type": "Point", "coordinates": [83.9557839, 28.2125656]}}, {"type": "Feature", "properties": {"type": "yes"}, "geometry": {"type": "Point", "coordinates": [83.955857, 28.2121857]}}, {"type": "Feature", "properties": {"type": "retail"}, "geometry": {"type": "Point", "coordinates": [83.9573568, 28.2108329]}}, {"type": "Feature", "properties": {"type": "yes"}, "geometry": {"type": "Point", "coordinates": [83.9563163, 28.2110348]}}, {"type": "Feature", "properties": {"type": "retail"}, "geometry": {"type": "Point", "coordinates": [83.9573521, 28.2107157]}}, {"type": "Feature", "properties": {"type": "yes"}, "geometry": {"type": "Point", "coordinates": [83.9558373, 28.2129948]}}, {"type": "Feature", "properties": {"type": "yes"}, "geometry": {"type": "Point", "coordinates": [83.9569487, 28.2108483]}}, {"type": "Feature", "properties": {"type": "yes"}, "geometry": {"type": "Point", "coordinates": [83.9567859, 28.2100847]}}, {"type": "Feature", "properties": {"type": "yes"}, "geometry": {"type": "Point", "coordinates": [83.9569331, 28.21073]}}, {"type": "Feature", "properties": {"type": "yes"}, "geometry": {"type": "Point", "coordinates": [83.9560471, 28.2103588]}}, {"type": "Feature", "properties": {"type": "yes"}, "geometry": {"type": "Point", "coordinates": [83.9878134, 28.2153497]}}, {"type": "Feature", "properties": {"type": "yes"}, "geometry": {"type": "Point", "coordinates": [83.9877138, 28.2159574]}}, {"type": "Feature", "properties": {"type": "yes"}, "geometry": {"type": "Point", "coordinates": [83.9851165, 28.2130768]}}, {"type": "Feature", "properties": {"type": "yes"}, "geometry": {"type": "Point", "coordinates": [83.9860431, 28.2145031]}}, {"type": "Feature", "properties": {"type": "yes"}, "geometry": {"type": "Point", "coordinates": [83.9865338, 28.2155918]}}, {"type": "Feature", "properties": {"type": "yes"}, "geometry": {"type": "Point", "coordinates": [83.9862856, 28.2145213]}}, {"type": "Feature", "properties": {"type": "yes"}, "geometry": {"type": "Point", "coordinates": [83.9876043, 28.2163603]}}, {"type": "Feature", "properties": {"type": "yes"}, "geometry": {"type": "Point", "coordinates": [83.9877917, 28.2152474]}}, {"type": "Feature", "properties": {"type": "yes"}, "geometry": {"type": "Point", "coordinates": [83.9865885, 28.2156647]}}, {"type": "Feature", "properties": {"type": "yes"}, "geometry": {"type": "Point", "coordinates": [83.9874008, 28.2152339]}}, {"type": "Feature", "properties": {"type": "yes"}, "geometry": {"type": "Point", "coordinates": [83.9875167, 28.2164327]}}, {"type": "Feature", "properties": {"type": "yes"}, "geometry": {"type": "Point", "coordinates": [83.9862531, 28.2143982]}}, {"type": "Feature", "properties": {"type": "yes"}, "geometry": {"type": "Point", "coordinates": [83.988449, 28.2159519]}}, {"type": "Feature", "properties": {"type": "yes"}, "geometry": {"type": "Point", "coordinates": [83.9870665, 28.2164802]}}, {"type": "Feature", "properties": {"type": "yes"}, "geometry": {"type": "Point", "coordinates": [83.9876643, 28.2152462]}}, {"type": "Feature", "properties": {"type": "yes"}, "geometry": {"type": "Point", "coordinates": [83.9875247, 28.2152828]}}, {"type": "Feature", "properties": {"type": "yes"}, "geometry": {"type": "Point", "coordinates": [83.9860742, 28.2146233]}}, {"type": "Feature", "properties": {"type": "yes"}, "geometry": {"type": "Point", "coordinates": [83.9883056, 28.2160005]}}, {"type": "Feature", "properties": {"type": "yes"}, "geometry": {"type": "Point", "coordinates": [83.9870327, 28.2165479]}}, {"type": "Feature", "properties": {"type": "yes"}, "geometry": {"type": "Point", "coordinates": [83.989031, 28.21391]}}, {"type": "Feature", "properties": {"type": "yes"}, "geometry": {"type": "Point", "coordinates": [83.9870839, 28.219392]}}, {"type": "Feature", "properties": {"type": "yes"}, "geometry": {"type": "Point", "coordinates": [83.9855538, 28.2189787]}}, {"type": "Feature", "properties": {"type": "yes"}, "geometry": {"type": "Point", "coordinates": [83.9851246, 28.2180913]}}, {"type": "Feature", "properties": {"type": "yes"}, "geometry": {"type": "Point", "coordinates": [83.9886674, 28.2199763]}}, {"type": "Feature", "properties": {"type": "yes"}, "geometry": {"type": "Point", "coordinates": [83.9883186, 28.2194058]}}, {"type": "Feature", "properties": {"type": "yes"}, "geometry": {"type": "Point", "coordinates": [83.9874636, 28.2192976]}}, {"type": "Feature", "properties": {"name": "Skein Software Builders", "type": "yes"}, "geometry": {"type": "Point", "coordinates": [83.9870717, 28.2190988]}}, {"type": "Feature", "properties": {"type": "yes"}, "geometry": {"type": "Point", "coordinates": [83.9885585, 28.21885]}}, {"type": "Feature", "properties": {"type": "yes"}, "geometry": {"type": "Point", "coordinates": [83.9867092, 28.219926]}}, {"type": "Feature", "properties": {"type": "yes"}, "geometry": {"type": "Point", "coordinates": [83.9881948, 28.2188191]}}, {"type": "Feature", "properties": {"type": "yes"}, "geometry": {"type": "Point", "coordinates": [83.9866082, 28.219812]}}, {"type": "Feature", "properties": {"name": "Citizens Bank International Limited", "type": "yes"}, "geometry": {"type": "Point", "coordinates": [83.9866473, 28.2200727]}}, {"type": "Feature", "properties": {"type": "yes"}, "geometry": {"type": "Point", "coordinates": [83.9872916, 28.2190918]}}, {"type": "Feature", "properties": {"name": "Syangja Tamu Tho Samaj", "type": "yes"}, "geometry": {"type": "Point", "coordinates": [83.9888568, 28.1976479]}}, {"type": "Feature", "properties": {"type": "yes"}, "geometry": {"type": "Point", "coordinates": [83.9877693, 28.1949498]}}, {"type": "Feature", "properties": {"type": "yes"}, "geometry": {"type": "Point", "coordinates": [83.9896567, 28.1971724]}}, {"type": "Feature", "properties": {"type": "yes"}, "geometry": {"type": "Point", "coordinates": [83.9886247, 28.1974972]}}, {"type": "Feature", "properties": {"type": "yes"}, "geometry": {"type": "Point", "coordinates": [83.9850045, 28.1957547]}}, {"type": "Feature", "properties": {"type": "yes"}, "geometry": {"type": "Point", "coordinates": [83.9899627, 28.1948025]}}, {"type": "Feature", "properties": {"type": "yes"}, "geometry": {"type": "Point", "coordinates": [83.9863141, 28.1947924]}}, {"type": "Feature", "properties": {"type": "yes"}, "geometry": {"type": "Point", "coordinates": [83.9879342, 28.1973167]}}, {"type": "Feature", "properties": {"type": "yes"}, "geometry": {"type": "Point", "coordinates": [83.9899588, 28.196579]}}, {"type": "Feature", "properties": {"type": "yes"}, "geometry": {"type": "Point", "coordinates": [83.988431, 28.1973412]}}, {"type": "Feature", "properties": {"type": "yes"}, "geometry": {"type": "Point", "coordinates": [83.9878625, 28.1974716]}}, {"type": "Feature", "properties": {"type": "yes"}, "geometry": {"type": "Point", "coordinates": [83.9882434, 28.1977906]}}, {"type": "Feature", "properties": {"type": "yes"}, "geometry": {"type": "Point", "coordinates": [83.9883336, 28.1969322]}}, {"type": "Feature", "properties": {"type": "yes"}, "geometry": {"type": "Point", "coordinates": [83.9895978, 28.1966787]}}, {"type": "Feature", "properties": {"type": "yes"}, "geometry": {"type": "Point", "coordinates": [83.986477, 28.197954]}}, {"type": "Feature", "properties": {"type": "yes"}, "geometry": {"type": "Point", "coordinates": [83.9859499, 28.1966245]}}, {"type": "Feature", "properties": {"type": "yes"}, "geometry": {"type": "Point", "coordinates": [83.9880994, 28.197235]}}, {"type": "Feature", "properties": {"type": "yes"}, "geometry": {"type": "Point", "coordinates": [83.98777, 28.1978697]}}, {"type": "Feature", "properties": {"type": "yes"}, "geometry": {"type": "Point", "coordinates": [83.9899846, 28.1968916]}}, {"type": "Feature", "properties": {"type": "yes"}, "geometry": {"type": "Point", "coordinates": [83.9859072, 28.1969609]}}, {"type": "Feature", "properties": {"type": "yes"}, "geometry": {"type": "Point", "coordinates": [83.9883854, 28.1971258]}}, {"type": "Feature", "properties": {"type": "yes"}, "geometry": {"type": "Point", "coordinates": [83.9895599, 28.1971958]}}, {"type": "Feature", "properties": {"type": "yes"}, "geometry": {"type": "Point", "coordinates": [83.9876182, 28.1950131]}}, {"type": "Feature", "properties": {"type": "yes"}, "geometry": {"type": "Point", "coordinates": [83.9873089, 28.1968821]}}, {"type": "Feature", "properties": {"type": "yes"}, "geometry": {"type": "Point", "coordinates": [83.9859528, 28.1952712]}}, {"type": "Feature", "properties": {"type": "yes"}, "geometry": {"type": "Point", "coordinates": [83.9873085, 28.195563]}}, {"type": "Feature", "properties": {"type": "yes"}, "geometry": {"type": "Point", "coordinates": [83.9897213, 28.1966838]}}, {"type": "Feature", "properties": {"type": "yes"}, "geometry": {"type": "Point", "coordinates": [83.986686, 28.1946971]}}, {"type": "Feature", "properties": {"type": "yes"}, "geometry": {"type": "Point", "coordinates": [83.98826, 28.1952464]}}, {"type": "Feature", "properties": {"type": "yes"}, "geometry": {"type": "Point", "coordinates": [83.9879428, 28.1960724]}}, {"type": "Feature", "properties": {"type": "yes"}, "geometry": {"type": "Point", "coordinates": [83.9897087, 28.1952154]}}, {"type": "Feature", "properties": {"type": "yes"}, "geometry": {"type": "Point", "coordinates": [83.9880649, 28.1973732]}}, {"type": "Feature", "properties": {"type": "yes"}, "geometry": {"type": "Point", "coordinates": [83.9895645, 28.1974353]}}, {"type": "Feature", "properties": {"type": "yes"}, "geometry": {"type": "Point", "coordinates": [83.9853023, 28.1956779]}}, {"type": "Feature", "properties": {"type": "yes"}, "geometry": {"type": "Point", "coordinates": [83.9883587, 28.1957742]}}, {"type": "Feature", "properties": {"type": "yes"}, "geometry": {"type": "Point", "coordinates": [83.989696, 28.1960004]}}, {"type": "Feature", "properties": {"type": "yes"}, "geometry": {"type": "Point", "coordinates": [83.9882385, 28.1968443]}}, {"type": "Feature", "properties": {"type": "yes"}, "geometry": {"type": "Point", "coordinates": [83.9874893, 28.1973755]}}, {"type": "Feature", "properties": {"type": "yes"}, "geometry": {"type": "Point", "coordinates": [83.989621, 28.1962402]}}, {"type": "Feature", "properties": {"type": "yes"}, "geometry": {"type": "Point", "coordinates": [83.9895905, 28.1963888]}}, {"type": "Feature", "properties": {"type": "yes"}, "geometry": {"type": "Point", "coordinates": [83.9869485, 28.1950738]}}, {"type": "Feature", "properties": {"type": "yes"}, "geometry": {"type": "Point", "coordinates": [83.9872955, 28.1966245]}}, {"type": "Feature", "properties": {"type": "yes"}, "geometry": {"type": "Point", "coordinates": [83.9860238, 28.1951429]}}, {"type": "Feature", "properties": {"type": "yes"}, "geometry": {"type": "Point", "coordinates": [83.9876414, 28.1963406]}}, {"type": "Feature", "properties": {"type": "yes"}, "geometry": {"type": "Point", "coordinates": [83.9884632, 28.1975434]}}, {"type": "Feature", "properties": {"type": "yes"}, "geometry": {"type": "Point", "coordinates": [83.9896585, 28.1968617]}}, {"type": "Feature", "properties": {"type": "yes"}, "geometry": {"type": "Point", "coordinates": [83.9888696, 28.1979057]}}, {"type": "Feature", "properties": {"type": "yes"}, "geometry": {"type": "Point", "coordinates": [83.9881506, 28.1959982]}}, {"type": "Feature", "properties": {"type": "yes"}, "geometry": {"type": "Point", "coordinates": [83.9899121, 28.1952134]}}, {"type": "Feature", "properties": {"type": "yes"}, "geometry": {"type": "Point", "coordinates": [83.9893561, 28.1975596]}}, {"type": "Feature", "properties": {"type": "yes"}, "geometry": {"type": "Point", "coordinates": [83.9876453, 28.1951933]}}, {"type": "Feature", "properties": {"type": "yes"}, "geometry": {"type": "Point", "coordinates": [83.9895398, 28.1962368]}}, {"type": "Feature", "properties": {"type": "yes"}, "geometry": {"type": "Point", "coordinates": [83.9884013, 28.1959165]}}, {"type": "Feature", "properties": {"type": "yes"}, "geometry": {"type": "Point", "coordinates": [83.9886996, 28.1968149]}}, {"type": "Feature", "properties": {"type": "yes"}, "geometry": {"type": "Point", "coordinates": [83.9897319, 28.1962503]}}, {"type": "Feature", "properties": {"type": "yes"}, "geometry": {"type": "Point", "coordinates": [83.9884361, 28.1963041]}}, {"type": "Feature", "properties": {"type": "yes"}, "geometry": {"type": "Point", "coordinates": [83.9876489, 28.1959855]}}, {"type": "Feature", "properties": {"type": "yes"}, "geometry": {"type": "Point", "coordinates": [83.9859145, 28.1963557]}}, {"type": "Feature", "properties": {"type": "yes"}, "geometry": {"type": "Point", "coordinates": [83.9893644, 28.1965371]}}, {"type": "Feature", "properties": {"type": "yes"}, "geometry": {"type": "Point", "coordinates": [83.9879979, 28.1962517]}}, {"type": "Feature", "properties": {"type": "yes"}, "geometry": {"type": "Point", "coordinates": [83.9892694, 28.1969509]}}, {"type": "Feature", "properties": {"type": "yes"}, "geometry": {"type": "Point", "coordinates": [83.9893996, 28.1952042]}}, {"type": "Feature", "properties": {"type": "yes"}, "geometry": {"type": "Point", "coordinates": [83.9894102, 28.1968928]}}, {"type": "Feature", "properties": {"type": "yes"}, "geometry": {"type": "Point", "coordinates": [83.9889954, 28.1961992]}}, {"type": "Feature", "properties": {"type": "yes"}, "geometry": {"type": "Point", "coordinates": [83.98697, 28.1969892]}}, {"type": "Feature", "properties": {"type": "yes"}, "geometry": {"type": "Point", "coordinates": [83.9890411, 28.1972048]}}, {"type": "Feature", "properties": {"type": "yes"}, "geometry": {"type": "Point", "coordinates": [83.9896435, 28.1958556]}}, {"type": "Feature", "properties": {"type": "yes"}, "geometry": {"type": "Point", "coordinates": [83.9887208, 28.1976237]}}, {"type": "Feature", "properties": {"type": "yes"}, "geometry": {"type": "Point", "coordinates": [83.9894927, 28.1970064]}}, {"type": "Feature", "properties": {"type": "yes"}, "geometry": {"type": "Point", "coordinates": [83.9899631, 28.1954798]}}, {"type": "Feature", "properties": {"type": "yes"}, "geometry": {"type": "Point", "coordinates": [83.988862, 28.1968011]}}, {"type": "Feature", "properties": {"type": "yes"}, "geometry": {"type": "Point", "coordinates": [83.9879539, 28.1978664]}}, {"type": "Feature", "properties": {"type": "yes"}, "geometry": {"type": "Point", "coordinates": [83.9882246, 28.1976291]}}, {"type": "Feature", "properties": {"type": "yes"}, "geometry": {"type": "Point", "coordinates": [83.9874201, 28.1959539]}}, {"type": "Feature", "properties": {"type": "yes"}, "geometry": {"type": "Point", "coordinates": [83.9882379, 28.1962027]}}, {"type": "Feature", "properties": {"type": "yes"}, "geometry": {"type": "Point", "coordinates": [83.9885426, 28.1977504]}}, {"type": "Feature", "properties": {"type": "yes"}, "geometry": {"type": "Point", "coordinates": [83.9895545, 28.1968734]}}, {"type": "Feature", "properties": {"type": "yes"}, "geometry": {"type": "Point", "coordinates": [83.9893469, 28.1964105]}}, {"type": "Feature", "properties": {"type": "yes"}, "geometry": {"type": "Point", "coordinates": [83.9893242, 28.196249]}}, {"type": "Feature", "properties": {"type": "yes"}, "geometry": {"type": "Point", "coordinates": [83.9865983, 28.1972502]}}, {"type": "Feature", "properties": {"type": "yes"}, "geometry": {"type": "Point", "coordinates": [83.9889688, 28.1970285]}}, {"type": "Feature", "properties": {"type": "yes"}, "geometry": {"type": "Point", "coordinates": [83.9884044, 28.1966707]}}, {"type": "Feature", "properties": {"type": "yes"}, "geometry": {"type": "Point", "coordinates": [83.9863732, 28.1953605]}}, {"type": "Feature", "properties": {"type": "yes"}, "geometry": {"type": "Point", "coordinates": [83.9853961, 28.1956495]}}, {"type": "Feature", "properties": {"type": "yes"}, "geometry": {"type": "Point", "coordinates": [83.9861753, 28.1954171]}}, {"type": "Feature", "properties": {"type": "yes"}, "geometry": {"type": "Point", "coordinates": [83.9884326, 28.1977457]}}, {"type": "Feature", "properties": {"type": "yes"}, "geometry": {"type": "Point", "coordinates": [83.9864027, 28.1962131]}}, {"type": "Feature", "properties": {"type": "yes"}, "geometry": {"type": "Point", "coordinates": [83.9871344, 28.1945457]}}, {"type": "Feature", "properties": {"type": "yes"}, "geometry": {"type": "Point", "coordinates": [83.9899635, 28.1964958]}}, {"type": "Feature", "properties": {"type": "yes"}, "geometry": {"type": "Point", "coordinates": [83.9899999, 28.1952245]}}, {"type": "Feature", "properties": {"type": "yes"}, "geometry": {"type": "Point", "coordinates": [83.985494, 28.1956258]}}, {"type": "Feature", "properties": {"type": "yes"}, "geometry": {"type": "Point", "coordinates": [83.9860742, 28.1954433]}}, {"type": "Feature", "properties": {"type": "yes"}, "geometry": {"type": "Point", "coordinates": [83.989819, 28.1966977]}}, {"type": "Feature", "properties": {"type": "yes"}, "geometry": {"type": "Point", "coordinates": [83.9882225, 28.1973877]}}, {"type": "Feature", "properties": {"type": "yes"}, "geometry": {"type": "Point", "coordinates": [83.9862188, 28.1976542]}}, {"type": "Feature", "properties": {"type": "yes"}, "geometry": {"type": "Point", "coordinates": [83.9898129, 28.1972443]}}, {"type": "Feature", "properties": {"type": "yes"}, "geometry": {"type": "Point", "coordinates": [83.9881239, 28.1978623]}}, {"type": "Feature", "properties": {"type": "yes"}, "geometry": {"type": "Point", "coordinates": [83.9875101, 28.1975553]}}, {"type": "Feature", "properties": {"type": "yes"}, "geometry": {"type": "Point", "coordinates": [83.9886951, 28.1972805]}}, {"type": "Feature", "properties": {"type": "yes"}, "geometry": {"type": "Point", "coordinates": [83.989843, 28.1965214]}}, {"type": "Feature", "properties": {"type": "yes"}, "geometry": {"type": "Point", "coordinates": [83.9867422, 28.1952555]}}, {"type": "Feature", "properties": {"type": "yes"}, "geometry": {"type": "Point", "coordinates": [83.9876587, 28.1975005]}}, {"type": "Feature", "properties": {"type": "yes"}, "geometry": {"type": "Point", "coordinates": [83.9850984, 28.1957334]}}, {"type": "Feature", "properties": {"type": "yes"}, "geometry": {"type": "Point", "coordinates": [83.9867961, 28.1950309]}}, {"type": "Feature", "properties": {"type": "yes"}, "geometry": {"type": "Point", "coordinates": [83.9860045, 28.1978445]}}, {"type": "Feature", "properties": {"type": "yes"}, "geometry": {"type": "Point", "coordinates": [83.989466, 28.1966074]}}, {"type": "Feature", "properties": {"type": "yes"}, "geometry": {"type": "Point", "coordinates": [83.988259, 28.1954225]}}, {"type": "Feature", "properties": {"type": "yes"}, "geometry": {"type": "Point", "coordinates": [83.9890697, 28.1974465]}}, {"type": "Feature", "properties": {"type": "yes"}, "geometry": {"type": "Point", "coordinates": [83.987387, 28.1952904]}}, {"type": "Feature", "properties": {"type": "yes"}, "geometry": {"type": "Point", "coordinates": [83.9873611, 28.19779]}}, {"type": "Feature", "properties": {"type": "yes"}, "geometry": {"type": "Point", "coordinates": [83.9894137, 28.1979054]}}, {"type": "Feature", "properties": {"type": "yes"}, "geometry": {"type": "Point", "coordinates": [83.9895899, 28.1965083]}}, {"type": "Feature", "properties": {"type": "yes"}, "geometry": {"type": "Point", "coordinates": [83.9862707, 28.1953879]}}, {"type": "Feature", "properties": {"type": "yes"}, "geometry": {"type": "Point", "coordinates": [83.9857384, 28.1964233]}}, {"type": "Feature", "properties": {"type": "yes"}, "geometry": {"type": "Point", "coordinates": [83.9899409, 28.1967026]}}, {"type": "Feature", "properties": {"type": "yes"}, "geometry": {"type": "Point", "coordinates": [83.9883104, 28.1971628]}}, {"type": "Feature", "properties": {"type": "yes"}, "geometry": {"type": "Point", "coordinates": [83.9892105, 28.1965586]}}, {"type": "Feature", "properties": {"type": "yes"}, "geometry": {"type": "Point", "coordinates": [83.9897687, 28.196875]}}, {"type": "Feature", "properties": {"type": "yes"}, "geometry": {"type": "Point", "coordinates": [83.9900056, 28.1974123]}}, {"type": "Feature", "properties": {"type": "yes"}, "geometry": {"type": "Point", "coordinates": [83.9890194, 28.1963402]}}, {"type": "Feature", "properties": {"type": "yes"}, "geometry": {"type": "Point", "coordinates": [83.9868086, 28.1970544]}}, {"type": "Feature", "properties": {"type": "yes"}, "geometry": {"type": "Point", "coordinates": [83.9892552, 28.1974112]}}, {"type": "Feature", "properties": {"type": "yes"}, "geometry": {"type": "Point", "coordinates": [83.9872683, 28.1976082]}}, {"type": "Feature", "properties": {"type": "yes"}, "geometry": {"type": "Point", "coordinates": [83.9856925, 28.1955715]}}, {"type": "Feature", "properties": {"type": "yes"}, "geometry": {"type": "Point", "coordinates": [83.9865418, 28.1955234]}}, {"type": "Feature", "properties": {"type": "yes"}, "geometry": {"type": "Point", "coordinates": [83.9870105, 28.1965225]}}, {"type": "Feature", "properties": {"type": "yes"}, "geometry": {"type": "Point", "coordinates": [83.9857957, 28.1955538]}}, {"type": "Feature", "properties": {"type": "yes"}, "geometry": {"type": "Point", "coordinates": [83.9885534, 28.1955325]}}, {"type": "Feature", "properties": {"type": "yes"}, "geometry": {"type": "Point", "coordinates": [83.9874415, 28.197135]}}, {"type": "Feature", "properties": {"type": "yes"}, "geometry": {"type": "Point", "coordinates": [83.9859384, 28.1961146]}}, {"type": "Feature", "properties": {"type": "yes"}, "geometry": {"type": "Point", "coordinates": [83.9890977, 28.1964386]}}, {"type": "Feature", "properties": {"type": "yes"}, "geometry": {"type": "Point", "coordinates": [83.9858971, 28.1955294]}}, {"type": "Feature", "properties": {"type": "yes"}, "geometry": {"type": "Point", "coordinates": [83.9877385, 28.1968191]}}, {"type": "Feature", "properties": {"type": "yes"}, "geometry": {"type": "Point", "coordinates": [83.9892854, 28.1970406]}}, {"type": "Feature", "properties": {"type": "yes"}, "geometry": {"type": "Point", "coordinates": [83.9873556, 28.1950875]}}, {"type": "Feature", "properties": {"type": "yes"}, "geometry": {"type": "Point", "coordinates": [83.9891913, 28.1962663]}}, {"type": "Feature", "properties": {"type": "yes"}, "geometry": {"type": "Point", "coordinates": [83.985906, 28.1951745]}}, {"type": "Feature", "properties": {"type": "yes"}, "geometry": {"type": "Point", "coordinates": [83.9876344, 28.1964479]}}, {"type": "Feature", "properties": {"type": "yes"}, "geometry": {"type": "Point", "coordinates": [83.9891245, 28.1970482]}}, {"type": "Feature", "properties": {"type": "yes"}, "geometry": {"type": "Point", "coordinates": [83.9887164, 28.1965874]}}, {"type": "Feature", "properties": {"type": "yes"}, "geometry": {"type": "Point", "coordinates": [83.9878809, 28.1959947]}}, {"type": "Feature", "properties": {"type": "yes"}, "geometry": {"type": "Point", "coordinates": [83.9898122, 28.1952082]}}, {"type": "Feature", "properties": {"type": "yes"}, "geometry": {"type": "Point", "coordinates": [83.9855972, 28.1956034]}}, {"type": "Feature", "properties": {"type": "yes"}, "geometry": {"type": "Point", "coordinates": [83.989095, 28.1965772]}}, {"type": "Feature", "properties": {"type": "yes"}, "geometry": {"type": "Point", "coordinates": [83.9886979, 28.195825]}}, {"type": "Feature", "properties": {"type": "yes"}, "geometry": {"type": "Point", "coordinates": [83.9898874, 28.1968827]}}, {"type": "Feature", "properties": {"type": "yes"}, "geometry": {"type": "Point", "coordinates": [83.9897591, 28.1960908]}}, {"type": "Feature", "properties": {"name": "Miteri Gaun Boring", "type": "commercial"}, "geometry": {"type": "Point", "coordinates": [83.9879634, 28.1948644]}}, {"type": "Feature", "properties": {"type": "yes"}, "geometry": {"type": "Point", "coordinates": [83.9867233, 28.1970745]}}, {"type": "Feature", "properties": {"type": "yes"}, "geometry": {"type": "Point", "coordinates": [83.987758, 28.1973076]}}, {"type": "Feature", "properties": {"type": "yes"}, "geometry": {"type": "Point", "coordinates": [83.9852056, 28.1957074]}}, {"type": "Feature", "properties": {"type": "yes"}, "geometry": {"type": "Point", "coordinates": [83.9875052, 28.1966078]}}, {"type": "Feature", "properties": {"type": "yes"}, "geometry": {"type": "Point", "coordinates": [83.9869614, 28.197489]}}, {"type": "Feature", "properties": {"type": "yes"}, "geometry": {"type": "Point", "coordinates": [83.9878993, 28.1965042]}}, {"type": "Feature", "properties": {"type": "yes"}, "geometry": {"type": "Point", "coordinates": [83.9886571, 28.197716]}}, {"type": "Feature", "properties": {"type": "yes"}, "geometry": {"type": "Point", "coordinates": [83.9861211, 28.1969255]}}, {"type": "Feature", "properties": {"type": "yes"}, "geometry": {"type": "Point", "coordinates": [83.9896169, 28.1969962]}}, {"type": "Feature", "properties": {"type": "yes"}, "geometry": {"type": "Point", "coordinates": [83.9878901, 28.1977034]}}, {"type": "Feature", "properties": {"type": "yes"}, "geometry": {"type": "Point", "coordinates": [83.9881357, 28.1958414]}}, {"type": "Feature", "properties": {"type": "yes"}, "geometry": {"type": "Point", "coordinates": [83.987696, 28.1977288]}}, {"type": "Feature", "properties": {"type": "yes"}, "geometry": {"type": "Point", "coordinates": [83.9885115, 28.1958959]}}, {"type": "Feature", "properties": {"type": "yes"}, "geometry": {"type": "Point", "coordinates": [83.9898589, 28.1963509]}}, {"type": "Feature", "properties": {"name": "Ram Block Factory", "type": "yes"}, "geometry": {"type": "Point", "coordinates": [83.9854906, 28.1975287]}}, {"type": "Feature", "properties": {"type": "yes"}, "geometry": {"type": "Point", "coordinates": [83.9868682, 28.1946372]}}, {"type": "Feature", "properties": {"type": "yes"}, "geometry": {"type": "Point", "coordinates": [83.9888852, 28.1965224]}}, {"type": "Feature", "properties": {"type": "yes"}, "geometry": {"type": "Point", "coordinates": [83.9863157, 28.1967453]}}, {"type": "Feature", "properties": {"type": "yes"}, "geometry": {"type": "Point", "coordinates": [83.9870418, 28.1978949]}}, {"type": "Feature", "properties": {"type": "house"}, "geometry": {"type": "Point", "coordinates": [83.9876306, 28.2195738]}}, {"type": "Feature", "properties": {"type": "house"}, "geometry": {"type": "Point", "coordinates": [83.987752, 28.2194847]}}, {"type": "Feature", "properties": {"type": "house"}, "geometry": {"type": "Point", "coordinates": [83.9874852, 28.219448]}}, {"type": "Feature", "properties": {"type": "house"}, "geometry": {"type": "Point", "coordinates": [83.9875041, 28.2195337]}}, {"type": "Feature", "properties": {"type": "house"}, "geometry": {"type": "Point", "coordinates": [83.9877638, 28.2193148]}}, {"type": "Feature", "properties": {"type": "house"}, "geometry": {"type": "Point", "coordinates": [83.9879693, 28.2192751]}}, {"type": "Feature", "properties": {"type": "house"}, "geometry": {"type": "Point", "coordinates": [83.9880645, 28.2191548]}}, {"type": "Feature", "properties": {"type": "house"}, "geometry": {"type": "Point", "coordinates": [83.9880958, 28.2193855]}}, {"type": "Feature", "properties": {"type": "house"}, "geometry": {"type": "Point", "coordinates": [83.9885608, 28.2190881]}}, {"type": "Feature", "properties": {"type": "house"}, "geometry": {"type": "Point", "coordinates": [83.9882621, 28.2196752]}}, {"type": "Feature", "properties": {"type": "house"}, "geometry": {"type": "Point", "coordinates": [83.9883693, 28.2197647]}}, {"type": "Feature", "properties": {"type": "house"}, "geometry": {"type": "Point", "coordinates": [83.9884059, 28.2196597]}}, {"type": "Feature", "properties": {"type": "house"}, "geometry": {"type": "Point", "coordinates": [83.9881288, 28.2199792]}}, {"type": "Feature", "properties": {"type": "house"}, "geometry": {"type": "Point", "coordinates": [83.9882056, 28.2199774]}}, {"type": "Feature", "properties": {"type": "house"}, "geometry": {"type": "Point", "coordinates": [83.987716, 28.2198921]}}, {"type": "Feature", "properties": {"type": "house"}, "geometry": {"type": "Point", "coordinates": [83.9874972, 28.219639]}}, {"type": "Feature", "properties": {"type": "house"}, "geometry": {"type": "Point", "coordinates": [83.9874995, 28.2197109]}}, {"type": "Feature", "properties": {"type": "house"}, "geometry": {"type": "Point", "coordinates": [83.9871819, 28.2196202]}}, {"type": "Feature", "properties": {"type": "house"}, "geometry": {"type": "Point", "coordinates": [83.9872844, 28.2196461]}}, {"type": "Feature", "properties": {"type": "house"}, "geometry": {"type": "Point", "coordinates": [83.9870941, 28.2192499]}}, {"type": "Feature", "properties": {"type": "house"}, "geometry": {"type": "Point", "coordinates": [83.9870945, 28.2192997]}}, {"type": "Feature", "properties": {"type": "house"}, "geometry": {"type": "Point", "coordinates": [83.9870893, 28.2192039]}}, {"type": "Feature", "properties": {"type": "yes"}, "geometry": {"type": "Point", "coordinates": [83.9867956, 28.2172805]}}, {"type": "Feature", "properties": {"type": "yes"}, "geometry": {"type": "Point", "coordinates": [83.9880751, 28.2162991]}}, {"type": "Feature", "properties": {"type": "yes"}, "geometry": {"type": "Point", "coordinates": [83.9884042, 28.2164061]}}, {"type": "Feature", "properties": {"type": "yes"}, "geometry": {"type": "Point", "coordinates": [83.9882384, 28.2162273]}}, {"type": "Feature", "properties": {"type": "yes"}, "geometry": {"type": "Point", "coordinates": [83.9882223, 28.2163573]}}, {"type": "Feature", "properties": {"type": "yes"}, "geometry": {"type": "Point", "coordinates": [83.9888294, 28.216535]}}, {"type": "Feature", "properties": {"type": "yes"}, "geometry": {"type": "Point", "coordinates": [83.9889416, 28.2165139]}}, {"type": "Feature", "properties": {"type": "yes"}, "geometry": {"type": "Point", "coordinates": [83.9868953, 28.2171286]}}, {"type": "Feature", "properties": {"type": "yes"}, "geometry": {"type": "Point", "coordinates": [83.9885417, 28.2164406]}}, {"type": "Feature", "properties": {"name": "Jaya laxmi furniture", "type": "yes"}, "geometry": {"type": "Point", "coordinates": [83.9865389, 28.2167484]}}, {"type": "Feature", "properties": {"type": "yes"}, "geometry": {"type": "Point", "coordinates": [83.986935, 28.2172151]}}, {"type": "Feature", "properties": {"type": "yes"}, "geometry": {"type": "Point", "coordinates": [83.9888359, 28.2162085]}}, {"type": "Feature", "properties": {"type": "yes"}, "geometry": {"type": "Point", "coordinates": [83.9868203, 28.217051]}}, {"type": "Feature", "properties": {"name": "Malla Furniture Land", "type": "yes"}, "geometry": {"type": "Point", "coordinates": [83.9864395, 28.2165723]}}, {"type": "Feature", "properties": {"type": "yes"}, "geometry": {"type": "Point", "coordinates": [83.9867799, 28.2167397]}}, {"type": "Feature", "properties": {"type": "yes"}, "geometry": {"type": "Point", "coordinates": [83.9871165, 28.2168769]}}, {"type": "Feature", "properties": {"type": "yes"}, "geometry": {"type": "Point", "coordinates": [83.9866811, 28.215423]}}, {"type": "Feature", "properties": {"type": "yes"}, "geometry": {"type": "Point", "coordinates": [83.9850929, 28.2172583]}}, {"type": "Feature", "properties": {"type": "yes"}, "geometry": {"type": "Point", "coordinates": [83.9889929, 28.2168872]}}, {"type": "Feature", "properties": {"type": "yes"}, "geometry": {"type": "Point", "coordinates": [83.9850268, 28.2128482]}}, {"type": "Feature", "properties": {"type": "yes"}, "geometry": {"type": "Point", "coordinates": [83.9855314, 28.2166072]}}, {"type": "Feature", "properties": {"type": "yes"}, "geometry": {"type": "Point", "coordinates": [83.9850169, 28.2138961]}}, {"type": "Feature", "properties": {"type": "yes"}, "geometry": {"type": "Point", "coordinates": [83.9850262, 28.2143101]}}, {"type": "Feature", "properties": {"type": "yes"}, "geometry": {"type": "Point", "coordinates": [83.9851322, 28.2128213]}}, {"type": "Feature", "properties": {"type": "yes"}, "geometry": {"type": "Point", "coordinates": [83.9880648, 28.2157668]}}, {"type": "Feature", "properties": {"type": "yes"}, "geometry": {"type": "Point", "coordinates": [83.9849952, 28.216146]}}, {"type": "Feature", "properties": {"type": "yes"}, "geometry": {"type": "Point", "coordinates": [83.9850086, 28.2158557]}}, {"type": "Feature", "properties": {"type": "yes"}, "geometry": {"type": "Point", "coordinates": [83.9881557, 28.2159975]}}, {"type": "Feature", "properties": {"type": "yes"}, "geometry": {"type": "Point", "coordinates": [83.9864159, 28.2151294]}}, {"type": "Feature", "properties": {"type": "yes"}, "geometry": {"type": "Point", "coordinates": [83.9849947, 28.2156933]}}, {"type": "Feature", "properties": {"type": "yes"}, "geometry": {"type": "Point", "coordinates": [83.9850187, 28.2129596]}}, {"type": "Feature", "properties": {"type": "yes"}, "geometry": {"type": "Point", "coordinates": [83.9886738, 28.2171454]}}, {"type": "Feature", "properties": {"type": "yes"}, "geometry": {"type": "Point", "coordinates": [83.9884096, 28.2173514]}}, {"type": "Feature", "properties": {"type": "yes"}, "geometry": {"type": "Point", "coordinates": [83.986361, 28.2144047]}}, {"type": "Feature", "properties": {"type": "yes"}, "geometry": {"type": "Point", "coordinates": [83.9852956, 28.2139468]}}, {"type": "Feature", "properties": {"type": "yes"}, "geometry": {"type": "Point", "coordinates": [83.9885493, 28.2173193]}}, {"type": "Feature", "properties": {"type": "yes"}, "geometry": {"type": "Point", "coordinates": [83.9865872, 28.2153477]}}, {"type": "Feature", "properties": {"type": "yes"}, "geometry": {"type": "Point", "coordinates": [83.9887589, 28.2173206]}}, {"type": "Feature", "properties": {"type": "yes"}, "geometry": {"type": "Point", "coordinates": [83.9852304, 28.2134681]}}, {"type": "Feature", "properties": {"type": "yes"}, "geometry": {"type": "Point", "coordinates": [83.9849586, 28.2169572]}}, {"type": "Feature", "properties": {"type": "yes"}, "geometry": {"type": "Point", "coordinates": [83.985935, 28.2136944]}}, {"type": "Feature", "properties": {"type": "yes"}, "geometry": {"type": "Point", "coordinates": [83.9867087, 28.2154972]}}, {"type": "Feature", "properties": {"type": "yes"}, "geometry": {"type": "Point", "coordinates": [83.9876139, 28.2152992]}}, {"type": "Feature", "properties": {"type": "yes"}, "geometry": {"type": "Point", "coordinates": [83.98603, 28.2173144]}}, {"type": "Feature", "properties": {"type": "yes"}, "geometry": {"type": "Point", "coordinates": [83.9857177, 28.212404]}}, {"type": "Feature", "properties": {"type": "yes"}, "geometry": {"type": "Point", "coordinates": [83.9854625, 28.2172238]}}, {"type": "Feature", "properties": {"type": "yes"}, "geometry": {"type": "Point", "coordinates": [83.9899308, 28.212556]}}, {"type": "Feature", "properties": {"type": "yes"}, "geometry": {"type": "Point", "coordinates": [83.9854722, 28.2124394]}}, {"type": "Feature", "properties": {"type": "yes"}, "geometry": {"type": "Point", "coordinates": [83.9899143, 28.2124657]}}, {"type": "Feature", "properties": {"type": "yes"}, "geometry": {"type": "Point", "coordinates": [83.9849714, 28.2147948]}}, {"type": "Feature", "properties": {"type": "yes"}, "geometry": {"type": "Point", "coordinates": [83.985054, 28.2147182]}}, {"type": "Feature", "properties": {"type": "yes"}, "geometry": {"type": "Point", "coordinates": [83.9849846, 28.2149782]}}, {"type": "Feature", "properties": {"type": "yes"}, "geometry": {"type": "Point", "coordinates": [83.9868005, 28.2141863]}}, {"type": "Feature", "properties": {"type": "yes"}, "geometry": {"type": "Point", "coordinates": [83.9899812, 28.2152015]}}, {"type": "Feature", "properties": {"type": "yes"}, "geometry": {"type": "Point", "coordinates": [83.9849801, 28.2153098]}}, {"type": "Feature", "properties": {"type": "yes"}, "geometry": {"type": "Point", "coordinates": [83.9867669, 28.2138521]}}, {"type": "Feature", "properties": {"type": "yes"}, "geometry": {"type": "Point", "coordinates": [83.9865214, 28.2138526]}}, {"type": "Feature", "properties": {"type": "yes"}, "geometry": {"type": "Point", "coordinates": [83.985055, 28.2152801]}}, {"type": "Feature", "properties": {"type": "yes"}, "geometry": {"type": "Point", "coordinates": [83.9894585, 28.2125313]}}, {"type": "Feature", "properties": {"type": "yes"}, "geometry": {"type": "Point", "coordinates": [83.9863941, 28.2135128]}}, {"type": "Feature", "properties": {"type": "yes"}, "geometry": {"type": "Point", "coordinates": [83.9866799, 28.21398]}}, {"type": "Feature", "properties": {"type": "yes"}, "geometry": {"type": "Point", "coordinates": [83.9892923, 28.2127058]}}, {"type": "Feature", "properties": {"type": "yes"}, "geometry": {"type": "Point", "coordinates": [83.9897661, 28.2123919]}}, {"type": "Feature", "properties": {"type": "yes"}, "geometry": {"type": "Point", "coordinates": [83.9849842, 28.214094]}}, {"type": "Feature", "properties": {"type": "yes"}, "geometry": {"type": "Point", "coordinates": [83.9891492, 28.2127175]}}, {"type": "Feature", "properties": {"type": "yes"}, "geometry": {"type": "Point", "coordinates": [83.9865838, 28.2140122]}}, {"type": "Feature", "properties": {"type": "yes"}, "geometry": {"type": "Point", "coordinates": [83.9897496, 28.2125749]}}, {"type": "Feature", "properties": {"type": "yes"}, "geometry": {"type": "Point", "coordinates": [83.9899792, 28.2146326]}}, {"type": "Feature", "properties": {"type": "yes"}, "geometry": {"type": "Point", "coordinates": [83.9850354, 28.2144465]}}, {"type": "Feature", "properties": {"type": "yes"}, "geometry": {"type": "Point", "coordinates": [83.9895288, 28.2143113]}}, {"type": "Feature", "properties": {"type": "yes"}, "geometry": {"type": "Point", "coordinates": [83.98958, 28.2146017]}}, {"type": "Feature", "properties": {"type": "yes"}, "geometry": {"type": "Point", "coordinates": [83.9869221, 28.2139218]}}, {"type": "Feature", "properties": {"name": "Om Shanti Vawan", "type": "yes"}, "geometry": {"type": "Point", "coordinates": [83.9899788, 28.2169522]}}, {"type": "Feature", "properties": {"type": "yes"}, "geometry": {"type": "Point", "coordinates": [83.9856337, 28.2154872]}}, {"type": "Feature", "properties": {"type": "yes"}, "geometry": {"type": "Point", "coordinates": [83.9874986, 28.2155993]}}, {"type": "Feature", "properties": {"type": "yes"}, "geometry": {"type": "Point", "coordinates": [83.9869969, 28.2148466]}}, {"type": "Feature", "properties": {"type": "yes"}, "geometry": {"type": "Point", "coordinates": [83.9868312, 28.2162193]}}, {"type": "Feature", "properties": {"type": "yes"}, "geometry": {"type": "Point", "coordinates": [83.9883827, 28.2148114]}}, {"type": "Feature", "properties": {"type": "yes"}, "geometry": {"type": "Point", "coordinates": [83.9878202, 28.2150566]}}, {"type": "Feature", "properties": {"type": "yes"}, "geometry": {"type": "Point", "coordinates": [83.987107, 28.2140849]}}, {"type": "Feature", "properties": {"type": "yes"}, "geometry": {"type": "Point", "coordinates": [83.9876826, 28.2148642]}}, {"type": "Feature", "properties": {"type": "yes"}, "geometry": {"type": "Point", "coordinates": [83.9881116, 28.2142312]}}, {"type": "Feature", "properties": {"type": "yes"}, "geometry": {"type": "Point", "coordinates": [83.9881809, 28.2146667]}}, {"type": "Feature", "properties": {"type": "yes"}, "geometry": {"type": "Point", "coordinates": [83.9887361, 28.2150606]}}, {"type": "Feature", "properties": {"type": "yes"}, "geometry": {"type": "Point", "coordinates": [83.9876924, 28.2155348]}}, {"type": "Feature", "properties": {"type": "yes"}, "geometry": {"type": "Point", "coordinates": [83.9874679, 28.2152813]}}, {"type": "Feature", "properties": {"type": "yes"}, "geometry": {"type": "Point", "coordinates": [83.9866715, 28.2157902]}}, {"type": "Feature", "properties": {"type": "yes"}, "geometry": {"type": "Point", "coordinates": [83.9856401, 28.2156046]}}, {"type": "Feature", "properties": {"type": "yes"}, "geometry": {"type": "Point", "coordinates": [83.9877301, 28.2169432]}}, {"type": "Feature", "properties": {"type": "yes"}, "geometry": {"type": "Point", "coordinates": [83.9879596, 28.2143709]}}, {"type": "Feature", "properties": {"type": "yes"}, "geometry": {"type": "Point", "coordinates": [83.9878944, 28.2172261]}}, {"type": "Feature", "properties": {"type": "yes"}, "geometry": {"type": "Point", "coordinates": [83.9898886, 28.2134281]}}, {"type": "Feature", "properties": {"type": "yes"}, "geometry": {"type": "Point", "coordinates": [83.9896844, 28.2135497]}}, {"type": "Feature", "properties": {"type": "yes"}, "geometry": {"type": "Point", "coordinates": [83.9890509, 28.2143199]}}, {"type": "Feature", "properties": {"type": "yes"}, "geometry": {"type": "Point", "coordinates": [83.9868837, 28.2168614]}}, {"type": "Feature", "properties": {"type": "yes"}, "geometry": {"type": "Point", "coordinates": [83.9900522, 28.2133511]}}, {"type": "Feature", "properties": {"type": "yes"}, "geometry": {"type": "Point", "coordinates": [83.9897495, 28.2136638]}}, {"type": "Feature", "properties": {"type": "yes"}, "geometry": {"type": "Point", "coordinates": [83.9893324, 28.2135122]}}, {"type": "Feature", "properties": {"type": "yes"}, "geometry": {"type": "Point", "coordinates": [83.9865981, 28.2172515]}}, {"type": "Feature", "properties": {"type": "yes"}, "geometry": {"type": "Point", "coordinates": [83.9868177, 28.2144666]}}, {"type": "Feature", "properties": {"type": "yes"}, "geometry": {"type": "Point", "coordinates": [83.9881792, 28.2136702]}}, {"type": "Feature", "properties": {"type": "yes"}, "geometry": {"type": "Point", "coordinates": [83.9875617, 28.2128266]}}, {"type": "Feature", "properties": {"type": "yes"}, "geometry": {"type": "Point", "coordinates": [83.9880281, 28.2136051]}}, {"type": "Feature", "properties": {"type": "yes"}, "geometry": {"type": "Point", "coordinates": [83.9874818, 28.2124489]}}, {"type": "Feature", "properties": {"type": "yes"}, "geometry": {"type": "Point", "coordinates": [83.988099, 28.2136157]}}, {"type": "Feature", "properties": {"type": "yes"}, "geometry": {"type": "Point", "coordinates": [83.9873152, 28.2125765]}}, {"type": "Feature", "properties": {"type": "yes"}, "geometry": {"type": "Point", "coordinates": [83.98749, 28.2129004]}}, {"type": "Feature", "properties": {"type": "yes"}, "geometry": {"type": "Point", "coordinates": [83.9884397, 28.2142373]}}, {"type": "Feature", "properties": {"name": "Ear Hospital", "type": "yes"}, "geometry": {"type": "Point", "coordinates": [83.9893934, 28.1925932]}}, {"type": "Feature", "properties": {"type": "yes"}, "geometry": {"type": "Point", "coordinates": [83.9877483, 28.1929641]}}, {"type": "Feature", "properties": {"type": "yes"}, "geometry": {"type": "Point", "coordinates": [83.9879457, 28.1916594]}}, {"type": "Feature", "properties": {"type": "yes"}, "geometry": {"type": "Point", "coordinates": [83.9877578, 28.1922501]}}, {"type": "Feature", "properties": {"type": "yes"}, "geometry": {"type": "Point", "coordinates": [83.9874487, 28.1927041]}}, {"type": "Feature", "properties": {"type": "yes"}, "geometry": {"type": "Point", "coordinates": [83.9881466, 28.1917203]}}, {"type": "Feature", "properties": {"type": "yes"}, "geometry": {"type": "Point", "coordinates": [83.9878136, 28.1923226]}}, {"type": "Feature", "properties": {"type": "yes"}, "geometry": {"type": "Point", "coordinates": [83.9892186, 28.1921994]}}, {"type": "Feature", "properties": {"type": "yes"}, "geometry": {"type": "Point", "coordinates": [83.9884896, 28.19232]}}, {"type": "Feature", "properties": {"type": "yes"}, "geometry": {"type": "Point", "coordinates": [83.9883313, 28.191496]}}, {"type": "Feature", "properties": {"type": "yes"}, "geometry": {"type": "Point", "coordinates": [83.9884819, 28.1918443]}}, {"type": "Feature", "properties": {"type": "yes"}, "geometry": {"type": "Point", "coordinates": [83.9875722, 28.1924778]}}, {"type": "Feature", "properties": {"type": "yes"}, "geometry": {"type": "Point", "coordinates": [83.9807541, 28.20397]}}, {"type": "Feature", "properties": {"type": "yes"}, "geometry": {"type": "Point", "coordinates": [83.9824613, 28.2045199]}}, {"type": "Feature", "properties": {"type": "yes"}, "geometry": {"type": "Point", "coordinates": [83.9825729, 28.2050591]}}, {"type": "Feature", "properties": {"type": "yes"}, "geometry": {"type": "Point", "coordinates": [83.9826849, 28.2049987]}}, {"type": "Feature", "properties": {"type": "yes"}, "geometry": {"type": "Point", "coordinates": [83.9824948, 28.2035507]}}, {"type": "Feature", "properties": {"type": "yes"}, "geometry": {"type": "Point", "coordinates": [83.9829696, 28.2037404]}}, {"type": "Feature", "properties": {"type": "yes"}, "geometry": {"type": "Point", "coordinates": [83.983852, 28.2056214]}}, {"type": "Feature", "properties": {"name": "Hotel Mountain View", "type": "yes"}, "geometry": {"type": "Point", "coordinates": [83.9678752, 28.2023086]}}, {"type": "Feature", "properties": {"name": "Pashupati Nath Temple", "type": "yes"}, "geometry": {"type": "Point", "coordinates": [83.9797204, 28.2099465]}}, {"type": "Feature", "properties": {"type": "yes"}, "geometry": {"type": "Point", "coordinates": [83.9795551, 28.2089609]}}, {"type": "Feature", "properties": {"name": "LA Grandee International college", "type": "yes"}, "geometry": {"type": "Point", "coordinates": [83.9759948, 28.2068159]}}, {"type": "Feature", "properties": {"type": "yes"}, "geometry": {"type": "Point", "coordinates": [83.9716687, 28.185053]}}, {"type": "Feature", "properties": {"type": "yes"}, "geometry": {"type": "Point", "coordinates": [83.9715102, 28.1859578]}}, {"type": "Feature", "properties": {"type": "yes"}, "geometry": {"type": "Point", "coordinates": [83.9719864, 28.1855275]}}, {"type": "Feature", "properties": {"type": "yes"}, "geometry": {"type": "Point", "coordinates": [83.9718205, 28.185275]}}, {"type": "Feature", "properties": {"type": "yes"}, "geometry": {"type": "Point", "coordinates": [83.9718904, 28.1853662]}}, {"type": "Feature", "properties": {"type": "yes"}, "geometry": {"type": "Point", "coordinates": [83.9721295, 28.185286]}}, {"type": "Feature", "properties": {"type": "yes"}, "geometry": {"type": "Point", "coordinates": [83.9722354, 28.1862412]}}, {"type": "Feature", "properties": {"type": "yes"}, "geometry": {"type": "Point", "coordinates": [83.9717273, 28.1851216]}}, {"type": "Feature", "properties": {"type": "yes"}, "geometry": {"type": "Point", "coordinates": [83.9723857, 28.1854035]}}, {"type": "Feature", "properties": {"type": "yes"}, "geometry": {"type": "Point", "coordinates": [83.9722242, 28.1868286]}}, {"type": "Feature", "properties": {"type": "yes"}, "geometry": {"type": "Point", "coordinates": [83.972537, 28.1852256]}}, {"type": "Feature", "properties": {"type": "yes"}, "geometry": {"type": "Point", "coordinates": [83.974533, 28.185223]}}, {"type": "Feature", "properties": {"type": "yes"}, "geometry": {"type": "Point", "coordinates": [83.9725198, 28.1855823]}}, {"type": "Feature", "properties": {"type": "yes"}, "geometry": {"type": "Point", "coordinates": [83.9746823, 28.1852733]}}, {"type": "Feature", "properties": {"type": "yes"}, "geometry": {"type": "Point", "coordinates": [83.9713216, 28.1848529]}}, {"type": "Feature", "properties": {"type": "yes"}, "geometry": {"type": "Point", "coordinates": [83.9721627, 28.1867472]}}, {"type": "Feature", "properties": {"type": "yes"}, "geometry": {"type": "Point", "coordinates": [83.9719058, 28.1864124]}}, {"type": "Feature", "properties": {"type": "yes"}, "geometry": {"type": "Point", "coordinates": [83.9717313, 28.1865917]}}, {"type": "Feature", "properties": {"type": "yes"}, "geometry": {"type": "Point", "coordinates": [83.9722675, 28.1852152]}}, {"type": "Feature", "properties": {"type": "yes"}, "geometry": {"type": "Point", "coordinates": [83.9715982, 28.1869171]}}, {"type": "Feature", "properties": {"type": "yes"}, "geometry": {"type": "Point", "coordinates": [83.9721253, 28.1863772]}}, {"type": "Feature", "properties": {"type": "yes"}, "geometry": {"type": "Point", "coordinates": [83.9720286, 28.185588]}}, {"type": "Feature", "properties": {"type": "house"}, "geometry": {"type": "Point", "coordinates": [83.9855263, 28.2086174]}}, {"type": "Feature", "properties": {"type": "house"}, "geometry": {"type": "Point", "coordinates": [83.985983, 28.2084921]}}, {"type": "Feature", "properties": {"type": "yes"}, "geometry": {"type": "Point", "coordinates": [83.9747823, 28.1849223]}}, {"type": "Feature", "properties": {"type": "yes"}, "geometry": {"type": "Point", "coordinates": [83.9746531, 28.1848612]}}, {"type": "Feature", "properties": {"type": "yes"}, "geometry": {"type": "Point", "coordinates": [83.9752194, 28.1837977]}}, {"type": "Feature", "properties": {"type": "yes"}, "geometry": {"type": "Point", "coordinates": [83.9747991, 28.1837725]}}, {"type": "Feature", "properties": {"type": "yes"}, "geometry": {"type": "Point", "coordinates": [83.9747433, 28.1837119]}}, {"type": "Feature", "properties": {"type": "yes"}, "geometry": {"type": "Point", "coordinates": [83.974849, 28.1844419]}}, {"type": "Feature", "properties": {"type": "yes"}, "geometry": {"type": "Point", "coordinates": [83.9750695, 28.1843201]}}, {"type": "Feature", "properties": {"type": "yes"}, "geometry": {"type": "Point", "coordinates": [83.974622, 28.1838217]}}, {"type": "Feature", "properties": {"type": "yes"}, "geometry": {"type": "Point", "coordinates": [83.9751799, 28.1843858]}}, {"type": "Feature", "properties": {"type": "yes"}, "geometry": {"type": "Point", "coordinates": [83.9745219, 28.1837242]}}, {"type": "Feature", "properties": {"type": "yes"}, "geometry": {"type": "Point", "coordinates": [83.9746723, 28.1838638]}}, {"type": "Feature", "properties": {"type": "yes"}, "geometry": {"type": "Point", "coordinates": [83.9745052, 28.1847017]}}, {"type": "Feature", "properties": {"type": "yes"}, "geometry": {"type": "Point", "coordinates": [83.9749314, 28.1841566]}}, {"type": "Feature", "properties": {"type": "yes"}, "geometry": {"type": "Point", "coordinates": [83.9748132, 28.1843641]}}, {"type": "Feature", "properties": {"type": "yes"}, "geometry": {"type": "Point", "coordinates": [83.9745748, 28.1837776]}}, {"type": "Feature", "properties": {"type": "yes"}, "geometry": {"type": "Point", "coordinates": [83.9747186, 28.1845385]}}, {"type": "Feature", "properties": {"type": "yes"}, "geometry": {"type": "Point", "coordinates": [83.9751646, 28.1842113]}}, {"type": "Feature", "properties": {"type": "yes"}, "geometry": {"type": "Point", "coordinates": [83.9752835, 28.1845838]}}, {"type": "Feature", "properties": {"type": "yes"}, "geometry": {"type": "Point", "coordinates": [83.9745959, 28.1841572]}}, {"type": "Feature", "properties": {"type": "house"}, "geometry": {"type": "Point", "coordinates": [83.9853102, 28.208275]}}, {"type": "Feature", "properties": {"type": "house"}, "geometry": {"type": "Point", "coordinates": [83.984737, 28.2078128]}}, {"type": "Feature", "properties": {"type": "house"}, "geometry": {"type": "Point", "coordinates": [83.9854363, 28.2073937]}}, {"type": "Feature", "properties": {"type": "yes"}, "geometry": {"type": "Point", "coordinates": [83.9716928, 28.1863113]}}, {"type": "Feature", "properties": {"type": "yes"}, "geometry": {"type": "Point", "coordinates": [83.9729243, 28.1857385]}}, {"type": "Feature", "properties": {"type": "yes"}, "geometry": {"type": "Point", "coordinates": [83.9724713, 28.1875571]}}, {"type": "Feature", "properties": {"type": "yes"}, "geometry": {"type": "Point", "coordinates": [83.9733389, 28.1850651]}}, {"type": "Feature", "properties": {"type": "yes"}, "geometry": {"type": "Point", "coordinates": [83.9719455, 28.1870688]}}, {"type": "Feature", "properties": {"type": "yes"}, "geometry": {"type": "Point", "coordinates": [83.9729411, 28.1860521]}}, {"type": "Feature", "properties": {"type": "yes"}, "geometry": {"type": "Point", "coordinates": [83.9721346, 28.1873523]}}, {"type": "Feature", "properties": {"type": "yes"}, "geometry": {"type": "Point", "coordinates": [83.9718826, 28.1862384]}}, {"type": "Feature", "properties": {"type": "yes"}, "geometry": {"type": "Point", "coordinates": [83.9739177, 28.1837043]}}, {"type": "Feature", "properties": {"type": "yes"}, "geometry": {"type": "Point", "coordinates": [83.9729705, 28.1858004]}}, {"type": "Feature", "properties": {"type": "yes"}, "geometry": {"type": "Point", "coordinates": [83.972328, 28.1876543]}}, {"type": "Feature", "properties": {"type": "yes"}, "geometry": {"type": "Point", "coordinates": [83.9734074, 28.1851836]}}, {"type": "Feature", "properties": {"type": "yes"}, "geometry": {"type": "Point", "coordinates": [83.972115, 28.1859794]}}, {"type": "Feature", "properties": {"type": "yes"}, "geometry": {"type": "Point", "coordinates": [83.9742374, 28.1838041]}}, {"type": "Feature", "properties": {"type": "yes"}, "geometry": {"type": "Point", "coordinates": [83.9719803, 28.1871412]}}, {"type": "Feature", "properties": {"type": "yes"}, "geometry": {"type": "Point", "coordinates": [83.9735745, 28.1838739]}}, {"type": "Feature", "properties": {"type": "yes"}, "geometry": {"type": "Point", "coordinates": [83.9718123, 28.1862814]}}, {"type": "Feature", "properties": {"type": "yes"}, "geometry": {"type": "Point", "coordinates": [83.9737113, 28.1836707]}}, {"type": "Feature", "properties": {"type": "yes"}, "geometry": {"type": "Point", "coordinates": [83.9730604, 28.1859027]}}, {"type": "Feature", "properties": {"type": "yes"}, "geometry": {"type": "Point", "coordinates": [83.9716473, 28.1864402]}}, {"type": "Feature", "properties": {"type": "yes"}, "geometry": {"type": "Point", "coordinates": [83.9721713, 28.1860357]}}, {"type": "Feature", "properties": {"type": "yes"}, "geometry": {"type": "Point", "coordinates": [83.9721962, 28.1871144]}}, {"type": "Feature", "properties": {"type": "yes"}, "geometry": {"type": "Point", "coordinates": [83.97368, 28.1840399]}}, {"type": "Feature", "properties": {"type": "yes"}, "geometry": {"type": "Point", "coordinates": [83.9726722, 28.1859665]}}, {"type": "Feature", "properties": {"type": "yes"}, "geometry": {"type": "Point", "coordinates": [83.971925, 28.1860353]}}, {"type": "Feature", "properties": {"type": "yes"}, "geometry": {"type": "Point", "coordinates": [83.9737935, 28.1834033]}}, {"type": "Feature", "properties": {"type": "yes"}, "geometry": {"type": "Point", "coordinates": [83.9721857, 28.1874313]}}, {"type": "Feature", "properties": {"type": "yes"}, "geometry": {"type": "Point", "coordinates": [83.9733337, 28.1842109]}}, {"type": "Feature", "properties": {"type": "yes"}, "geometry": {"type": "Point", "coordinates": [83.9730309, 28.1844828]}}, {"type": "Feature", "properties": {"type": "yes"}, "geometry": {"type": "Point", "coordinates": [83.9729839, 28.18627]}}, {"type": "Feature", "properties": {"type": "yes"}, "geometry": {"type": "Point", "coordinates": [83.9741273, 28.1839822]}}, {"type": "Feature", "properties": {"type": "yes"}, "geometry": {"type": "Point", "coordinates": [83.9732235, 28.1840679]}}, {"type": "Feature", "properties": {"type": "yes"}, "geometry": {"type": "Point", "coordinates": [83.9722795, 28.1872494]}}, {"type": "Feature", "properties": {"type": "yes"}, "geometry": {"type": "Point", "coordinates": [83.9730659, 28.1849518]}}, {"type": "Feature", "properties": {"type": "yes"}, "geometry": {"type": "Point", "coordinates": [83.973234, 28.1863514]}}, {"type": "Feature", "properties": {"type": "yes"}, "geometry": {"type": "Point", "coordinates": [83.9731678, 28.186009]}}, {"type": "Feature", "properties": {"type": "yes"}, "geometry": {"type": "Point", "coordinates": [83.9730886, 28.1845415]}}, {"type": "Feature", "properties": {"type": "yes"}, "geometry": {"type": "Point", "coordinates": [83.9730334, 28.1863325]}}, {"type": "Feature", "properties": {"type": "yes"}, "geometry": {"type": "Point", "coordinates": [83.9740126, 28.1841096]}}, {"type": "Feature", "properties": {"type": "yes"}, "geometry": {"type": "Point", "coordinates": [83.9727703, 28.1862701]}}, {"type": "Feature", "properties": {"type": "yes"}, "geometry": {"type": "Point", "coordinates": [83.9723883, 28.1874065]}}, {"type": "Feature", "properties": {"type": "yes"}, "geometry": {"type": "Point", "coordinates": [83.9716567, 28.1858918]}}, {"type": "Feature", "properties": {"type": "yes"}, "geometry": {"type": "Point", "coordinates": [83.9738129, 28.183482]}}, {"type": "Feature", "properties": {"type": "yes"}, "geometry": {"type": "Point", "coordinates": [83.9731192, 28.1846249]}}, {"type": "Feature", "properties": {"type": "yes"}, "geometry": {"type": "Point", "coordinates": [83.9742706, 28.1841576]}}, {"type": "Feature", "properties": {"type": "yes"}, "geometry": {"type": "Point", "coordinates": [83.9729338, 28.1862249]}}, {"type": "Feature", "properties": {"type": "yes"}, "geometry": {"type": "Point", "coordinates": [83.9723326, 28.1873287]}}, {"type": "Feature", "properties": {"type": "yes"}, "geometry": {"type": "Point", "coordinates": [83.9738391, 28.1835684]}}, {"type": "Feature", "properties": {"type": "yes"}, "geometry": {"type": "Point", "coordinates": [83.973179, 28.1840026]}}, {"type": "Feature", "properties": {"type": "yes"}, "geometry": {"type": "Point", "coordinates": [83.9725586, 28.1868871]}}, {"type": "Feature", "properties": {"type": "yes"}, "geometry": {"type": "Point", "coordinates": [83.9713452, 28.1864394]}}, {"type": "Feature", "properties": {"type": "yes"}, "geometry": {"type": "Point", "coordinates": [83.974206, 28.1840655]}}, {"type": "Feature", "properties": {"type": "yes"}, "geometry": {"type": "Point", "coordinates": [83.973056, 28.1861735]}}, {"type": "Feature", "properties": {"type": "yes"}, "geometry": {"type": "Point", "coordinates": [83.9734553, 28.1843874]}}, {"type": "Feature", "properties": {"type": "yes"}, "geometry": {"type": "Point", "coordinates": [83.9727534, 28.1848826]}}, {"type": "Feature", "properties": {"type": "yes"}, "geometry": {"type": "Point", "coordinates": [83.9733783, 28.1854777]}}, {"type": "Feature", "properties": {"type": "yes"}, "geometry": {"type": "Point", "coordinates": [83.9733054, 28.184467]}}, {"type": "Feature", "properties": {"type": "yes"}, "geometry": {"type": "Point", "coordinates": [83.972436, 28.1874935]}}, {"type": "Feature", "properties": {"type": "yes"}, "geometry": {"type": "Point", "coordinates": [83.9713836, 28.1866452]}}, {"type": "Feature", "properties": {"type": "yes"}, "geometry": {"type": "Point", "coordinates": [83.9735283, 28.1853394]}}, {"type": "Feature", "properties": {"type": "yes"}, "geometry": {"type": "Point", "coordinates": [83.9739587, 28.1837813]}}, {"type": "Feature", "properties": {"type": "yes"}, "geometry": {"type": "Point", "coordinates": [83.973348, 28.1845786]}}, {"type": "Feature", "properties": {"type": "yes"}, "geometry": {"type": "Point", "coordinates": [83.9713962, 28.186204]}}, {"type": "Feature", "properties": {"type": "yes"}, "geometry": {"type": "Point", "coordinates": [83.9712941, 28.1867846]}}, {"type": "Feature", "properties": {"type": "yes"}, "geometry": {"type": "Point", "coordinates": [83.9713483, 28.1861367]}}, {"type": "Feature", "properties": {"type": "yes"}, "geometry": {"type": "Point", "coordinates": [83.9728955, 28.1860097]}}, {"type": "Feature", "properties": {"type": "yes"}, "geometry": {"type": "Point", "coordinates": [83.9730952, 28.1850103]}}, {"type": "Feature", "properties": {"type": "yes"}, "geometry": {"type": "Point", "coordinates": [83.9732764, 28.1861306]}}, {"type": "Feature", "properties": {"type": "yes"}, "geometry": {"type": "Point", "coordinates": [83.9731706, 28.1863038]}}, {"type": "Feature", "properties": {"type": "yes"}, "geometry": {"type": "Point", "coordinates": [83.9734818, 28.1852872]}}, {"type": "Feature", "properties": {"type": "yes"}, "geometry": {"type": "Point", "coordinates": [83.9735598, 28.1845171]}}, {"type": "Feature", "properties": {"type": "yes"}, "geometry": {"type": "Point", "coordinates": [83.9731995, 28.1856786]}}, {"type": "Feature", "properties": {"type": "yes"}, "geometry": {"type": "Point", "coordinates": [83.9732934, 28.1850079]}}, {"type": "Feature", "properties": {"type": "yes"}, "geometry": {"type": "Point", "coordinates": [83.9716245, 28.1861728]}}, {"type": "Feature", "properties": {"type": "yes"}, "geometry": {"type": "Point", "coordinates": [83.9718666, 28.1868993]}}, {"type": "Feature", "properties": {"type": "yes"}, "geometry": {"type": "Point", "coordinates": [83.9728409, 28.1859503]}}, {"type": "Feature", "properties": {"type": "yes"}, "geometry": {"type": "Point", "coordinates": [83.9727686, 28.1855681]}}, {"type": "Feature", "properties": {"type": "yes"}, "geometry": {"type": "Point", "coordinates": [83.973218, 28.185215]}}, {"type": "Feature", "properties": {"type": "yes"}, "geometry": {"type": "Point", "coordinates": [83.9720024, 28.1858696]}}, {"type": "Feature", "properties": {"type": "yes"}, "geometry": {"type": "Point", "coordinates": [83.971902, 28.1869952]}}, {"type": "Feature", "properties": {"type": "yes"}, "geometry": {"type": "Point", "coordinates": [83.973271, 28.1836994]}}, {"type": "Feature", "properties": {"type": "yes"}, "geometry": {"type": "Point", "coordinates": [83.9728226, 28.1860888]}}, {"type": "Feature", "properties": {"type": "yes"}, "geometry": {"type": "Point", "coordinates": [83.9729354, 28.1856171]}}, {"type": "Feature", "properties": {"type": "yes"}, "geometry": {"type": "Point", "coordinates": [83.9721767, 28.1858354]}}, {"type": "Feature", "properties": {"type": "yes"}, "geometry": {"type": "Point", "coordinates": [83.973389, 28.1837602]}}, {"type": "Feature", "properties": {"type": "yes"}, "geometry": {"type": "Point", "coordinates": [83.9731278, 28.1857249]}}, {"type": "Feature", "properties": {"type": "yes"}, "geometry": {"type": "Point", "coordinates": [83.9736787, 28.1872898]}}, {"type": "Feature", "properties": {"type": "yes"}, "geometry": {"type": "Point", "coordinates": [83.9729691, 28.1865831]}}, {"type": "Feature", "properties": {"type": "yes"}, "geometry": {"type": "Point", "coordinates": [83.9737761, 28.1868821]}}, {"type": "Feature", "properties": {"type": "yes"}, "geometry": {"type": "Point", "coordinates": [83.9734211, 28.1870463]}}, {"type": "Feature", "properties": {"type": "yes"}, "geometry": {"type": "Point", "coordinates": [83.9725681, 28.1867112]}}, {"type": "Feature", "properties": {"type": "yes"}, "geometry": {"type": "Point", "coordinates": [83.9732939, 28.1872551]}}, {"type": "Feature", "properties": {"type": "yes"}, "geometry": {"type": "Point", "coordinates": [83.9735721, 28.1864673]}}, {"type": "Feature", "properties": {"type": "yes"}, "geometry": {"type": "Point", "coordinates": [83.9736204, 28.1872522]}}, {"type": "Feature", "properties": {"type": "yes"}, "geometry": {"type": "Point", "coordinates": [83.9734653, 28.1873162]}}, {"type": "Feature", "properties": {"type": "yes"}, "geometry": {"type": "Point", "coordinates": [83.9735156, 28.1864004]}}, {"type": "Feature", "properties": {"type": "yes"}, "geometry": {"type": "Point", "coordinates": [83.9733461, 28.187488]}}, {"type": "Feature", "properties": {"type": "yes"}, "geometry": {"type": "Point", "coordinates": [83.9738148, 28.1873766]}}, {"type": "Feature", "properties": {"type": "yes"}, "geometry": {"type": "Point", "coordinates": [83.9734491, 28.1863134]}}, {"type": "Feature", "properties": {"type": "yes"}, "geometry": {"type": "Point", "coordinates": [83.9734101, 28.1866249]}}, {"type": "Feature", "properties": {"type": "yes"}, "geometry": {"type": "Point", "coordinates": [83.973741, 28.1873295]}}, {"type": "Feature", "properties": {"type": "yes"}, "geometry": {"type": "Point", "coordinates": [83.9734606, 28.187601]}}, {"type": "Feature", "properties": {"type": "yes"}, "geometry": {"type": "Point", "coordinates": [83.9729234, 28.1865177]}}, {"type": "Feature", "properties": {"type": "house"}, "geometry": {"type": "Point", "coordinates": [83.9855242, 28.2072758]}}, {"type": "Feature", "properties": {"type": "house"}, "geometry": {"type": "Point", "coordinates": [83.9850391, 28.2062436]}}, {"type": "Feature", "properties": {"type": "house"}, "geometry": {"type": "Point", "coordinates": [83.9850238, 28.2060719]}}, {"type": "Feature", "properties": {"type": "house"}, "geometry": {"type": "Point", "coordinates": [83.9850526, 28.2059992]}}, {"type": "Feature", "properties": {"type": "house"}, "geometry": {"type": "Point", "coordinates": [83.9851226, 28.2060192]}}, {"type": "Feature", "properties": {"type": "yes"}, "geometry": {"type": "Point", "coordinates": [83.97383, 28.1879848]}}, {"type": "Feature", "properties": {"type": "yes"}, "geometry": {"type": "Point", "coordinates": [83.9737295, 28.187882]}}, {"type": "Feature", "properties": {"type": "yes"}, "geometry": {"type": "Point", "coordinates": [83.9737136, 28.1875647]}}, {"type": "Feature", "properties": {"type": "yes"}, "geometry": {"type": "Point", "coordinates": [83.9735988, 28.1880055]}}, {"type": "Feature", "properties": {"type": "yes"}, "geometry": {"type": "Point", "coordinates": [83.9736293, 28.1876614]}}, {"type": "Feature", "properties": {"type": "yes"}, "geometry": {"type": "Point", "coordinates": [83.9735258, 28.1877959]}}, {"type": "Feature", "properties": {"type": "yes"}, "geometry": {"type": "Point", "coordinates": [83.9701133, 28.2155133]}}, {"type": "Feature", "properties": {"name": "Nepal Red Cross Society, Pokhara Sub Chapter 7", "type": "yes"}, "geometry": {"type": "Point", "coordinates": [83.9695322, 28.2129793]}}, {"type": "Feature", "properties": {"type": "house"}, "geometry": {"type": "Point", "coordinates": [83.9844054, 28.2064412]}}, {"type": "Feature", "properties": {"type": "house"}, "geometry": {"type": "Point", "coordinates": [83.9843281, 28.2070945]}}, {"type": "Feature", "properties": {"type": "house"}, "geometry": {"type": "Point", "coordinates": [83.9846238, 28.207296]}}, {"type": "Feature", "properties": {"type": "house"}, "geometry": {"type": "Point", "coordinates": [83.9851735, 28.2072903]}}, {"type": "Feature", "properties": {"type": "house"}, "geometry": {"type": "Point", "coordinates": [83.9846572, 28.2058056]}}, {"type": "Feature", "properties": {"type": "house"}, "geometry": {"type": "Point", "coordinates": [83.9841728, 28.2056266]}}, {"type": "Feature", "properties": {"type": "house"}, "geometry": {"type": "Point", "coordinates": [83.9829337, 28.2055833]}}, {"type": "Feature", "properties": {"type": "house"}, "geometry": {"type": "Point", "coordinates": [83.9830745, 28.2053358]}}, {"type": "Feature", "properties": {"type": "house"}, "geometry": {"type": "Point", "coordinates": [83.9834152, 28.205074]}}, {"type": "Feature", "properties": {"type": "yes"}, "geometry": {"type": "Point", "coordinates": [83.9734628, 28.1881626]}}, {"type": "Feature", "properties": {"type": "yes"}, "geometry": {"type": "Point", "coordinates": [83.9742426, 28.1877791]}}, {"type": "Feature", "properties": {"type": "yes"}, "geometry": {"type": "Point", "coordinates": [83.9742759, 28.1878453]}}, {"type": "Feature", "properties": {"type": "yes"}, "geometry": {"type": "Point", "coordinates": [83.9743441, 28.1879375]}}, {"type": "Feature", "properties": {"type": "yes"}, "geometry": {"type": "Point", "coordinates": [83.9733924, 28.1881988]}}, {"type": "Feature", "properties": {"type": "yes"}, "geometry": {"type": "Point", "coordinates": [83.9745291, 28.1877501]}}, {"type": "Feature", "properties": {"type": "yes"}, "geometry": {"type": "Point", "coordinates": [83.9746476, 28.1877569]}}, {"type": "Feature", "properties": {"type": "yes"}, "geometry": {"type": "Point", "coordinates": [83.9735359, 28.1881349]}}, {"type": "Feature", "properties": {"type": "yes"}, "geometry": {"type": "Point", "coordinates": [83.9744148, 28.1876588]}}, {"type": "Feature", "properties": {"type": "yes"}, "geometry": {"type": "Point", "coordinates": [83.9744904, 28.1876267]}}, {"type": "Feature", "properties": {"type": "yes"}, "geometry": {"type": "Point", "coordinates": [83.9745587, 28.1876106]}}, {"type": "Feature", "properties": {"type": "yes"}, "geometry": {"type": "Point", "coordinates": [83.974794, 28.1881641]}}, {"type": "Feature", "properties": {"type": "yes"}, "geometry": {"type": "Point", "coordinates": [83.9746318, 28.1876043]}}, {"type": "Feature", "properties": {"type": "yes"}, "geometry": {"type": "Point", "coordinates": [83.9746734, 28.1881603]}}, {"type": "Feature", "properties": {"type": "yes"}, "geometry": {"type": "Point", "coordinates": [83.9747837, 28.1880785]}}, {"type": "Feature", "properties": {"type": "yes"}, "geometry": {"type": "Point", "coordinates": [83.9748769, 28.1877036]}}, {"type": "Feature", "properties": {"type": "yes"}, "geometry": {"type": "Point", "coordinates": [83.974721, 28.1875894]}}, {"type": "Feature", "properties": {"type": "yes"}, "geometry": {"type": "Point", "coordinates": [83.9747345, 28.1877358]}}, {"type": "Feature", "properties": {"type": "yes"}, "geometry": {"type": "Point", "coordinates": [83.9748259, 28.1875662]}}, {"type": "Feature", "properties": {"type": "yes"}, "geometry": {"type": "Point", "coordinates": [83.9746499, 28.1879948]}}, {"type": "Feature", "properties": {"type": "yes"}, "geometry": {"type": "Point", "coordinates": [83.9748949, 28.1875533]}}, {"type": "Feature", "properties": {"type": "yes"}, "geometry": {"type": "Point", "coordinates": [83.9749973, 28.1875518]}}, {"type": "Feature", "properties": {"type": "yes"}, "geometry": {"type": "Point", "coordinates": [83.9582408, 28.1881488]}}, {"type": "Feature", "properties": {"type": "yes"}, "geometry": {"type": "Point", "coordinates": [83.9576068, 28.1881629]}}, {"type": "Feature", "properties": {"type": "yes"}, "geometry": {"type": "Point", "coordinates": [83.9580335, 28.1881947]}}, {"type": "Feature", "properties": {"type": "yes"}, "geometry": {"type": "Point", "coordinates": [83.9577703, 28.1880975]}}, {"type": "Feature", "properties": {"name": "Gorkha Soldiers Educational & Physical Academy Pvt.Ltd", "type": "yes"}, "geometry": {"type": "Point", "coordinates": [83.9575927, 28.1880101]}}, {"type": "Feature", "properties": {"type": "yes"}, "geometry": {"type": "Point", "coordinates": [83.9605445, 28.1879848]}}, {"type": "Feature", "properties": {"type": "yes"}, "geometry": {"type": "Point", "coordinates": [83.9577317, 28.1867131]}}, {"type": "Feature", "properties": {"type": "yes"}, "geometry": {"type": "Point", "coordinates": [83.9602967, 28.1877787]}}, {"type": "Feature", "properties": {"type": "yes"}, "geometry": {"type": "Point", "coordinates": [83.9603948, 28.1876548]}}, {"type": "Feature", "properties": {"type": "yes"}, "geometry": {"type": "Point", "coordinates": [83.9608365, 28.1876442]}}, {"type": "Feature", "properties": {"type": "yes"}, "geometry": {"type": "Point", "coordinates": [83.9610709, 28.1878149]}}, {"type": "Feature", "properties": {"type": "yes"}, "geometry": {"type": "Point", "coordinates": [83.9612575, 28.1879538]}}, {"type": "Feature", "properties": {"type": "yes"}, "geometry": {"type": "Point", "coordinates": [83.9616156, 28.1877638]}}, {"type": "Feature", "properties": {"type": "yes"}, "geometry": {"type": "Point", "coordinates": [83.958222, 28.1872404]}}, {"type": "Feature", "properties": {"type": "yes"}, "geometry": {"type": "Point", "coordinates": [83.9580577, 28.1879174]}}, {"type": "Feature", "properties": {"type": "yes"}, "geometry": {"type": "Point", "coordinates": [83.9582448, 28.1876188]}}, {"type": "Feature", "properties": {"type": "yes"}, "geometry": {"type": "Point", "coordinates": [83.9610519, 28.1876719]}}, {"type": "Feature", "properties": {"type": "yes"}, "geometry": {"type": "Point", "coordinates": [83.9612122, 28.1873844]}}, {"type": "Feature", "properties": {"type": "yes"}, "geometry": {"type": "Point", "coordinates": [83.960599, 28.1877322]}}, {"type": "Feature", "properties": {"type": "yes"}, "geometry": {"type": "Point", "coordinates": [83.9580414, 28.1876919]}}, {"type": "Feature", "properties": {"type": "yes"}, "geometry": {"type": "Point", "coordinates": [83.9605102, 28.1875977]}}, {"type": "Feature", "properties": {"type": "yes"}, "geometry": {"type": "Point", "coordinates": [83.9578938, 28.1874684]}}, {"type": "Feature", "properties": {"type": "yes"}, "geometry": {"type": "Point", "coordinates": [83.9582221, 28.1877353]}}, {"type": "Feature", "properties": {"type": "yes"}, "geometry": {"type": "Point", "coordinates": [83.9580996, 28.1878859]}}, {"type": "Feature", "properties": {"type": "yes"}, "geometry": {"type": "Point", "coordinates": [83.9604548, 28.1874058]}}, {"type": "Feature", "properties": {"type": "yes"}, "geometry": {"type": "Point", "coordinates": [83.9608147, 28.187962]}}, {"type": "Feature", "properties": {"type": "yes"}, "geometry": {"type": "Point", "coordinates": [83.9608993, 28.1878563]}}, {"type": "Feature", "properties": {"type": "yes"}, "geometry": {"type": "Point", "coordinates": [83.9611336, 28.1880685]}}, {"type": "Feature", "properties": {"type": "yes"}, "geometry": {"type": "Point", "coordinates": [83.961377, 28.1878634]}}, {"type": "Feature", "properties": {"type": "yes"}, "geometry": {"type": "Point", "coordinates": [83.9578044, 28.1868443]}}, {"type": "Feature", "properties": {"type": "yes"}, "geometry": {"type": "Point", "coordinates": [83.9612126, 28.188009]}}, {"type": "Feature", "properties": {"type": "yes"}, "geometry": {"type": "Point", "coordinates": [83.9575952, 28.1867721]}}, {"type": "Feature", "properties": {"type": "yes"}, "geometry": {"type": "Point", "coordinates": [83.9602529, 28.187702]}}, {"type": "Feature", "properties": {"type": "yes"}, "geometry": {"type": "Point", "coordinates": [83.9612245, 28.1877017]}}, {"type": "Feature", "properties": {"type": "yes"}, "geometry": {"type": "Point", "coordinates": [83.9611656, 28.1877517]}}, {"type": "Feature", "properties": {"name": "Shiva Mandir", "type": "yes"}, "geometry": {"type": "Point", "coordinates": [83.9771593, 28.2190441]}}, {"type": "Feature", "properties": {"type": "yes"}, "geometry": {"type": "Point", "coordinates": [83.9610774, 28.1862755]}}, {"type": "Feature", "properties": {"type": "yes"}, "geometry": {"type": "Point", "coordinates": [83.9621331, 28.1873961]}}, {"type": "Feature", "properties": {"type": "yes"}, "geometry": {"type": "Point", "coordinates": [83.9615358, 28.1866147]}}, {"type": "Feature", "properties": {"type": "yes"}, "geometry": {"type": "Point", "coordinates": [83.9622177, 28.185782]}}, {"type": "Feature", "properties": {"type": "yes"}, "geometry": {"type": "Point", "coordinates": [83.9617744, 28.1870133]}}, {"type": "Feature", "properties": {"type": "yes"}, "geometry": {"type": "Point", "coordinates": [83.9615063, 28.186561]}}, {"type": "Feature", "properties": {"type": "yes"}, "geometry": {"type": "Point", "coordinates": [83.9621963, 28.1852293]}}, {"type": "Feature", "properties": {"type": "yes"}, "geometry": {"type": "Point", "coordinates": [83.9619575, 28.1877329]}}, {"type": "Feature", "properties": {"type": "yes"}, "geometry": {"type": "Point", "coordinates": [83.9607089, 28.1872614]}}, {"type": "Feature", "properties": {"type": "yes"}, "geometry": {"type": "Point", "coordinates": [83.9619865, 28.1878087]}}, {"type": "Feature", "properties": {"type": "yes"}, "geometry": {"type": "Point", "coordinates": [83.9605748, 28.1873286]}}, {"type": "Feature", "properties": {"type": "yes"}, "geometry": {"type": "Point", "coordinates": [83.9615604, 28.1862669]}}, {"type": "Feature", "properties": {"type": "yes"}, "geometry": {"type": "Point", "coordinates": [83.9623916, 28.1874167]}}, {"type": "Feature", "properties": {"type": "yes"}, "geometry": {"type": "Point", "coordinates": [83.9622964, 28.1856686]}}, {"type": "Feature", "properties": {"type": "yes"}, "geometry": {"type": "Point", "coordinates": [83.9621718, 28.1875342]}}, {"type": "Feature", "properties": {"type": "yes"}, "geometry": {"type": "Point", "coordinates": [83.9606375, 28.187222]}}, {"type": "Feature", "properties": {"type": "yes"}, "geometry": {"type": "Point", "coordinates": [83.9618289, 28.1862722]}}, {"type": "Feature", "properties": {"type": "yes"}, "geometry": {"type": "Point", "coordinates": [83.9621133, 28.185723]}}, {"type": "Feature", "properties": {"type": "yes"}, "geometry": {"type": "Point", "coordinates": [83.9621346, 28.1874801]}}, {"type": "Feature", "properties": {"type": "yes"}, "geometry": {"type": "Point", "coordinates": [83.9617516, 28.1865654]}}, {"type": "Feature", "properties": {"type": "yes"}, "geometry": {"type": "Point", "coordinates": [83.9618528, 28.1861068]}}, {"type": "Feature", "properties": {"type": "yes"}, "geometry": {"type": "Point", "coordinates": [83.9622826, 28.1877524]}}, {"type": "Feature", "properties": {"type": "yes"}, "geometry": {"type": "Point", "coordinates": [83.9608008, 28.187486]}}, {"type": "Feature", "properties": {"type": "yes"}, "geometry": {"type": "Point", "coordinates": [83.9635319, 28.1858656]}}, {"type": "Feature", "properties": {"type": "yes"}, "geometry": {"type": "Point", "coordinates": [83.9607326, 28.187441]}}, {"type": "Feature", "properties": {"type": "yes"}, "geometry": {"type": "Point", "coordinates": [83.9635726, 28.1861611]}}, {"type": "Feature", "properties": {"type": "yes"}, "geometry": {"type": "Point", "coordinates": [83.9620377, 28.1865357]}}, {"type": "Feature", "properties": {"type": "yes"}, "geometry": {"type": "Point", "coordinates": [83.9621253, 28.1860596]}}, {"type": "Feature", "properties": {"type": "yes"}, "geometry": {"type": "Point", "coordinates": [83.962924, 28.1849742]}}, {"type": "Feature", "properties": {"type": "yes"}, "geometry": {"type": "Point", "coordinates": [83.9613291, 28.1863614]}}, {"type": "Feature", "properties": {"type": "yes"}, "geometry": {"type": "Point", "coordinates": [83.9618062, 28.1870943]}}, {"type": "Feature", "properties": {"type": "yes"}, "geometry": {"type": "Point", "coordinates": [83.9622471, 28.1859504]}}, {"type": "Feature", "properties": {"type": "yes"}, "geometry": {"type": "Point", "coordinates": [83.9619388, 28.1852188]}}, {"type": "Feature", "properties": {"type": "yes"}, "geometry": {"type": "Point", "coordinates": [83.9630447, 28.1853995]}}, {"type": "Feature", "properties": {"type": "yes"}, "geometry": {"type": "Point", "coordinates": [83.9622062, 28.1875919]}}, {"type": "Feature", "properties": {"type": "yes"}, "geometry": {"type": "Point", "coordinates": [83.9625115, 28.1849441]}}, {"type": "Feature", "properties": {"type": "yes"}, "geometry": {"type": "Point", "coordinates": [83.9635942, 28.1863043]}}, {"type": "Feature", "properties": {"type": "yes"}, "geometry": {"type": "Point", "coordinates": [83.9616611, 28.1855295]}}, {"type": "Feature", "properties": {"type": "yes"}, "geometry": {"type": "Point", "coordinates": [83.9623916, 28.1880974]}}, {"type": "Feature", "properties": {"type": "yes"}, "geometry": {"type": "Point", "coordinates": [83.9621011, 28.1878752]}}, {"type": "Feature", "properties": {"type": "yes"}, "geometry": {"type": "Point", "coordinates": [83.9631515, 28.1855884]}}, {"type": "Feature", "properties": {"type": "yes"}, "geometry": {"type": "Point", "coordinates": [83.9629649, 28.185054]}}, {"type": "Feature", "properties": {"type": "yes"}, "geometry": {"type": "Point", "coordinates": [83.9624352, 28.1881796]}}, {"type": "Feature", "properties": {"type": "yes"}, "geometry": {"type": "Point", "coordinates": [83.9631263, 28.1858719]}}, {"type": "Feature", "properties": {"type": "yes"}, "geometry": {"type": "Point", "coordinates": [83.9615431, 28.1869026]}}, {"type": "Feature", "properties": {"type": "yes"}, "geometry": {"type": "Point", "coordinates": [83.9605744, 28.1871763]}}, {"type": "Feature", "properties": {"type": "yes"}, "geometry": {"type": "Point", "coordinates": [83.9616129, 28.1863331]}}, {"type": "Feature", "properties": {"type": "yes"}, "geometry": {"type": "Point", "coordinates": [83.9616637, 28.186799]}}, {"type": "Feature", "properties": {"type": "yes"}, "geometry": {"type": "Point", "coordinates": [83.9622306, 28.1880464]}}, {"type": "Feature", "properties": {"type": "yes"}, "geometry": {"type": "Point", "coordinates": [83.9619551, 28.1873113]}}, {"type": "Feature", "properties": {"type": "yes"}, "geometry": {"type": "Point", "coordinates": [83.9618714, 28.1876099]}}, {"type": "Feature", "properties": {"type": "yes"}, "geometry": {"type": "Point", "coordinates": [83.96162, 28.1867324]}}, {"type": "Feature", "properties": {"type": "yes"}, "geometry": {"type": "Point", "coordinates": [83.963022, 28.185941]}}, {"type": "Feature", "properties": {"type": "yes"}, "geometry": {"type": "Point", "coordinates": [83.9622834, 28.1881902]}}, {"type": "Feature", "properties": {"type": "yes"}, "geometry": {"type": "Point", "coordinates": [83.9618886, 28.1871501]}}, {"type": "Feature", "properties": {"type": "yes"}, "geometry": {"type": "Point", "coordinates": [83.9615712, 28.1866695]}}, {"type": "Feature", "properties": {"type": "yes"}, "geometry": {"type": "Point", "coordinates": [83.960843, 28.1873534]}}, {"type": "Feature", "properties": {"type": "yes"}, "geometry": {"type": "Point", "coordinates": [83.9630951, 28.1860421]}}, {"type": "Feature", "properties": {"type": "yes"}, "geometry": {"type": "Point", "coordinates": [83.9621577, 28.1853936]}}, {"type": "Feature", "properties": {"type": "yes"}, "geometry": {"type": "Point", "coordinates": [83.9607656, 28.1873041]}}, {"type": "Feature", "properties": {"type": "yes"}, "geometry": {"type": "Point", "coordinates": [83.9610031, 28.1863668]}}, {"type": "Feature", "properties": {"type": "yes"}, "geometry": {"type": "Point", "coordinates": [83.9619346, 28.1857605]}}, {"type": "Feature", "properties": {"type": "yes"}, "geometry": {"type": "Point", "coordinates": [83.9615955, 28.1870553]}}, {"type": "Feature", "properties": {"type": "yes"}, "geometry": {"type": "Point", "coordinates": [83.9617566, 28.1878526]}}, {"type": "Feature", "properties": {"type": "yes"}, "geometry": {"type": "Point", "coordinates": [83.962655, 28.1849118]}}, {"type": "Feature", "properties": {"type": "yes"}, "geometry": {"type": "Point", "coordinates": [83.9622594, 28.1854705]}}, {"type": "Feature", "properties": {"type": "yes"}, "geometry": {"type": "Point", "coordinates": [83.9725761, 28.2142301]}}, {"type": "Feature", "properties": {"type": "residential"}, "geometry": {"type": "Point", "coordinates": [83.971333, 28.2137029]}}, {"type": "Feature", "properties": {"type": "yes"}, "geometry": {"type": "Point", "coordinates": [83.9717033, 28.2142346]}}, {"type": "Feature", "properties": {"type": "yes"}, "geometry": {"type": "Point", "coordinates": [83.9741159, 28.211639]}}, {"type": "Feature", "properties": {"type": "yes"}, "geometry": {"type": "Point", "coordinates": [83.9737323, 28.2154111]}}, {"type": "Feature", "properties": {"type": "yes"}, "geometry": {"type": "Point", "coordinates": [83.9748971, 28.2118811]}}, {"type": "Feature", "properties": {"type": "yes"}, "geometry": {"type": "Point", "coordinates": [83.9734668, 28.2158815]}}, {"type": "Feature", "properties": {"type": "yes"}, "geometry": {"type": "Point", "coordinates": [83.9754496, 28.2125666]}}, {"type": "Feature", "properties": {"type": "yes"}, "geometry": {"type": "Point", "coordinates": [83.974843, 28.2107457]}}, {"type": "Feature", "properties": {"type": "yes"}, "geometry": {"type": "Point", "coordinates": [83.9729402, 28.2165096]}}, {"type": "Feature", "properties": {"type": "yes"}, "geometry": {"type": "Point", "coordinates": [83.9739924, 28.2113839]}}, {"type": "Feature", "properties": {"type": "yes"}, "geometry": {"type": "Point", "coordinates": [83.9730441, 28.2153763]}}, {"type": "Feature", "properties": {"type": "yes"}, "geometry": {"type": "Point", "coordinates": [83.9760811, 28.2124278]}}, {"type": "Feature", "properties": {"name": "Gita Sarma Niwas", "type": "yes"}, "geometry": {"type": "Point", "coordinates": [83.9746928, 28.2105294]}}, {"type": "Feature", "properties": {"type": "yes"}, "geometry": {"type": "Point", "coordinates": [83.9719626, 28.2153559]}}, {"type": "Feature", "properties": {"type": "yes"}, "geometry": {"type": "Point", "coordinates": [83.9711497, 28.2105675]}}, {"type": "Feature", "properties": {"type": "yes"}, "geometry": {"type": "Point", "coordinates": [83.9749277, 28.210518]}}, {"type": "Feature", "properties": {"type": "yes"}, "geometry": {"type": "Point", "coordinates": [83.9721612, 28.2166141]}}, {"type": "Feature", "properties": {"type": "residential"}, "geometry": {"type": "Point", "coordinates": [83.9723397, 28.2142566]}}, {"type": "Feature", "properties": {"type": "yes"}, "geometry": {"type": "Point", "coordinates": [83.9753587, 28.215858]}}, {"type": "Feature", "properties": {"type": "yes"}, "geometry": {"type": "Point", "coordinates": [83.9752887, 28.2157691]}}, {"type": "Feature", "properties": {"type": "yes"}, "geometry": {"type": "Point", "coordinates": [83.9760342, 28.2116953]}}, {"type": "Feature", "properties": {"type": "yes"}, "geometry": {"type": "Point", "coordinates": [83.9732999, 28.2151257]}}, {"type": "Feature", "properties": {"type": "yes"}, "geometry": {"type": "Point", "coordinates": [83.9743187, 28.2106276]}}, {"type": "Feature", "properties": {"type": "yes"}, "geometry": {"type": "Point", "coordinates": [83.9733614, 28.2157368]}}, {"type": "Feature", "properties": {"type": "yes"}, "geometry": {"type": "Point", "coordinates": [83.9717969, 28.2118211]}}, {"type": "Feature", "properties": {"type": "yes"}, "geometry": {"type": "Point", "coordinates": [83.9756424, 28.2114686]}}, {"type": "Feature", "properties": {"type": "yes"}, "geometry": {"type": "Point", "coordinates": [83.9729401, 28.216328]}}, {"type": "Feature", "properties": {"type": "yes"}, "geometry": {"type": "Point", "coordinates": [83.9739564, 28.2155368]}}, {"type": "Feature", "properties": {"type": "yes"}, "geometry": {"type": "Point", "coordinates": [83.9748178, 28.2116619]}}, {"type": "Feature", "properties": {"type": "residential"}, "geometry": {"type": "Point", "coordinates": [83.9705254, 28.213411]}}, {"type": "Feature", "properties": {"type": "yes"}, "geometry": {"type": "Point", "coordinates": [83.9758992, 28.2123221]}}, {"type": "Feature", "properties": {"type": "yes"}, "geometry": {"type": "Point", "coordinates": [83.9744635, 28.2105221]}}, {"type": "Feature", "properties": {"type": "yes"}, "geometry": {"type": "Point", "coordinates": [83.971872, 28.2154903]}}, {"type": "Feature", "properties": {"type": "yes"}, "geometry": {"type": "Point", "coordinates": [83.9747718, 28.2102691]}}, {"type": "Feature", "properties": {"type": "residential"}, "geometry": {"type": "Point", "coordinates": [83.9715367, 28.2143767]}}, {"type": "Feature", "properties": {"type": "yes"}, "geometry": {"type": "Point", "coordinates": [83.9758014, 28.2139482]}}, {"type": "Feature", "properties": {"type": "yes"}, "geometry": {"type": "Point", "coordinates": [83.9755881, 28.211191]}}, {"type": "Feature", "properties": {"type": "yes"}, "geometry": {"type": "Point", "coordinates": [83.9752434, 28.2156326]}}, {"type": "Feature", "properties": {"type": "yes"}, "geometry": {"type": "Point", "coordinates": [83.9758111, 28.2118831]}}, {"type": "Feature", "properties": {"type": "yes"}, "geometry": {"type": "Point", "coordinates": [83.9732347, 28.2150484]}}, {"type": "Feature", "properties": {"type": "residential"}, "geometry": {"type": "Point", "coordinates": [83.9720109, 28.2142501]}}, {"type": "Feature", "properties": {"type": "yes"}, "geometry": {"type": "Point", "coordinates": [83.9747924, 28.2107763]}}, {"type": "Feature", "properties": {"type": "yes"}, "geometry": {"type": "Point", "coordinates": [83.9722974, 28.2152057]}}, {"type": "Feature", "properties": {"type": "residential"}, "geometry": {"type": "Point", "coordinates": [83.9717362, 28.2148247]}}, {"type": "Feature", "properties": {"type": "residential"}, "geometry": {"type": "Point", "coordinates": [83.9738257, 28.2164838]}}, {"type": "Feature", "properties": {"type": "yes"}, "geometry": {"type": "Point", "coordinates": [83.9755337, 28.2114829]}}, {"type": "Feature", "properties": {"type": "yes"}, "geometry": {"type": "Point", "coordinates": [83.9738561, 28.2158104]}}, {"type": "Feature", "properties": {"type": "residential"}, "geometry": {"type": "Point", "coordinates": [83.9736008, 28.2106983]}}, {"type": "Feature", "properties": {"type": "yes"}, "geometry": {"type": "Point", "coordinates": [83.9717327, 28.2121069]}}, {"type": "Feature", "properties": {"type": "yes"}, "geometry": {"type": "Point", "coordinates": [83.9719415, 28.2155857]}}, {"type": "Feature", "properties": {"type": "yes"}, "geometry": {"type": "Point", "coordinates": [83.9760601, 28.2121827]}}, {"type": "Feature", "properties": {"type": "yes"}, "geometry": {"type": "Point", "coordinates": [83.9720821, 28.2156675]}}, {"type": "Feature", "properties": {"type": "residential"}, "geometry": {"type": "Point", "coordinates": [83.9716719, 28.2144298]}}, {"type": "Feature", "properties": {"type": "yes"}, "geometry": {"type": "Point", "coordinates": [83.9757966, 28.214123]}}, {"type": "Feature", "properties": {"type": "yes"}, "geometry": {"type": "Point", "coordinates": [83.9714062, 28.2122936]}}, {"type": "Feature", "properties": {"type": "yes"}, "geometry": {"type": "Point", "coordinates": [83.9751857, 28.2155744]}}, {"type": "Feature", "properties": {"type": "yes"}, "geometry": {"type": "Point", "coordinates": [83.9729039, 28.2150495]}}, {"type": "Feature", "properties": {"type": "yes"}, "geometry": {"type": "Point", "coordinates": [83.9726268, 28.2163609]}}, {"type": "Feature", "properties": {"type": "residential"}, "geometry": {"type": "Point", "coordinates": [83.9718225, 28.2150835]}}, {"type": "Feature", "properties": {"type": "yes"}, "geometry": {"type": "Point", "coordinates": [83.9755093, 28.2161737]}}, {"type": "Feature", "properties": {"type": "yes"}, "geometry": {"type": "Point", "coordinates": [83.9738391, 28.2157268]}}, {"type": "Feature", "properties": {"type": "yes"}, "geometry": {"type": "Point", "coordinates": [83.9750021, 28.2120635]}}, {"type": "Feature", "properties": {"type": "yes"}, "geometry": {"type": "Point", "coordinates": [83.9715575, 28.2141753]}}, {"type": "Feature", "properties": {"type": "yes"}, "geometry": {"type": "Point", "coordinates": [83.9732738, 28.2156193]}}, {"type": "Feature", "properties": {"type": "residential"}, "geometry": {"type": "Point", "coordinates": [83.973732, 28.2107225]}}, {"type": "Feature", "properties": {"type": "yes"}, "geometry": {"type": "Point", "coordinates": [83.9751244, 28.2123113]}}, {"type": "Feature", "properties": {"type": "yes"}, "geometry": {"type": "Point", "coordinates": [83.9734021, 28.2158021]}}, {"type": "Feature", "properties": {"type": "yes"}, "geometry": {"type": "Point", "coordinates": [83.9751145, 28.2124835]}}, {"type": "Feature", "properties": {"type": "yes"}, "geometry": {"type": "Point", "coordinates": [83.9727947, 28.2159613]}}, {"type": "Feature", "properties": {"type": "residential"}, "geometry": {"type": "Point", "coordinates": [83.971638, 28.2146587]}}, {"type": "Feature", "properties": {"type": "yes"}, "geometry": {"type": "Point", "coordinates": [83.9754774, 28.2160788]}}, {"type": "Feature", "properties": {"type": "yes"}, "geometry": {"type": "Point", "coordinates": [83.9720633, 28.2153467]}}, {"type": "Feature", "properties": {"type": "residential"}, "geometry": {"type": "Point", "coordinates": [83.9724485, 28.2142169]}}, {"type": "Feature", "properties": {"type": "yes"}, "geometry": {"type": "Point", "coordinates": [83.9727642, 28.2166569]}}, {"type": "Feature", "properties": {"type": "yes"}, "geometry": {"type": "Point", "coordinates": [83.9754805, 28.2159482]}}, {"type": "Feature", "properties": {"type": "yes"}, "geometry": {"type": "Point", "coordinates": [83.9740477, 28.2157355]}}, {"type": "Feature", "properties": {"type": "yes"}, "geometry": {"type": "Point", "coordinates": [83.9717343, 28.2117121]}}, {"type": "Feature", "properties": {"type": "yes"}, "geometry": {"type": "Point", "coordinates": [83.9760034, 28.2153399]}}, {"type": "Feature", "properties": {"type": "residential"}, "geometry": {"type": "Point", "coordinates": [83.9706653, 28.2135421]}}, {"type": "Feature", "properties": {"type": "residential"}, "geometry": {"type": "Point", "coordinates": [83.9708097, 28.2137095]}}, {"type": "Feature", "properties": {"type": "residential"}, "geometry": {"type": "Point", "coordinates": [83.9704694, 28.2133493]}}, {"type": "Feature", "properties": {"name": "SI Store", "type": "yes"}, "geometry": {"type": "Point", "coordinates": [83.9637694, 28.1863018]}}, {"type": "Feature", "properties": {"type": "yes"}, "geometry": {"type": "Point", "coordinates": [83.9637146, 28.1863375]}}, {"type": "Feature", "properties": {"name": "Baral Restaurent", "type": "yes"}, "geometry": {"type": "Point", "coordinates": [83.9715221, 28.2115724]}}, {"type": "Feature", "properties": {"type": "yes"}, "geometry": {"type": "Point", "coordinates": [83.9744204, 28.2107837]}}, {"type": "Feature", "properties": {"type": "residential"}, "geometry": {"type": "Point", "coordinates": [83.9735093, 28.2105866]}}, {"type": "Feature", "properties": {"type": "residential"}, "geometry": {"type": "Point", "coordinates": [83.9722771, 28.2107458]}}, {"type": "Feature", "properties": {"type": "yes"}, "geometry": {"type": "Point", "coordinates": [83.9714294, 28.2116409]}}, {"type": "Feature", "properties": {"type": "yes"}, "geometry": {"type": "Point", "coordinates": [83.974154, 28.2108432]}}, {"type": "Feature", "properties": {"type": "yes"}, "geometry": {"type": "Point", "coordinates": [83.9746586, 28.2104273]}}, {"type": "Feature", "properties": {"type": "yes"}, "geometry": {"type": "Point", "coordinates": [83.9751325, 28.2108717]}}, {"type": "Feature", "properties": {"type": "yes"}, "geometry": {"type": "Point", "coordinates": [83.975973, 28.2119504]}}, {"type": "Feature", "properties": {"type": "yes"}, "geometry": {"type": "Point", "coordinates": [83.9742808, 28.2105642]}}, {"type": "Feature", "properties": {"type": "yes"}, "geometry": {"type": "Point", "coordinates": [83.9747042, 28.2108323]}}, {"type": "Feature", "properties": {"type": "residential"}, "geometry": {"type": "Point", "coordinates": [83.9729598, 28.212233]}}, {"type": "Feature", "properties": {"type": "yes"}, "geometry": {"type": "Point", "coordinates": [83.9756237, 28.2117473]}}, {"type": "Feature", "properties": {"type": "yes"}, "geometry": {"type": "Point", "coordinates": [83.9737675, 28.2110241]}}, {"type": "Feature", "properties": {"type": "yes"}, "geometry": {"type": "Point", "coordinates": [83.975173, 28.2109574]}}, {"type": "Feature", "properties": {"type": "yes"}, "geometry": {"type": "Point", "coordinates": [83.9757849, 28.2114208]}}, {"type": "Feature", "properties": {"type": "yes"}, "geometry": {"type": "Point", "coordinates": [83.9743137, 28.2111388]}}, {"type": "Feature", "properties": {"type": "yes"}, "geometry": {"type": "Point", "coordinates": [83.9758449, 28.2124455]}}, {"type": "Feature", "properties": {"type": "yes"}, "geometry": {"type": "Point", "coordinates": [83.9742053, 28.2105077]}}, {"type": "Feature", "properties": {"type": "yes"}, "geometry": {"type": "Point", "coordinates": [83.9750995, 28.2105331]}}, {"type": "Feature", "properties": {"type": "yes"}, "geometry": {"type": "Point", "coordinates": [83.9709923, 28.2122691]}}, {"type": "Feature", "properties": {"type": "yes"}, "geometry": {"type": "Point", "coordinates": [83.9715934, 28.2119796]}}, {"type": "Feature", "properties": {"type": "yes"}, "geometry": {"type": "Point", "coordinates": [83.9713074, 28.2106416]}}, {"type": "Feature", "properties": {"type": "residential"}, "geometry": {"type": "Point", "coordinates": [83.9736933, 28.2106359]}}, {"type": "Feature", "properties": {"type": "yes"}, "geometry": {"type": "Point", "coordinates": [83.9707393, 28.2119968]}}, {"type": "Feature", "properties": {"name": "Masbar Aama Samuha", "type": "yes"}, "geometry": {"type": "Point", "coordinates": [83.9725856, 28.2108747]}}, {"type": "Feature", "properties": {"type": "yes"}, "geometry": {"type": "Point", "coordinates": [83.9631734, 28.1877535]}}, {"type": "Feature", "properties": {"type": "yes"}, "geometry": {"type": "Point", "coordinates": [83.9631227, 28.1874857]}}, {"type": "Feature", "properties": {"type": "yes"}, "geometry": {"type": "Point", "coordinates": [83.9631614, 28.1871449]}}, {"type": "Feature", "properties": {"type": "yes"}, "geometry": {"type": "Point", "coordinates": [83.9631775, 28.1875608]}}, {"type": "Feature", "properties": {"type": "yes"}, "geometry": {"type": "Point", "coordinates": [83.963238, 28.1876414]}}, {"type": "Feature", "properties": {"type": "yes"}, "geometry": {"type": "Point", "coordinates": [83.9632129, 28.1878091]}}, {"type": "Feature", "properties": {"type": "yes"}, "geometry": {"type": "Point", "coordinates": [83.9625465, 28.1872348]}}, {"type": "Feature", "properties": {"type": "yes"}, "geometry": {"type": "Point", "coordinates": [83.9632749, 28.1878748]}}, {"type": "Feature", "properties": {"type": "yes"}, "geometry": {"type": "Point", "coordinates": [83.9631135, 28.1876891]}}, {"type": "Feature", "properties": {"type": "yes"}, "geometry": {"type": "Point", "coordinates": [83.9626512, 28.1873177]}}, {"type": "Feature", "properties": {"type": "yes"}, "geometry": {"type": "Point", "coordinates": [83.9633324, 28.1877656]}}, {"type": "Feature", "properties": {"type": "yes"}, "geometry": {"type": "Point", "coordinates": [83.9628333, 28.1870694]}}, {"type": "Feature", "properties": {"type": "yes"}, "geometry": {"type": "Point", "coordinates": [83.9633562, 28.1874275]}}, {"type": "Feature", "properties": {"type": "yes"}, "geometry": {"type": "Point", "coordinates": [83.9628491, 28.1874807]}}, {"type": "Feature", "properties": {"type": "yes"}, "geometry": {"type": "Point", "coordinates": [83.9633228, 28.187345]}}, {"type": "Feature", "properties": {"type": "yes"}, "geometry": {"type": "Point", "coordinates": [83.9742194, 28.2130481]}}, {"type": "Feature", "properties": {"type": "yes"}, "geometry": {"type": "Point", "coordinates": [83.9725218, 28.213835]}}, {"type": "Feature", "properties": {"type": "residential"}, "geometry": {"type": "Point", "coordinates": [83.9709797, 28.2119237]}}, {"type": "Feature", "properties": {"type": "residential"}, "geometry": {"type": "Point", "coordinates": [83.9721981, 28.2138768]}}, {"type": "Feature", "properties": {"type": "residential"}, "geometry": {"type": "Point", "coordinates": [83.9724585, 28.213173]}}, {"type": "Feature", "properties": {"type": "residential"}, "geometry": {"type": "Point", "coordinates": [83.9708718, 28.2122844]}}, {"type": "Feature", "properties": {"type": "residential"}, "geometry": {"type": "Point", "coordinates": [83.9714159, 28.2146411]}}, {"type": "Feature", "properties": {"type": "residential"}, "geometry": {"type": "Point", "coordinates": [83.9737464, 28.214329]}}, {"type": "Feature", "properties": {"type": "residential"}, "geometry": {"type": "Point", "coordinates": [83.9726691, 28.2119356]}}, {"type": "Feature", "properties": {"type": "residential"}, "geometry": {"type": "Point", "coordinates": [83.9729672, 28.2136069]}}, {"type": "Feature", "properties": {"type": "residential"}, "geometry": {"type": "Point", "coordinates": [83.9724551, 28.2130743]}}, {"type": "Feature", "properties": {"type": "yes"}, "geometry": {"type": "Point", "coordinates": [83.9734414, 28.2138736]}}, {"type": "Feature", "properties": {"type": "residential"}, "geometry": {"type": "Point", "coordinates": [83.9747776, 28.2123152]}}, {"type": "Feature", "properties": {"type": "residential"}, "geometry": {"type": "Point", "coordinates": [83.9716794, 28.213402]}}, {"type": "Feature", "properties": {"type": "residential"}, "geometry": {"type": "Point", "coordinates": [83.9722777, 28.2132429]}}, {"type": "Feature", "properties": {"type": "residential"}, "geometry": {"type": "Point", "coordinates": [83.9739754, 28.2121061]}}, {"type": "Feature", "properties": {"type": "residential"}, "geometry": {"type": "Point", "coordinates": [83.9714614, 28.2137567]}}, {"type": "Feature", "properties": {"type": "residential"}, "geometry": {"type": "Point", "coordinates": [83.9728625, 28.213652]}}, {"type": "Feature", "properties": {"type": "yes"}, "geometry": {"type": "Point", "coordinates": [83.9710841, 28.2150083]}}, {"type": "Feature", "properties": {"type": "residential"}, "geometry": {"type": "Point", "coordinates": [83.9706554, 28.2153308]}}, {"type": "Feature", "properties": {"type": "residential"}, "geometry": {"type": "Point", "coordinates": [83.9729809, 28.2144281]}}, {"type": "Feature", "properties": {"type": "residential"}, "geometry": {"type": "Point", "coordinates": [83.9732628, 28.2135091]}}, {"type": "Feature", "properties": {"type": "residential"}, "geometry": {"type": "Point", "coordinates": [83.9703818, 28.215098]}}, {"type": "Feature", "properties": {"type": "residential"}, "geometry": {"type": "Point", "coordinates": [83.9738772, 28.2140181]}}, {"type": "Feature", "properties": {"type": "residential"}, "geometry": {"type": "Point", "coordinates": [83.972378, 28.212651]}}, {"type": "Feature", "properties": {"type": "residential"}, "geometry": {"type": "Point", "coordinates": [83.9723147, 28.2144231]}}, {"type": "Feature", "properties": {"type": "residential"}, "geometry": {"type": "Point", "coordinates": [83.972921, 28.2131726]}}, {"type": "Feature", "properties": {"type": "residential"}, "geometry": {"type": "Point", "coordinates": [83.9702185, 28.2150311]}}, {"type": "Feature", "properties": {"type": "residential"}, "geometry": {"type": "Point", "coordinates": [83.9695325, 28.2151557]}}, {"type": "Feature", "properties": {"type": "residential"}, "geometry": {"type": "Point", "coordinates": [83.9741304, 28.2119667]}}, {"type": "Feature", "properties": {"type": "residential"}, "geometry": {"type": "Point", "coordinates": [83.9738988, 28.2141298]}}, {"type": "Feature", "properties": {"type": "residential"}, "geometry": {"type": "Point", "coordinates": [83.9722864, 28.2124319]}}, {"type": "Feature", "properties": {"type": "residential"}, "geometry": {"type": "Point", "coordinates": [83.9725367, 28.2133239]}}, {"type": "Feature", "properties": {"type": "residential"}, "geometry": {"type": "Point", "coordinates": [83.9714229, 28.2151069]}}, {"type": "Feature", "properties": {"type": "residential"}, "geometry": {"type": "Point", "coordinates": [83.9702623, 28.2148368]}}, {"type": "Feature", "properties": {"type": "residential"}, "geometry": {"type": "Point", "coordinates": [83.9719731, 28.2134939]}}, {"type": "Feature", "properties": {"type": "residential"}, "geometry": {"type": "Point", "coordinates": [83.973857, 28.2139624]}}, {"type": "Feature", "properties": {"type": "residential"}, "geometry": {"type": "Point", "coordinates": [83.972579, 28.2128363]}}, {"type": "Feature", "properties": {"type": "residential"}, "geometry": {"type": "Point", "coordinates": [83.9717644, 28.2125207]}}, {"type": "Feature", "properties": {"type": "residential"}, "geometry": {"type": "Point", "coordinates": [83.9728077, 28.2132955]}}, {"type": "Feature", "properties": {"type": "residential"}, "geometry": {"type": "Point", "coordinates": [83.9722443, 28.2128212]}}, {"type": "Feature", "properties": {"type": "residential"}, "geometry": {"type": "Point", "coordinates": [83.9715745, 28.2151007]}}, {"type": "Feature", "properties": {"type": "residential"}, "geometry": {"type": "Point", "coordinates": [83.9731125, 28.2140305]}}, {"type": "Feature", "properties": {"type": "residential"}, "geometry": {"type": "Point", "coordinates": [83.9693501, 28.2151969]}}, {"type": "Feature", "properties": {"type": "yes"}, "geometry": {"type": "Point", "coordinates": [83.9737748, 28.2137179]}}, {"type": "Feature", "properties": {"type": "residential"}, "geometry": {"type": "Point", "coordinates": [83.9719209, 28.2123796]}}, {"type": "Feature", "properties": {"type": "residential"}, "geometry": {"type": "Point", "coordinates": [83.9718701, 28.2131763]}}, {"type": "Feature", "properties": {"type": "residential"}, "geometry": {"type": "Point", "coordinates": [83.9723063, 28.2134206]}}, {"type": "Feature", "properties": {"type": "residential"}, "geometry": {"type": "Point", "coordinates": [83.9722103, 28.2129403]}}, {"type": "Feature", "properties": {"type": "residential"}, "geometry": {"type": "Point", "coordinates": [83.9719845, 28.213394]}}, {"type": "Feature", "properties": {"type": "yes"}, "geometry": {"type": "Point", "coordinates": [83.9711418, 28.2150857]}}, {"type": "Feature", "properties": {"type": "residential"}, "geometry": {"type": "Point", "coordinates": [83.9722313, 28.213678]}}, {"type": "Feature", "properties": {"type": "residential"}, "geometry": {"type": "Point", "coordinates": [83.9717207, 28.2129216]}}, {"type": "Feature", "properties": {"type": "yes"}, "geometry": {"type": "Point", "coordinates": [83.9716222, 28.2153194]}}, {"type": "Feature", "properties": {"type": "residential"}, "geometry": {"type": "Point", "coordinates": [83.9712147, 28.2148094]}}, {"type": "Feature", "properties": {"type": "residential"}, "geometry": {"type": "Point", "coordinates": [83.9736819, 28.2129432]}}, {"type": "Feature", "properties": {"type": "residential"}, "geometry": {"type": "Point", "coordinates": [83.9716609, 28.2135892]}}, {"type": "Feature", "properties": {"type": "residential"}, "geometry": {"type": "Point", "coordinates": [83.9738709, 28.2143894]}}, {"type": "Feature", "properties": {"type": "residential"}, "geometry": {"type": "Point", "coordinates": [83.9730282, 28.2124024]}}, {"type": "Feature", "properties": {"type": "residential"}, "geometry": {"type": "Point", "coordinates": [83.9701081, 28.2148181]}}, {"type": "Feature", "properties": {"type": "residential"}, "geometry": {"type": "Point", "coordinates": [83.9735387, 28.2138364]}}, {"type": "Feature", "properties": {"type": "residential"}, "geometry": {"type": "Point", "coordinates": [83.9726479, 28.2131123]}}, {"type": "Feature", "properties": {"name": "Shree Krishna Temple", "type": "yes"}, "geometry": {"type": "Point", "coordinates": [83.9737994, 28.2127422]}}, {"type": "Feature", "properties": {"type": "residential"}, "geometry": {"type": "Point", "coordinates": [83.9715901, 28.213749]}}, {"type": "Feature", "properties": {"type": "residential"}, "geometry": {"type": "Point", "coordinates": [83.9707761, 28.2149705]}}, {"type": "Feature", "properties": {"type": "residential"}, "geometry": {"type": "Point", "coordinates": [83.9736611, 28.2141953]}}, {"type": "Feature", "properties": {"type": "residential"}, "geometry": {"type": "Point", "coordinates": [83.9733138, 28.2121893]}}, {"type": "Feature", "properties": {"type": "yes"}, "geometry": {"type": "Point", "coordinates": [83.9746631, 28.2133059]}}, {"type": "Feature", "properties": {"type": "residential"}, "geometry": {"type": "Point", "coordinates": [83.9738756, 28.2138742]}}, {"type": "Feature", "properties": {"type": "residential"}, "geometry": {"type": "Point", "coordinates": [83.97269, 28.2129473]}}, {"type": "Feature", "properties": {"type": "residential"}, "geometry": {"type": "Point", "coordinates": [83.9724525, 28.2136626]}}, {"type": "Feature", "properties": {"type": "residential"}, "geometry": {"type": "Point", "coordinates": [83.9711956, 28.2147049]}}, {"type": "Feature", "properties": {"type": "residential"}, "geometry": {"type": "Point", "coordinates": [83.9701098, 28.214743]}}, {"type": "Feature", "properties": {"type": "residential"}, "geometry": {"type": "Point", "coordinates": [83.9706509, 28.2146755]}}, {"type": "Feature", "properties": {"type": "residential"}, "geometry": {"type": "Point", "coordinates": [83.9718526, 28.2133308]}}, {"type": "Feature", "properties": {"type": "residential"}, "geometry": {"type": "Point", "coordinates": [83.9708169, 28.2147938]}}, {"type": "Feature", "properties": {"type": "residential"}, "geometry": {"type": "Point", "coordinates": [83.9740553, 28.2122522]}}, {"type": "Feature", "properties": {"type": "residential"}, "geometry": {"type": "Point", "coordinates": [83.9738073, 28.2131843]}}, {"type": "Feature", "properties": {"type": "residential"}, "geometry": {"type": "Point", "coordinates": [83.9719884, 28.2138567]}}, {"type": "Feature", "properties": {"type": "yes"}, "geometry": {"type": "Point", "coordinates": [83.9737365, 28.2123791]}}, {"type": "Feature", "properties": {"type": "residential"}, "geometry": {"type": "Point", "coordinates": [83.9710528, 28.2149496]}}, {"type": "Feature", "properties": {"type": "residential"}, "geometry": {"type": "Point", "coordinates": [83.9733247, 28.2139282]}}, {"type": "Feature", "properties": {"type": "residential"}, "geometry": {"type": "Point", "coordinates": [83.9734335, 28.2134048]}}, {"type": "Feature", "properties": {"type": "residential"}, "geometry": {"type": "Point", "coordinates": [83.9704505, 28.2147236]}}, {"type": "Feature", "properties": {"type": "residential"}, "geometry": {"type": "Point", "coordinates": [83.9716566, 28.2123768]}}, {"type": "Feature", "properties": {"type": "residential"}, "geometry": {"type": "Point", "coordinates": [83.9736645, 28.2144803]}}, {"type": "Feature", "properties": {"type": "residential"}, "geometry": {"type": "Point", "coordinates": [83.9728451, 28.2124268]}}, {"type": "Feature", "properties": {"type": "residential"}, "geometry": {"type": "Point", "coordinates": [83.9730677, 28.2146516]}}, {"type": "Feature", "properties": {"type": "residential"}, "geometry": {"type": "Point", "coordinates": [83.9724363, 28.2129208]}}, {"type": "Feature", "properties": {"type": "yes"}, "geometry": {"type": "Point", "coordinates": [83.9736276, 28.2127745]}}, {"type": "Feature", "properties": {"type": "residential"}, "geometry": {"type": "Point", "coordinates": [83.9702192, 28.2151294]}}, {"type": "Feature", "properties": {"type": "residential"}, "geometry": {"type": "Point", "coordinates": [83.9709692, 28.2145019]}}, {"type": "Feature", "properties": {"type": "residential"}, "geometry": {"type": "Point", "coordinates": [83.9737212, 28.2133353]}}, {"type": "Feature", "properties": {"type": "residential"}, "geometry": {"type": "Point", "coordinates": [83.9739848, 28.2144227]}}, {"type": "Feature", "properties": {"type": "residential"}, "geometry": {"type": "Point", "coordinates": [83.9729011, 28.2112991]}}, {"type": "Feature", "properties": {"type": "residential"}, "geometry": {"type": "Point", "coordinates": [83.9720618, 28.2130836]}}, {"type": "Feature", "properties": {"type": "residential"}, "geometry": {"type": "Point", "coordinates": [83.9722037, 28.2135795]}}, {"type": "Feature", "properties": {"type": "residential"}, "geometry": {"type": "Point", "coordinates": [83.9731229, 28.2147512]}}, {"type": "Feature", "properties": {"type": "residential"}, "geometry": {"type": "Point", "coordinates": [83.9712193, 28.2119614]}}, {"type": "Feature", "properties": {"type": "residential"}, "geometry": {"type": "Point", "coordinates": [83.9730725, 28.2135647]}}, {"type": "Feature", "properties": {"type": "residential"}, "geometry": {"type": "Point", "coordinates": [83.9718527, 28.2122801]}}, {"type": "Feature", "properties": {"type": "residential"}, "geometry": {"type": "Point", "coordinates": [83.9731643, 28.2135173]}}, {"type": "Feature", "properties": {"type": "residential"}, "geometry": {"type": "Point", "coordinates": [83.9709633, 28.2149852]}}, {"type": "Feature", "properties": {"type": "residential"}, "geometry": {"type": "Point", "coordinates": [83.9721132, 28.2125455]}}, {"type": "Feature", "properties": {"type": "residential"}, "geometry": {"type": "Point", "coordinates": [83.9714522, 28.213524]}}, {"type": "Feature", "properties": {"type": "residential"}, "geometry": {"type": "Point", "coordinates": [83.9732098, 28.2139783]}}, {"type": "Feature", "properties": {"type": "residential"}, "geometry": {"type": "Point", "coordinates": [83.9699199, 28.2149428]}}, {"type": "Feature", "properties": {"type": "residential"}, "geometry": {"type": "Point", "coordinates": [83.9741252, 28.2124369]}}, {"type": "Feature", "properties": {"type": "residential"}, "geometry": {"type": "Point", "coordinates": [83.9710219, 28.215469]}}, {"type": "Feature", "properties": {"type": "residential"}, "geometry": {"type": "Point", "coordinates": [83.9702908, 28.2151172]}}, {"type": "Feature", "properties": {"type": "residential"}, "geometry": {"type": "Point", "coordinates": [83.970946, 28.2147506]}}, {"type": "Feature", "properties": {"type": "residential"}, "geometry": {"type": "Point", "coordinates": [83.9722042, 28.213054]}}, {"type": "Feature", "properties": {"name": "Shantinagar Pharmacy", "type": "yes"}, "geometry": {"type": "Point", "coordinates": [83.9726488, 28.2136912]}}, {"type": "Feature", "properties": {"type": "yes"}, "geometry": {"type": "Point", "coordinates": [83.9710884, 28.213329]}}, {"type": "Feature", "properties": {"name": "Shree Ram Nursery", "type": "yes"}, "geometry": {"type": "Point", "coordinates": [83.9740392, 28.2131258]}}, {"type": "Feature", "properties": {"type": "residential"}, "geometry": {"type": "Point", "coordinates": [83.9687766, 28.214759]}}, {"type": "Feature", "properties": {"type": "yes"}, "geometry": {"type": "Point", "coordinates": [83.9701883, 28.2159152]}}, {"type": "Feature", "properties": {"type": "yes"}, "geometry": {"type": "Point", "coordinates": [83.9703627, 28.2161331]}}, {"type": "Feature", "properties": {"type": "residential"}, "geometry": {"type": "Point", "coordinates": [83.9689184, 28.2164762]}}, {"type": "Feature", "properties": {"type": "yes"}, "geometry": {"type": "Point", "coordinates": [83.9702403, 28.2172459]}}, {"type": "Feature", "properties": {"type": "yes"}, "geometry": {"type": "Point", "coordinates": [83.9732472, 28.2128795]}}, {"type": "Feature", "properties": {"type": "yes"}, "geometry": {"type": "Point", "coordinates": [83.9711805, 28.2158331]}}, {"type": "Feature", "properties": {"type": "residential"}, "geometry": {"type": "Point", "coordinates": [83.9688962, 28.216249]}}, {"type": "Feature", "properties": {"type": "yes"}, "geometry": {"type": "Point", "coordinates": [83.969734, 28.21457]}}, {"type": "Feature", "properties": {"type": "yes"}, "geometry": {"type": "Point", "coordinates": [83.9711262, 28.2161726]}}, {"type": "Feature", "properties": {"type": "yes"}, "geometry": {"type": "Point", "coordinates": [83.9731022, 28.2129847]}}, {"type": "Feature", "properties": {"type": "yes"}, "geometry": {"type": "Point", "coordinates": [83.9692097, 28.2170422]}}, {"type": "Feature", "properties": {"type": "yes"}, "geometry": {"type": "Point", "coordinates": [83.9710865, 28.2165133]}}, {"type": "Feature", "properties": {"type": "yes"}, "geometry": {"type": "Point", "coordinates": [83.9708724, 28.2137991]}}, {"type": "Feature", "properties": {"type": "yes"}, "geometry": {"type": "Point", "coordinates": [83.9717202, 28.2163276]}}, {"type": "Feature", "properties": {"type": "yes"}, "geometry": {"type": "Point", "coordinates": [83.970955, 28.2157666]}}, {"type": "Feature", "properties": {"type": "yes"}, "geometry": {"type": "Point", "coordinates": [83.9703369, 28.2172816]}}, {"type": "Feature", "properties": {"type": "yes"}, "geometry": {"type": "Point", "coordinates": [83.9711519, 28.2171273]}}, {"type": "Feature", "properties": {"type": "yes"}, "geometry": {"type": "Point", "coordinates": [83.9698462, 28.2155629]}}, {"type": "Feature", "properties": {"type": "yes"}, "geometry": {"type": "Point", "coordinates": [83.9711718, 28.2163616]}}, {"type": "Feature", "properties": {"type": "yes"}, "geometry": {"type": "Point", "coordinates": [83.9714707, 28.2132904]}}, {"type": "Feature", "properties": {"type": "yes"}, "geometry": {"type": "Point", "coordinates": [83.9703513, 28.2169212]}}, {"type": "Feature", "properties": {"type": "yes"}, "geometry": {"type": "Point", "coordinates": [83.9687174, 28.2166475]}}, {"type": "Feature", "properties": {"type": "yes"}, "geometry": {"type": "Point", "coordinates": [83.9695399, 28.2159444]}}, {"type": "Feature", "properties": {"type": "yes"}, "geometry": {"type": "Point", "coordinates": [83.968562, 28.2166986]}}, {"type": "Feature", "properties": {"type": "yes"}, "geometry": {"type": "Point", "coordinates": [83.9714766, 28.216565]}}, {"type": "Feature", "properties": {"type": "yes"}, "geometry": {"type": "Point", "coordinates": [83.9706713, 28.2173786]}}, {"type": "Feature", "properties": {"type": "residential"}, "geometry": {"type": "Point", "coordinates": [83.9697359, 28.2164403]}}, {"type": "Feature", "properties": {"type": "yes"}, "geometry": {"type": "Point", "coordinates": [83.9709519, 28.2165984]}}, {"type": "Feature", "properties": {"type": "yes"}, "geometry": {"type": "Point", "coordinates": [83.9701079, 28.2162797]}}, {"type": "Feature", "properties": {"type": "yes"}, "geometry": {"type": "Point", "coordinates": [83.9708728, 28.2158545]}}, {"type": "Feature", "properties": {"type": "yes"}, "geometry": {"type": "Point", "coordinates": [83.9701182, 28.2169463]}}, {"type": "Feature", "properties": {"type": "yes"}, "geometry": {"type": "Point", "coordinates": [83.9703444, 28.2166121]}}, {"type": "Feature", "properties": {"type": "residential"}, "geometry": {"type": "Point", "coordinates": [83.9689116, 28.2163493]}}, {"type": "Feature", "properties": {"type": "yes"}, "geometry": {"type": "Point", "coordinates": [83.9705822, 28.2167956]}}, {"type": "Feature", "properties": {"type": "yes"}, "geometry": {"type": "Point", "coordinates": [83.9730601, 28.213226]}}, {"type": "Feature", "properties": {"type": "yes"}, "geometry": {"type": "Point", "coordinates": [83.9699595, 28.2165943]}}, {"type": "Feature", "properties": {"type": "yes"}, "geometry": {"type": "Point", "coordinates": [83.9697728, 28.2161581]}}, {"type": "Feature", "properties": {"type": "yes"}, "geometry": {"type": "Point", "coordinates": [83.9717608, 28.2164472]}}, {"type": "Feature", "properties": {"type": "yes"}, "geometry": {"type": "Point", "coordinates": [83.9706521, 28.2167546]}}, {"type": "Feature", "properties": {"type": "residential"}, "geometry": {"type": "Point", "coordinates": [83.9685935, 28.2171367]}}, {"type": "Feature", "properties": {"type": "yes"}, "geometry": {"type": "Point", "coordinates": [83.9735292, 28.2125621]}}, {"type": "Feature", "properties": {"type": "residential"}, "geometry": {"type": "Point", "coordinates": [83.9692116, 28.2172486]}}, {"type": "Feature", "properties": {"type": "yes"}, "geometry": {"type": "Point", "coordinates": [83.9709075, 28.2170695]}}, {"type": "Feature", "properties": {"type": "yes"}, "geometry": {"type": "Point", "coordinates": [83.9699564, 28.2168914]}}, {"type": "Feature", "properties": {"type": "yes"}, "geometry": {"type": "Point", "coordinates": [83.9689606, 28.2142268]}}, {"type": "Feature", "properties": {"type": "yes"}, "geometry": {"type": "Point", "coordinates": [83.9690332, 28.2171994]}}, {"type": "Feature", "properties": {"type": "yes"}, "geometry": {"type": "Point", "coordinates": [83.9695935, 28.2172145]}}, {"type": "Feature", "properties": {"type": "yes"}, "geometry": {"type": "Point", "coordinates": [83.9735795, 28.2126993]}}, {"type": "Feature", "properties": {"type": "yes"}, "geometry": {"type": "Point", "coordinates": [83.9698058, 28.2158732]}}, {"type": "Feature", "properties": {"type": "yes"}, "geometry": {"type": "Point", "coordinates": [83.9710075, 28.2172198]}}, {"type": "Feature", "properties": {"type": "yes"}, "geometry": {"type": "Point", "coordinates": [83.9738326, 28.2126396]}}, {"type": "Feature", "properties": {"type": "yes"}, "geometry": {"type": "Point", "coordinates": [83.9697323, 28.2150563]}}, {"type": "Feature", "properties": {"type": "yes"}, "geometry": {"type": "Point", "coordinates": [83.9685817, 28.2168785]}}, {"type": "Feature", "properties": {"type": "residential"}, "geometry": {"type": "Point", "coordinates": [83.9686273, 28.2144456]}}, {"type": "Feature", "properties": {"type": "yes"}, "geometry": {"type": "Point", "coordinates": [83.9691045, 28.2168144]}}, {"type": "Feature", "properties": {"type": "yes"}, "geometry": {"type": "Point", "coordinates": [83.9707292, 28.2167217]}}, {"type": "Feature", "properties": {"type": "yes"}, "geometry": {"type": "Point", "coordinates": [83.9706306, 28.2173131]}}, {"type": "Feature", "properties": {"type": "residential"}, "geometry": {"type": "Point", "coordinates": [83.968738, 28.2163155]}}, {"type": "Feature", "properties": {"type": "yes"}, "geometry": {"type": "Point", "coordinates": [83.970791, 28.21592]}}, {"type": "Feature", "properties": {"type": "yes"}, "geometry": {"type": "Point", "coordinates": [83.9720965, 28.2163422]}}, {"type": "Feature", "properties": {"type": "yes"}, "geometry": {"type": "Point", "coordinates": [83.9702156, 28.2166779]}}, {"type": "Feature", "properties": {"type": "residential"}, "geometry": {"type": "Point", "coordinates": [83.9685792, 28.2170928]}}, {"type": "Feature", "properties": {"type": "yes"}, "geometry": {"type": "Point", "coordinates": [83.9707363, 28.2160264]}}, {"type": "Feature", "properties": {"type": "yes"}, "geometry": {"type": "Point", "coordinates": [83.9734563, 28.2127743]}}, {"type": "Feature", "properties": {"type": "yes"}, "geometry": {"type": "Point", "coordinates": [83.96919, 28.2158567]}}, {"type": "Feature", "properties": {"type": "yes"}, "geometry": {"type": "Point", "coordinates": [83.971711, 28.2155473]}}, {"type": "Feature", "properties": {"type": "yes"}, "geometry": {"type": "Point", "coordinates": [83.9702388, 28.2165355]}}, {"type": "Feature", "properties": {"type": "residential"}, "geometry": {"type": "Point", "coordinates": [83.9689793, 28.2163807]}}, {"type": "Feature", "properties": {"type": "yes"}, "geometry": {"type": "Point", "coordinates": [83.9708995, 28.2164469]}}, {"type": "Feature", "properties": {"type": "yes"}, "geometry": {"type": "Point", "coordinates": [83.9711127, 28.2156977]}}, {"type": "Feature", "properties": {"type": "yes"}, "geometry": {"type": "Point", "coordinates": [83.970111, 28.2163945]}}, {"type": "Feature", "properties": {"type": "yes"}, "geometry": {"type": "Point", "coordinates": [83.9691318, 28.2157165]}}, {"type": "Feature", "properties": {"type": "yes"}, "geometry": {"type": "Point", "coordinates": [83.9717569, 28.2138432]}}, {"type": "Feature", "properties": {"type": "yes"}, "geometry": {"type": "Point", "coordinates": [83.970447, 28.2160599]}}, {"type": "Feature", "properties": {"type": "yes"}, "geometry": {"type": "Point", "coordinates": [83.9708864, 28.216024]}}, {"type": "Feature", "properties": {"type": "yes"}, "geometry": {"type": "Point", "coordinates": [83.9716934, 28.2137873]}}, {"type": "Feature", "properties": {"type": "yes"}, "geometry": {"type": "Point", "coordinates": [83.9704679, 28.2167868]}}, {"type": "Feature", "properties": {"type": "yes"}, "geometry": {"type": "Point", "coordinates": [83.9713279, 28.2161335]}}, {"type": "Feature", "properties": {"type": "residential"}, "geometry": {"type": "Point", "coordinates": [83.9687081, 28.2146368]}}, {"type": "Feature", "properties": {"type": "yes"}, "geometry": {"type": "Point", "coordinates": [83.9706346, 28.2160387]}}, {"type": "Feature", "properties": {"type": "yes"}, "geometry": {"type": "Point", "coordinates": [83.9710434, 28.216192]}}, {"type": "Feature", "properties": {"type": "residential"}, "geometry": {"type": "Point", "coordinates": [83.9686818, 28.2145731]}}, {"type": "Feature", "properties": {"type": "yes"}, "geometry": {"type": "Point", "coordinates": [83.9706332, 28.2172163]}}, {"type": "Feature", "properties": {"type": "yes"}, "geometry": {"type": "Point", "coordinates": [83.9733839, 28.2126317]}}, {"type": "Feature", "properties": {"type": "yes"}, "geometry": {"type": "Point", "coordinates": [83.9694631, 28.2162566]}}, {"type": "Feature", "properties": {"type": "yes"}, "geometry": {"type": "Point", "coordinates": [83.9737957, 28.2125456]}}, {"type": "Feature", "properties": {"name": "Annapurna Association Nepal (AAN Children Home)", "type": "yes"}, "geometry": {"type": "Point", "coordinates": [83.9690526, 28.2162735]}}, {"type": "Feature", "properties": {"type": "yes"}, "geometry": {"type": "Point", "coordinates": [83.9718722, 28.2138334]}}, {"type": "Feature", "properties": {"type": "yes"}, "geometry": {"type": "Point", "coordinates": [83.9691596, 28.216878]}}, {"type": "Feature", "properties": {"type": "yes"}, "geometry": {"type": "Point", "coordinates": [83.9693903, 28.2161372]}}, {"type": "Feature", "properties": {"type": "yes"}, "geometry": {"type": "Point", "coordinates": [83.9707467, 28.2163136]}}, {"type": "Feature", "properties": {"type": "yes"}, "geometry": {"type": "Point", "coordinates": [83.9689931, 28.2168773]}}, {"type": "Feature", "properties": {"type": "yes"}, "geometry": {"type": "Point", "coordinates": [83.970686, 28.21619]}}, {"type": "Feature", "properties": {"type": "yes"}, "geometry": {"type": "Point", "coordinates": [83.9699097, 28.216039]}}, {"type": "Feature", "properties": {"type": "yes"}, "geometry": {"type": "Point", "coordinates": [83.9701587, 28.2157978]}}, {"type": "Feature", "properties": {"type": "yes"}, "geometry": {"type": "Point", "coordinates": [83.9712014, 28.2169114]}}, {"type": "Feature", "properties": {"type": "yes"}, "geometry": {"type": "Point", "coordinates": [83.9706623, 28.2138786]}}, {"type": "Feature", "properties": {"type": "yes"}, "geometry": {"type": "Point", "coordinates": [83.9708424, 28.2165944]}}, {"type": "Feature", "properties": {"type": "residential"}, "geometry": {"type": "Point", "coordinates": [83.9691145, 28.2171624]}}, {"type": "Feature", "properties": {"type": "yes"}, "geometry": {"type": "Point", "coordinates": [83.96907, 28.2167083]}}, {"type": "Feature", "properties": {"type": "yes"}, "geometry": {"type": "Point", "coordinates": [83.9700199, 28.2143801]}}, {"type": "Feature", "properties": {"type": "yes"}, "geometry": {"type": "Point", "coordinates": [83.9703291, 28.2168503]}}, {"type": "Feature", "properties": {"type": "yes"}, "geometry": {"type": "Point", "coordinates": [83.970142, 28.2170181]}}, {"type": "Feature", "properties": {"type": "yes"}, "geometry": {"type": "Point", "coordinates": [83.9700117, 28.2160116]}}, {"type": "Feature", "properties": {"type": "yes"}, "geometry": {"type": "Point", "coordinates": [83.9685283, 28.2146156]}}, {"type": "Feature", "properties": {"type": "yes"}, "geometry": {"type": "Point", "coordinates": [83.973911, 28.2127238]}}, {"type": "Feature", "properties": {"type": "yes"}, "geometry": {"type": "Point", "coordinates": [83.9712418, 28.2159738]}}, {"type": "Feature", "properties": {"type": "yes"}, "geometry": {"type": "Point", "coordinates": [83.9705573, 28.2137088]}}, {"type": "Feature", "properties": {"type": "yes"}, "geometry": {"type": "Point", "coordinates": [83.9712981, 28.2171008]}}, {"type": "Feature", "properties": {"type": "yes"}, "geometry": {"type": "Point", "coordinates": [83.9702705, 28.2173099]}}, {"type": "Feature", "properties": {"type": "yes"}, "geometry": {"type": "Point", "coordinates": [83.971579, 28.2155303]}}, {"type": "Feature", "properties": {"type": "yes"}, "geometry": {"type": "Point", "coordinates": [83.971423, 28.2159434]}}, {"type": "Feature", "properties": {"type": "yes"}, "geometry": {"type": "Point", "coordinates": [83.969652, 28.2161469]}}, {"type": "Feature", "properties": {"name": "Regional Tuberculosis Centre", "type": "yes"}, "geometry": {"type": "Point", "coordinates": [84.0004143, 28.2123979]}}, {"type": "Feature", "properties": {"type": "yes"}, "geometry": {"type": "Point", "coordinates": [83.9920877, 28.1947237]}}, {"type": "Feature", "properties": {"type": "yes"}, "geometry": {"type": "Point", "coordinates": [83.9928926, 28.1945922]}}, {"type": "Feature", "properties": {"type": "yes"}, "geometry": {"type": "Point", "coordinates": [83.9928742, 28.1942012]}}, {"type": "Feature", "properties": {"name": "Tiger Moutain Pokhara Lodge", "type": "yes"}, "geometry": {"type": "Point", "coordinates": [84.0424395, 28.2106379]}}, {"type": "Feature", "properties": {"name": "Gehendra's House", "type": "house"}, "geometry": {"type": "Point", "coordinates": [84.0030028, 28.2166188]}}, {"type": "Feature", "properties": {"name": "Poultry Farm", "type": "yes"}, "geometry": {"type": "Point", "coordinates": [84.0746745, 28.1658109]}}, {"type": "Feature", "properties": {"type": "yes"}, "geometry": {"type": "Point", "coordinates": [84.0755683, 28.1661397]}}, {"type": "Feature", "properties": {"type": "yes"}, "geometry": {"type": "Point", "coordinates": [84.075235, 28.1665401]}}, {"type": "Feature", "properties": {"type": "yes"}, "geometry": {"type": "Point", "coordinates": [84.0753036, 28.1648318]}}, {"type": "Feature", "properties": {"type": "yes"}, "geometry": {"type": "Point", "coordinates": [84.0768815, 28.1656367]}}, {"type": "Feature", "properties": {"type": "yes"}, "geometry": {"type": "Point", "coordinates": [84.0764863, 28.1659919]}}, {"type": "Feature", "properties": {"type": "yes"}, "geometry": {"type": "Point", "coordinates": [84.075896, 28.1651198]}}, {"type": "Feature", "properties": {"type": "yes"}, "geometry": {"type": "Point", "coordinates": [84.0759104, 28.1660845]}}, {"type": "Feature", "properties": {"type": "yes"}, "geometry": {"type": "Point", "coordinates": [84.0762424, 28.166028]}}, {"type": "Feature", "properties": {"type": "yes"}, "geometry": {"type": "Point", "coordinates": [84.076452, 28.1649752]}}, {"type": "Feature", "properties": {"type": "yes"}, "geometry": {"type": "Point", "coordinates": [84.0757863, 28.1658943]}}, {"type": "Feature", "properties": {"type": "yes"}, "geometry": {"type": "Point", "coordinates": [84.0702345, 28.1700472]}}, {"type": "Feature", "properties": {"type": "yes"}, "geometry": {"type": "Point", "coordinates": [84.0730726, 28.1715804]}}, {"type": "Feature", "properties": {"type": "yes"}, "geometry": {"type": "Point", "coordinates": [84.0760114, 28.164205]}}, {"type": "Feature", "properties": {"type": "yes"}, "geometry": {"type": "Point", "coordinates": [84.0765578, 28.1642378]}}, {"type": "Feature", "properties": {"type": "yes"}, "geometry": {"type": "Point", "coordinates": [84.0752794, 28.1634786]}}, {"type": "Feature", "properties": {"type": "yes"}, "geometry": {"type": "Point", "coordinates": [84.0775759, 28.1643611]}}, {"type": "Feature", "properties": {"type": "yes"}, "geometry": {"type": "Point", "coordinates": [84.0757988, 28.1642342]}}, {"type": "Feature", "properties": {"type": "yes"}, "geometry": {"type": "Point", "coordinates": [84.0783693, 28.1643421]}}, {"type": "Feature", "properties": {"type": "yes"}, "geometry": {"type": "Point", "coordinates": [84.0760698, 28.1645744]}}, {"type": "Feature", "properties": {"type": "yes"}, "geometry": {"type": "Point", "coordinates": [84.076296, 28.1645534]}}, {"type": "Feature", "properties": {"type": "yes"}, "geometry": {"type": "Point", "coordinates": [84.0797008, 28.1653842]}}, {"type": "Feature", "properties": {"type": "yes"}, "geometry": {"type": "Point", "coordinates": [84.0780451, 28.1594416]}}, {"type": "Feature", "properties": {"type": "yes"}, "geometry": {"type": "Point", "coordinates": [84.0783744, 28.1596295]}}, {"type": "Feature", "properties": {"type": "yes"}, "geometry": {"type": "Point", "coordinates": [84.0785858, 28.1594128]}}, {"type": "Feature", "properties": {"type": "yes"}, "geometry": {"type": "Point", "coordinates": [84.0781461, 28.1595837]}}, {"type": "Feature", "properties": {"type": "yes"}, "geometry": {"type": "Point", "coordinates": [84.0798015, 28.1582411]}}, {"type": "Feature", "properties": {"type": "industrial"}, "geometry": {"type": "Point", "coordinates": [84.0678022, 28.1492868]}}, {"type": "Feature", "properties": {"type": "yes"}, "geometry": {"type": "Point", "coordinates": [84.0406361, 28.1504914]}}, {"type": "Feature", "properties": {"type": "yes"}, "geometry": {"type": "Point", "coordinates": [84.040554, 28.1506727]}}, {"type": "Feature", "properties": {"type": "yes"}, "geometry": {"type": "Point", "coordinates": [84.0407111, 28.1503296]}}, {"type": "Feature", "properties": {"type": "yes"}, "geometry": {"type": "Point", "coordinates": [84.0083782, 28.1594903]}}, {"type": "Feature", "properties": {"type": "yes"}, "geometry": {"type": "Point", "coordinates": [84.0017864, 28.2132796]}}, {"type": "Feature", "properties": {"type": "school"}, "geometry": {"type": "Point", "coordinates": [84.0458092, 28.1805012]}}, {"type": "Feature", "properties": {"type": "yes"}, "geometry": {"type": "Point", "coordinates": [84.0083714, 28.1590036]}}, {"type": "Feature", "properties": {"type": "yes"}, "geometry": {"type": "Point", "coordinates": [84.0147109, 28.1576684]}}, {"type": "Feature", "properties": {"type": "house"}, "geometry": {"type": "Point", "coordinates": [84.0511831, 28.1864415]}}, {"type": "Feature", "properties": {"type": "house"}, "geometry": {"type": "Point", "coordinates": [84.0775505, 28.2099866]}}, {"type": "Feature", "properties": {"type": "house"}, "geometry": {"type": "Point", "coordinates": [84.0773013, 28.2095713]}}, {"type": "Feature", "properties": {"type": "house"}, "geometry": {"type": "Point", "coordinates": [84.0746376, 28.1991901]}}, {"type": "Feature", "properties": {"type": "house"}, "geometry": {"type": "Point", "coordinates": [84.0757124, 28.1998151]}}, {"type": "Feature", "properties": {"type": "house"}, "geometry": {"type": "Point", "coordinates": [84.0762254, 28.2062518]}}, {"type": "Feature", "properties": {"type": "house"}, "geometry": {"type": "Point", "coordinates": [84.076904, 28.2055307]}}, {"type": "Feature", "properties": {"type": "house"}, "geometry": {"type": "Point", "coordinates": [84.0763384, 28.2074022]}}, {"type": "Feature", "properties": {"type": "house"}, "geometry": {"type": "Point", "coordinates": [84.0759069, 28.207076]}}, {"type": "Feature", "properties": {"type": "yes"}, "geometry": {"type": "Point", "coordinates": [83.9958062, 28.2075798]}}, {"type": "Feature", "properties": {"type": "yes"}, "geometry": {"type": "Point", "coordinates": [83.9910309, 28.206135]}}, {"type": "Feature", "properties": {"type": "yes"}, "geometry": {"type": "Point", "coordinates": [83.9986461, 28.2162764]}}, {"type": "Feature", "properties": {"type": "yes"}, "geometry": {"type": "Point", "coordinates": [84.0699236, 28.1649803]}}, {"type": "Feature", "properties": {"type": "yes"}, "geometry": {"type": "Point", "coordinates": [84.0700455, 28.1649697]}}, {"type": "Feature", "properties": {"type": "yes"}, "geometry": {"type": "Point", "coordinates": [84.0694121, 28.1637577]}}, {"type": "Feature", "properties": {"type": "yes"}, "geometry": {"type": "Point", "coordinates": [84.0694856, 28.1638297]}}, {"type": "Feature", "properties": {"type": "yes"}, "geometry": {"type": "Point", "coordinates": [84.0692947, 28.1639271]}}, {"type": "Feature", "properties": {"type": "house"}, "geometry": {"type": "Point", "coordinates": [84.0693633, 28.1640896]}}, {"type": "Feature", "properties": {"type": "yes"}, "geometry": {"type": "Point", "coordinates": [84.0691504, 28.1637596]}}, {"type": "Feature", "properties": {"type": "yes"}, "geometry": {"type": "Point", "coordinates": [84.0690854, 28.1638219]}}, {"type": "Feature", "properties": {"type": "yes"}, "geometry": {"type": "Point", "coordinates": [84.0689631, 28.1640535]}}, {"type": "Feature", "properties": {"type": "yes"}, "geometry": {"type": "Point", "coordinates": [84.0689124, 28.1641539]}}, {"type": "Feature", "properties": {"type": "yes"}, "geometry": {"type": "Point", "coordinates": [84.069033, 28.1639174]}}, {"type": "Feature", "properties": {"type": "yes"}, "geometry": {"type": "Point", "coordinates": [84.0689884, 28.1639826]}}, {"type": "Feature", "properties": {"type": "yes"}, "geometry": {"type": "Point", "coordinates": [84.0688109, 28.1637079]}}, {"type": "Feature", "properties": {"type": "yes"}, "geometry": {"type": "Point", "coordinates": [84.0686202, 28.1637471]}}, {"type": "Feature", "properties": {"type": "house"}, "geometry": {"type": "Point", "coordinates": [84.0685486, 28.1644106]}}, {"type": "Feature", "properties": {"type": "yes"}, "geometry": {"type": "Point", "coordinates": [84.0688119, 28.1638812]}}, {"type": "Feature", "properties": {"type": "yes"}, "geometry": {"type": "Point", "coordinates": [83.9981242, 28.1875674]}}, {"type": "Feature", "properties": {"type": "yes"}, "geometry": {"type": "Point", "coordinates": [84.072798, 28.1663373]}}, {"type": "Feature", "properties": {"type": "yes"}, "geometry": {"type": "Point", "coordinates": [84.0797142, 28.1420094]}}, {"type": "Feature", "properties": {"type": "yes"}, "geometry": {"type": "Point", "coordinates": [84.0787788, 28.1430688]}}, {"type": "Feature", "properties": {"type": "yes"}, "geometry": {"type": "Point", "coordinates": [84.0787388, 28.1437133]}}, {"type": "Feature", "properties": {"type": "yes"}, "geometry": {"type": "Point", "coordinates": [84.0800824, 28.1420253]}}, {"type": "Feature", "properties": {"type": "yes"}, "geometry": {"type": "Point", "coordinates": [84.0787042, 28.1432541]}}, {"type": "Feature", "properties": {"type": "yes"}, "geometry": {"type": "Point", "coordinates": [84.0782325, 28.1443273]}}, {"type": "Feature", "properties": {"type": "yes"}, "geometry": {"type": "Point", "coordinates": [84.0779925, 28.1441284]}}, {"type": "Feature", "properties": {"type": "yes"}, "geometry": {"type": "Point", "coordinates": [84.07928, 28.1425317]}}, {"type": "Feature", "properties": {"type": "yes"}, "geometry": {"type": "Point", "coordinates": [84.0796244, 28.1425727]}}, {"type": "Feature", "properties": {"type": "yes"}, "geometry": {"type": "Point", "coordinates": [84.0784703, 28.1435672]}}, {"type": "Feature", "properties": {"type": "yes"}, "geometry": {"type": "Point", "coordinates": [84.0796649, 28.1426986]}}, {"type": "Feature", "properties": {"type": "yes"}, "geometry": {"type": "Point", "coordinates": [84.0792121, 28.1431251]}}, {"type": "Feature", "properties": {"type": "yes"}, "geometry": {"type": "Point", "coordinates": [84.0800648, 28.1421658]}}, {"type": "Feature", "properties": {"type": "yes"}, "geometry": {"type": "Point", "coordinates": [84.0793379, 28.1429563]}}, {"type": "Feature", "properties": {"type": "yes"}, "geometry": {"type": "Point", "coordinates": [84.0798859, 28.1417735]}}, {"type": "Feature", "properties": {"type": "yes"}, "geometry": {"type": "Point", "coordinates": [84.0788592, 28.1435312]}}, {"type": "Feature", "properties": {"type": "yes"}, "geometry": {"type": "Point", "coordinates": [84.0783851, 28.1434129]}}, {"type": "Feature", "properties": {"type": "yes"}, "geometry": {"type": "Point", "coordinates": [84.0776676, 28.1444727]}}, {"type": "Feature", "properties": {"type": "yes"}, "geometry": {"type": "Point", "coordinates": [84.0793683, 28.1446306]}}, {"type": "Feature", "properties": {"type": "yes"}, "geometry": {"type": "Point", "coordinates": [84.0797877, 28.1442803]}}, {"type": "Feature", "properties": {"type": "yes"}, "geometry": {"type": "Point", "coordinates": [84.0793112, 28.1448272]}}, {"type": "Feature", "properties": {"type": "yes"}, "geometry": {"type": "Point", "coordinates": [84.0800369, 28.1444944]}}, {"type": "Feature", "properties": {"type": "yes"}, "geometry": {"type": "Point", "coordinates": [84.0777528, 28.144436]}}, {"type": "Feature", "properties": {"type": "yes"}, "geometry": {"type": "Point", "coordinates": [84.07975, 28.1448594]}}, {"type": "Feature", "properties": {"type": "yes"}, "geometry": {"type": "Point", "coordinates": [84.0798748, 28.1447186]}}, {"type": "Feature", "properties": {"type": "yes"}, "geometry": {"type": "Point", "coordinates": [84.0785301, 28.1441105]}}, {"type": "Feature", "properties": {"type": "yes"}, "geometry": {"type": "Point", "coordinates": [84.0789515, 28.1452251]}}, {"type": "Feature", "properties": {"type": "yes"}, "geometry": {"type": "Point", "coordinates": [84.0785323, 28.145845]}}, {"type": "Feature", "properties": {"type": "yes"}, "geometry": {"type": "Point", "coordinates": [84.0785781, 28.1432865]}}, {"type": "Feature", "properties": {"type": "yes"}, "geometry": {"type": "Point", "coordinates": [84.0784264, 28.1440856]}}, {"type": "Feature", "properties": {"type": "yes"}, "geometry": {"type": "Point", "coordinates": [84.0790499, 28.1457706]}}, {"type": "Feature", "properties": {"type": "yes"}, "geometry": {"type": "Point", "coordinates": [84.0793003, 28.1454416]}}, {"type": "Feature", "properties": {"type": "yes"}, "geometry": {"type": "Point", "coordinates": [84.0793886, 28.1465442]}}, {"type": "Feature", "properties": {"type": "yes"}, "geometry": {"type": "Point", "coordinates": [84.0790094, 28.1465875]}}, {"type": "Feature", "properties": {"type": "yes"}, "geometry": {"type": "Point", "coordinates": [84.0770703, 28.1454239]}}, {"type": "Feature", "properties": {"type": "yes"}, "geometry": {"type": "Point", "coordinates": [84.077439, 28.1425675]}}, {"type": "Feature", "properties": {"type": "yes"}, "geometry": {"type": "Point", "coordinates": [84.0788067, 28.1465197]}}, {"type": "Feature", "properties": {"type": "yes"}, "geometry": {"type": "Point", "coordinates": [84.0774172, 28.1456733]}}, {"type": "Feature", "properties": {"type": "yes"}, "geometry": {"type": "Point", "coordinates": [84.0783506, 28.1465877]}}, {"type": "Feature", "properties": {"type": "yes"}, "geometry": {"type": "Point", "coordinates": [84.0783282, 28.1461844]}}, {"type": "Feature", "properties": {"type": "yes"}, "geometry": {"type": "Point", "coordinates": [84.0793889, 28.14721]}}, {"type": "Feature", "properties": {"type": "yes"}, "geometry": {"type": "Point", "coordinates": [84.0779797, 28.1460063]}}, {"type": "Feature", "properties": {"type": "yes"}, "geometry": {"type": "Point", "coordinates": [84.0790771, 28.1463809]}}, {"type": "Feature", "properties": {"type": "yes"}, "geometry": {"type": "Point", "coordinates": [84.0777275, 28.1428302]}}, {"type": "Feature", "properties": {"type": "yes"}, "geometry": {"type": "Point", "coordinates": [84.0781526, 28.1460888]}}, {"type": "Feature", "properties": {"type": "yes"}, "geometry": {"type": "Point", "coordinates": [84.0793027, 28.1478415]}}, {"type": "Feature", "properties": {"type": "yes"}, "geometry": {"type": "Point", "coordinates": [84.0794352, 28.1465943]}}, {"type": "Feature", "properties": {"type": "yes"}, "geometry": {"type": "Point", "coordinates": [84.0795528, 28.1466366]}}, {"type": "Feature", "properties": {"type": "yes"}, "geometry": {"type": "Point", "coordinates": [84.0777828, 28.1458876]}}, {"type": "Feature", "properties": {"type": "yes"}, "geometry": {"type": "Point", "coordinates": [84.0772117, 28.1451341]}}, {"type": "Feature", "properties": {"type": "yes"}, "geometry": {"type": "Point", "coordinates": [84.0763616, 28.1446657]}}, {"type": "Feature", "properties": {"type": "yes"}, "geometry": {"type": "Point", "coordinates": [84.0769465, 28.1442562]}}, {"type": "Feature", "properties": {"type": "yes"}, "geometry": {"type": "Point", "coordinates": [84.079493, 28.1469363]}}, {"type": "Feature", "properties": {"type": "yes"}, "geometry": {"type": "Point", "coordinates": [84.0787325, 28.146464]}}, {"type": "Feature", "properties": {"type": "yes"}, "geometry": {"type": "Point", "coordinates": [84.0761018, 28.1445118]}}, {"type": "Feature", "properties": {"type": "yes"}, "geometry": {"type": "Point", "coordinates": [84.0785665, 28.1463581]}}, {"type": "Feature", "properties": {"type": "yes"}, "geometry": {"type": "Point", "coordinates": [84.0797799, 28.1467634]}}, {"type": "Feature", "properties": {"type": "yes"}, "geometry": {"type": "Point", "coordinates": [84.0797128, 28.1467154]}}, {"type": "Feature", "properties": {"type": "yes"}, "geometry": {"type": "Point", "coordinates": [84.0782637, 28.1438347]}}, {"type": "Feature", "properties": {"type": "yes"}, "geometry": {"type": "Point", "coordinates": [84.0781686, 28.1464175]}}, {"type": "Feature", "properties": {"type": "yes"}, "geometry": {"type": "Point", "coordinates": [84.0766379, 28.1441684]}}, {"type": "Feature", "properties": {"type": "yes"}, "geometry": {"type": "Point", "coordinates": [84.0766765, 28.1448228]}}, {"type": "Feature", "properties": {"type": "yes"}, "geometry": {"type": "Point", "coordinates": [84.0794398, 28.1476556]}}, {"type": "Feature", "properties": {"type": "yes"}, "geometry": {"type": "Point", "coordinates": [84.078052, 28.1460499]}}, {"type": "Feature", "properties": {"type": "yes"}, "geometry": {"type": "Point", "coordinates": [84.0763846, 28.1445165]}}, {"type": "Feature", "properties": {"type": "yes"}, "geometry": {"type": "Point", "coordinates": [84.0795933, 28.1474165]}}, {"type": "Feature", "properties": {"type": "yes"}, "geometry": {"type": "Point", "coordinates": [84.0781335, 28.1468967]}}, {"type": "Feature", "properties": {"type": "yes"}, "geometry": {"type": "Point", "coordinates": [84.0774478, 28.1472072]}}, {"type": "Feature", "properties": {"type": "yes"}, "geometry": {"type": "Point", "coordinates": [84.0791168, 28.148018]}}, {"type": "Feature", "properties": {"name": "Prospriety The Restaurant", "type": "yes"}, "geometry": {"type": "Point", "coordinates": [84.0769174, 28.1475692]}}, {"type": "Feature", "properties": {"type": "yes"}, "geometry": {"type": "Point", "coordinates": [84.0767876, 28.147678]}}, {"type": "Feature", "properties": {"type": "yes"}, "geometry": {"type": "Point", "coordinates": [84.07857, 28.1483923]}}, {"type": "Feature", "properties": {"type": "yes"}, "geometry": {"type": "Point", "coordinates": [84.0787909, 28.1484926]}}, {"type": "Feature", "properties": {"type": "yes"}, "geometry": {"type": "Point", "coordinates": [84.0779653, 28.1469885]}}, {"type": "Feature", "properties": {"type": "yes"}, "geometry": {"type": "Point", "coordinates": [84.0796536, 28.1494263]}}, {"type": "Feature", "properties": {"type": "yes"}, "geometry": {"type": "Point", "coordinates": [84.077078, 28.1473193]}}, {"type": "Feature", "properties": {"type": "yes"}, "geometry": {"type": "Point", "coordinates": [84.0797034, 28.147185]}}, {"type": "Feature", "properties": {"type": "yes"}, "geometry": {"type": "Point", "coordinates": [84.0771593, 28.1477122]}}, {"type": "Feature", "properties": {"type": "yes"}, "geometry": {"type": "Point", "coordinates": [84.0796421, 28.1490756]}}, {"type": "Feature", "properties": {"type": "yes"}, "geometry": {"type": "Point", "coordinates": [84.0799897, 28.1498815]}}, {"type": "Feature", "properties": {"type": "yes"}, "geometry": {"type": "Point", "coordinates": [84.0786789, 28.1482765]}}, {"type": "Feature", "properties": {"type": "yes"}, "geometry": {"type": "Point", "coordinates": [84.0788724, 28.148358]}}, {"type": "Feature", "properties": {"type": "yes"}, "geometry": {"type": "Point", "coordinates": [84.0782482, 28.147075]}}, {"type": "Feature", "properties": {"type": "yes"}, "geometry": {"type": "Point", "coordinates": [84.0799008, 28.1471835]}}, {"type": "Feature", "properties": {"type": "yes"}, "geometry": {"type": "Point", "coordinates": [84.0800684, 28.148857]}}, {"type": "Feature", "properties": {"type": "yes"}, "geometry": {"type": "Point", "coordinates": [84.0788479, 28.1480045]}}, {"type": "Feature", "properties": {"type": "yes"}, "geometry": {"type": "Point", "coordinates": [84.0787374, 28.1486304]}}, {"type": "Feature", "properties": {"type": "yes"}, "geometry": {"type": "Point", "coordinates": [84.0772885, 28.1474222]}}, {"type": "Feature", "properties": {"type": "yes"}, "geometry": {"type": "Point", "coordinates": [84.0782804, 28.1481602]}}, {"type": "Feature", "properties": {"type": "yes"}, "geometry": {"type": "Point", "coordinates": [84.0780181, 28.1480977]}}, {"type": "Feature", "properties": {"type": "yes"}, "geometry": {"type": "Point", "coordinates": [84.0800432, 28.149395]}}, {"type": "Feature", "properties": {"type": "yes"}, "geometry": {"type": "Point", "coordinates": [84.0784867, 28.1483142]}}, {"type": "Feature", "properties": {"type": "yes"}, "geometry": {"type": "Point", "coordinates": [84.0800623, 28.1472725]}}, {"type": "Feature", "properties": {"type": "yes"}, "geometry": {"type": "Point", "coordinates": [84.0790487, 28.1481665]}}, {"type": "Feature", "properties": {"type": "yes"}, "geometry": {"type": "Point", "coordinates": [84.0794791, 28.1490663]}}, {"type": "Feature", "properties": {"type": "yes"}, "geometry": {"type": "Point", "coordinates": [84.0789712, 28.1485833]}}, {"type": "Feature", "properties": {"type": "yes"}, "geometry": {"type": "Point", "coordinates": [84.0767504, 28.1474071]}}, {"type": "Feature", "properties": {"type": "yes"}, "geometry": {"type": "Point", "coordinates": [84.0794219, 28.1485421]}}, {"type": "Feature", "properties": {"type": "yes"}, "geometry": {"type": "Point", "coordinates": [84.0790653, 28.1477588]}}, {"type": "Feature", "properties": {"type": "yes"}, "geometry": {"type": "Point", "coordinates": [84.0792315, 28.1474698]}}, {"type": "Feature", "properties": {"type": "yes"}, "geometry": {"type": "Point", "coordinates": [84.0781074, 28.1481129]}}, {"type": "Feature", "properties": {"type": "yes"}, "geometry": {"type": "Point", "coordinates": [84.0747403, 28.1475589]}}, {"type": "Feature", "properties": {"type": "yes"}, "geometry": {"type": "Point", "coordinates": [84.07814, 28.1489193]}}, {"type": "Feature", "properties": {"type": "yes"}, "geometry": {"type": "Point", "coordinates": [84.0738683, 28.1464595]}}, {"type": "Feature", "properties": {"type": "yes"}, "geometry": {"type": "Point", "coordinates": [84.0737613, 28.1448616]}}, {"type": "Feature", "properties": {"type": "yes"}, "geometry": {"type": "Point", "coordinates": [84.0724374, 28.143716]}}, {"type": "Feature", "properties": {"type": "yes"}, "geometry": {"type": "Point", "coordinates": [84.072558, 28.1431762]}}, {"type": "Feature", "properties": {"type": "yes"}, "geometry": {"type": "Point", "coordinates": [84.0764035, 28.1481787]}}, {"type": "Feature", "properties": {"type": "yes"}, "geometry": {"type": "Point", "coordinates": [84.0775051, 28.1489717]}}, {"type": "Feature", "properties": {"type": "yes"}, "geometry": {"type": "Point", "coordinates": [84.0736036, 28.1449665]}}, {"type": "Feature", "properties": {"type": "yes"}, "geometry": {"type": "Point", "coordinates": [84.0782318, 28.1487907]}}, {"type": "Feature", "properties": {"type": "yes"}, "geometry": {"type": "Point", "coordinates": [84.0766115, 28.1483123]}}, {"type": "Feature", "properties": {"type": "yes"}, "geometry": {"type": "Point", "coordinates": [84.0768407, 28.1488901]}}, {"type": "Feature", "properties": {"type": "yes"}, "geometry": {"type": "Point", "coordinates": [84.0768363, 28.148457]}}, {"type": "Feature", "properties": {"type": "yes"}, "geometry": {"type": "Point", "coordinates": [84.0780328, 28.1490755]}}, {"type": "Feature", "properties": {"type": "yes"}, "geometry": {"type": "Point", "coordinates": [84.0724724, 28.1436332]}}, {"type": "Feature", "properties": {"type": "yes"}, "geometry": {"type": "Point", "coordinates": [84.0731812, 28.1450662]}}, {"type": "Feature", "properties": {"type": "yes"}, "geometry": {"type": "Point", "coordinates": [84.0734484, 28.1453493]}}, {"type": "Feature", "properties": {"type": "yes"}, "geometry": {"type": "Point", "coordinates": [84.0765208, 28.1482446]}}, {"type": "Feature", "properties": {"type": "yes"}, "geometry": {"type": "Point", "coordinates": [84.0740201, 28.14564]}}, {"type": "Feature", "properties": {"type": "yes"}, "geometry": {"type": "Point", "coordinates": [84.0786218, 28.149126]}}, {"type": "Feature", "properties": {"type": "yes"}, "geometry": {"type": "Point", "coordinates": [84.0732819, 28.1438445]}}, {"type": "Feature", "properties": {"type": "yes"}, "geometry": {"type": "Point", "coordinates": [84.0758985, 28.1471471]}}, {"type": "Feature", "properties": {"type": "yes"}, "geometry": {"type": "Point", "coordinates": [84.0733961, 28.1440052]}}, {"type": "Feature", "properties": {"type": "yes"}, "geometry": {"type": "Point", "coordinates": [84.0782182, 28.1486953]}}, {"type": "Feature", "properties": {"type": "yes"}, "geometry": {"type": "Point", "coordinates": [84.0735317, 28.1446346]}}, {"type": "Feature", "properties": {"type": "yes"}, "geometry": {"type": "Point", "coordinates": [84.076553, 28.1483883]}}, {"type": "Feature", "properties": {"type": "yes"}, "geometry": {"type": "Point", "coordinates": [84.0735839, 28.1471189]}}, {"type": "Feature", "properties": {"type": "yes"}, "geometry": {"type": "Point", "coordinates": [84.0757379, 28.1473601]}}, {"type": "Feature", "properties": {"type": "yes"}, "geometry": {"type": "Point", "coordinates": [84.0781329, 28.1489929]}}, {"type": "Feature", "properties": {"type": "yes"}, "geometry": {"type": "Point", "coordinates": [84.0731752, 28.1444453]}}, {"type": "Feature", "properties": {"type": "yes"}, "geometry": {"type": "Point", "coordinates": [84.075422, 28.1478521]}}, {"type": "Feature", "properties": {"type": "yes"}, "geometry": {"type": "Point", "coordinates": [84.0729906, 28.1436504]}}, {"type": "Feature", "properties": {"type": "yes"}, "geometry": {"type": "Point", "coordinates": [84.0735754, 28.1445024]}}, {"type": "Feature", "properties": {"type": "yes"}, "geometry": {"type": "Point", "coordinates": [84.0746744, 28.210598]}}, {"type": "Feature", "properties": {"type": "yes"}, "geometry": {"type": "Point", "coordinates": [84.075028, 28.2121778]}}, {"type": "Feature", "properties": {"type": "yes"}, "geometry": {"type": "Point", "coordinates": [84.0748993, 28.2124087]}}, {"type": "Feature", "properties": {"type": "yes"}, "geometry": {"type": "Point", "coordinates": [84.0744291, 28.2120534]}}, {"type": "Feature", "properties": {"type": "yes"}, "geometry": {"type": "Point", "coordinates": [84.0752607, 28.2102882]}}, {"type": "Feature", "properties": {"type": "yes"}, "geometry": {"type": "Point", "coordinates": [84.0751891, 28.2101576]}}, {"type": "Feature", "properties": {"type": "yes"}, "geometry": {"type": "Point", "coordinates": [84.0751993, 28.2096572]}}, {"type": "Feature", "properties": {"type": "yes"}, "geometry": {"type": "Point", "coordinates": [84.0726941, 28.2122528]}}, {"type": "Feature", "properties": {"type": "yes"}, "geometry": {"type": "Point", "coordinates": [84.0751736, 28.2108464]}}, {"type": "Feature", "properties": {"type": "yes"}, "geometry": {"type": "Point", "coordinates": [84.0747734, 28.2097308]}}, {"type": "Feature", "properties": {"type": "yes"}, "geometry": {"type": "Point", "coordinates": [84.0717185, 28.2129234]}}, {"type": "Feature", "properties": {"type": "yes"}, "geometry": {"type": "Point", "coordinates": [84.0744897, 28.212471]}}, {"type": "Feature", "properties": {"type": "yes"}, "geometry": {"type": "Point", "coordinates": [84.0744423, 28.2125377]}}, {"type": "Feature", "properties": {"type": "yes"}, "geometry": {"type": "Point", "coordinates": [84.0747736, 28.2118193]}}, {"type": "Feature", "properties": {"type": "yes"}, "geometry": {"type": "Point", "coordinates": [84.0755428, 28.2102595]}}, {"type": "Feature", "properties": {"type": "yes"}, "geometry": {"type": "Point", "coordinates": [84.0740399, 28.211889]}}, {"type": "Feature", "properties": {"type": "yes"}, "geometry": {"type": "Point", "coordinates": [84.0751519, 28.2097809]}}, {"type": "Feature", "properties": {"type": "yes"}, "geometry": {"type": "Point", "coordinates": [84.0748276, 28.2110026]}}, {"type": "Feature", "properties": {"type": "yes"}, "geometry": {"type": "Point", "coordinates": [84.0722301, 28.2126958]}}, {"type": "Feature", "properties": {"type": "yes"}, "geometry": {"type": "Point", "coordinates": [84.0752172, 28.211339]}}, {"type": "Feature", "properties": {"type": "yes"}, "geometry": {"type": "Point", "coordinates": [84.0739684, 28.2121479]}}, {"type": "Feature", "properties": {"type": "yes"}, "geometry": {"type": "Point", "coordinates": [84.0755273, 28.2104514]}}, {"type": "Feature", "properties": {"type": "yes"}, "geometry": {"type": "Point", "coordinates": [84.075337, 28.2100067]}}, {"type": "Feature", "properties": {"type": "yes"}, "geometry": {"type": "Point", "coordinates": [84.075309, 28.2097422]}}, {"type": "Feature", "properties": {"type": "yes"}, "geometry": {"type": "Point", "coordinates": [84.0721646, 28.2132438]}}, {"type": "Feature", "properties": {"type": "yes"}, "geometry": {"type": "Point", "coordinates": [84.0749756, 28.2099076]}}, {"type": "Feature", "properties": {"type": "yes"}, "geometry": {"type": "Point", "coordinates": [84.0741116, 28.2117865]}}, {"type": "Feature", "properties": {"type": "yes"}, "geometry": {"type": "Point", "coordinates": [84.0751068, 28.2102554]}}, {"type": "Feature", "properties": {"type": "yes"}, "geometry": {"type": "Point", "coordinates": [84.0746759, 28.2102132]}}, {"type": "Feature", "properties": {"type": "yes"}, "geometry": {"type": "Point", "coordinates": [84.0739667, 28.2112015]}}, {"type": "Feature", "properties": {"type": "yes"}, "geometry": {"type": "Point", "coordinates": [84.0754779, 28.2098662]}}, {"type": "Feature", "properties": {"type": "yes"}, "geometry": {"type": "Point", "coordinates": [84.0738185, 28.2137541]}}, {"type": "Feature", "properties": {"type": "yes"}, "geometry": {"type": "Point", "coordinates": [84.0714815, 28.2136641]}}, {"type": "Feature", "properties": {"name": "kalika saving and credit coparativ", "type": "yes"}, "geometry": {"type": "Point", "coordinates": [84.073621, 28.2138838]}}, {"type": "Feature", "properties": {"type": "yes"}, "geometry": {"type": "Point", "coordinates": [84.0743954, 28.2126431]}}, {"type": "Feature", "properties": {"type": "yes"}, "geometry": {"type": "Point", "coordinates": [84.0726265, 28.21361]}}, {"type": "Feature", "properties": {"type": "yes"}, "geometry": {"type": "Point", "coordinates": [84.0741718, 28.2131894]}}, {"type": "Feature", "properties": {"type": "yes"}, "geometry": {"type": "Point", "coordinates": [84.0736431, 28.2141772]}}, {"type": "Feature", "properties": {"type": "yes"}, "geometry": {"type": "Point", "coordinates": [84.0742537, 28.2126271]}}, {"type": "Feature", "properties": {"type": "yes"}, "geometry": {"type": "Point", "coordinates": [84.0744184, 28.2127332]}}, {"type": "Feature", "properties": {"type": "yes"}, "geometry": {"type": "Point", "coordinates": [84.0743614, 28.2138653]}}, {"type": "Feature", "properties": {"type": "yes"}, "geometry": {"type": "Point", "coordinates": [84.0709412, 28.2122672]}}, {"type": "Feature", "properties": {"type": "yes"}, "geometry": {"type": "Point", "coordinates": [84.0734827, 28.21259]}}, {"type": "Feature", "properties": {"type": "yes"}, "geometry": {"type": "Point", "coordinates": [84.07469, 28.2118845]}}, {"type": "Feature", "properties": {"type": "yes"}, "geometry": {"type": "Point", "coordinates": [84.0736099, 28.2137762]}}, {"type": "Feature", "properties": {"type": "yes"}, "geometry": {"type": "Point", "coordinates": [84.0737127, 28.2137214]}}, {"type": "Feature", "properties": {"type": "yes"}, "geometry": {"type": "Point", "coordinates": [84.0735121, 28.2122351]}}, {"type": "Feature", "properties": {"type": "yes"}, "geometry": {"type": "Point", "coordinates": [84.0730033, 28.2129535]}}, {"type": "Feature", "properties": {"type": "yes"}, "geometry": {"type": "Point", "coordinates": [84.0711181, 28.2132256]}}, {"type": "Feature", "properties": {"type": "yes"}, "geometry": {"type": "Point", "coordinates": [84.0743049, 28.2131576]}}, {"type": "Feature", "properties": {"type": "yes"}, "geometry": {"type": "Point", "coordinates": [84.0723653, 28.2130069]}}, {"type": "Feature", "properties": {"type": "yes"}, "geometry": {"type": "Point", "coordinates": [84.0734988, 28.2137461]}}, {"type": "Feature", "properties": {"type": "yes"}, "geometry": {"type": "Point", "coordinates": [84.0743408, 28.2130471]}}, {"type": "Feature", "properties": {"type": "yes"}, "geometry": {"type": "Point", "coordinates": [84.0707864, 28.2122875]}}, {"type": "Feature", "properties": {"type": "yes"}, "geometry": {"type": "Point", "coordinates": [84.0741168, 28.2132411]}}, {"type": "Feature", "properties": {"type": "yes"}, "geometry": {"type": "Point", "coordinates": [84.0388972, 28.2079491]}}, {"type": "Feature", "properties": {"type": "yes"}, "geometry": {"type": "Point", "coordinates": [84.0383603, 28.2081227]}}, {"type": "Feature", "properties": {"type": "yes"}, "geometry": {"type": "Point", "coordinates": [84.0387293, 28.2079859]}}, {"type": "Feature", "properties": {"type": "yes"}, "geometry": {"type": "Point", "coordinates": [84.0388957, 28.2083467]}}, {"type": "Feature", "properties": {"type": "yes"}, "geometry": {"type": "Point", "coordinates": [84.0406057, 28.2080019]}}, {"type": "Feature", "properties": {"type": "yes"}, "geometry": {"type": "Point", "coordinates": [84.0394696, 28.2086136]}}, {"type": "Feature", "properties": {"type": "yes"}, "geometry": {"type": "Point", "coordinates": [84.0385611, 28.2086279]}}, {"type": "Feature", "properties": {"type": "yes"}, "geometry": {"type": "Point", "coordinates": [84.0391576, 28.2082506]}}, {"type": "Feature", "properties": {"type": "yes"}, "geometry": {"type": "Point", "coordinates": [84.0406953, 28.2076032]}}, {"type": "Feature", "properties": {"type": "yes"}, "geometry": {"type": "Point", "coordinates": [84.0391629, 28.2076961]}}, {"type": "Feature", "properties": {"type": "yes"}, "geometry": {"type": "Point", "coordinates": [84.041123, 28.208279]}}, {"type": "Feature", "properties": {"type": "yes"}, "geometry": {"type": "Point", "coordinates": [84.0374309, 28.2075765]}}, {"type": "Feature", "properties": {"type": "yes"}, "geometry": {"type": "Point", "coordinates": [84.0409216, 28.2082176]}}, {"type": "Feature", "properties": {"type": "yes"}, "geometry": {"type": "Point", "coordinates": [84.0399538, 28.2079206]}}, {"type": "Feature", "properties": {"type": "yes"}, "geometry": {"type": "Point", "coordinates": [84.0393375, 28.2075977]}}, {"type": "Feature", "properties": {"type": "yes"}, "geometry": {"type": "Point", "coordinates": [84.0407835, 28.208052]}}, {"type": "Feature", "properties": {"type": "yes"}, "geometry": {"type": "Point", "coordinates": [84.0380514, 28.2075731]}}, {"type": "Feature", "properties": {"type": "yes"}, "geometry": {"type": "Point", "coordinates": [84.0381906, 28.2085241]}}, {"type": "Feature", "properties": {"type": "yes"}, "geometry": {"type": "Point", "coordinates": [84.0383149, 28.2085013]}}, {"type": "Feature", "properties": {"type": "yes"}, "geometry": {"type": "Point", "coordinates": [84.0382637, 28.2081917]}}, {"type": "Feature", "properties": {"type": "yes"}, "geometry": {"type": "Point", "coordinates": [84.0397193, 28.2082286]}}, {"type": "Feature", "properties": {"type": "yes"}, "geometry": {"type": "Point", "coordinates": [84.0389838, 28.2078694]}}, {"type": "Feature", "properties": {"type": "yes"}, "geometry": {"type": "Point", "coordinates": [84.040285, 28.2083608]}}, {"type": "Feature", "properties": {"type": "yes"}, "geometry": {"type": "Point", "coordinates": [84.0386492, 28.2086418]}}, {"type": "Feature", "properties": {"type": "yes"}, "geometry": {"type": "Point", "coordinates": [84.0402008, 28.2068996]}}, {"type": "Feature", "properties": {"type": "yes"}, "geometry": {"type": "Point", "coordinates": [84.0375501, 28.2074504]}}, {"type": "Feature", "properties": {"type": "yes"}, "geometry": {"type": "Point", "coordinates": [84.0384917, 28.2074586]}}, {"type": "Feature", "properties": {"type": "yes"}, "geometry": {"type": "Point", "coordinates": [84.0395349, 28.2069503]}}, {"type": "Feature", "properties": {"type": "yes"}, "geometry": {"type": "Point", "coordinates": [84.0374575, 28.2075034]}}, {"type": "Feature", "properties": {"type": "yes"}, "geometry": {"type": "Point", "coordinates": [84.0400887, 28.2069647]}}, {"type": "Feature", "properties": {"type": "yes"}, "geometry": {"type": "Point", "coordinates": [84.0386726, 28.2073577]}}, {"type": "Feature", "properties": {"type": "yes"}, "geometry": {"type": "Point", "coordinates": [84.0384605, 28.2084628]}}, {"type": "Feature", "properties": {"type": "yes"}, "geometry": {"type": "Point", "coordinates": [84.0395895, 28.1895696]}}, {"type": "Feature", "properties": {"type": "yes"}, "geometry": {"type": "Point", "coordinates": [84.0395603, 28.189366]}}, {"type": "Feature", "properties": {"type": "yes"}, "geometry": {"type": "Point", "coordinates": [84.0394192, 28.1894086]}}, {"type": "Feature", "properties": {"type": "yes"}, "geometry": {"type": "Point", "coordinates": [84.0753213, 28.2134294]}}, {"type": "Feature", "properties": {"type": "yes"}, "geometry": {"type": "Point", "coordinates": [84.0735581, 28.2144852]}}, {"type": "Feature", "properties": {"type": "yes"}, "geometry": {"type": "Point", "coordinates": [84.0757218, 28.2141791]}}, {"type": "Feature", "properties": {"type": "yes"}, "geometry": {"type": "Point", "coordinates": [84.0755657, 28.2135405]}}, {"type": "Feature", "properties": {"type": "yes"}, "geometry": {"type": "Point", "coordinates": [84.0723745, 28.2141496]}}, {"type": "Feature", "properties": {"type": "yes"}, "geometry": {"type": "Point", "coordinates": [84.0757185, 28.2131177]}}, {"type": "Feature", "properties": {"type": "yes"}, "geometry": {"type": "Point", "coordinates": [84.0725863, 28.2142785]}}, {"type": "Feature", "properties": {"type": "yes"}, "geometry": {"type": "Point", "coordinates": [84.0758154, 28.2140313]}}, {"type": "Feature", "properties": {"type": "yes"}, "geometry": {"type": "Point", "coordinates": [84.0751482, 28.2143122]}}, {"type": "Feature", "properties": {"type": "yes"}, "geometry": {"type": "Point", "coordinates": [84.0747954, 28.214253]}}, {"type": "Feature", "properties": {"type": "yes"}, "geometry": {"type": "Point", "coordinates": [84.0756637, 28.2130163]}}, {"type": "Feature", "properties": {"type": "yes"}, "geometry": {"type": "Point", "coordinates": [84.0769523, 28.2134671]}}, {"type": "Feature", "properties": {"type": "yes"}, "geometry": {"type": "Point", "coordinates": [84.0737339, 28.2138881]}}, {"type": "Feature", "properties": {"type": "yes"}, "geometry": {"type": "Point", "coordinates": [84.0737759, 28.2143877]}}, {"type": "Feature", "properties": {"type": "yes"}, "geometry": {"type": "Point", "coordinates": [84.0729678, 28.2145061]}}, {"type": "Feature", "properties": {"type": "yes"}, "geometry": {"type": "Point", "coordinates": [84.0754046, 28.2133362]}}, {"type": "Feature", "properties": {"type": "yes"}, "geometry": {"type": "Point", "coordinates": [84.0739964, 28.2143541]}}, {"type": "Feature", "properties": {"type": "yes"}, "geometry": {"type": "Point", "coordinates": [84.0722976, 28.2140331]}}, {"type": "Feature", "properties": {"type": "yes"}, "geometry": {"type": "Point", "coordinates": [84.0751937, 28.2129533]}}, {"type": "Feature", "properties": {"type": "yes"}, "geometry": {"type": "Point", "coordinates": [84.0757411, 28.2129335]}}, {"type": "Feature", "properties": {"type": "yes"}, "geometry": {"type": "Point", "coordinates": [84.0755554, 28.2143169]}}, {"type": "Feature", "properties": {"name": "Kalika Health Post", "type": "yes"}, "geometry": {"type": "Point", "coordinates": [84.0755859, 28.2134333]}}, {"type": "Feature", "properties": {"name": "Thulakot krishi sahakari pasal", "type": "yes"}, "geometry": {"type": "Point", "coordinates": [84.074733, 28.2140186]}}, {"type": "Feature", "properties": {"type": "yes"}, "geometry": {"type": "Point", "coordinates": [84.0760637, 28.21239]}}, {"type": "Feature", "properties": {"type": "yes"}, "geometry": {"type": "Point", "coordinates": [84.0754315, 28.2132037]}}, {"type": "Feature", "properties": {"name": "Ward Office - Ward No. 28", "type": "yes"}, "geometry": {"type": "Point", "coordinates": [84.0747414, 28.2143525]}}, {"type": "Feature", "properties": {"type": "yes"}, "geometry": {"type": "Point", "coordinates": [84.075, 28.2138957]}}, {"type": "Feature", "properties": {"type": "yes"}, "geometry": {"type": "Point", "coordinates": [84.0767171, 28.2120014]}}, {"type": "Feature", "properties": {"type": "yes"}, "geometry": {"type": "Point", "coordinates": [84.0749177, 28.2139617]}}, {"type": "Feature", "properties": {"type": "yes"}, "geometry": {"type": "Point", "coordinates": [84.0759532, 28.2133601]}}, {"type": "Feature", "properties": {"type": "yes"}, "geometry": {"type": "Point", "coordinates": [84.0747775, 28.2131773]}}, {"type": "Feature", "properties": {"type": "yes"}, "geometry": {"type": "Point", "coordinates": [84.0744604, 28.2138925]}}, {"type": "Feature", "properties": {"type": "yes"}, "geometry": {"type": "Point", "coordinates": [84.0748181, 28.2139505]}}, {"type": "Feature", "properties": {"type": "yes"}, "geometry": {"type": "Point", "coordinates": [84.075811, 28.2130625]}}, {"type": "Feature", "properties": {"type": "yes"}, "geometry": {"type": "Point", "coordinates": [84.069281, 28.148609]}}, {"type": "Feature", "properties": {"type": "house"}, "geometry": {"type": "Point", "coordinates": [84.013638, 28.2137543]}}, {"type": "Feature", "properties": {"type": "yes"}, "geometry": {"type": "Point", "coordinates": [84.0697386, 28.1488325]}}, {"type": "Feature", "properties": {"type": "yes"}, "geometry": {"type": "Point", "coordinates": [84.067047, 28.1481336]}}, {"type": "Feature", "properties": {"type": "yes"}, "geometry": {"type": "Point", "coordinates": [84.0692815, 28.1494089]}}, {"type": "Feature", "properties": {"type": "yes"}, "geometry": {"type": "Point", "coordinates": [84.0693672, 28.1494519]}}, {"type": "Feature", "properties": {"type": "yes"}, "geometry": {"type": "Point", "coordinates": [84.0697558, 28.1496978]}}, {"type": "Feature", "properties": {"type": "yes"}, "geometry": {"type": "Point", "coordinates": [84.0701909, 28.149659]}}, {"type": "Feature", "properties": {"type": "yes"}, "geometry": {"type": "Point", "coordinates": [84.0699654, 28.1520152]}}, {"type": "Feature", "properties": {"type": "yes"}, "geometry": {"type": "Point", "coordinates": [84.0699038, 28.1522779]}}, {"type": "Feature", "properties": {"type": "yes"}, "geometry": {"type": "Point", "coordinates": [84.0702811, 28.1523337]}}, {"type": "Feature", "properties": {"type": "yes"}, "geometry": {"type": "Point", "coordinates": [84.0462617, 28.1748781]}}, {"type": "Feature", "properties": {"type": "yes"}, "geometry": {"type": "Point", "coordinates": [84.0520706, 28.1805899]}}, {"type": "Feature", "properties": {"type": "yes"}, "geometry": {"type": "Point", "coordinates": [84.0519226, 28.1805174]}}, {"type": "Feature", "properties": {"type": "yes"}, "geometry": {"type": "Point", "coordinates": [84.0516653, 28.180738]}}, {"type": "Feature", "properties": {"type": "yes"}, "geometry": {"type": "Point", "coordinates": [84.0255064, 28.155505]}}, {"type": "Feature", "properties": {"name": "Namuna Bal Devi Yuba Club", "type": "yes"}, "geometry": {"type": "Point", "coordinates": [84.0263205, 28.1553057]}}, {"type": "Feature", "properties": {"type": "yes"}, "geometry": {"type": "Point", "coordinates": [84.0239874, 28.1556683]}}, {"type": "Feature", "properties": {"type": "yes"}, "geometry": {"type": "Point", "coordinates": [84.0259278, 28.1547522]}}, {"type": "Feature", "properties": {"type": "yes"}, "geometry": {"type": "Point", "coordinates": [84.0261703, 28.1546821]}}, {"type": "Feature", "properties": {"type": "yes"}, "geometry": {"type": "Point", "coordinates": [84.0263758, 28.1545845]}}, {"type": "Feature", "properties": {"type": "yes"}, "geometry": {"type": "Point", "coordinates": [84.0260881, 28.1545515]}}, {"type": "Feature", "properties": {"type": "yes"}, "geometry": {"type": "Point", "coordinates": [84.0259537, 28.1545568]}}, {"type": "Feature", "properties": {"type": "yes"}, "geometry": {"type": "Point", "coordinates": [84.0269868, 28.1547192]}}, {"type": "Feature", "properties": {"type": "yes"}, "geometry": {"type": "Point", "coordinates": [84.0271046, 28.1549579]}}, {"type": "Feature", "properties": {"type": "yes"}, "geometry": {"type": "Point", "coordinates": [84.0274132, 28.1544748]}}, {"type": "Feature", "properties": {"type": "yes"}, "geometry": {"type": "Point", "coordinates": [84.028233, 28.1546386]}}, {"type": "Feature", "properties": {"type": "yes"}, "geometry": {"type": "Point", "coordinates": [84.028418, 28.1545599]}}, {"type": "Feature", "properties": {"type": "yes"}, "geometry": {"type": "Point", "coordinates": [84.0281197, 28.1544987]}}, {"type": "Feature", "properties": {"type": "yes"}, "geometry": {"type": "Point", "coordinates": [84.0278291, 28.1547864]}}, {"type": "Feature", "properties": {"type": "yes"}, "geometry": {"type": "Point", "coordinates": [84.027637, 28.1544347]}}, {"type": "Feature", "properties": {"type": "yes"}, "geometry": {"type": "Point", "coordinates": [84.0281347, 28.1542091]}}, {"type": "Feature", "properties": {"type": "yes"}, "geometry": {"type": "Point", "coordinates": [84.0286093, 28.154259]}}, {"type": "Feature", "properties": {"type": "yes"}, "geometry": {"type": "Point", "coordinates": [84.0284395, 28.1543108]}}, {"type": "Feature", "properties": {"type": "yes"}, "geometry": {"type": "Point", "coordinates": [84.0286788, 28.1542221]}}, {"type": "Feature", "properties": {"type": "yes"}, "geometry": {"type": "Point", "coordinates": [84.0287403, 28.1541451]}}, {"type": "Feature", "properties": {"type": "yes"}, "geometry": {"type": "Point", "coordinates": [84.0287972, 28.154115]}}, {"type": "Feature", "properties": {"type": "yes"}, "geometry": {"type": "Point", "coordinates": [84.0288764, 28.1540748]}}, {"type": "Feature", "properties": {"type": "yes"}, "geometry": {"type": "Point", "coordinates": [84.0281086, 28.1540144]}}, {"type": "Feature", "properties": {"type": "yes"}, "geometry": {"type": "Point", "coordinates": [84.0271453, 28.1543335]}}, {"type": "Feature", "properties": {"type": "yes"}, "geometry": {"type": "Point", "coordinates": [84.0275242, 28.1541308]}}, {"type": "Feature", "properties": {"type": "yes"}, "geometry": {"type": "Point", "coordinates": [84.0276292, 28.1540947]}}, {"type": "Feature", "properties": {"type": "yes"}, "geometry": {"type": "Point", "coordinates": [84.0273424, 28.1538504]}}, {"type": "Feature", "properties": {"type": "yes"}, "geometry": {"type": "Point", "coordinates": [84.0266654, 28.1540648]}}, {"type": "Feature", "properties": {"type": "yes"}, "geometry": {"type": "Point", "coordinates": [84.0271925, 28.1535475]}}, {"type": "Feature", "properties": {"type": "house"}, "geometry": {"type": "Point", "coordinates": [83.9969702, 28.1932312]}}, {"type": "Feature", "properties": {"type": "yes"}, "geometry": {"type": "Point", "coordinates": [83.9903118, 28.1485343]}}, {"type": "Feature", "properties": {"type": "yes"}, "geometry": {"type": "Point", "coordinates": [83.9903336, 28.1481676]}}, {"type": "Feature", "properties": {"type": "yes"}, "geometry": {"type": "Point", "coordinates": [83.9924439, 28.1486422]}}, {"type": "Feature", "properties": {"type": "yes"}, "geometry": {"type": "Point", "coordinates": [83.9921241, 28.1479875]}}, {"type": "Feature", "properties": {"type": "yes"}, "geometry": {"type": "Point", "coordinates": [83.991545, 28.1479453]}}, {"type": "Feature", "properties": {"type": "yes"}, "geometry": {"type": "Point", "coordinates": [83.9916342, 28.1478426]}}, {"type": "Feature", "properties": {"type": "yes"}, "geometry": {"type": "Point", "coordinates": [83.9915527, 28.1476365]}}, {"type": "Feature", "properties": {"type": "yes"}, "geometry": {"type": "Point", "coordinates": [83.9910486, 28.1475314]}}, {"type": "Feature", "properties": {"type": "yes"}, "geometry": {"type": "Point", "coordinates": [83.9911525, 28.147446]}}, {"type": "Feature", "properties": {"type": "yes"}, "geometry": {"type": "Point", "coordinates": [83.9912226, 28.1473666]}}, {"type": "Feature", "properties": {"type": "yes"}, "geometry": {"type": "Point", "coordinates": [83.9909709, 28.1474417]}}, {"type": "Feature", "properties": {"type": "yes"}, "geometry": {"type": "Point", "coordinates": [83.9913081, 28.1472738]}}, {"type": "Feature", "properties": {"type": "yes"}, "geometry": {"type": "Point", "coordinates": [83.9915635, 28.1471188]}}, {"type": "Feature", "properties": {"type": "yes"}, "geometry": {"type": "Point", "coordinates": [83.9916976, 28.1471254]}}, {"type": "Feature", "properties": {"type": "yes"}, "geometry": {"type": "Point", "coordinates": [83.9918018, 28.147165]}}, {"type": "Feature", "properties": {"type": "yes"}, "geometry": {"type": "Point", "coordinates": [83.9918695, 28.1472086]}}, {"type": "Feature", "properties": {"type": "yes"}, "geometry": {"type": "Point", "coordinates": [83.9917389, 28.1469444]}}, {"type": "Feature", "properties": {"type": "yes"}, "geometry": {"type": "Point", "coordinates": [83.9923974, 28.1470108]}}, {"type": "Feature", "properties": {"type": "yes"}, "geometry": {"type": "Point", "coordinates": [83.9948815, 28.1481799]}}, {"type": "Feature", "properties": {"type": "yes"}, "geometry": {"type": "Point", "coordinates": [83.9949408, 28.1480789]}}, {"type": "Feature", "properties": {"type": "yes"}, "geometry": {"type": "Point", "coordinates": [83.9950702, 28.1480492]}}, {"type": "Feature", "properties": {"type": "yes"}, "geometry": {"type": "Point", "coordinates": [83.9955731, 28.1481452]}}, {"type": "Feature", "properties": {"type": "yes"}, "geometry": {"type": "Point", "coordinates": [83.9970969, 28.1474946]}}, {"type": "Feature", "properties": {"type": "yes"}, "geometry": {"type": "Point", "coordinates": [83.9969606, 28.147561]}}, {"type": "Feature", "properties": {"type": "yes"}, "geometry": {"type": "Point", "coordinates": [84.0018162, 28.1494432]}}, {"type": "Feature", "properties": {"type": "yes"}, "geometry": {"type": "Point", "coordinates": [84.0019734, 28.1494415]}}, {"type": "Feature", "properties": {"type": "yes"}, "geometry": {"type": "Point", "coordinates": [84.0037637, 28.1493604]}}, {"type": "Feature", "properties": {"type": "yes"}, "geometry": {"type": "Point", "coordinates": [84.0040492, 28.148753]}}, {"type": "Feature", "properties": {"type": "yes"}, "geometry": {"type": "Point", "coordinates": [84.0036693, 28.1487222]}}, {"type": "Feature", "properties": {"type": "yes"}, "geometry": {"type": "Point", "coordinates": [84.0064828, 28.1494327]}}, {"type": "Feature", "properties": {"type": "yes"}, "geometry": {"type": "Point", "coordinates": [84.0066009, 28.1492394]}}, {"type": "Feature", "properties": {"type": "yes"}, "geometry": {"type": "Point", "coordinates": [84.0068057, 28.1488875]}}, {"type": "Feature", "properties": {"type": "yes"}, "geometry": {"type": "Point", "coordinates": [84.0065324, 28.1487795]}}, {"type": "Feature", "properties": {"type": "yes"}, "geometry": {"type": "Point", "coordinates": [84.0080004, 28.1489392]}}, {"type": "Feature", "properties": {"type": "yes"}, "geometry": {"type": "Point", "coordinates": [84.0079798, 28.1490048]}}, {"type": "Feature", "properties": {"type": "yes"}, "geometry": {"type": "Point", "coordinates": [84.0080607, 28.1489653]}}, {"type": "Feature", "properties": {"type": "yes"}, "geometry": {"type": "Point", "coordinates": [84.0081258, 28.1488367]}}, {"type": "Feature", "properties": {"type": "yes"}, "geometry": {"type": "Point", "coordinates": [84.008118, 28.1487363]}}, {"type": "Feature", "properties": {"type": "yes"}, "geometry": {"type": "Point", "coordinates": [84.0081969, 28.1487457]}}, {"type": "Feature", "properties": {"type": "yes"}, "geometry": {"type": "Point", "coordinates": [84.0082494, 28.1486803]}}, {"type": "Feature", "properties": {"type": "yes"}, "geometry": {"type": "Point", "coordinates": [84.0083744, 28.1486305]}}, {"type": "Feature", "properties": {"type": "yes"}, "geometry": {"type": "Point", "coordinates": [84.0085404, 28.148539]}}, {"type": "Feature", "properties": {"type": "yes"}, "geometry": {"type": "Point", "coordinates": [84.0085712, 28.1484655]}}, {"type": "Feature", "properties": {"type": "yes"}, "geometry": {"type": "Point", "coordinates": [84.008641, 28.1484101]}}, {"type": "Feature", "properties": {"type": "yes"}, "geometry": {"type": "Point", "coordinates": [84.0087208, 28.1483173]}}, {"type": "Feature", "properties": {"type": "yes"}, "geometry": {"type": "Point", "coordinates": [84.0086225, 28.1482284]}}, {"type": "Feature", "properties": {"type": "yes"}, "geometry": {"type": "Point", "coordinates": [84.0086675, 28.1481183]}}, {"type": "Feature", "properties": {"type": "yes"}, "geometry": {"type": "Point", "coordinates": [84.0087034, 28.1480598]}}, {"type": "Feature", "properties": {"type": "yes"}, "geometry": {"type": "Point", "coordinates": [84.0087386, 28.1480076]}}, {"type": "Feature", "properties": {"type": "yes"}, "geometry": {"type": "Point", "coordinates": [84.0088172, 28.1481621]}}, {"type": "Feature", "properties": {"type": "yes"}, "geometry": {"type": "Point", "coordinates": [84.0087386, 28.1478708]}}, {"type": "Feature", "properties": {"type": "yes"}, "geometry": {"type": "Point", "coordinates": [84.008656, 28.1479696]}}, {"type": "Feature", "properties": {"type": "yes"}, "geometry": {"type": "Point", "coordinates": [84.0086194, 28.1480284]}}, {"type": "Feature", "properties": {"type": "yes"}, "geometry": {"type": "Point", "coordinates": [84.0085952, 28.147811]}}, {"type": "Feature", "properties": {"type": "yes"}, "geometry": {"type": "Point", "coordinates": [84.0085792, 28.1476499]}}, {"type": "Feature", "properties": {"type": "yes"}, "geometry": {"type": "Point", "coordinates": [84.008325, 28.1473706]}}, {"type": "Feature", "properties": {"type": "yes"}, "geometry": {"type": "Point", "coordinates": [84.0088583, 28.148258]}}, {"type": "Feature", "properties": {"type": "yes"}, "geometry": {"type": "Point", "coordinates": [84.0089369, 28.1481847]}}, {"type": "Feature", "properties": {"type": "yes"}, "geometry": {"type": "Point", "coordinates": [84.0091323, 28.1480091]}}, {"type": "Feature", "properties": {"type": "yes"}, "geometry": {"type": "Point", "coordinates": [84.0082408, 28.148925]}}, {"type": "Feature", "properties": {"type": "yes"}, "geometry": {"type": "Point", "coordinates": [84.0082324, 28.1490127]}}, {"type": "Feature", "properties": {"type": "yes"}, "geometry": {"type": "Point", "coordinates": [84.0083355, 28.1490442]}}, {"type": "Feature", "properties": {"type": "yes"}, "geometry": {"type": "Point", "coordinates": [84.0081076, 28.1494156]}}, {"type": "Feature", "properties": {"type": "yes"}, "geometry": {"type": "Point", "coordinates": [84.0082728, 28.1494127]}}, {"type": "Feature", "properties": {"type": "yes"}, "geometry": {"type": "Point", "coordinates": [84.0113605, 28.147414]}}, {"type": "Feature", "properties": {"type": "yes"}, "geometry": {"type": "Point", "coordinates": [84.0115252, 28.1473325]}}, {"type": "Feature", "properties": {"type": "yes"}, "geometry": {"type": "Point", "coordinates": [84.0117224, 28.1473307]}}, {"type": "Feature", "properties": {"type": "yes"}, "geometry": {"type": "Point", "coordinates": [84.0116968, 28.1472972]}}, {"type": "Feature", "properties": {"type": "yes"}, "geometry": {"type": "Point", "coordinates": [84.0117279, 28.1472026]}}, {"type": "Feature", "properties": {"type": "yes"}, "geometry": {"type": "Point", "coordinates": [84.0110212, 28.1473572]}}, {"type": "Feature", "properties": {"type": "yes"}, "geometry": {"type": "Point", "coordinates": [84.0117723, 28.1472425]}}, {"type": "Feature", "properties": {"type": "yes"}, "geometry": {"type": "Point", "coordinates": [84.0117958, 28.1473126]}}, {"type": "Feature", "properties": {"type": "yes"}, "geometry": {"type": "Point", "coordinates": [84.0118655, 28.1473]}}, {"type": "Feature", "properties": {"type": "yes"}, "geometry": {"type": "Point", "coordinates": [84.012153, 28.1471829]}}, {"type": "Feature", "properties": {"type": "yes"}, "geometry": {"type": "Point", "coordinates": [84.0123782, 28.1472054]}}, {"type": "Feature", "properties": {"type": "yes"}, "geometry": {"type": "Point", "coordinates": [84.0124199, 28.1471212]}}, {"type": "Feature", "properties": {"type": "yes"}, "geometry": {"type": "Point", "coordinates": [84.0128927, 28.1474587]}}, {"type": "Feature", "properties": {"type": "yes"}, "geometry": {"type": "Point", "coordinates": [84.0123442, 28.1472642]}}, {"type": "Feature", "properties": {"type": "yes"}, "geometry": {"type": "Point", "coordinates": [84.0102065, 28.145852]}}, {"type": "Feature", "properties": {"type": "yes"}, "geometry": {"type": "Point", "coordinates": [84.0102824, 28.1459596]}}, {"type": "Feature", "properties": {"type": "yes"}, "geometry": {"type": "Point", "coordinates": [84.0103209, 28.1457937]}}, {"type": "Feature", "properties": {"type": "yes"}, "geometry": {"type": "Point", "coordinates": [84.00985, 28.1455841]}}, {"type": "Feature", "properties": {"type": "yes"}, "geometry": {"type": "Point", "coordinates": [84.0111546, 28.145215]}}, {"type": "Feature", "properties": {"type": "yes"}, "geometry": {"type": "Point", "coordinates": [84.0110983, 28.144712]}}, {"type": "Feature", "properties": {"type": "yes"}, "geometry": {"type": "Point", "coordinates": [84.0109432, 28.1442796]}}, {"type": "Feature", "properties": {"type": "yes"}, "geometry": {"type": "Point", "coordinates": [84.0110887, 28.1442134]}}, {"type": "Feature", "properties": {"type": "yes"}, "geometry": {"type": "Point", "coordinates": [84.0110102, 28.1440207]}}, {"type": "Feature", "properties": {"type": "yes"}, "geometry": {"type": "Point", "coordinates": [84.0115106, 28.1447161]}}, {"type": "Feature", "properties": {"type": "yes"}, "geometry": {"type": "Point", "coordinates": [84.011382, 28.1450075]}}, {"type": "Feature", "properties": {"type": "yes"}, "geometry": {"type": "Point", "coordinates": [84.0117217, 28.1445664]}}, {"type": "Feature", "properties": {"type": "yes"}, "geometry": {"type": "Point", "coordinates": [84.0121855, 28.1443559]}}, {"type": "Feature", "properties": {"type": "yes"}, "geometry": {"type": "Point", "coordinates": [84.0120781, 28.1439669]}}, {"type": "Feature", "properties": {"type": "yes"}, "geometry": {"type": "Point", "coordinates": [84.0125304, 28.1436516]}}, {"type": "Feature", "properties": {"type": "yes"}, "geometry": {"type": "Point", "coordinates": [84.0126358, 28.1435801]}}, {"type": "Feature", "properties": {"type": "yes"}, "geometry": {"type": "Point", "coordinates": [84.0118013, 28.143286]}}, {"type": "Feature", "properties": {"type": "yes"}, "geometry": {"type": "Point", "coordinates": [84.0119269, 28.1432104]}}, {"type": "Feature", "properties": {"type": "yes"}, "geometry": {"type": "Point", "coordinates": [84.0135039, 28.1443607]}}, {"type": "Feature", "properties": {"type": "yes"}, "geometry": {"type": "Point", "coordinates": [84.0124397, 28.1453597]}}, {"type": "Feature", "properties": {"type": "yes"}, "geometry": {"type": "Point", "coordinates": [84.0129314, 28.1451053]}}, {"type": "Feature", "properties": {"type": "yes"}, "geometry": {"type": "Point", "coordinates": [84.013032, 28.1450452]}}, {"type": "Feature", "properties": {"type": "yes"}, "geometry": {"type": "Point", "coordinates": [84.0130674, 28.1452669]}}, {"type": "Feature", "properties": {"type": "yes"}, "geometry": {"type": "Point", "coordinates": [84.0133176, 28.1451738]}}, {"type": "Feature", "properties": {"type": "yes"}, "geometry": {"type": "Point", "coordinates": [84.013526, 28.1454591]}}, {"type": "Feature", "properties": {"type": "yes"}, "geometry": {"type": "Point", "coordinates": [84.0140934, 28.1452379]}}, {"type": "Feature", "properties": {"type": "yes"}, "geometry": {"type": "Point", "coordinates": [84.0144373, 28.1451081]}}, {"type": "Feature", "properties": {"type": "yes"}, "geometry": {"type": "Point", "coordinates": [84.0143401, 28.1448593]}}, {"type": "Feature", "properties": {"type": "yes"}, "geometry": {"type": "Point", "coordinates": [84.0136019, 28.1448805]}}, {"type": "Feature", "properties": {"type": "yes"}, "geometry": {"type": "Point", "coordinates": [84.0142144, 28.1443352]}}, {"type": "Feature", "properties": {"type": "yes"}, "geometry": {"type": "Point", "coordinates": [84.0143229, 28.1442198]}}, {"type": "Feature", "properties": {"type": "yes"}, "geometry": {"type": "Point", "coordinates": [84.0153643, 28.1442235]}}, {"type": "Feature", "properties": {"type": "yes"}, "geometry": {"type": "Point", "coordinates": [84.0155141, 28.1441751]}}, {"type": "Feature", "properties": {"type": "yes"}, "geometry": {"type": "Point", "coordinates": [84.0158861, 28.1436988]}}, {"type": "Feature", "properties": {"type": "yes"}, "geometry": {"type": "Point", "coordinates": [84.0152715, 28.1439078]}}, {"type": "Feature", "properties": {"type": "yes"}, "geometry": {"type": "Point", "coordinates": [84.0153796, 28.143826]}}, {"type": "Feature", "properties": {"type": "yes"}, "geometry": {"type": "Point", "coordinates": [84.0144119, 28.1437326]}}, {"type": "Feature", "properties": {"type": "yes"}, "geometry": {"type": "Point", "coordinates": [84.0140055, 28.1438579]}}, {"type": "Feature", "properties": {"type": "yes"}, "geometry": {"type": "Point", "coordinates": [84.014834, 28.143691]}}, {"type": "Feature", "properties": {"type": "yes"}, "geometry": {"type": "Point", "coordinates": [84.0147941, 28.1433733]}}, {"type": "Feature", "properties": {"type": "yes"}, "geometry": {"type": "Point", "coordinates": [84.0155109, 28.1435333]}}, {"type": "Feature", "properties": {"type": "yes"}, "geometry": {"type": "Point", "coordinates": [84.0156511, 28.143315]}}, {"type": "Feature", "properties": {"type": "yes"}, "geometry": {"type": "Point", "coordinates": [84.0149845, 28.1432591]}}, {"type": "Feature", "properties": {"type": "yes"}, "geometry": {"type": "Point", "coordinates": [84.0145264, 28.1432741]}}, {"type": "Feature", "properties": {"type": "yes"}, "geometry": {"type": "Point", "coordinates": [84.0146191, 28.1429072]}}, {"type": "Feature", "properties": {"type": "yes"}, "geometry": {"type": "Point", "coordinates": [84.014874, 28.1430128]}}]}