{"type": "FeatureCollection", "features": [{"type": "Feature", "properties": {"name": "Davis Falls", "waterway": "river", "id": 24623929}, "geometry": {"type": "LineString", "coordinates": [[83.9676733, 28.1953111], [83.9676681, 28.1949838], [83.967671, 28.1945999], [83.9679857, 28.1944271], [83.9680181, 28.1941857], [83.967768, 28.1939041], [83.96762, 28.1937587], [83.9675073, 28.1933592], [83.9673005, 28.1929677], [83.9669726, 28.1924599], [83.9666203, 28.1921018], [83.9662449, 28.1917362], [83.9659846, 28.1915013], [83.9656807, 28.1912768], [83.9651607, 28.1911642], [83.9647323, 28.1911332], [83.9645509, 28.1911775], [83.9644085, 28.1911998], [83.9641098, 28.1914702], [83.9640168, 28.1918397], [83.9642809, 28.192122], [83.9643018, 28.1924123], [83.964049, 28.1926786], [83.9637474, 28.192883], [83.9634028, 28.1927716], [83.9632876, 28.1926567], [83.963245, 28.1924654], [83.9630991, 28.1921749], [83.9629033, 28.1918364], [83.9625512, 28.1914202], [83.9623331, 28.1912087], [83.9622483, 28.1911107], [83.9621832, 28.1910291], [83.9620987, 28.1909925], [83.9619405, 28.1908867], [83.9617252, 28.1906588], [83.9613573, 28.1905948], [83.9608933, 28.1907215], [83.9604046, 28.1908345], [83.9601421, 28.1908435], [83.959886, 28.1908045], [83.9596412, 28.1906089], [83.9594385, 28.1903588], [83.959199, 28.1899259]]}}, {"type": "Feature", "properties": {"name": "Phusre Khola", "waterway": "river", "id": 24716508}, "geometry": {"type": "LineString", "coordinates": [[83.9776662, 28.1745209], [83.9783095, 28.1745956], [83.978885, 28.1748263], [83.9795191, 28.174816], [83.9801295, 28.1746183], [83.9805855, 28.1744031], [83.9809353, 28.1741963], [83.9812057, 28.1738939], [83.9816868, 28.1737879], [83.9822471, 28.1736099], [83.9827716, 28.1735188], [83.9833262, 28.1730436], [83.9836563, 28.1726893], [83.9839313, 28.1725035], [83.9847917, 28.1721612], [83.9854865, 28.1720997], [83.9861817, 28.1721176], [83.9868544, 28.1722585], [83.9869215, 28.1722873], [83.9874782, 28.1725268], [83.9886171, 28.1728067], [83.9894304, 28.1730493], [83.9903305, 28.1730951], [83.9911282, 28.1726927], [83.9916427, 28.1725925], [83.9921115, 28.1724917], [83.9924511, 28.172347], [83.9926844, 28.1719347], [83.9929752, 28.1713048], [83.9930846, 28.1705463], [83.9932493, 28.1697651], [83.9938448, 28.169285], [83.9943828, 28.1691568], [83.9948936, 28.1687852], [83.9954176, 28.1683893], [83.995865, 28.1682938], [83.996433, 28.1681665], [83.9971122, 28.168255], [83.9978477, 28.1680753], [83.9983375, 28.1675835], [83.9988111, 28.1672553], [83.9988755, 28.166788], [83.998971, 28.1662565], [83.9992591, 28.1656516], [83.9996088, 28.1651815], [83.9999543, 28.1646982], [84.0001769, 28.1642404], [84.0005417, 28.1639505], [84.0010862, 28.1637807], [84.0014789, 28.1635154], [84.001893, 28.163366], [84.0023844, 28.1633206], [84.0027384, 28.1633877], [84.003284, 28.1635741], [84.0038153, 28.1634434], [84.0042507, 28.1630836], [84.00466, 28.162868], [84.0051229, 28.1626963], [84.0057345, 28.1628543], [84.0063573, 28.1628415], [84.0069753, 28.1625545], [84.0076367, 28.1623847], [84.00834, 28.162257], [84.0085677, 28.1621956], [84.0091087, 28.1622077], [84.0095577, 28.162089], [84.010305, 28.1618297]]}}, {"type": "Feature", "properties": {"name": "Seti Gandaki River", "waterway": "river", "id": 29877110}, "geometry": {"type": "LineString", "coordinates": [[83.9905933, 28.2079371], [83.9903406, 28.2075977], [83.9901524, 28.2072451], [83.9898346, 28.2068981], [83.9895548, 28.2065247], [83.9894565, 28.2063655], [83.9892695, 28.2062096], [83.989156, 28.2059866], [83.9889919, 28.2058077], [83.9888215, 28.2056504], [83.9887207, 28.2053925], [83.9883815, 28.2051493], [83.9882147, 28.204952], [83.9882067, 28.2047197], [83.9880584, 28.2044434], [83.9878953, 28.2043458], [83.9878195, 28.2040436], [83.9873538, 28.2036154], [83.987202, 28.203315], [83.9870225, 28.2031507], [83.9869105, 28.2029499], [83.9868247, 28.2027956], [83.98658, 28.2026475], [83.9862606, 28.2024702], [83.98596, 28.2021876], [83.9857261, 28.2017452], [83.9857543, 28.2014696], [83.9857823, 28.2013331], [83.9858167, 28.2011546], [83.9857977, 28.2008467], [83.9857893, 28.2007109], [83.9856435, 28.200283], [83.9855909, 28.2000397], [83.9854909, 28.1995991], [83.9853812, 28.1991894], [83.9851537, 28.1987377], [83.9850279, 28.1983494], [83.984918, 28.1978849], [83.9847663, 28.1971275], [83.9844728, 28.1967198], [83.9841466, 28.1964816], [83.9836394, 28.1959812], [83.9833358, 28.1952313], [83.9832111, 28.1948824], [83.9830579, 28.1946763], [83.9831365, 28.1942975], [83.9830577, 28.1940162], [83.9831076, 28.193698], [83.983272, 28.1934936], [83.9832685, 28.1931732], [83.9833742, 28.1929257], [83.9835633, 28.1927643], [83.9836089, 28.1924822], [83.9838183, 28.1921595], [83.9838275, 28.1917528], [83.9836049, 28.1914644], [83.9835496, 28.1912316], [83.9836974, 28.1909845], [83.9840267, 28.1901449], [83.9844411, 28.1896008], [83.9849426, 28.1891923], [83.9854397, 28.1886004], [83.9858199, 28.188172], [83.9862427, 28.1877913], [83.9864179, 28.1877344], [83.9866388, 28.1874889], [83.987024, 28.1871443], [83.9871974, 28.1870165], [83.9873578, 28.18684], [83.9874266, 28.1866458], [83.9873808, 28.1864983], [83.9872664, 28.1863255], [83.9872192, 28.1861935], [83.987172, 28.1858496], [83.987357, 28.1848104], [83.9877411, 28.1839839], [83.988112, 28.1833584], [83.9884446, 28.1828702], [83.9886026, 28.182494], [83.9890731, 28.1817678], [83.989185, 28.1812216], [83.9895478, 28.1808182], [83.9898552, 28.1805474], [83.9903191, 28.1802454], [83.9908814, 28.1798362], [83.9912868, 28.1792603], [83.9914924, 28.1787515], [83.9917913, 28.1784406], [83.992237, 28.1781973], [83.9926291, 28.177781], [83.9930722, 28.1775522], [83.9933952, 28.1772708], [83.9935955, 28.1770848], [83.9940974, 28.1766433], [83.9943946, 28.176378], [83.9946274, 28.1761406], [83.9947143, 28.1758711], [83.9948731, 28.175673], [83.9952518, 28.1753727], [83.9956032, 28.1750639], [83.9958494, 28.1748034], [83.9959502, 28.1744567], [83.9959974, 28.174007], [83.9961825, 28.1736604], [83.9964002, 28.1731488], [83.9966975, 28.1726338], [83.996911, 28.1720677], [83.9971991, 28.1715765], [83.9975463, 28.1712044], [83.9979975, 28.1709224], [83.9985643, 28.170676], [83.9992349, 28.170562], [83.9999119, 28.1703464], [83.999941, 28.1700394], [84.0000604, 28.1696363], [84.0001833, 28.1691543], [84.0003007, 28.1686214], [84.0004531, 28.1680562], [84.0010781, 28.1676519], [84.0015941, 28.1673024], [84.0020147, 28.1669765], [84.0023338, 28.1667879], [84.0031938, 28.16655], [84.0042726, 28.1667732], [84.0051132, 28.1667169], [84.0056695, 28.1664757], [84.0061223, 28.1661026], [84.0064436, 28.1658198], [84.0065723, 28.1653038], [84.0068513, 28.164804], [84.0072026, 28.1644209], [84.0076184, 28.1640392], [84.0082101, 28.1636509], [84.0087444, 28.1632962], [84.0092186, 28.1629405], [84.0096392, 28.1626034], [84.0099646, 28.1622229], [84.010305, 28.1618297], [84.0108641, 28.1613114], [84.011277, 28.1607915], [84.0116443, 28.1603771], [84.0120516, 28.1599777], [84.012478, 28.1599039], [84.013155, 28.1599886], [84.0137279, 28.1600718], [84.0144634, 28.1601787], [84.0151291, 28.1603764], [84.0158597, 28.1607311], [84.0163584, 28.1610384], [84.0168368, 28.1613331], [84.0174911, 28.161843], [84.0178033, 28.1621238], [84.018071, 28.1622525], [84.0182714, 28.1623903], [84.0185812, 28.1626034], [84.0191809, 28.1628762], [84.0199587, 28.1631009], [84.0205038, 28.1628881], [84.0211603, 28.1625452], [84.021508, 28.1619612], [84.0216554, 28.161045], [84.0215578, 28.1604951], [84.021421, 28.159902], [84.0214833, 28.1592285], [84.0218316, 28.1589589], [84.0220369, 28.1586435], [84.0225105, 28.1581795], [84.0230191, 28.157926], [84.0235856, 28.1578754], [84.0242889, 28.1578669], [84.0250265, 28.1583053], [84.0258354, 28.158923], [84.0263939, 28.1594655], [84.0267581, 28.1602364], [84.0271395, 28.1608413], [84.0275536, 28.1612007], [84.0276284, 28.1612013], [84.0280536, 28.161205], [84.0284473, 28.1609713], [84.028597, 28.1606024], [84.0287778, 28.1604317], [84.0288691, 28.1602965], [84.0291759, 28.1598419], [84.029554, 28.1592855], [84.0295873, 28.158809], [84.0294333, 28.1583413], [84.0293239, 28.1578877], [84.0290433, 28.1572672], [84.0288207, 28.1566343], [84.0289049, 28.1559655], [84.0292713, 28.1553308], [84.0297375, 28.1549207], [84.0306285, 28.1548172], [84.0316692, 28.1549619], [84.0326686, 28.1549657], [84.0335881, 28.1550281], [84.0345242, 28.1552007], [84.0353181, 28.1553289], [84.0360621, 28.1554249], [84.0371356, 28.155651], [84.0380304, 28.1555099], [84.0392886, 28.1554104], [84.0401257, 28.1552641], [84.0405046, 28.1551314], [84.0407908, 28.1549699], [84.0411481, 28.1546729], [84.0413924, 28.153929], [84.0419386, 28.1537419], [84.0424113, 28.1538923], [84.0428755, 28.1541356], [84.043178, 28.1544501], [84.0435407, 28.1544123], [84.0438819, 28.1541947], [84.0444306, 28.1540415], [84.044995, 28.1539677], [84.045489, 28.1540221], [84.045945, 28.1539715], [84.0464595, 28.1538121], [84.0469208, 28.153615], [84.047233, 28.153246], [84.047564, 28.1529244], [84.0478301, 28.1525612], [84.047829, 28.1521558], [84.0477491, 28.1516199], [84.0478574, 28.1511134], [84.0479186, 28.1505936], [84.0478515, 28.1499995], [84.0478805, 28.1495614], [84.0480189, 28.1491367], [84.0483858, 28.1489428], [84.0489512, 28.1489618], [84.0494346, 28.1490184], [84.0500772, 28.1489892], [84.0505911, 28.1488227], [84.0509398, 28.1485583], [84.0512148, 28.1483143], [84.0515835, 28.1481558], [84.0520706, 28.1480177], [84.0525443, 28.1477627], [84.0527313, 28.1476212], [84.052937, 28.1474978], [84.05332, 28.1471833], [84.053688, 28.1468706], [84.0541923, 28.1466431], [84.0546649, 28.1463801], [84.0552323, 28.1457725], [84.056416, 28.1446035], [84.0564813, 28.1445694], [84.0569553, 28.1443226], [84.0579935, 28.143889], [84.0590361, 28.1431681], [84.0616861, 28.1415029], [84.0626473, 28.1399262], [84.0632418, 28.1388918], [84.0640362, 28.1382948], [84.0649849, 28.1378907], [84.0659585, 28.1377075], [84.0673516, 28.1378585], [84.0682787, 28.1377866], [84.0690635, 28.1375914], [84.0698044, 28.1371507], [84.0703276, 28.1358821]]}}, {"type": "Feature", "properties": {"waterway": "canal", "id": 117383651}, "geometry": {"type": "LineString", "coordinates": [[83.9821224, 28.1835885], [83.9822112, 28.183548], [83.982415, 28.1834724], [83.9825116, 28.1834109], [83.9826484, 28.1833731], [83.9827396, 28.1833636], [83.9828817, 28.1833211], [83.9830373, 28.1832974], [83.983209, 28.183288], [83.983386, 28.183269], [83.9835469, 28.1832643], [83.9837347, 28.1832028], [83.9839385, 28.1831272], [83.9841477, 28.1830988], [83.9843838, 28.1830374], [83.9846701, 28.1829682], [83.9850014, 28.1828819], [83.9853119, 28.1827956], [83.9856243, 28.1826963], [83.9859073, 28.1825692], [83.9861272, 28.1825172], [83.9863686, 28.1824368], [83.9866046, 28.1823754], [83.986996, 28.1822921], [83.9871697, 28.182247], [83.9872449, 28.1822238]]}}, {"type": "Feature", "properties": {"name": "Phusre Khola", "waterway": "stream", "id": 120501605}, "geometry": {"type": "LineString", "coordinates": [[83.948909, 28.185928], [83.9488663, 28.1861605], [83.9504059, 28.1864299], [83.9508978, 28.1863066], [83.9514879, 28.185602], [83.9515324, 28.1849074], [83.9515386, 28.1845733], [83.9515553, 28.1844055], [83.9515468, 28.1842403], [83.9517352, 28.1837276], [83.9518475, 28.1832897], [83.9519596, 28.1831079], [83.9523625, 28.1828139], [83.9525936, 28.1829837], [83.9527233, 28.1831816], [83.9530051, 28.183374], [83.9535132, 28.1838741], [83.9540125, 28.1842354], [83.9544321, 28.1842231], [83.9549418, 28.1839039], [83.9552108, 28.1838921], [83.9556882, 28.1838005], [83.9561292, 28.1839334], [83.9565476, 28.1839256], [83.9570688, 28.1840559], [83.9571355, 28.1843876], [83.957225, 28.1846965], [83.9573975, 28.184894], [83.9574823, 28.1849756], [83.957642, 28.1850431], [83.9577658, 28.1850017], [83.9579234, 28.1850001], [83.9581153, 28.1849875], [83.9582407, 28.1849916], [83.9586236, 28.1850778]]}}, {"type": "Feature", "properties": {"waterway": "stream", "id": 124796626}, "geometry": {"type": "LineString", "coordinates": [[83.948622, 28.1515462], [83.9484803, 28.1511702], [83.9485147, 28.150761], [83.9481907, 28.1502053], [83.9481585, 28.1497134], [83.9484825, 28.1493894], [83.9484911, 28.1489188], [83.948373, 28.1486444], [83.9483623, 28.148389], [83.9484481, 28.1482282], [83.9482658, 28.1480674], [83.9477503, 28.1480177], [83.9480056, 28.147592], [83.948086, 28.1473106], [83.948239, 28.1470031], [83.9483061, 28.1468059], [83.9482443, 28.1466011], [83.948255, 28.1462132], [83.9481907, 28.1459483], [83.9484589, 28.145655], [83.9485447, 28.145552]]}}, {"type": "Feature", "properties": {"name": "Mausuli Khola", "waterway": "river", "id": 124796632}, "geometry": {"type": "LineString", "coordinates": [[83.9398973, 28.1484127], [83.939943, 28.1478146], [83.9403801, 28.1474194], [83.9407314, 28.1468328], [83.9416139, 28.1464639], [83.9420237, 28.1459791], [83.9425494, 28.1457993], [83.9432361, 28.1453831], [83.9434936, 28.1448628], [83.9439871, 28.1446357], [83.9444055, 28.1443519], [83.9450149, 28.1443354], [83.9454999, 28.144456], [83.9460234, 28.1444111], [83.9465191, 28.1443709], [83.9468388, 28.1446381], [83.9468952, 28.144827], [83.946812, 28.1450071], [83.9468249, 28.1452698], [83.9469354, 28.1454493], [83.9470634, 28.1455494], [83.9471521, 28.1456173], [83.9472848, 28.1456562], [83.9474477, 28.1457449], [83.9476781, 28.1457657], [83.947871, 28.1456976], [83.9480408, 28.1456116], [83.9483591, 28.1455746], [83.9485447, 28.145552], [83.9487191, 28.1453665], [83.9488855, 28.145187], [83.9489644, 28.1448623], [83.9489445, 28.1445969], [83.9491019, 28.1443256], [83.9494267, 28.1440184], [83.9501053, 28.1436098], [83.9502922, 28.1432313], [83.9502678, 28.143023], [83.9501732, 28.1428627], [83.9501401, 28.1426633], [83.950242, 28.1425545], [83.9508354, 28.1423887], [83.9512398, 28.1423889], [83.9516775, 28.1424528], [83.952023, 28.1424804], [83.9524038, 28.1423644], [83.9527719, 28.142046], [83.9535765, 28.1419608], [83.9539005, 28.1416936], [83.9540999, 28.1412168], [83.9538992, 28.1406673], [83.9537559, 28.1404017], [83.9538296, 28.1403981], [83.9540905, 28.1400828], [83.9543061, 28.1395957], [83.9544384, 28.1394268]]}}, {"type": "Feature", "properties": {"waterway": "stream", "id": 124796634}, "geometry": {"type": "LineString", "coordinates": [[83.9465298, 28.150035], [83.9465003, 28.1496542], [83.9467981, 28.1493894], [83.9468088, 28.1490394], [83.9468979, 28.1486775], [83.947085, 28.1484647], [83.9476971, 28.1481241], [83.9477503, 28.1480177]]}}, {"type": "Feature", "properties": {"waterway": "stream", "id": 124797859}, "geometry": {"type": "LineString", "coordinates": [[83.9369919, 28.1579218], [83.936949, 28.1575434], [83.9367859, 28.1571864], [83.9366035, 28.1569404], [83.935815, 28.1563587], [83.9357044, 28.1558597], [83.935831, 28.1555594], [83.9361121, 28.1553867], [83.9359941, 28.1550557], [83.9356808, 28.1547743], [83.9356379, 28.1545094], [83.9356508, 28.1541003], [83.9357152, 28.1537503], [83.9356508, 28.1534097], [83.9352302, 28.1531283], [83.9349856, 28.1528611], [83.9349513, 28.1523148], [83.935016, 28.1521931], [83.9351122, 28.1520121], [83.9354148, 28.1517543], [83.9356079, 28.1516408], [83.9356401, 28.1516186], [83.9357881, 28.151409], [83.9359915, 28.1511631], [83.9365096, 28.1508604]]}}, {"type": "Feature", "properties": {"waterway": "stream", "id": 124797868}, "geometry": {"type": "LineString", "coordinates": [[83.9290504, 28.152381], [83.9297907, 28.1523432], [83.9305954, 28.1523148], [83.9309065, 28.1521918], [83.9313678, 28.1522107], [83.9320438, 28.1521824], [83.9325587, 28.1520688], [83.9331617, 28.1521611], [83.9338247, 28.1522486], [83.9344041, 28.1520878], [83.9346509, 28.1521351], [83.935016, 28.1521931]]}}, {"type": "Feature", "properties": {"name": "Dhandkhola", "waterway": "stream", "id": 124798898}, "geometry": {"type": "LineString", "coordinates": [[83.9235272, 28.1426396], [83.9238362, 28.1422068], [83.9234843, 28.1415611], [83.9231392, 28.1410386], [83.9230786, 28.1408192], [83.9232376, 28.1405583], [83.9234075, 28.1402747], [83.9239922, 28.1395864], [83.9244288, 28.1391413], [83.92488, 28.1385597], [83.9249843, 28.1383879], [83.9253029, 28.1378631], [83.9252747, 28.1377286], [83.9252483, 28.1374256], [83.9252429, 28.1371914], [83.9251612, 28.1369891], [83.9250887, 28.13681], [83.9250191, 28.1366309], [83.9250418, 28.1363388], [83.9250378, 28.1363065]]}}, {"type": "Feature", "properties": {"waterway": "river", "id": 125097529}, "geometry": {"type": "LineString", "coordinates": [[83.959199, 28.1899259], [83.9591804, 28.1898922]]}}, {"type": "Feature", "properties": {"name": "Pardi Khola", "waterway": "stream", "id": 125097530}, "geometry": {"type": "LineString", "coordinates": [[83.9588422, 28.1891448], [83.9585952, 28.1886316], [83.9585093, 28.1883879], [83.958527, 28.1880557], [83.9585238, 28.1875543], [83.9587037, 28.1871136], [83.9587037, 28.1868323], [83.9586765, 28.1865902], [83.9584448, 28.1860393], [83.958418, 28.1854624], [83.9586236, 28.1850778]]}}, {"type": "Feature", "properties": {"waterway": "river", "id": 125097594}, "geometry": {"type": "LineString", "coordinates": [[83.9698985, 28.191772], [83.9699516, 28.1916803]]}}, {"type": "Feature", "properties": {"waterway": "canal", "id": 125097598}, "geometry": {"type": "LineString", "coordinates": [[83.9699516, 28.1916803], [83.9700515, 28.191509], [83.9701956, 28.1913075], [83.9703443, 28.1910776]]}}, {"type": "Feature", "properties": {"waterway": "river", "id": 125097600}, "geometry": {"type": "LineString", "coordinates": [[83.9692757, 28.1966512], [83.9692214, 28.1963872], [83.9690915, 28.1958437], [83.9690473, 28.1956273], [83.9690429, 28.1953229], [83.9690805, 28.1950459], [83.9691403, 28.1948293], [83.9692864, 28.1945815], [83.9694602, 28.1943853], [83.9695137, 28.1938624], [83.9694118, 28.1931815], [83.9693903, 28.1928695], [83.9696854, 28.1921366], [83.9698985, 28.191772]]}}, {"type": "Feature", "properties": {"waterway": "canal", "id": 126711736}, "geometry": {"type": "LineString", "coordinates": [[83.9703443, 28.1910776], [83.9705061, 28.1908412], [83.9708387, 28.1901839], [83.9711284, 28.1898719], [83.971252, 28.1898013], [83.9713912, 28.1897135]]}}, {"type": "Feature", "properties": {"waterway": "river", "id": 126711737}, "geometry": {"type": "LineString", "coordinates": [[83.9754601, 28.1872089], [83.9755504, 28.1872266]]}}, {"type": "Feature", "properties": {"waterway": "stream", "id": 131334926}, "geometry": {"type": "LineString", "coordinates": [[83.9664968, 28.2237141], [83.9666363, 28.2236739], [83.9668241, 28.2236432], [83.9669796, 28.2236787], [83.9670896, 28.2236078], [83.9671674, 28.2235581], [83.9672478, 28.2235487], [83.9673337, 28.2235865], [83.9674436, 28.2236314], [83.9675697, 28.2236314], [83.9676877, 28.2236314], [83.9678326, 28.2236078], [83.9678996, 28.2235983], [83.9679559, 28.2235416], [83.9679694, 28.2234589], [83.9679345, 28.2233951], [83.9678916, 28.2233076], [83.9679425, 28.2232154], [83.9680042, 28.2231422], [83.9681061, 28.2230713], [83.9681893, 28.223024], [83.9682751, 28.2229602], [83.9683744, 28.2229437], [83.9684307, 28.2228704], [83.9684629, 28.2228137], [83.9685407, 28.2227215], [83.9687096, 28.222601], [83.9689054, 28.2224686], [83.9690556, 28.2223812], [83.9691656, 28.2223339], [83.9692729, 28.2223056], [83.9694097, 28.2222884], [83.9694687, 28.2221017], [83.9694859, 28.2219513], [83.9695277, 28.2218134], [83.9695304, 28.2217472], [83.9694687, 28.2215511], [83.9693346, 28.2213857], [83.9692327, 28.2212604], [83.96912, 28.2211256], [83.9691308, 28.2209886], [83.9692649, 28.220757], [83.9693494, 28.2206322], [83.9694808, 28.2205342], [83.9695707, 28.2204597], [83.9695733, 28.2203924], [83.9695774, 28.2202423], [83.9695492, 28.2201667], [83.9695116, 28.2200591], [83.9695103, 28.2199693], [83.9695251, 28.2199043], [83.9695157, 28.2197944], [83.9694714, 28.2196656]]}}, {"type": "Feature", "properties": {"name": "Phirke Khola", "waterway": "stream", "id": 203972385}, "geometry": {"type": "LineString", "coordinates": [[83.9771623, 28.2122878], [83.9770366, 28.2119187], [83.9769796, 28.2118816], [83.9769226, 28.2118797], [83.9768153, 28.2118903], [83.976704, 28.2119045], [83.9766128, 28.2118737], [83.9765431, 28.2118277], [83.9765042, 28.2117674], [83.9765029, 28.2117142], [83.9765927, 28.2116492], [83.9766852, 28.2115783], [83.9768223, 28.2115353], [83.9768797, 28.2114861], [83.9769146, 28.2114388], [83.9769333, 28.2113821], [83.9769271, 28.2113471], [83.9769199, 28.2113077], [83.9768274, 28.2112297], [83.9767188, 28.2111505], [83.9765565, 28.2110749], [83.9764117, 28.2110158], [83.9763231, 28.2109224], [83.9762199, 28.2108645], [83.9761367, 28.2107179], [83.9761448, 28.2105986], [83.9761501, 28.210445], [83.9760844, 28.2103161], [83.975931, 28.2103693], [83.9756834, 28.2104095], [83.9755329, 28.2104546], [83.9753643, 28.2103445], [83.975261, 28.2101968], [83.9751658, 28.2100514], [83.9750236, 28.2099427], [83.9748238, 28.2098647], [83.9747192, 28.2097512], [83.9746897, 28.2095598], [83.9746883, 28.2094664], [83.9745931, 28.20934], [83.9745395, 28.2092608], [83.9745355, 28.2091674], [83.9745475, 28.2090374], [83.9744992, 28.2089582], [83.9743812, 28.2089145], [83.9743101, 28.2088483], [83.974117, 28.2086285], [83.974113, 28.2085316], [83.9741049, 28.2085168], [83.974062, 28.2084382], [83.9740164, 28.2083342], [83.9739829, 28.2082692], [83.9739963, 28.2080151], [83.9739038, 28.2077752], [83.9738059, 28.2076003], [83.9736651, 28.207449], [83.9734049, 28.2073639], [83.9732359, 28.2073805], [83.9731562, 28.2073493], [83.973117, 28.207334], [83.9730696, 28.2072706], [83.9730602, 28.2070709], [83.9729784, 28.206877], [83.9728685, 28.2067411], [83.9726123, 28.2065367], [83.972564, 28.2064929], [83.9725386, 28.206279], [83.9724683, 28.2061533], [83.9723913, 28.2061024], [83.9721684, 28.2060557], [83.9720209, 28.2060899], [83.9717621, 28.2061195], [83.9715435, 28.2059966], [83.9713383, 28.205863], [83.9711747, 28.2058701], [83.9709131, 28.2058193], [83.9706463, 28.2057507], [83.9703338, 28.2057035], [83.9700763, 28.2056775], [83.969851, 28.2056574], [83.9696056, 28.2056243], [83.9691577, 28.2056054], [83.9690128, 28.2055935], [83.968923, 28.2054718], [83.9688505, 28.2053631], [83.9688747, 28.2051551], [83.968817, 28.2050097], [83.9686856, 28.2048903], [83.9686086, 28.2047177], [83.9685074, 28.2045061], [83.9684788, 28.2042174], [83.9684158, 28.2039982], [83.9684158, 28.2037694], [83.9686396, 28.2034999], [83.9687258, 28.2030832], [83.9686248, 28.2024161], [83.9685744, 28.2017807], [83.9688138, 28.201061], [83.9689189, 28.2008577], [83.9689404, 28.2007064], [83.9689082, 28.2005882], [83.9688277, 28.2005646], [83.968479, 28.2005835], [83.9682054, 28.2007159], [83.9679587, 28.2007301], [83.9677602, 28.2006639], [83.9676958, 28.2005977], [83.9676623, 28.200392], [83.9677908, 28.2001394], [83.9678889, 28.199898], [83.9679144, 28.1997491], [83.9678876, 28.1996226], [83.9678629, 28.1995851], [83.9678392, 28.199545]]}}, {"type": "Feature", "properties": {"waterway": "stream", "id": 233786447}, "geometry": {"type": "LineString", "coordinates": [[83.9450815, 28.1904021], [83.9452344, 28.1901852], [83.9453101, 28.1900806], [83.9452645, 28.1898832], [83.9451501, 28.189594], [83.9449963, 28.1892898], [83.9449507, 28.1890368], [83.9448662, 28.1888559], [83.9447965, 28.1887011], [83.9447491, 28.1886142], [83.9447509, 28.188551], [83.9447951, 28.1884127], [83.9448156, 28.188319], [83.9448908, 28.1880673], [83.9449024, 28.1880009], [83.9449024, 28.1879316], [83.9448876, 28.1878588], [83.944849, 28.1876409], [83.9448585, 28.1875562], [83.9448743, 28.1875013], [83.9449158, 28.1874411], [83.9450003, 28.1873813], [83.945168, 28.1872992], [83.9454496, 28.1872375], [83.9456952, 28.1871944], [83.9459196, 28.1871907], [83.9462153, 28.1871799]]}}, {"type": "Feature", "properties": {"name": "Phusre Khola", "waterway": "stream", "id": 233786451}, "geometry": {"type": "LineString", "coordinates": [[83.9103073, 28.1894966], [83.9103748, 28.1894382], [83.9104484, 28.1893859], [83.9105783, 28.1893324], [83.910802, 28.1893324], [83.9109539, 28.1893932], [83.9110395, 28.189493], [83.9110699, 28.1896463], [83.9110754, 28.189807], [83.9110947, 28.1903035], [83.9111168, 28.1905955], [83.9112024, 28.1907172], [83.9112797, 28.1907659], [83.9113377, 28.1907683], [83.9114409, 28.1907543], [83.9117236, 28.1906838], [83.911882, 28.1906268], [83.9123179, 28.1904391], [83.9131636, 28.1901363], [83.9133419, 28.1900049], [83.9134586, 28.1898449], [83.9135591, 28.1895735], [83.9137147, 28.1892134], [83.9138962, 28.188962], [83.9139643, 28.1888249], [83.9139675, 28.1886734], [83.9140194, 28.1880934], [83.9141199, 28.1878534], [83.9142625, 28.1876991], [83.9144538, 28.1875934], [83.9147066, 28.1875134], [83.9150243, 28.1873934], [83.9151864, 28.1873191], [83.9152902, 28.1871848], [83.9154296, 28.1869276], [83.915543, 28.1866733], [83.9156382, 28.1865373], [83.9159507, 28.1861774], [83.9162591, 28.1860521], [83.9166561, 28.1859458], [83.916957, 28.1859232], [83.9170111, 28.1859191], [83.9171372, 28.1859096], [83.9176646, 28.1858039], [83.9183137, 28.1856077], [83.9187787, 28.1854178], [83.9197997, 28.1848038], [83.9201672, 28.1846195], [83.9204926, 28.1844367], [83.9208011, 28.1842476], [83.9210022, 28.1841719], [83.9212383, 28.1841767], [83.9216906, 28.1842246], [83.9222307, 28.1843421], [83.922574, 28.1843942], [83.9230407, 28.1843209], [83.9232477, 28.1842981], [83.9234484, 28.1842759], [83.9238185, 28.1843421], [83.9241485, 28.1843942], [83.9245391, 28.1843334], [83.9249012, 28.1842246], [83.9252804, 28.1840703], [83.9254198, 28.1838244], [83.9259875, 28.1834468], [83.9265839, 28.1830962], [83.9268002, 28.1830851], [83.9271811, 28.183182], [83.9275915, 28.1832482], [83.9279965, 28.183227], [83.9284337, 28.1831939], [83.928837, 28.1830229], [83.9291266, 28.1829142], [83.9297399, 28.1829078], [83.9305204, 28.1829078], [83.931302, 28.1829473], [83.9317113, 28.1829811], [83.9321003, 28.1829125], [83.9322934, 28.1829125], [83.9327225, 28.1827943], [83.93309, 28.182695], [83.933951, 28.1825366], [83.9343167, 28.1824763], [83.93504, 28.1825201], [83.9355905, 28.1826187], [83.9359472, 28.1827198], [83.9362989, 28.1829946], [83.9373038, 28.1834374], [83.9380369, 28.1837771], [83.9383186, 28.1840419], [83.9385483, 28.1843854], [83.9387048, 28.184536], [83.9389184, 28.1851112], [83.9390982, 28.1854658], [83.9393941, 28.1857677], [83.9397991, 28.1860845], [83.9398769, 28.1862122], [83.9400191, 28.1864392], [83.9403561, 28.1865226], [83.9408148, 28.1863997], [83.9413414, 28.1862217], [83.9416141, 28.1861869], [83.942071, 28.1862689], [83.9424697, 28.186168], [83.9426279, 28.1861444], [83.9430705, 28.1862081], [83.9436472, 28.1860569], [83.9440575, 28.1859292], [83.9444286, 28.1858481], [83.9450607, 28.1858701], [83.9454094, 28.1859127], [83.9456061, 28.1860467], [83.9457724, 28.1863068], [83.945919, 28.1866645], [83.9461023, 28.1870326], [83.9462153, 28.1871799], [83.9462767, 28.1872619], [83.9465064, 28.1874281], [83.9468229, 28.1876787], [83.947025, 28.1877229], [83.9472021, 28.1877985], [83.9473996, 28.1878513], [83.9475765, 28.1878749], [83.9477268, 28.1879245], [83.9480004, 28.1879103], [83.9481837, 28.1876992], [83.9483169, 28.187525], [83.9484617, 28.1873997], [83.9485449, 28.1872673], [83.9486575, 28.1872129], [83.9487112, 28.1871325], [83.948747, 28.18712], [83.9486415, 28.1868583], [83.9486066, 28.1866881], [83.948502, 28.1865959], [83.94846, 28.1863493], [83.9484483, 28.1860852], [83.9485449, 28.1859245], [83.9487336, 28.1858529], [83.948909, 28.185928]]}}, {"type": "Feature", "properties": {"waterway": "stream", "id": 233786457}, "geometry": {"type": "LineString", "coordinates": [[83.9363059, 28.1900853], [83.9363247, 28.190038], [83.9363408, 28.1899907], [83.936381, 28.1898843], [83.9364052, 28.1898418], [83.9364213, 28.1897898], [83.9364427, 28.1897401], [83.9364561, 28.1896786], [83.9364561, 28.1895675], [83.9365634, 28.1893406], [83.9365849, 28.1892318], [83.9365849, 28.1891775], [83.9365312, 28.1890262], [83.9365151, 28.1888583], [83.9365178, 28.1888087], [83.9365339, 28.188759], [83.9365594, 28.1886669], [83.9366197, 28.188577], [83.9366881, 28.188538], [83.9367512, 28.1885107], [83.9367726, 28.1884694], [83.9368666, 28.188434], [83.9369229, 28.1883867], [83.9369564, 28.1883382], [83.9370073, 28.1883099], [83.9370556, 28.1882968], [83.9370972, 28.1882827], [83.9371573, 28.1882531], [83.937236, 28.1882039], [83.9372699, 28.1881443], [83.9373195, 28.1878606], [83.9373896, 28.1878146], [83.9373839, 28.1877968], [83.9374858, 28.187733], [83.9378515, 28.1876117], [83.9380195, 28.1875604], [83.9381081, 28.1874398], [83.9381188, 28.1873287], [83.9380563, 28.1871772], [83.9381755, 28.187087], [83.9382709, 28.1869706], [83.9383954, 28.1868309], [83.9384557, 28.1866346], [83.9386186, 28.1864508]]}}, {"type": "Feature", "properties": {"waterway": "stream", "id": 233787637}, "geometry": {"type": "LineString", "coordinates": [[83.9086506, 28.1817665], [83.9089668, 28.1818083], [83.9091671, 28.1818547], [83.9093252, 28.1818733], [83.9094886, 28.1818501], [83.9097205, 28.1817711], [83.9099155, 28.1817339], [83.9100684, 28.1817479], [83.9102317, 28.1817897], [83.910353, 28.1818873], [83.9104795, 28.1819569], [83.9106376, 28.1819709], [83.910822, 28.1819988], [83.9109643, 28.1820591], [83.9110487, 28.1821939], [83.911075, 28.1823239], [83.9111225, 28.1824262], [83.9112384, 28.1825051], [83.9113965, 28.1825841], [83.9115283, 28.1826213], [83.9117075, 28.1825888], [83.9119078, 28.1825191], [83.9120922, 28.182468], [83.9122451, 28.1824308], [83.9124401, 28.182468], [83.9125613, 28.1828954], [83.9125877, 28.1830254], [83.9126351, 28.1831695], [83.9127458, 28.1832995], [83.9128406, 28.1834296], [83.9129619, 28.1835504], [83.913062, 28.1837316], [83.9132148, 28.1838849], [83.9134204, 28.1839824], [83.913589, 28.1840475], [83.9137788, 28.1840939], [83.9139632, 28.1841311], [83.9142502, 28.1843216], [83.9146203, 28.1844894], [83.9149109, 28.1845526], [83.915315, 28.1846195], [83.9155296, 28.184759], [83.9158765, 28.1850041], [83.9160686, 28.1852566], [83.9163906, 28.1854871], [83.9165819, 28.1856755], [83.9170111, 28.1859191]]}}, {"type": "Feature", "properties": {"waterway": "stream", "id": 233787638}, "geometry": {"type": "LineString", "coordinates": [[83.9179151, 28.178597], [83.9180838, 28.1786389], [83.9182893, 28.1786249], [83.9184738, 28.1786342], [83.9186793, 28.1786993], [83.9193329, 28.1789919], [83.9196017, 28.1789966], [83.9199601, 28.1791081], [83.9202394, 28.1791871], [83.9204397, 28.1792196], [83.920661, 28.1791824], [83.9208824, 28.1791824], [83.9210932, 28.1792614], [83.9212303, 28.1793497], [83.921362, 28.1795169], [83.9215307, 28.1796145], [83.9216783, 28.1796749], [83.9218943, 28.1798421], [83.9222475, 28.1801673], [83.9224583, 28.180395], [83.922569, 28.1805158], [83.9226533, 28.1806737], [83.9226533, 28.1808456], [83.9226533, 28.1810128]]}}, {"type": "Feature", "properties": {"name": "Suraudi Khola", "waterway": "river", "id": 244131095}, "geometry": {"type": "LineString", "coordinates": [[83.9544384, 28.1394268], [83.9545228, 28.1393236], [83.9550357, 28.1391108], [83.9558189, 28.1390895], [83.9564841, 28.1390469], [83.9568704, 28.139078], [83.9573364, 28.1392456], [83.9575033, 28.1393852], [83.9575569, 28.1394395], [83.9579593, 28.1396216], [83.9583696, 28.139747], [83.9589409, 28.1399126], [83.9592254, 28.1400619], [83.9593862, 28.1403667], [83.9597156, 28.1408184], [83.9603571, 28.1409935], [83.9607134, 28.1408374], [83.9606897, 28.1402626], [83.9605417, 28.1397494], [83.9604022, 28.1392953], [83.960443, 28.138976], [83.9608614, 28.1388908], [83.96143, 28.1390422], [83.9618163, 28.1394963], [83.962063, 28.1400072], [83.962224, 28.1403667], [83.9625533, 28.1404069], [83.9631882, 28.1407262], [83.963891, 28.1410502], [83.9648257, 28.1412832], [83.9651744, 28.1417101], [83.9655392, 28.1421169], [83.9660027, 28.1422754], [83.9664211, 28.1424669], [83.9670326, 28.1426727], [83.9679639, 28.1430913], [83.9684703, 28.143543], [83.9687043, 28.1436687], [83.968951, 28.1436684], [83.9690396, 28.1434842], [83.9689859, 28.1432829], [83.9689055, 28.1429261], [83.9689773, 28.1428099], [83.9695217, 28.1424929], [83.9697395, 28.1420909], [83.9700748, 28.1417172], [83.9702974, 28.1416746], [83.9707213, 28.1419276], [83.9711396, 28.1420507], [83.9713078, 28.1420425], [83.971719, 28.1420223], [83.9724433, 28.1421479], [83.9732017, 28.1421997], [83.9741008, 28.1423061], [83.9750793, 28.1426727], [83.9763324, 28.1429778], [83.9781026, 28.1433089], [83.9791004, 28.1434886], [83.9794895, 28.1434653], [83.9798805, 28.1433349], [83.9801279, 28.1432359], [83.9803016, 28.1429754], [83.9801089, 28.1424102], [83.9799802, 28.141483], [83.979775, 28.1407345], [83.9796612, 28.1405086], [83.9795242, 28.1402961], [83.9795356, 28.14008], [83.9796978, 28.139867], [83.979978, 28.1396921], [83.9809211, 28.1399741], [83.9816882, 28.1402319], [83.9823105, 28.1404116], [83.9826302, 28.1401586], [83.9827826, 28.1394939], [83.9831345, 28.1386732], [83.9833383, 28.138134], [83.9836065, 28.1379164], [83.9840357, 28.1380488], [83.9845829, 28.1383421], [83.9850349, 28.1385248], [83.9853441, 28.1386543], [83.9856236, 28.1387394], [83.9861467, 28.1389399], [83.9864552, 28.1387613], [83.9866228, 28.1385455], [83.9867794, 28.1382534], [83.9867541, 28.1379867], [83.9866664, 28.1372517], [83.9867522, 28.1365989], [83.9873938, 28.1364594], [83.9880161, 28.1365729], [83.9886491, 28.1368094], [83.9894774, 28.1370909], [83.9902906, 28.1371973], [83.9906897, 28.1368828], [83.9906575, 28.1363435], [83.9901619, 28.1361661], [83.9897778, 28.1361164], [83.9896791, 28.1358444], [83.9900353, 28.1354731], [83.9899065, 28.1349432], [83.9897649, 28.1346996], [83.9898093, 28.1346469], [83.9900138, 28.134404], [83.9903979, 28.1345104], [83.9906728, 28.1347977], [83.9908936, 28.1350284], [83.9913093, 28.1355795], [83.9918243, 28.1358255], [83.9922347, 28.1357664], [83.9924707, 28.1354258], [83.9925968, 28.134974], [83.9929401, 28.1346144], [83.9936938, 28.1346121], [83.9944019, 28.1342242], [83.9947211, 28.1336684], [83.99511, 28.1333348], [83.9954936, 28.1332899], [83.9959576, 28.1335619], [83.9965664, 28.1338008], [83.9971377, 28.133912], [83.9971056, 28.1336281], [83.9969983, 28.1333254], [83.9971914, 28.1328807], [83.9979639, 28.1328145], [83.9985647, 28.1328712], [83.9992057, 28.1329209]]}}, {"type": "Feature", "properties": {"waterway": "stream", "id": 311900694}, "geometry": {"type": "LineString", "coordinates": [[83.9316974, 28.1986006], [83.9326081, 28.1982109], [83.9330587, 28.1982487], [83.9331284, 28.1981872], [83.9333162, 28.198329], [83.9336434, 28.1982534], [83.933697, 28.1983385], [83.9341369, 28.1983196], [83.9345446, 28.1984567], [83.9345929, 28.1985276], [83.9347324, 28.1985513], [83.9348182, 28.1985323], [83.9352313, 28.1986694], [83.9352796, 28.1986174], [83.9351723, 28.1985371], [83.9353332, 28.1985843], [83.9355853, 28.1984236], [83.9356121, 28.1983338], [83.9357087, 28.1983385], [83.9357141, 28.1982109], [83.9357838, 28.1981494], [83.9358428, 28.1980454], [83.9360788, 28.1979461], [83.9362237, 28.197913], [83.9364973, 28.1979035], [83.9366582, 28.1977097], [83.9369854, 28.1975679], [83.9374521, 28.1974875], [83.9376292, 28.1974166], [83.9379081, 28.1973031], [83.9380909, 28.1971134]]}}, {"type": "Feature", "properties": {"waterway": "stream", "id": 311900695}, "geometry": {"type": "LineString", "coordinates": [[83.9380909, 28.1971134], [83.9382085, 28.1970384], [83.9382675, 28.1969864], [83.9383104, 28.1966507], [83.9384285, 28.1964332], [83.9385143, 28.1963103], [83.9385321, 28.1961849], [83.9386162, 28.1960172], [83.9386377, 28.1958753], [83.9388415, 28.1956767], [83.9388536, 28.1952134], [83.9389086, 28.1950539], [83.9390689, 28.1949002], [83.9394262, 28.1947879], [83.9396837, 28.1947359], [83.9398822, 28.1945184], [83.9399734, 28.1944853], [83.9400592, 28.194386], [83.9403114, 28.1943435], [83.9403597, 28.1942678], [83.9405367, 28.1942584], [83.94088, 28.1939889], [83.9411321, 28.1938766], [83.9416606, 28.1936154], [83.9418724, 28.1934783], [83.9419824, 28.1933352], [83.942146, 28.193223], [83.9424464, 28.1931048], [83.9426288, 28.1930102], [83.9427057, 28.1929694], [83.9427696, 28.1929428], [83.9428058, 28.1928979], [83.9428836, 28.1926592], [83.9429306, 28.1925444], [83.9430901, 28.1919984], [83.9430257, 28.1919216], [83.9431411, 28.191626], [83.9433409, 28.1914357], [83.9435408, 28.1913057], [83.9437996, 28.1911296], [83.943943, 28.1910445], [83.9440316, 28.1909535], [83.944104, 28.1909157], [83.9441682, 28.190694], [83.9442305, 28.1905959], [83.9442971, 28.1905752], [83.9447799, 28.1905232], [83.9450815, 28.1904021]]}}, {"type": "Feature", "properties": {"waterway": "stream", "id": 311900696}, "geometry": {"type": "LineString", "coordinates": [[83.9316711, 28.1977564], [83.9319268, 28.197653], [83.9320716, 28.1976293], [83.9322487, 28.1975301], [83.9323559, 28.1975773], [83.9326134, 28.1975821], [83.9328387, 28.197705], [83.9331606, 28.1978043], [83.933402, 28.1977475], [83.9337078, 28.1978137], [83.9342764, 28.1977286], [83.934609, 28.1979745], [83.9349416, 28.1978988], [83.9352313, 28.1980737], [83.9357141, 28.1982109]]}}, {"type": "Feature", "properties": {"waterway": "stream", "id": 329942614}, "geometry": {"type": "LineString", "coordinates": [[83.9088764, 28.1648113], [83.9088927, 28.1645426], [83.9089363, 28.1643219], [83.9090288, 28.1641156], [83.9089199, 28.1637989], [83.908778, 28.1634445], [83.9085249, 28.1632718], [83.9084814, 28.1633054], [83.908378, 28.1632982], [83.9082882, 28.163207], [83.9082174, 28.1629863], [83.9082936, 28.162828], [83.9083589, 28.1626241], [83.9083834, 28.1624921], [83.9083616, 28.162401], [83.908212, 28.1622402], [83.908065, 28.1621059], [83.9078827, 28.1620003], [83.9077385, 28.161926], [83.9076732, 28.161842], [83.9076514, 28.1617173], [83.9076678, 28.1614989], [83.9076977, 28.161319], [83.9075916, 28.1610815], [83.9075535, 28.160964], [83.9075861, 28.1608176], [83.9076351, 28.1606785], [83.907714, 28.1604914], [83.9077766, 28.1602635], [83.9078392, 28.1598101], [83.9079018, 28.1596421], [83.9081576, 28.1593591], [83.9082528, 28.1592535], [83.908348, 28.1590928], [83.9083426, 28.1589296], [83.9082773, 28.1587401], [83.9081331, 28.1585386], [83.9078202, 28.1583491], [83.9074283, 28.1582531], [83.9067317, 28.1582075], [83.9065821, 28.1581931], [83.9061276, 28.1582483], [83.9059508, 28.1582339], [83.9056732, 28.15809], [83.9055671, 28.1579508], [83.9053195, 28.1574614], [83.9053902, 28.1572167], [83.9054474, 28.1570872], [83.9055644, 28.156936], [83.9056487, 28.1567393], [83.9057113, 28.1566217], [83.9057957, 28.1564226], [83.9058229, 28.1562595], [83.9057957, 28.1561035], [83.9055535, 28.1558828], [83.905344, 28.1556597], [83.9051508, 28.1555038], [83.9050924, 28.155496], [83.9047372, 28.1554486], [83.9044923, 28.1554798], [83.9043317, 28.1555302], [83.904144, 28.1555877], [83.903997, 28.1556405], [83.9038528, 28.1555614], [83.9037358, 28.1554294], [83.9034964, 28.1552183], [83.9033603, 28.1550743], [83.903227, 28.154988], [83.9030583, 28.1548512], [83.9029821, 28.1547313], [83.9029032, 28.1546113], [83.9028161, 28.1544938], [83.9026664, 28.1542658], [83.9024324, 28.1540355], [83.9023154, 28.1539324], [83.9022501, 28.1538844], [83.9020188, 28.1538604], [83.9018637, 28.1538964], [83.9016623, 28.1539515], [83.9013304, 28.1540835], [83.9006528, 28.1545705], [83.9003807, 28.1547577], [83.9002256, 28.1548656], [83.9000188, 28.1549208], [83.8998664, 28.1549184], [83.8997222, 28.1548656], [83.8992106, 28.1547433], [83.8989004, 28.1546593], [83.8987943, 28.1546257], [83.8986583, 28.1545993], [83.8985413, 28.1545729], [83.898397, 28.1545561], [83.8982365, 28.1545417], [83.8979617, 28.1545465], [83.8974365, 28.1546857], [83.8972324, 28.1547433], [83.8970882, 28.154832], [83.8969603, 28.1549184], [83.8968624, 28.1550072], [83.8967453, 28.1551487], [83.8964651, 28.1552975], [83.8962147, 28.1553958], [83.8959671, 28.1554414], [83.8956787, 28.1554822], [83.8954111, 28.1554281], [83.8951263, 28.1553399], [83.8948338, 28.1551364], [83.8946491, 28.1549667], [83.894526, 28.1547224], [83.8943336, 28.1545189], [83.8941488, 28.1543831], [83.8939641, 28.1543628], [83.8934947, 28.1544035], [83.8930098, 28.1549192], [83.8928097, 28.1551499], [83.8926019, 28.1552992], [83.8922632, 28.1553399], [83.8921478, 28.1553264], [83.8919246, 28.1552924], [83.8916706, 28.1552721], [83.8914859, 28.1553874], [83.8913935, 28.1555706], [83.8913628, 28.1557946], [83.8913397, 28.1559371], [83.8912088, 28.1560524], [83.8907624, 28.1561067], [83.8905162, 28.1561203], [83.8902622, 28.1561135], [83.8899004, 28.1561542], [83.8896388, 28.1560456], [83.8895156, 28.1558421], [83.8889769, 28.1549939], [83.8887999, 28.1545324], [83.8883227, 28.1542881], [83.887961, 28.1541321], [83.8869527, 28.1539149], [83.8853057, 28.1540167], [83.8846515, 28.1541049], [83.8840435, 28.1543153], [83.8839542, 28.1545762], [83.8836202, 28.1548581], [83.8834355, 28.1549803], [83.8831045, 28.1550889], [83.8828813, 28.1552246], [83.882789, 28.1553467], [83.882606, 28.1557886]]}}, {"type": "Feature", "properties": {"waterway": "stream", "id": 329942619}, "geometry": {"type": "LineString", "coordinates": [[83.9460011, 28.168899], [83.9461154, 28.1690429], [83.9461861, 28.1692204], [83.9462242, 28.1693739], [83.9462841, 28.169561], [83.9463766, 28.1697002], [83.9465072, 28.1697481], [83.9467467, 28.1697817], [83.9469263, 28.1698057], [83.9471059, 28.1698585], [83.9472419, 28.1699448], [83.9474215, 28.1700744], [83.9476501, 28.1700984], [83.9478623, 28.1700696], [83.9481834, 28.1702087], [83.9483605, 28.170551], [83.9487004, 28.1708947], [83.9488661, 28.1709689], [83.9489889, 28.1710914], [83.9490705, 28.1711874], [83.9492446, 28.171221], [83.9492543, 28.1713248], [83.9493012, 28.1713969], [83.9494351, 28.1714287], [83.9494843, 28.1714419]]}}, {"type": "Feature", "properties": {"waterway": "stream", "id": 329942628}, "geometry": {"type": "LineString", "coordinates": [[83.9332164, 28.1674241], [83.9333164, 28.1677905], [83.9335935, 28.168184], [83.9337397, 28.1682993], [83.9339706, 28.1684825], [83.93414, 28.1687064], [83.934439, 28.168924], [83.9345721, 28.169107], [83.9347559, 28.1692807], [83.9349019, 28.1693781], [83.9350327, 28.1695478], [83.9356715, 28.1696767], [83.9360179, 28.1698463], [83.9363334, 28.1699888], [83.9365258, 28.1700702], [83.9368645, 28.1701177], [83.9372108, 28.1702398], [83.9378305, 28.1704285], [83.9380252, 28.1704263], [83.9382575, 28.1703755], [83.9385192, 28.1702262], [83.9386502, 28.1702277], [83.9387307, 28.1702442], [83.9387732, 28.1703076], [83.9388194, 28.1705451], [83.9388809, 28.170769], [83.9390503, 28.1710336], [83.9392119, 28.1712371], [83.9393504, 28.1716035], [83.9395351, 28.1718613], [83.9396988, 28.1721678], [83.9401585, 28.1724923], [83.9405895, 28.1727298], [83.9410975, 28.1728655], [83.9413669, 28.1728451], [83.9419826, 28.1727094], [83.9422212, 28.1726687], [83.9426368, 28.1728248], [83.9429138, 28.1727976], [83.943314, 28.1728383], [83.9440606, 28.1730283], [83.94433, 28.1731504], [83.9445916, 28.173259], [83.9448225, 28.1733539], [83.9450858, 28.1735161], [83.9452997, 28.1735168], [83.9457298, 28.173466], [83.945793, 28.1735029], [83.9467928, 28.1739035], [83.9469248, 28.1740486], [83.9472844, 28.1741266], [83.9475898, 28.1741372]]}}, {"type": "Feature", "properties": {"waterway": "stream", "id": 329942636}, "geometry": {"type": "LineString", "coordinates": [[83.9220813, 28.1726498], [83.9221446, 28.1727613], [83.922192, 28.1729147], [83.9222078, 28.1731051], [83.922192, 28.1732631], [83.9222658, 28.1734211], [83.922329, 28.1735419], [83.9223923, 28.1737277], [83.9224819, 28.1739136], [83.9224766, 28.1740994], [83.9225293, 28.1742434], [83.9227032, 28.1743874], [83.9229773, 28.1745872], [83.9231565, 28.1748892], [83.9231881, 28.1751122], [83.9232461, 28.175247], [83.9233831, 28.1754607], [83.9234991, 28.1755675], [83.9236414, 28.1757069], [83.9236519, 28.1758184], [83.9236203, 28.17606], [83.9235623, 28.1764038], [83.9235729, 28.1765571], [83.923731, 28.1767941], [83.9239418, 28.1769288], [83.9241579, 28.1770728], [83.9243476, 28.1772029], [83.924511, 28.1773144], [83.9245795, 28.1774863], [83.9246164, 28.1776675], [83.924648, 28.1778673], [83.924764, 28.1780624], [83.9248747, 28.1783179], [83.9251435, 28.1786152], [83.9253596, 28.1787174], [83.9255388, 28.178736], [83.9256494, 28.1787453], [83.9258339, 28.178815], [83.9260026, 28.1789079], [83.9262081, 28.1789776], [83.9263557, 28.1789544], [83.9264347, 28.178973], [83.9268669, 28.1791727], [83.9269987, 28.1791449], [83.92722, 28.1792006], [83.9273571, 28.1792796], [83.9274994, 28.1793957], [83.9276417, 28.1795769], [83.9277471, 28.1797488], [83.9278472, 28.1799161], [83.9279158, 28.1800554], [83.9279421, 28.1802134], [83.9279158, 28.1804457], [83.9279685, 28.180678], [83.928116, 28.1809428], [83.9282267, 28.1813284], [83.928427, 28.1814817], [83.9285113, 28.1815467], [83.9286483, 28.1818951], [83.9286905, 28.1821181], [83.9286325, 28.1823737], [83.9286115, 28.1826803], [83.928837, 28.1830229]]}}, {"type": "Feature", "properties": {"waterway": "stream", "id": 329942639}, "geometry": {"type": "LineString", "coordinates": [[83.9117468, 28.1514275], [83.9116564, 28.1513647], [83.9115313, 28.151307], [83.9113255, 28.1513003], [83.9112158, 28.1513834], [83.9111696, 28.1515378], [83.9111638, 28.1516837], [83.911108, 28.1518329], [83.9107906, 28.1520772], [83.9106463, 28.1521638], [83.9103076, 28.1522791], [83.9100517, 28.152274], [83.9099632, 28.1522079], [83.9098766, 28.1521638], [83.9097862, 28.1521197], [83.9096592, 28.1521197], [83.9095514, 28.1521739], [83.9094764, 28.1522486], [83.9093725, 28.1523283], [83.9092628, 28.1524148], [83.9091474, 28.1524674], [83.909057, 28.1524454], [83.9088722, 28.1523215], [83.9086818, 28.1522045], [83.9085913, 28.1521078], [83.9085221, 28.1520433], [83.9083393, 28.1519619], [83.9082662, 28.1519432], [83.9081911, 28.1519602], [83.9079583, 28.1521604], [83.9078024, 28.1524114], [83.9076806, 28.1527113], [83.9076518, 28.1527978], [83.9076383, 28.1528657], [83.9076556, 28.1529759], [83.9076575, 28.153076], [83.9076633, 28.1531049], [83.9076787, 28.1531643], [83.907698, 28.1532304], [83.9077287, 28.1533118], [83.9077403, 28.1533848], [83.9077403, 28.153473], [83.907723, 28.1535901], [83.9076652, 28.1538242], [83.9075536, 28.153909], [83.9074574, 28.1539446], [83.9073247, 28.1539684], [83.9071534, 28.1539887], [83.9069957, 28.1540125], [83.9068706, 28.154043], [83.9066993, 28.1541787], [83.9066512, 28.1542805], [83.9066435, 28.1544077], [83.9066609, 28.1545078], [83.9067244, 28.1546147], [83.9067879, 28.1546792], [83.9069841, 28.1548895], [83.9069437, 28.1549964], [83.906886, 28.155088], [83.9068398, 28.155144], [83.9067686, 28.1552237], [83.9066147, 28.1553611], [83.9065127, 28.1553917], [83.9063992, 28.1553917], [83.9062895, 28.1553679], [83.9061067, 28.1553408], [83.9057392, 28.155373], [83.9056199, 28.1553985], [83.905516, 28.1554137], [83.9053833, 28.1554256], [83.9052813, 28.1554256], [83.9052043, 28.1554256], [83.9050924, 28.155496]]}}, {"type": "Feature", "properties": {"waterway": "stream", "id": 329942644}, "geometry": {"type": "LineString", "coordinates": [[83.9524666, 28.1669322], [83.9524339, 28.1670281], [83.9523196, 28.1672392], [83.9521945, 28.1674119], [83.9521999, 28.1676278], [83.9522271, 28.1677957], [83.9517917, 28.1682563], [83.9516448, 28.1683427], [83.9516121, 28.1685058], [83.9516775, 28.1687169], [83.9516176, 28.1688752], [83.9515142, 28.1689904], [83.9514434, 28.1691103], [83.9514979, 28.1692158], [83.9516176, 28.1693022], [83.9516394, 28.1693886], [83.9515033, 28.1694461], [83.9513237, 28.1694461], [83.951155, 28.1694653], [83.9510026, 28.1694653], [83.9508666, 28.1695037], [83.9507468, 28.1696188], [83.9506326, 28.1697436], [83.9505987, 28.1698628], [83.950589, 28.1698971], [83.9505455, 28.1700602], [83.9504747, 28.1701754], [83.9500699, 28.1706471], [83.9498625, 28.1709378], [83.9496094, 28.1711205], [83.9494897, 28.1712692], [83.9494843, 28.1714419], [83.9494605, 28.1717226], [83.9493801, 28.1720465], [83.9492645, 28.1725244], [83.9491966, 28.1727519], [83.9489679, 28.1729582], [83.9487169, 28.1729867], [83.9485373, 28.1730586], [83.9482979, 28.1731498], [83.948102, 28.1732121], [83.9479278, 28.1733177], [83.9478026, 28.173452], [83.9477767, 28.1736984], [83.9477921, 28.1739494], [83.947746, 28.174153], [83.9475898, 28.1741372], [83.9475612, 28.1743836], [83.9474381, 28.1746075], [83.9473842, 28.1748585], [83.9476026, 28.1750865], [83.9477404, 28.1752944], [83.947923, 28.1754488], [83.9480846, 28.1755709], [83.9482385, 28.1759101], [83.9483848, 28.1765343], [83.9483925, 28.1769142], [83.9484232, 28.1774841], [83.9486547, 28.1777689], [83.949058, 28.1781207], [83.9493818, 28.1786234], [83.9495315, 28.1788545], [83.9497085, 28.1789698], [83.9498827, 28.1791113], [83.9499681, 28.1792568], [83.9500333, 28.1795172], [83.950204, 28.1799684], [83.9502883, 28.1800949], [83.9504457, 28.1801775], [83.950786, 28.1802045], [83.950963, 28.1802317], [83.9512324, 28.1803131], [83.9517931, 28.1803701], [83.9519944, 28.1806523], [83.9522183, 28.1808798], [83.9523099, 28.1812086], [83.9523484, 28.1816292], [83.9523561, 28.1818734], [83.9523946, 28.1820702], [83.9524946, 28.1823008], [83.9526779, 28.1827523], [83.9525936, 28.1829837]]}}, {"type": "Feature", "properties": {"name": "Phusre Khola", "waterway": "stream", "id": 329942647}, "geometry": {"type": "LineString", "coordinates": [[83.9037001, 28.2023724], [83.9039386, 28.2022279], [83.9042591, 28.2020177], [83.9044045, 28.2018305], [83.904561, 28.2016926], [83.9046971, 28.2016196], [83.9048852, 28.2015185], [83.9051312, 28.201351], [83.9051573, 28.2012163], [83.9051722, 28.2010291], [83.9051722, 28.2009273], [83.9052355, 28.2007828], [83.9053064, 28.2007072], [83.9054591, 28.2005988], [83.9056679, 28.2004642], [83.9058877, 28.2003164], [83.9061523, 28.2000372], [83.9061784, 28.1999452], [83.9062231, 28.1998467], [83.90632, 28.1997974], [83.9064207, 28.1997777], [83.906525, 28.1997909], [83.9066592, 28.1997679], [83.9068194, 28.1996956], [83.9070095, 28.1995938], [83.907207, 28.1994526], [83.9073934, 28.1993113], [83.9077996, 28.1990322], [83.9079412, 28.1989303], [83.9081164, 28.1987858], [83.9082058, 28.1986512], [83.9082654, 28.1984738], [83.90834, 28.1982669], [83.9083176, 28.198037], [83.9083027, 28.1977545], [83.9082692, 28.1976461], [83.9082915, 28.1975443], [83.9083921, 28.1974425], [83.908489, 28.1973636], [83.9086418, 28.197298], [83.9088058, 28.1972224], [83.9090481, 28.1971304], [83.9092269, 28.1970516], [83.9094207, 28.1969465], [83.9095624, 28.1967297], [83.9096034, 28.1965622], [83.9095922, 28.1964374], [83.9095512, 28.1963323], [83.9095512, 28.1962272], [83.9096145, 28.1961451], [83.9097412, 28.1960071], [83.9098493, 28.1958725], [83.9099388, 28.1957247], [83.9100096, 28.1954947], [83.9100543, 28.1952977], [83.91014, 28.1951827], [83.9102891, 28.1950743], [83.910427, 28.1949791], [83.9104531, 28.1948838], [83.9104121, 28.1947754], [83.9102965, 28.1946867], [83.9101102, 28.1945028], [83.9100506, 28.1943747], [83.9100208, 28.1942236], [83.9100021, 28.1941053], [83.9099611, 28.1939477], [83.9099201, 28.1937637], [83.9099201, 28.1936127], [83.9099686, 28.1934714], [83.9101416, 28.1932441], [83.9101574, 28.1930629], [83.9101943, 28.1929607], [83.9102101, 28.1928492], [83.910131, 28.1927099], [83.9099624, 28.1926263], [83.9098148, 28.1924962], [83.9096883, 28.192329], [83.9095934, 28.1921385], [83.9095882, 28.1919527], [83.9097094, 28.1917901], [83.9098095, 28.1917111], [83.9098938, 28.1914231], [83.9098253, 28.191084], [83.9097463, 28.1908982], [83.9097832, 28.1907263], [83.9099149, 28.1905591], [83.9100572, 28.1902943], [83.9100847, 28.1898515], [83.9103073, 28.1894966]]}}, {"type": "Feature", "properties": {"name": "Harpan River", "waterway": "river", "id": 329946336}, "geometry": {"type": "LineString", "coordinates": [[83.8793202, 28.2422175], [83.8804379, 28.2422004], [83.881991, 28.242267], [83.8828493, 28.242396], [83.8835864, 28.2426195], [83.884074, 28.2428516], [83.8843669, 28.2430406], [83.8845724, 28.2431884], [83.8849869, 28.243327], [83.8855244, 28.2433135], [83.8858564, 28.2434674], [83.8860605, 28.2435626], [83.8863177, 28.2434827], [83.8865286, 28.2434954], [83.8867989, 28.2436051], [83.8870122, 28.2436244], [83.8875434, 28.2437591], [83.8880347, 28.2435867], [83.8884118, 28.2433361], [83.8888253, 28.2434618], [83.8891151, 28.2431235], [83.8893574, 28.2424989], [83.8904159, 28.240169], [83.8908139, 28.2399629], [83.8928924, 28.2390601], [83.8943844, 28.2382315], [83.8947836, 28.2380117], [83.8962329, 28.237597], [83.8996695, 28.2387336], [83.9011155, 28.2405131], [83.901292, 28.2402041], [83.9013914, 28.2399253], [83.9015765, 28.2397448], [83.9018598, 28.2393667], [83.9020448, 28.2390609], [83.9026707, 28.2375648], [83.9029828, 28.2366476], [83.9045525, 28.2355705], [83.9052847, 28.2355735], [83.9060327, 28.2347066], [83.9065405, 28.2342749], [83.9068619, 28.2336596], [83.9077308, 28.2319961], [83.9110694, 28.2302682], [83.9132724, 28.2278348], [83.9147845, 28.2273602], [83.9158462, 28.2280025], [83.9180995, 28.2301733], [83.9186811, 28.2313298], [83.9189949, 28.2313946], [83.9193633, 28.2310406], [83.9195012, 28.2305561], [83.9196134, 28.2300065], [83.9196156, 28.229272], [83.9196456, 28.2275648], [83.9193733, 28.2264807], [83.9193873, 28.2263138], [83.9193283, 28.2261672], [83.9192532, 28.2258223], [83.9192371, 28.2255623], [83.9192746, 28.2252976], [83.9193283, 28.2249762], [83.919398, 28.224754], [83.9194383, 28.2244019], [83.9195777, 28.2240167], [83.9196918, 28.2235957], [83.9198152, 28.2232766], [83.9198902, 28.2231207], [83.9199358, 28.2229812], [83.9200056, 28.2228276], [83.9200834, 28.2226693], [83.9203033, 28.222362], [83.9205795, 28.2220548], [83.9207512, 28.2217901], [83.9209739, 28.2213647], [83.9212811, 28.2208619], [83.9216471, 28.2207857], [83.9220011, 28.2207053], [83.9222452, 28.2205848], [83.9224383, 28.2205021], [83.9230667, 28.2205071], [83.9235828, 28.2204738], [83.9241618, 28.2201744], [83.9246778, 28.22013], [83.9249673, 28.2201411], [83.9251372, 28.2200469], [83.9253953, 28.2198417], [83.9303057, 28.2198011], [83.9311283, 28.2191444], [83.9315518, 28.2187336], [83.9316338, 28.2182727], [83.9312625, 28.2158642], [83.931452, 28.2148548], [83.9315875, 28.2143411], [83.931788, 28.2137988], [83.9321552, 28.2134338], [83.932628, 28.2133411], [83.9330521, 28.2133344], [83.9335088, 28.2134781], [83.9337407, 28.2140069], [83.9338588, 28.2145859], [83.9342898, 28.2152729], [83.935435, 28.2158486], [83.9387871, 28.2148824], [83.9417356, 28.2133735], [83.9431942, 28.2122546], [83.9443414, 28.2109734], [83.9473486, 28.2089711], [83.9542631, 28.206058], [83.955266, 28.204798], [83.9571161, 28.204511], [83.959547, 28.2045197], [83.9608261, 28.2040251], [83.9616452, 28.2027007], [83.9620787, 28.2020223], [83.9631493, 28.2017307], [83.9641196, 28.2017737], [83.9649489, 28.2004648], [83.967144, 28.1989496], [83.9688719, 28.197372], [83.9687032, 28.1967507], [83.9681523, 28.1963415], [83.9676733, 28.1953111]]}}, {"type": "Feature", "properties": {"waterway": "stream", "id": 345714699}, "geometry": {"type": "LineString", "coordinates": [[83.9635951, 28.1482003], [83.9632074, 28.1478421], [83.9631888, 28.1477103], [83.9631817, 28.1475285], [83.9633395, 28.1474793], [83.9635847, 28.147422], [83.963778, 28.1473585], [83.9642259, 28.1471412], [83.9645213, 28.1469844], [83.9647343, 28.1468379], [83.965047, 28.1465594], [83.9653469, 28.1463542], [83.9655891, 28.146265], [83.9659631, 28.1461355], [83.966297, 28.1460721], [83.966553, 28.1460127], [83.9666889, 28.1457817], [83.966755, 28.1455082], [83.966835, 28.1452116], [83.9670682, 28.1451824], [83.9673164, 28.1452096], [83.9677981, 28.1453015], [83.9680857, 28.1453582], [83.9683159, 28.1454403], [83.9685202, 28.1454389], [83.9686743, 28.1453722], [83.9687367, 28.1452973], [83.9686711, 28.1451054], [83.9685779, 28.1449514], [83.968648, 28.1447661], [83.9689282, 28.1446385], [83.9691617, 28.1444902], [83.9692411, 28.1443626], [83.9692037, 28.1442391], [83.9691804, 28.1441238], [83.9690916, 28.1439385], [83.9689936, 28.1437902], [83.968951, 28.1436684]]}}, {"type": "Feature", "properties": {"waterway": "stream", "id": 345714700}, "geometry": {"type": "LineString", "coordinates": [[83.9691804, 28.1441238], [83.9694003, 28.1441481], [83.9695773, 28.1442292], [83.9697295, 28.1442979], [83.9698958, 28.144173], [83.9699454, 28.144042], [83.9699454, 28.1439203], [83.9697684, 28.1437892], [83.9696622, 28.1437143], [83.9697365, 28.14363], [83.9700409, 28.1435957], [83.9702887, 28.1435645], [83.9703984, 28.1434802], [83.9703878, 28.1432462], [83.9703347, 28.1430496], [83.9703453, 28.1428842], [83.970455, 28.1427781], [83.9706284, 28.1427687], [83.9707558, 28.1428467], [83.970908, 28.1429591], [83.9711062, 28.1429528], [83.9711699, 28.1428342], [83.9711062, 28.1427156], [83.9709965, 28.1426595], [83.9709009, 28.1425253], [83.9709045, 28.1424098], [83.9710107, 28.14226], [83.9711735, 28.1421758], [83.9712442, 28.1420884], [83.9713078, 28.1420425]]}}, {"type": "Feature", "properties": {"waterway": "stream", "id": 363985631}, "geometry": {"type": "LineString", "coordinates": [[83.9676103, 28.2132645], [83.9677866, 28.2129904], [83.9678939, 28.2128462], [83.9680226, 28.2127091], [83.9681245, 28.2125106], [83.9682908, 28.2124444], [83.9684544, 28.2123369], [83.9684973, 28.2123144]]}}, {"type": "Feature", "properties": {"waterway": "stream", "id": 384316947}, "geometry": {"type": "LineString", "coordinates": [[83.9686409, 28.2121596], [83.9686811, 28.2119634], [83.9686855, 28.2118727], [83.9686516, 28.2117767], [83.9685805, 28.2117119], [83.9685571, 28.2116745], [83.9685535, 28.2116528], [83.9684895, 28.2116083], [83.9684747, 28.2115103], [83.9685366, 28.2113818], [83.968635, 28.2112476], [83.968778, 28.2111235], [83.9688073, 28.2111126], [83.9688741, 28.2110978], [83.9689294, 28.2111039], [83.9690312, 28.2110858], [83.9692182, 28.2110365], [83.9693087, 28.2110089], [83.9693883, 28.2109624], [83.9694233, 28.2109329], [83.969428, 28.2109033], [83.9693988, 28.2108475], [83.9692723, 28.2106591], [83.9692697, 28.2106251], [83.9692596, 28.21056], [83.9691683, 28.2105136], [83.9690449, 28.2104545], [83.9689538, 28.2103576], [83.9689437, 28.2102982], [83.9689256, 28.2102217], [83.9689698, 28.2101487], [83.9689913, 28.2100896], [83.9689623, 28.2100107], [83.9689417, 28.2099813], [83.9689266, 28.2099379], [83.9689175, 28.2099189], [83.9688796, 28.2098724], [83.9688588, 28.209821], [83.968836, 28.2096534], [83.9688315, 28.209629], [83.9687946, 28.2095183], [83.9687761, 28.2094524], [83.9687357, 28.2093137], [83.9687163, 28.2092289], [83.9687088, 28.2091533], [83.9687076, 28.2090744], [83.9687049, 28.2089997]]}}, {"type": "Feature", "properties": {"waterway": "stream", "id": 392553342}, "geometry": {"type": "LineString", "coordinates": [[83.9365096, 28.1508604], [83.9370031, 28.1506925], [83.937537, 28.1505104], [83.9381726, 28.1502809], [83.9386199, 28.1500492], [83.9391377, 28.1498813], [83.9393769, 28.1497583], [83.9396022, 28.1494438], [83.9396773, 28.1491056], [83.9397519, 28.1487863], [83.9398973, 28.1484127]]}}, {"type": "Feature", "properties": {"name": "Phirke Khola", "waterway": "stream", "id": 414821819}, "geometry": {"type": "LineString", "coordinates": [[83.9827069, 28.2222021], [83.9826103, 28.2222021], [83.9822697, 28.2220201], [83.9822348, 28.2218523], [83.9823314, 28.2216585], [83.9824628, 28.2215923], [83.9826291, 28.2215073], [83.9827605, 28.221434], [83.9827297, 28.2213383], [83.9823676, 28.2209483], [83.9820269, 28.2206765], [83.9818553, 28.2204945], [83.9817802, 28.2203386], [83.9818043, 28.2200573], [83.9818553, 28.2197997], [83.9818874, 28.2196579], [83.9816702, 28.2193625], [83.9815388, 28.2191049], [83.9814172, 28.2188718], [83.9812786, 28.2188247], [83.9810157, 28.2187693], [83.9808694, 28.2187515], [83.9808937, 28.2185625], [83.981054, 28.2182519], [83.9810754, 28.2180614], [83.9811146, 28.2178911], [83.9812463, 28.217586], [83.9811901, 28.2174528], [83.981119, 28.2173595], [83.9810332, 28.2172637], [83.9809446, 28.2171952], [83.980883, 28.2171858], [83.9807887, 28.2171877], [83.9803287, 28.2172776], [83.9800525, 28.2170814], [83.9797038, 28.2164314], [83.9797843, 28.2161502], [83.9797521, 28.2154801], [83.9795026, 28.2147994], [83.9795103, 28.21472], [83.9791, 28.2143229], [83.9790343, 28.2141811], [83.9788894, 28.2140913], [83.9788022, 28.2140877], [83.9785984, 28.2140582], [83.9783744, 28.2139991], [83.9782978, 28.2139575], [83.978239, 28.2139034], [83.978235, 28.2137769], [83.9782443, 28.2136174], [83.9782859, 28.2134945], [83.9783616, 28.2132012]]}}, {"type": "Feature", "properties": {"name": "Kulo", "waterway": "canal", "id": 418242128}, "geometry": {"type": "LineString", "coordinates": [[83.9771579, 28.2146593], [83.9777678, 28.2147646], [83.977905, 28.2147748], [83.9780099, 28.2147953], [83.9781326, 28.2149658]]}}, {"type": "Feature", "properties": {"waterway": "stream", "id": 420468750}, "geometry": {"type": "LineString", "coordinates": [[83.9474582, 28.194256], [83.9473509, 28.1941874], [83.9473456, 28.1940952], [83.9473415, 28.1939664], [83.9473053, 28.1938955], [83.9472932, 28.1938033], [83.9472383, 28.1937596], [83.9471833, 28.1936638], [83.947139, 28.193574], [83.9470881, 28.1935208], [83.9469942, 28.193483], [83.9469821, 28.1934073], [83.9469566, 28.1933329], [83.9468775, 28.193327], [83.9468467, 28.1932702], [83.9467984, 28.1932064], [83.9467675, 28.1931958], [83.9467401, 28.1931218], [83.9467965, 28.1929493], [83.9466704, 28.1928642], [83.9465296, 28.1928417], [83.9464491, 28.1925001], [83.9463002, 28.1923642], [83.9460535, 28.1923701], [83.9459636, 28.192246], [83.9458537, 28.1919966], [83.9457088, 28.1917306], [83.9457032, 28.1915536], [83.9454686, 28.1913896], [83.945339, 28.1910589], [83.9452046, 28.1909528], [83.9449283, 28.1910001], [83.9448143, 28.1909576], [83.9448934, 28.1908122], [83.9450718, 28.1905598], [83.9450815, 28.1904021]]}}, {"type": "Feature", "properties": {"waterway": "stream", "id": 420468751}, "geometry": {"type": "LineString", "coordinates": [[83.9437866, 28.1941834], [83.9438592, 28.1938635], [83.9439115, 28.1937868], [83.9438964, 28.1935974], [83.9438271, 28.1931698], [83.9439082, 28.1928314], [83.9440658, 28.1926449], [83.9444427, 28.1923506], [83.9445339, 28.1919428], [83.9451347, 28.191548], [83.9454686, 28.1913896]]}}, {"type": "Feature", "properties": {"waterway": "river", "id": 421584453}, "geometry": {"type": "LineString", "coordinates": [[83.9591804, 28.1898922], [83.9589671, 28.1894181]]}}, {"type": "Feature", "properties": {"waterway": "canal", "id": 421584454}, "geometry": {"type": "LineString", "coordinates": [[83.9589671, 28.1894181], [83.9588422, 28.1891448]]}}, {"type": "Feature", "properties": {"waterway": "canal", "id": 421966219}, "geometry": {"type": "LineString", "coordinates": [[83.9733345, 28.1880787], [83.9740949, 28.1873754]]}}, {"type": "Feature", "properties": {"waterway": "river", "id": 421966221}, "geometry": {"type": "LineString", "coordinates": [[83.9771491, 28.1744868], [83.9776662, 28.1745209]]}}, {"type": "Feature", "properties": {"waterway": "canal", "id": 421966222}, "geometry": {"type": "LineString", "coordinates": [[83.9740949, 28.1873754], [83.9743363, 28.1870964], [83.9744811, 28.1870492], [83.9749961, 28.1872383], [83.9754601, 28.1872089]]}}, {"type": "Feature", "properties": {"name": "Phusre Khola", "waterway": "river", "id": 421966223}, "geometry": {"type": "LineString", "coordinates": [[83.9586236, 28.1850778], [83.9591799, 28.1845578], [83.9595216, 28.1842424], [83.9597512, 28.1840216], [83.9600768, 28.1838849], [83.9606369, 28.1836986], [83.9610408, 28.1835705], [83.96139, 28.1832924], [83.9617441, 28.1829998], [83.9618723, 28.1824182], [83.9616293, 28.1818569], [83.9614217, 28.1809656], [83.9613363, 28.1807173], [83.9612021, 28.1805623], [83.9611875, 28.1803886], [83.9613287, 28.1802218], [83.9617736, 28.1799996], [83.9624414, 28.1798343], [83.9630422, 28.179729], [83.9635315, 28.1800061], [83.9637865, 28.1802066], [83.964138, 28.1801456], [83.9644657, 28.1800889], [83.9648184, 28.1801485], [83.9651634, 28.1803332], [83.9654998, 28.1803852], [83.9658372, 28.1803277], [83.9662146, 28.1802222], [83.9667072, 28.1799731], [83.9672598, 28.1796385], [83.9674517, 28.1794914], [83.967669, 28.1794737], [83.9679569, 28.1797517], [83.9687859, 28.1798097], [83.9691062, 28.179599], [83.9695799, 28.1791366], [83.9700418, 28.1789763], [83.9705755, 28.1788632], [83.9709934, 28.1788094], [83.9713143, 28.17871], [83.9716725, 28.1786287], [83.972048, 28.1785254], [83.972062, 28.1783526], [83.9722036, 28.1778504], [83.9722573, 28.1773264], [83.9723104, 28.1767358], [83.9727599, 28.1759239], [83.9731306, 28.1757924], [83.9736316, 28.1754515], [83.9738677, 28.1750685], [83.9744244, 28.1745298], [83.9753333, 28.1746434], [83.9757603, 28.1745156], [83.9762715, 28.1745889], [83.9764957, 28.1744906], [83.9767581, 28.1744528], [83.9771491, 28.1744868]]}}, {"type": "Feature", "properties": {"waterway": "stream", "id": 467098552}, "geometry": {"type": "LineString", "coordinates": [[83.9684973, 28.2123144], [83.9686409, 28.2121596]]}}, {"type": "Feature", "properties": {"waterway": "stream", "id": 467098554}, "geometry": {"type": "LineString", "coordinates": [[83.9687049, 28.2089997], [83.9686981, 28.2089408]]}}, {"type": "Feature", "properties": {"waterway": "stream", "id": 467098556}, "geometry": {"type": "LineString", "coordinates": [[83.9686981, 28.2089408], [83.9686853, 28.2088839], [83.9686818, 28.2088035], [83.9687073, 28.2086968], [83.9687501, 28.2086201], [83.9688119, 28.2084971], [83.968879, 28.2083659], [83.9689031, 28.2082855], [83.9689138, 28.2081911], [83.9689071, 28.2081035], [83.9688991, 28.2079747], [83.9689018, 28.2078731], [83.9689246, 28.207814], [83.9689729, 28.2077076], [83.9690091, 28.2076225], [83.9690574, 28.2074937], [83.9690694, 28.2073779], [83.9690828, 28.2071663], [83.9690721, 28.2070481], [83.9690855, 28.2067905], [83.9691056, 28.2066924], [83.9690882, 28.20656], [83.9691418, 28.2064844], [83.9691284, 28.206384], [83.9690936, 28.2062551], [83.9690413, 28.2061771], [83.9689796, 28.2060956], [83.9688803, 28.2059632], [83.9688119, 28.2058888], [83.9687771, 28.2058308], [83.9687905, 28.2057221], [83.968816, 28.2056666], [83.9688388, 28.2055366], [83.968824, 28.2054408], [83.9688505, 28.2053631]]}}, {"type": "Feature", "properties": {"waterway": "stream", "id": 467098884}, "geometry": {"type": "LineString", "coordinates": [[83.9694714, 28.2196656], [83.9693842, 28.219603]]}}, {"type": "Feature", "properties": {"waterway": "stream", "id": 467098885}, "geometry": {"type": "LineString", "coordinates": [[83.9693842, 28.219603], [83.9693384, 28.2195939], [83.9692448, 28.2195664], [83.9691467, 28.21949], [83.969053, 28.219355], [83.9689361, 28.2191744], [83.9689122, 28.218919], [83.9688867, 28.2188254], [83.9687874, 28.218757], [83.9686612, 28.2186734], [83.9686225, 28.2185964], [83.9686909, 28.2183752], [83.9686786, 28.2183177], [83.9685946, 28.2181712], [83.9684994, 28.2180932], [83.9683919, 28.2179263], [83.968306, 28.217671], [83.9681521, 28.2174881], [83.9679804, 28.2172801], [83.9679804, 28.2171383], [83.9682686, 28.2168941], [83.9684027, 28.2166672], [83.9685422, 28.2164828], [83.9685313, 28.2163475], [83.968424, 28.2160923], [83.9683774, 28.2159188], [83.9682953, 28.2156857], [83.9683345, 28.2153893], [83.968313, 28.2152003], [83.9681843, 28.2148316], [83.9679949, 28.2147214], [83.9677551, 28.2145196], [83.967562, 28.2143778], [83.9674762, 28.2142927], [83.9675834, 28.214132], [83.967437, 28.2139935], [83.9675336, 28.2138138], [83.9675014, 28.2135869], [83.9675255, 28.2134192]]}}, {"type": "Feature", "properties": {"waterway": "canal", "id": 479791830}, "geometry": {"type": "LineString", "coordinates": [[83.972636, 28.1888256], [83.9725683, 28.188905]]}}, {"type": "Feature", "properties": {"waterway": "canal", "id": 479791831}, "geometry": {"type": "LineString", "coordinates": [[83.972636, 28.1888256], [83.9726666, 28.1887867], [83.9727039, 28.188664], [83.9728611, 28.1884345], [83.9733345, 28.1880787]]}}, {"type": "Feature", "properties": {"name": "Pumping Pipeline", "waterway": "canal", "id": 564502938}, "geometry": {"type": "LineString", "coordinates": [[83.9823925, 28.1722358], [83.9826167, 28.172137], [83.9828922, 28.1719764], [83.9831957, 28.1718447], [83.9834292, 28.1717253], [83.983602, 28.1716553], [83.9839149, 28.1710952], [83.9840694, 28.170529], [83.9839728, 28.1698033], [83.9839556, 28.1692101], [83.9839991, 28.168845]]}}, {"type": "Feature", "properties": {"waterway": "canal", "id": 572778022}, "geometry": {"type": "LineString", "coordinates": [[83.9811929, 28.1841926], [83.9812495, 28.1841503], [83.9812831, 28.1841296], [83.9816399, 28.1838625], [83.9817418, 28.1838004]]}}, {"type": "Feature", "properties": {"waterway": "canal", "id": 572778023}, "geometry": {"type": "LineString", "coordinates": [[83.9817418, 28.1838004], [83.9817821, 28.1837724]]}}, {"type": "Feature", "properties": {"waterway": "canal", "id": 572778037}, "geometry": {"type": "LineString", "coordinates": [[83.9802934, 28.1850487], [83.9803953, 28.1849122], [83.9804624, 28.1847727], [83.9804967, 28.1846663], [83.9805616, 28.1845292], [83.9806395, 28.1844563]]}}, {"type": "Feature", "properties": {"waterway": "canal", "id": 572778038}, "geometry": {"type": "LineString", "coordinates": [[83.9806395, 28.1844563], [83.980679, 28.1844287]]}}, {"type": "Feature", "properties": {"waterway": "canal", "id": 572778039}, "geometry": {"type": "LineString", "coordinates": [[83.9788576, 28.1861612], [83.9789327, 28.1860896], [83.9790314, 28.1860328], [83.9791065, 28.1859595], [83.9792326, 28.1858933], [83.9793157, 28.1858058], [83.979372, 28.1857184], [83.9794847, 28.1856025], [83.9796054, 28.1855079], [83.9797341, 28.1854205], [83.9798709, 28.1853566], [83.9800479, 28.1852526], [83.9801874, 28.1851675], [83.9802572, 28.18511]]}}, {"type": "Feature", "properties": {"waterway": "canal", "id": 572778040}, "geometry": {"type": "LineString", "coordinates": [[83.9802572, 28.18511], [83.9802934, 28.1850487]]}}, {"type": "Feature", "properties": {"name": "Firke Khola", "waterway": "stream", "id": 577718458}, "geometry": {"type": "LineString", "coordinates": [[83.9773042, 28.2124852], [83.9771623, 28.2122878]]}}, {"type": "Feature", "properties": {"waterway": "stream", "id": 584864594}, "geometry": {"type": "LineString", "coordinates": [[83.9178979, 28.1876621], [83.9174527, 28.1870238], [83.9173268, 28.1868341], [83.917002, 28.1865533], [83.916957, 28.1859232]]}}, {"type": "Feature", "properties": {"waterway": "canal", "id": 755105466}, "geometry": {"type": "LineString", "coordinates": [[83.9807162, 28.168025], [83.9804913, 28.168037], [83.9805332, 28.1681374], [83.9805414, 28.1681908], [83.9805671, 28.1682523], [83.9805805, 28.1682872], [83.9806095, 28.1683216], [83.980638, 28.1683703], [83.98067, 28.1684016], [83.9806878, 28.168444], [83.9807195, 28.1684725], [83.9807582, 28.1685031], [83.9807987, 28.1685542], [83.9808276, 28.1685985], [83.9808658, 28.1686573], [83.9809583, 28.1687891]]}}, {"type": "Feature", "properties": {"waterway": "canal", "id": 755105467}, "geometry": {"type": "LineString", "coordinates": [[83.9809583, 28.1687891], [83.9809991, 28.1688512], [83.9810606, 28.1689344], [83.9811021, 28.1689733], [83.9811709, 28.1690055], [83.9812175, 28.1690495], [83.9812585, 28.1690906], [83.9812829, 28.1691385], [83.9813019, 28.1691789], [83.9813371, 28.169164], [83.9814076, 28.1691621], [83.9814493, 28.1691648], [83.9814593, 28.1691709], [83.9814281, 28.1692661], [83.9814045, 28.1693395], [83.9813945, 28.169364], [83.9813797, 28.1694052], [83.9813719, 28.1694649]]}}, {"type": "Feature", "properties": {"waterway": "canal", "id": 755105468}, "geometry": {"type": "LineString", "coordinates": [[83.9814593, 28.1691709], [83.9814929, 28.1691524], [83.9815533, 28.1691417], [83.9815915, 28.1691361], [83.9816552, 28.1691435], [83.9817028, 28.1691616], [83.9817506, 28.1691753], [83.9817973, 28.1692015], [83.9818404, 28.1692181], [83.9819037, 28.1692282], [83.9820244, 28.1692325], [83.9821073, 28.1692346], [83.9821942, 28.1692497], [83.9821856, 28.169441]]}}, {"type": "Feature", "properties": {"name": "Phirke Khola", "waterway": "stream", "id": 901482955}, "geometry": {"type": "LineString", "coordinates": [[83.9783616, 28.2132012], [83.9783619, 28.213155]]}}, {"type": "Feature", "properties": {"name": "Phirke Khola", "waterway": "stream", "id": 901482956}, "geometry": {"type": "LineString", "coordinates": [[83.9783619, 28.213155], [83.978302, 28.2130348], [83.9782658, 28.2129887], [83.9782068, 28.212971], [83.9780271, 28.2130182], [83.9779453, 28.2130726], [83.9778192, 28.2131388], [83.9777455, 28.2131766], [83.9776771, 28.213199], [83.977665, 28.2132073], [83.9776462, 28.2132156], [83.9775336, 28.2132262], [83.9774464, 28.213225], [83.9773793, 28.213127], [83.9773579, 28.213108], [83.9772922, 28.2130702], [83.9771835, 28.213017], [83.9771513, 28.2129615], [83.9770986, 28.2129095], [83.9770548, 28.2128587], [83.9770087, 28.2127854], [83.9769998, 28.21275], [83.9770213, 28.2126873], [83.9770485, 28.2126444], [83.977268, 28.2125727], [83.9773074, 28.2125416], [83.9773042, 28.2124852]]}}, {"type": "Feature", "properties": {"waterway": "stream", "id": 1008404946}, "geometry": {"type": "LineString", "coordinates": [[83.9780411, 28.1786237], [83.9780948, 28.1784227], [83.9780867, 28.1782147], [83.9781001, 28.1780161], [83.9780384, 28.1778458], [83.9780706, 28.1776638], [83.9780277, 28.1775125], [83.9780431, 28.1774368], [83.9780156, 28.1773936], [83.978084, 28.1773115], [83.9781169, 28.1772311], [83.9782543, 28.1771046], [83.9783898, 28.1770573], [83.9785025, 28.1770538], [83.9786205, 28.1770171], [83.9787586, 28.1768918], [83.9787546, 28.1767937], [83.9789021, 28.1766885], [83.979055, 28.1766128], [83.9791247, 28.1765171], [83.9791368, 28.1764875], [83.9792106, 28.1764698], [83.9792883, 28.1764308], [83.979287, 28.1763208], [83.9794426, 28.1762428], [83.9795002, 28.1761719], [83.9795324, 28.1760442], [83.9795887, 28.1759047], [83.979755, 28.1758066], [83.9797872, 28.1757309], [83.979633, 28.1756162], [83.9795284, 28.1755524], [83.979456, 28.1755181], [83.9793836, 28.1754779], [83.9793929, 28.175381], [83.9793527, 28.1753219], [83.9793929, 28.1752438], [83.979338, 28.1750582], [83.9794305, 28.1748821], [83.9795191, 28.174816]]}}, {"type": "Feature", "properties": {"waterway": "stream", "id": 1008920271}, "geometry": {"type": "LineString", "coordinates": [[83.9735712, 28.1721819], [83.9739776, 28.1721145], [83.9743705, 28.1721323], [83.9746253, 28.1721535], [83.9749525, 28.1723084], [83.9751711, 28.1724562], [83.9755829, 28.1725118], [83.9757358, 28.1725874], [83.9759248, 28.1726052], [83.9760751, 28.1726714], [83.9761703, 28.1727577], [83.9761569, 28.1728641], [83.9761622, 28.1729326], [83.9762548, 28.1731076], [83.9762695, 28.1731844], [83.9762078, 28.1732707], [83.9761958, 28.1734516], [83.9762668, 28.173493], [83.9762615, 28.1736514], [83.9762481, 28.1736881], [83.9762306, 28.1738489], [83.9763366, 28.174174], [83.9767581, 28.1744528]]}}, {"type": "Feature", "properties": {"waterway": "stream", "id": 1008920300}, "geometry": {"type": "LineString", "coordinates": [[83.9714268, 28.1798543], [83.9715824, 28.1796545], [83.9717191, 28.1794169], [83.9717822, 28.1792254], [83.9718331, 28.1790221], [83.9718908, 28.1788755], [83.9719377, 28.1788057], [83.9719592, 28.1787017], [83.9720263, 28.1786154], [83.972048, 28.1785254]]}}, {"type": "Feature", "properties": {"name": "Mausuli Khola", "waterway": "river", "id": 1030014915}, "geometry": {"type": "LineString", "coordinates": [[83.9472848, 28.1456562], [83.9472789, 28.1456483], [83.9474022, 28.1456152], [83.94759, 28.1455962], [83.9477482, 28.1456199], [83.947871, 28.1456976]]}}, {"type": "Feature", "properties": {"name": "Mausuli Khola", "waterway": "river", "id": 1030014916}, "geometry": {"type": "LineString", "coordinates": [[83.9494267, 28.1440184], [83.9496312, 28.1437136], [83.9498672, 28.1433329], [83.9500362, 28.1431011], [83.9501732, 28.1428627]]}}, {"type": "Feature", "properties": {"name": "Mausuli Khola", "waterway": "river", "id": 1030014917}, "geometry": {"type": "LineString", "coordinates": [[83.9487191, 28.1453665], [83.9491564, 28.1451421], [83.9493066, 28.1450381], [83.9494702, 28.1448773], [83.9495319, 28.1447708], [83.9495078, 28.1447022], [83.9494434, 28.1446053], [83.9493924, 28.1445107], [83.9493898, 28.1443972], [83.9494219, 28.1442836], [83.9494702, 28.1441938], [83.9495534, 28.144085], [83.9497465, 28.1440258], [83.9498994, 28.1439407], [83.9500254, 28.1438603], [83.9500791, 28.1437728], [83.9501053, 28.1436098]]}}, {"type": "Feature", "properties": {"waterway": "stream", "id": 1030295637}, "geometry": {"type": "LineString", "coordinates": [[83.9225087, 28.1865509], [83.9228252, 28.1861916], [83.922978, 28.1860497], [83.9231336, 28.185915], [83.9231524, 28.1855722], [83.9231604, 28.1855273], [83.9232329, 28.1853712], [83.9232275, 28.1851419], [83.9232007, 28.1848369], [83.9232919, 28.1847589], [83.9235145, 28.1847376], [83.9236915, 28.1846998], [83.923957, 28.1845579], [83.9241485, 28.1843942]]}}, {"type": "Feature", "properties": {"waterway": "stream", "id": 1031366317}, "geometry": {"type": "LineString", "coordinates": [[83.9647132, 28.1504598], [83.9647977, 28.1502257], [83.964732, 28.1500495], [83.9646743, 28.1499502], [83.9644893, 28.1498899], [83.9642733, 28.1497846], [83.9641365, 28.1496498], [83.9641218, 28.1493944], [83.9641862, 28.1491686], [83.964213, 28.1490444], [83.9641285, 28.1488552], [83.9640842, 28.1485797], [83.9639099, 28.1483657], [83.9635951, 28.1482003]]}}, {"type": "Feature", "properties": {"waterway": "stream", "id": 1033193686}, "geometry": {"type": "LineString", "coordinates": [[83.9087757, 28.1913524], [83.9089072, 28.1912247], [83.908934, 28.1910191], [83.9088562, 28.1906834], [83.9089072, 28.1904635], [83.9090547, 28.1902366], [83.9090896, 28.1900309], [83.9090842, 28.1898016], [83.9091378, 28.1896314], [83.9095724, 28.1896195], [83.9098942, 28.1896195], [83.9100686, 28.1894635], [83.9103073, 28.1894966]]}}, {"type": "Feature", "properties": {"waterway": "stream", "id": 1034067326}, "geometry": {"type": "LineString", "coordinates": [[83.8801753, 28.2075684], [83.8807896, 28.2074715], [83.881098, 28.2074431], [83.8816157, 28.2073628], [83.8821816, 28.2073131], [83.8827181, 28.2071548], [83.8830721, 28.2071619], [83.8833457, 28.2068569], [83.8835308, 28.2067199], [83.8836408, 28.2065331], [83.8837051, 28.2062778], [83.8838366, 28.2061786], [83.884035, 28.2060131], [83.8842952, 28.2058807], [83.8845956, 28.2057791], [83.8849229, 28.2055427], [83.8851455, 28.2054955], [83.8852769, 28.2053915], [83.8851589, 28.2051929], [83.8852715, 28.2049565], [83.8855693, 28.2047414], [83.8859528, 28.2045901], [83.8864517, 28.2044152], [83.8868058, 28.2042238], [83.8869372, 28.2041103], [83.8874683, 28.2038834], [83.887884, 28.2037912], [83.888222, 28.203803], [83.8885412, 28.203907], [83.8887477, 28.2040418], [83.8891017, 28.2040347], [83.8894558, 28.2038574], [83.8897213, 28.2037416], [83.8901076, 28.2036116], [83.8904214, 28.2034272], [83.8907513, 28.2032381], [83.8909283, 28.2031672], [83.891108, 28.2030773], [83.8913521, 28.2030324], [83.8918027, 28.2029497], [83.892248, 28.2028457], [83.8925645, 28.2027417], [83.8927576, 28.2025479], [83.8931465, 28.2023446], [83.8933316, 28.2021815], [83.8937339, 28.2019829], [83.894088, 28.2017347], [83.8943964, 28.2015645], [83.8948497, 28.2012761], [83.8949543, 28.2010988], [83.8949758, 28.2009665], [83.8950562, 28.2007348], [83.8955712, 28.2004275], [83.8958609, 28.2002597], [83.8961694, 28.1999004], [83.8962498, 28.1996805], [83.8962847, 28.1994654], [83.8964564, 28.1991676], [83.8964617, 28.1989808], [83.8964671, 28.1987728], [83.8963706, 28.1986507], [83.8963836, 28.1984847], [83.8965261, 28.1982433], [83.896746, 28.1978155], [83.8970786, 28.1975696], [83.8975453, 28.1973072], [83.8978136, 28.1972198], [83.898409, 28.1970425], [83.8989508, 28.1969172], [83.8996401, 28.1967044], [83.9000773, 28.19652], [83.9003697, 28.1963333], [83.900595, 28.1961442], [83.9006245, 28.196], [83.9005601, 28.1957518], [83.9005414, 28.1954232], [83.9003938, 28.1950308], [83.9003938, 28.1946691], [83.9007264, 28.194279], [83.9010993, 28.1939622], [83.9013272, 28.193714], [83.9015365, 28.1933051], [83.9018181, 28.1930616], [83.902325, 28.1928299], [83.9028186, 28.1928535], [83.9035052, 28.1929245], [83.9042401, 28.1930616], [83.9047068, 28.1930663], [83.9052594, 28.1930332], [83.9055276, 28.1927826], [83.9057904, 28.1926502], [83.9064985, 28.1924848], [83.907609, 28.1921207], [83.9090359, 28.191889], [83.9095831, 28.1917283]]}}, {"type": "Feature", "properties": {"waterway": "stream", "id": 1042027003}, "geometry": {"type": "LineString", "coordinates": [[83.9857578, 28.1753361], [83.9856559, 28.1752072], [83.9855003, 28.175167], [83.9852911, 28.175141], [83.9851838, 28.1749861], [83.9851771, 28.1747521], [83.9851825, 28.1745907]]}}, {"type": "Feature", "properties": {"waterway": "stream", "id": 1042027004}, "geometry": {"type": "LineString", "coordinates": [[83.9844114, 28.1750157], [83.9844114, 28.1748667], [83.9845186, 28.1748147], [83.9846635, 28.1747816], [83.9847527, 28.1747692], [83.9847916, 28.1747577], [83.9848616, 28.1747148], [83.9848881, 28.1746953], [83.9849733, 28.1746368], [83.9850578, 28.1746365], [83.9851825, 28.1745907], [83.9852791, 28.1744086], [83.985271, 28.1742236], [83.9853495, 28.1741775], [83.9853991, 28.1741444], [83.9854205, 28.1740681], [83.985379, 28.1738908], [83.9854708, 28.1739221], [83.9855842, 28.1739062], [83.9856794, 28.1738447], [83.9857498, 28.1737862], [83.9857967, 28.1737868], [83.9858276, 28.1735586], [83.9857753, 28.1733884], [83.9858088, 28.1732376], [83.9858839, 28.1731679], [83.9860173, 28.1731165], [83.986183, 28.1730668], [83.9863191, 28.1728286], [83.9864358, 28.1727281], [83.9867368, 28.1724858], [83.9869215, 28.1722873]]}}, {"type": "Feature", "properties": {"waterway": "canal", "id": 1085328692}, "geometry": {"type": "LineString", "coordinates": [[83.9714556, 28.1896698], [83.9713912, 28.1897135]]}}, {"type": "Feature", "properties": {"waterway": "canal", "id": 1085328693}, "geometry": {"type": "LineString", "coordinates": [[83.9718452, 28.1894026], [83.9714556, 28.1896698]]}}, {"type": "Feature", "properties": {"waterway": "canal", "id": 1085328694}, "geometry": {"type": "LineString", "coordinates": [[83.9719062, 28.1893613], [83.9718452, 28.1894026]]}}, {"type": "Feature", "properties": {"waterway": "canal", "id": 1085328695}, "geometry": {"type": "LineString", "coordinates": [[83.9720423, 28.1892685], [83.9719062, 28.1893613]]}}, {"type": "Feature", "properties": {"waterway": "canal", "id": 1085328696}, "geometry": {"type": "LineString", "coordinates": [[83.9720926, 28.1892318], [83.9720423, 28.1892685]]}}, {"type": "Feature", "properties": {"waterway": "canal", "id": 1089905533}, "geometry": {"type": "LineString", "coordinates": [[83.981217, 28.1840969], [83.9812034, 28.1840747], [83.9811386, 28.1839887], [83.9810308, 28.1838448], [83.9809402, 28.1836902], [83.9808882, 28.1835883], [83.9807523, 28.1832702], [83.9806867, 28.1831096], [83.980611, 28.1829348], [83.9805604, 28.1828618], [83.9804705, 28.1827167], [83.9804204, 28.1826533], [83.9802775, 28.1824451], [83.9802322, 28.1823921], [83.9801761, 28.1823069], [83.9801538, 28.1822705], [83.9801467, 28.1821853], [83.9801552, 28.1819884], [83.9801572, 28.1818261], [83.9801604, 28.1815791], [83.9801518, 28.1813389], [83.9801497, 28.1812183], [83.9800585, 28.1807587], [83.9800011, 28.1805379]]}}, {"type": "Feature", "properties": {"waterway": "canal", "id": 1089905535}, "geometry": {"type": "LineString", "coordinates": [[83.9800058, 28.1804635], [83.9800446, 28.1804282], [83.9801561, 28.1803572], [83.9802463, 28.1802759], [83.9803428, 28.1802121], [83.9804276, 28.1801615], [83.9804775, 28.1801043], [83.9805649, 28.1800629], [83.9807463, 28.1800118], [83.9809498, 28.179969], [83.981138, 28.179939], [83.9813892, 28.1798782], [83.9815604, 28.1798429], [83.9817239, 28.1797994], [83.9819249, 28.1797491]]}}, {"type": "Feature", "properties": {"waterway": "canal", "id": 1089905536}, "geometry": {"type": "LineString", "coordinates": [[83.9812468, 28.184146], [83.981217, 28.1840969]]}}, {"type": "Feature", "properties": {"waterway": "canal", "id": 1089905537}, "geometry": {"type": "LineString", "coordinates": [[83.9812495, 28.1841503], [83.9812468, 28.184146]]}}, {"type": "Feature", "properties": {"waterway": "canal", "id": 1089905539}, "geometry": {"type": "LineString", "coordinates": [[83.9785461, 28.1823286], [83.9786207, 28.1822529], [83.978721, 28.1821394], [83.9788052, 28.1820477], [83.9788637, 28.1819456], [83.9789108, 28.1817489], [83.9789298, 28.1816965], [83.9789604, 28.1816676], [83.9790558, 28.1815731], [83.9791272, 28.1815031], [83.9792431, 28.1813835], [83.9793541, 28.1812657], [83.9794029, 28.1812137], [83.9794957, 28.1811083], [83.9795445, 28.1810529], [83.9796041, 28.1809796], [83.9796184, 28.1809615], [83.9796368, 28.180938], [83.9797296, 28.1808321], [83.9797859, 28.1807522], [83.979861, 28.1806207], [83.979912, 28.1805597], [83.9799818, 28.1804854]]}}, {"type": "Feature", "properties": {"waterway": "canal", "id": 1089905542}, "geometry": {"type": "LineString", "coordinates": [[83.980679, 28.1844287], [83.9807708, 28.1843637], [83.9808808, 28.1843211], [83.9810176, 28.1842762], [83.9811457, 28.1842225]]}}, {"type": "Feature", "properties": {"waterway": "canal", "id": 1089905543}, "geometry": {"type": "LineString", "coordinates": [[83.9811457, 28.1842225], [83.9811929, 28.1841926]]}}, {"type": "Feature", "properties": {"waterway": "canal", "id": 1089905544}, "geometry": {"type": "LineString", "coordinates": [[83.9755504, 28.1872266], [83.9760675, 28.1870186], [83.9765342, 28.186839], [83.9767756, 28.1867539], [83.9772559, 28.1867585], [83.9775052, 28.1867751], [83.9777494, 28.1867987], [83.9779022, 28.1868248], [83.9780598, 28.1868109]]}}, {"type": "Feature", "properties": {"waterway": "canal", "id": 1089905545}, "geometry": {"type": "LineString", "coordinates": [[83.9780598, 28.1868109], [83.9780843, 28.1868023]]}}, {"type": "Feature", "properties": {"waterway": "canal", "id": 1089905546}, "geometry": {"type": "LineString", "coordinates": [[83.9780843, 28.1868023], [83.9781489, 28.1867704], [83.9782616, 28.1867066], [83.9783528, 28.186638], [83.9784794, 28.1865576]]}}, {"type": "Feature", "properties": {"waterway": "canal", "id": 1089905547}, "geometry": {"type": "LineString", "coordinates": [[83.9784794, 28.1865576], [83.978511, 28.1865254]]}}, {"type": "Feature", "properties": {"waterway": "canal", "id": 1089905548}, "geometry": {"type": "LineString", "coordinates": [[83.978511, 28.1865254], [83.9785726, 28.1864064], [83.9786237, 28.1863496], [83.9787954, 28.1862196], [83.9788365, 28.1861794]]}}, {"type": "Feature", "properties": {"waterway": "canal", "id": 1089905549}, "geometry": {"type": "LineString", "coordinates": [[83.9788365, 28.1861794], [83.9788576, 28.1861612]]}}, {"type": "Feature", "properties": {"waterway": "stream", "id": 1160082932}, "geometry": {"type": "LineString", "coordinates": [[83.9226533, 28.1810128], [83.9225742, 28.1811615]]}}, {"type": "Feature", "properties": {"waterway": "stream", "id": 1160082933}, "geometry": {"type": "LineString", "coordinates": [[83.9225742, 28.1811615], [83.9225194, 28.18152], [83.9225874, 28.1818077], [83.9225868, 28.1821281], [83.9225338, 28.1823609], [83.922523, 28.1825312], [83.9226116, 28.1827794], [83.922683, 28.1830355], [83.9227818, 28.1832513], [83.9227635, 28.1834799], [83.9227081, 28.1836636], [83.922793, 28.1837944], [83.9231149, 28.1839173], [83.9232168, 28.1841041], [83.9232477, 28.1842981]]}}, {"type": "Feature", "properties": {"waterway": "canal", "id": 1298817369}, "geometry": {"type": "LineString", "coordinates": [[83.9820811, 28.1836074], [83.9821224, 28.1835885]]}}, {"type": "Feature", "properties": {"name": "Kulo", "waterway": "canal", "id": 1304970813}, "geometry": {"type": "LineString", "coordinates": [[83.9782797, 28.2153446], [83.9783031, 28.2154126]]}}, {"type": "Feature", "properties": {"name": "Kulo", "waterway": "canal", "id": 1304970814}, "geometry": {"type": "LineString", "coordinates": [[83.9781789, 28.2150506], [83.9782797, 28.2153446]]}}, {"type": "Feature", "properties": {"name": "Kulo", "waterway": "canal", "id": 1304970816}, "geometry": {"type": "LineString", "coordinates": [[83.9781326, 28.2149658], [83.9781789, 28.2150506]]}}, {"type": "Feature", "properties": {"name": "Kulo", "waterway": "canal", "id": 1304970817}, "geometry": {"type": "LineString", "coordinates": [[83.9763707, 28.213469], [83.9766463, 28.2139099]]}}, {"type": "Feature", "properties": {"name": "Kulo", "waterway": "canal", "id": 1304970818}, "geometry": {"type": "LineString", "coordinates": [[83.9763233, 28.2133932], [83.9763707, 28.213469]]}}, {"type": "Feature", "properties": {"name": "Kulo", "waterway": "canal", "id": 1304970819}, "geometry": {"type": "LineString", "coordinates": [[83.9766932, 28.2139786], [83.9771058, 28.2145829]]}}, {"type": "Feature", "properties": {"name": "Kulo", "waterway": "canal", "id": 1304970820}, "geometry": {"type": "LineString", "coordinates": [[83.9766463, 28.2139099], [83.9766932, 28.2139786]]}}, {"type": "Feature", "properties": {"name": "Kulo", "waterway": "canal", "id": 1304970821}, "geometry": {"type": "LineString", "coordinates": [[83.9771058, 28.2145829], [83.9771579, 28.2146593]]}}, {"type": "Feature", "properties": {"waterway": "stream", "id": 1304970823}, "geometry": {"type": "LineString", "coordinates": [[83.9675255, 28.2134192], [83.9676103, 28.2132645]]}}, {"type": "Feature", "properties": {"name": "\u0938\u094d\u092f\u093e\u0928\u0947\u0930\u0940 \u0916\u094b\u0932\u093e", "waterway": "stream", "id": 1526488144}, "geometry": {"type": "LineString", "coordinates": [[83.9349714, 28.2107036], [83.9350913, 28.21094], [83.9351421, 28.2111872], [83.9351564, 28.2114273], [83.9352458, 28.2116494], [83.9353861, 28.211859], [83.9357255, 28.2120452], [83.9359634, 28.2121706], [83.9362134, 28.2123068], [83.9363394, 28.2124483], [83.936403, 28.2125335]]}}, {"type": "Feature", "properties": {"name": "\u0905\u0928\u0947\u0930\u0940 \u0916\u094b\u0932\u093e", "waterway": "stream", "id": 1526488145}, "geometry": {"type": "LineString", "coordinates": [[83.9363897, 28.2075111], [83.9367597, 28.2079697], [83.9371418, 28.2086217], [83.9374589, 28.2091197], [83.9380362, 28.2096212], [83.9384631, 28.2099974], [83.9386399, 28.2104054]]}}, {"type": "Feature", "properties": {"name": "\u0905\u0928\u0947\u0930\u0940 \u0916\u094b\u0932\u093e", "waterway": "stream", "id": 1526488146}, "geometry": {"type": "LineString", "coordinates": [[83.9386777, 28.2104926], [83.9387721, 28.2107103], [83.9389997, 28.2111474], [83.9391095, 28.2116382], [83.9391542, 28.2118675], [83.9392803, 28.2120216], [83.9394713, 28.2121774]]}}, {"type": "Feature", "properties": {"name": "\u0905\u0928\u0947\u0930\u0940 \u0916\u094b\u0932\u093e", "waterway": "stream", "id": 1526488147}, "geometry": {"type": "LineString", "coordinates": [[83.9386399, 28.2104054], [83.9386777, 28.2104926]]}}, {"type": "Feature", "properties": {"name": "\u0938\u093e\u092e\u092a\u093e\u0928\u0940 \u0916\u094b\u0932\u093e", "waterway": "stream", "id": 1526488148}, "geometry": {"type": "LineString", "coordinates": [[83.938892, 28.2083996], [83.9392071, 28.2086145], [83.9394226, 28.2087757], [83.9399551, 28.2090498], [83.9401117, 28.2092415], [83.9403576, 28.209417], [83.9405385, 28.2096105], [83.9406829, 28.2097574], [83.9409268, 28.2098649], [83.9411463, 28.2098953], [83.9414878, 28.209958], [83.941622, 28.2099652], [83.9417419, 28.2100153], [83.9418928, 28.210018], [83.9419635, 28.2100512]]}}, {"type": "Feature", "properties": {"name": "\u092b\u093f\u0928\u094d\u0926\u0941 \u0916\u094b\u0932\u093e", "waterway": "stream", "id": 1526488149}, "geometry": {"type": "LineString", "coordinates": [[83.9380333, 28.2055222], [83.9384226, 28.2057156], [83.9387234, 28.2060025], [83.9389924, 28.2064267], [83.9391942, 28.2068135], [83.9394631, 28.2072314], [83.9397781, 28.2074528], [83.9400745, 28.2074987], [83.9402418, 28.2075246], [83.9405567, 28.2074871], [83.9410558, 28.2076369], [83.9413248, 28.2077897], [83.9416079, 28.2078489], [83.9418839, 28.2078489], [83.9420574, 28.2078365], [83.9421706, 28.2079331], [83.942252, 28.2080517], [83.9423334, 28.2081608], [83.9425245, 28.2082201]]}}, {"type": "Feature", "properties": {"name": "\u092b\u093f\u0928\u094d\u0926\u0941 \u0916\u094b\u0932\u093e", "waterway": "stream", "id": 1526488150}, "geometry": {"type": "LineString", "coordinates": [[83.9386385, 28.2071347], [83.939088, 28.2073156], [83.9394667, 28.2074716], [83.9400745, 28.2074987]]}}, {"type": "Feature", "properties": {"name": "\u092c\u0941\u0922 \u0916\u094b\u0932\u093e", "waterway": "stream", "id": 1526488151}, "geometry": {"type": "LineString", "coordinates": [[83.9406346, 28.2018293], [83.9407479, 28.2024781], [83.9411443, 28.2036103], [83.9412221, 28.2042466], [83.9414628, 28.2048548], [83.941707, 28.2053101], [83.9420007, 28.2057125], [83.9420609, 28.2060712], [83.9421105, 28.2065203], [83.9422839, 28.2069382], [83.9425599, 28.207325], [83.9426555, 28.2075464], [83.9426644, 28.2080349]]}}, {"type": "Feature", "properties": {"name": "\u092c\u0941\u0922 \u0916\u094b\u0932\u093e", "waterway": "stream", "id": 1526488152}, "geometry": {"type": "LineString", "coordinates": [[83.9389216, 28.2032048], [83.9392614, 28.2032516], [83.9397534, 28.2033951], [83.9404223, 28.203654], [83.9406735, 28.2037132], [83.9410699, 28.2040407], [83.9412221, 28.2042466]]}}, {"type": "Feature", "properties": {"name": "\u0905\u0932\u0948\u091a\u0940 \u0916\u094b\u0932\u093e", "waterway": "stream", "id": 1526488153}, "geometry": {"type": "LineString", "coordinates": [[83.9434547, 28.201406], [83.9435888, 28.2018457], [83.9435754, 28.2027345], [83.9435191, 28.2033538], [83.94357, 28.2037722], [83.9436907, 28.204434], [83.94379, 28.2048808], [83.9437846, 28.2053984], [83.9437739, 28.2059019], [83.9437605, 28.2063628], [83.9437015, 28.2067646], [83.9436312, 28.2069504]]}}, {"type": "Feature", "properties": {"name": "\u0905\u0932\u0948\u091a\u0940 \u0916\u094b\u0932\u093e", "waterway": "stream", "id": 1526488154}, "geometry": {"type": "LineString", "coordinates": [[83.9435969, 28.2070411], [83.9435888, 28.2070625], [83.9433608, 28.2072634], [83.9431811, 28.2074099], [83.943157, 28.2075541], [83.943216, 28.2077597], [83.9432382, 28.2079081]]}}, {"type": "Feature", "properties": {"name": "\u0906\u092e\u094d\u091a\u094d\u092f\u094b \u0916\u094b\u0932\u093e", "waterway": "stream", "id": 1526488155}, "geometry": {"type": "LineString", "coordinates": [[83.9436312, 28.2069504], [83.9435969, 28.2070411]]}}, {"type": "Feature", "properties": {"name": "\u091b\u0947\u092a\u094d\u091f\u0947 \u0916\u094b\u0932\u093e", "waterway": "stream", "id": 1526488156}, "geometry": {"type": "LineString", "coordinates": [[83.9459314, 28.2026985], [83.9459626, 28.202725], [83.9460806, 28.2029543], [83.9462174, 28.2031221], [83.9463059, 28.2033963], [83.9464051, 28.203732], [83.9467189, 28.2043016], [83.9470462, 28.2048217], [83.9472956, 28.2051833], [83.9473788, 28.2054528], [83.9474324, 28.2058404], [83.9475048, 28.2063557], [83.9475592, 28.2066736], [83.9476182, 28.2068651], [83.9476946, 28.2069809]]}}, {"type": "Feature", "properties": {"name": "\u091b\u0947\u092a\u094d\u091f\u0947 \u0916\u094b\u0932\u093e", "waterway": "stream", "id": 1526488157}, "geometry": {"type": "LineString", "coordinates": [[83.9456917, 28.202127], [83.9457292, 28.2022877], [83.9457909, 28.2024603], [83.945807, 28.2025926], [83.9458535, 28.2026322]]}}, {"type": "Feature", "properties": {"name": "\u091b\u0947\u092a\u094d\u091f\u0947 \u0916\u094b\u0932\u093e", "waterway": "stream", "id": 1526488158}, "geometry": {"type": "LineString", "coordinates": [[83.9458535, 28.2026322], [83.9459314, 28.2026985]]}}, {"type": "Feature", "properties": {"name": "\u0926\u0947\u090a\u0930\u093e\u0932\u0940 \u0916\u094b\u0932\u093e (\u091a\u093f\u0938\u093e\u092a\u093e\u0928\u0940)", "waterway": "stream", "id": 1526488159}, "geometry": {"type": "LineString", "coordinates": [[83.9470578, 28.2013082], [83.9470742, 28.2016581], [83.9471256, 28.2019997], [83.9470952, 28.2023536], [83.9470111, 28.2027322], [83.9470322, 28.2030039], [83.9472867, 28.2034257], [83.9479078, 28.2043311], [83.9482557, 28.2048044], [83.9483818, 28.2052715], [83.9484448, 28.2058271], [83.9484939, 28.2061152]]}}, {"type": "Feature", "properties": {"name": "\u0917\u0941\u092f\u0947 \u0916\u094b\u0932\u094d\u0938\u094b", "waterway": "stream", "id": 1526489441}, "geometry": {"type": "LineString", "coordinates": [[83.9501223, 28.2049101], [83.9502188, 28.2052292], [83.9503395, 28.2054183], [83.9505514, 28.20552], [83.9506641, 28.2056263], [83.950766, 28.2058273], [83.950825, 28.2059407], [83.9509296, 28.2060116], [83.9509725, 28.2060542]]}}, {"type": "Feature", "properties": {"name": "\u0927\u0930\u094d\u092e\u0938\u0947 \u0916\u094b\u0932\u093e (\u0916)", "waterway": "stream", "id": 1526489442}, "geometry": {"type": "LineString", "coordinates": [[83.9517512, 28.201261], [83.9518041, 28.2015225], [83.9518732, 28.2018235], [83.951983, 28.2020743], [83.9521049, 28.2023108], [83.9522472, 28.2026153], [83.9523895, 28.2029019], [83.9524464, 28.2031671], [83.9524749, 28.2034214], [83.9525684, 28.203812], [83.9526416, 28.2041452], [83.9527107, 28.2044354], [83.9527879, 28.2045894], [83.952844, 28.2047044], [83.9528979, 28.2048062], [83.9529518, 28.2049365]]}}, {"type": "Feature", "properties": {"name": "\u0938\u0941\u0928\u093f\u0916\u094b\u0932\u093e", "waterway": "stream", "id": 1526489443}, "geometry": {"type": "LineString", "coordinates": [[83.9522079, 28.2011431], [83.9523737, 28.2015197], [83.9525768, 28.202028], [83.9527473, 28.2022646], [83.9529457, 28.2024478], [83.9531115, 28.202635], [83.9533987, 28.2028408], [83.9536159, 28.2031227], [83.953756, 28.2033944], [83.9539008, 28.2035755], [83.9540736, 28.2037709], [83.954174, 28.2038862]]}}, {"type": "Feature", "properties": {"name": "\u092e\u094d\u092f\u0947\u0902 \u0916\u094b\u0932\u093e (\u0916)", "waterway": "stream", "id": 1526489444}, "geometry": {"type": "LineString", "coordinates": [[83.9551506, 28.1997895], [83.9554408, 28.200326], [83.9555788, 28.2005505], [83.9557345, 28.2008468], [83.9557876, 28.2011338], [83.9557487, 28.2014207], [83.9556142, 28.2016952], [83.9554514, 28.2019011], [83.9553983, 28.2020945], [83.9554408, 28.2022535], [83.9556225, 28.2024581], [83.9557054, 28.2025569]]}}, {"type": "Feature", "properties": {"name": "\u092e\u094d\u092f\u0947\u0902 \u0916\u094b\u0932\u093e (\u0915)", "waterway": "stream", "id": 1526489445}, "geometry": {"type": "LineString", "coordinates": [[83.9538456, 28.201831], [83.9539996, 28.2019967], [83.9542338, 28.2022356], [83.9545388, 28.2023578], [83.9547391, 28.2024094], [83.9549362, 28.2024908], [83.9551149, 28.2025859], [83.9553676, 28.2026049], [83.9556176, 28.2026357]]}}, {"type": "Feature", "properties": {"name": "\u091d\u093e\u0915\u094d\u0930\u0940\u0925\u093e\u0928 \u0916\u094b\u0932\u093e", "waterway": "stream", "id": 1526489446}, "geometry": {"type": "LineString", "coordinates": [[83.9590515, 28.1993058], [83.959363, 28.19939], [83.959678, 28.1995241], [83.9599786, 28.2000072], [83.9600213, 28.2002322], [83.9599823, 28.2005347], [83.9600921, 28.2007967], [83.9602407, 28.2009963], [83.9603681, 28.2011211], [83.9605946, 28.2012802], [83.960807, 28.2013893]]}}, {"type": "Feature", "properties": {"name": "\u0927\u0930\u094d\u092e\u0938\u0947 \u0916\u094b\u0932\u093e (\u0915)", "waterway": "stream", "id": 1526781356}, "geometry": {"type": "LineString", "coordinates": [[83.9517339, 28.2037182], [83.951968, 28.2041825], [83.9522268, 28.2048369], [83.952387, 28.2051468]]}}, {"type": "Feature", "properties": {"name": "Bijayapur Nadi", "waterway": "river", "id": 24811205}, "geometry": {"type": "LineString", "coordinates": [[84.029844, 28.2169479], [84.0293838, 28.2168085], [84.0291269, 28.2165265], [84.0289058, 28.2161959], [84.0287395, 28.2158948], [84.0286767, 28.2155483], [84.0288065, 28.2152146], [84.0290801, 28.2149437], [84.0291466, 28.214693], [84.0291273, 28.2143807], [84.0289374, 28.2140952], [84.0286504, 28.2138584], [84.028453, 28.2135767], [84.0283178, 28.2131607], [84.0282066, 28.2129511], [84.0281468, 28.2129232], [84.0279153, 28.2128537], [84.0277288, 28.2126981], [84.0275157, 28.212265], [84.027334, 28.21189], [84.0270465, 28.2113913], [84.0268239, 28.2109323], [84.0268652, 28.2104147], [84.027025, 28.2100971], [84.0271956, 28.2098881], [84.0274606, 28.2098096], [84.0278726, 28.2097718], [84.0282781, 28.2097418], [84.0285222, 28.2095474], [84.0286542, 28.2092646], [84.0284613, 28.2090268], [84.028244, 28.2091126], [84.0281294, 28.2091173], [84.0280059, 28.2090781], [84.0278351, 28.2089713], [84.0275772, 28.2085622], [84.0271721, 28.2081118], [84.0266066, 28.2077839], [84.026038, 28.2075793], [84.025341, 28.2074935], [84.0246676, 28.2073816], [84.0241921, 28.2071902], [84.0238529, 28.2068811], [84.023677, 28.2065146], [84.0237508, 28.205956], [84.02398, 28.2055201], [84.0240135, 28.2051715], [84.02425, 28.2051662], [84.0244615, 28.2049903], [84.0246121, 28.2047064], [84.0247355, 28.2043533], [84.0248676, 28.2039068], [84.025008, 28.2037062], [84.0251166, 28.2035402], [84.0251702, 28.2032772], [84.0251882, 28.2030126], [84.0251099, 28.2026093], [84.0249783, 28.2021884], [84.0249114, 28.2018226], [84.024911, 28.201593], [84.0248591, 28.2014145], [84.0248396, 28.2011669], [84.0248414, 28.2010247], [84.0248921, 28.200946], [84.0249291, 28.2008885], [84.0249656, 28.200852], [84.0250684, 28.2006952], [84.025401, 28.2002934], [84.0256254, 28.199988], [84.0261104, 28.1996263], [84.0264851, 28.1993755], [84.0269321, 28.1991639], [84.0273991, 28.1990521], [84.0277574, 28.1987944], [84.0276566, 28.1985495], [84.027464, 28.1983554], [84.0269573, 28.1980279], [84.0265727, 28.1976645], [84.0264952, 28.1973558], [84.0265059, 28.1970502], [84.0265872, 28.1967562], [84.0265646, 28.1964961], [84.026708, 28.1962035], [84.0273018, 28.1961039], [84.0278262, 28.1958853], [84.0278953, 28.1958476], [84.0280509, 28.1956857], [84.0282941, 28.1954189], [84.0283172, 28.1949242], [84.0281233, 28.1946136], [84.027957, 28.1944458], [84.0278327, 28.1942583], [84.027493, 28.1937212], [84.0271731, 28.1931815], [84.0270865, 28.1926632], [84.0272244, 28.1921223], [84.0276492, 28.1915896], [84.0281938, 28.1912214], [84.0286195, 28.1909231], [84.0288247, 28.1905558], [84.0288541, 28.1901776], [84.0287999, 28.1893646], [84.0287697, 28.1889352], [84.0287227, 28.1885037], [84.028519, 28.1877074], [84.0281195, 28.1870003], [84.0273801, 28.1865735], [84.0268402, 28.1861226], [84.0266352, 28.1853789], [84.0266768, 28.1850408], [84.0267962, 28.1846687], [84.0270872, 28.1844805], [84.0273901, 28.1843822], [84.0279213, 28.1841282], [84.0282146, 28.183732], [84.0285117, 28.1832809], [84.0285704, 28.1831187], [84.0285265, 28.1829141], [84.0284528, 28.1825207], [84.0286472, 28.1821882], [84.0288295, 28.1820369], [84.028936, 28.1818909], [84.0295302, 28.1815258], [84.0298465, 28.1813755], [84.0302509, 28.1813429], [84.0310282, 28.1803361], [84.0320067, 28.180006], [84.032468, 28.1795256], [84.0324512, 28.1788883], [84.0325131, 28.1785691], [84.032607, 28.1783634], [84.0327545, 28.178168], [84.033439, 28.1779681], [84.0340129, 28.1775661], [84.03422, 28.1771845], [84.0342044, 28.1766108], [84.0341144, 28.1762757], [84.0339983, 28.1759691], [84.0338522, 28.1753383], [84.0338059, 28.1749682], [84.0338275, 28.1745637], [84.0338021, 28.1741715], [84.0337206, 28.1738091], [84.0337228, 28.1734172], [84.0337737, 28.1730151], [84.0338144, 28.1723569], [84.0338757, 28.1719228], [84.0339828, 28.1713804], [84.0342985, 28.1709858], [84.0347732, 28.1705787], [84.035852, 28.1700972], [84.0361787, 28.1697591], [84.035947, 28.1685703], [84.035565, 28.1679281], [84.0354252, 28.1675602], [84.0350462, 28.1672859], [84.0346638, 28.1670711], [84.0344857, 28.1669524], [84.0342841, 28.1667073], [84.0344042, 28.1664038], [84.0349653, 28.1660169], [84.0353306, 28.1657069], [84.0353259, 28.165529], [84.0353182, 28.1653162], [84.0353155, 28.1642232], [84.0352373, 28.1634301], [84.0354695, 28.1629047], [84.0354243, 28.1626187], [84.0353462, 28.1622284], [84.0352006, 28.1617273], [84.0351067, 28.1612619], [84.0353519, 28.1608277], [84.0357805, 28.1605265], [84.0358888, 28.16022], [84.0361088, 28.1600336], [84.0361174, 28.1596398], [84.0362118, 28.1587071], [84.0361029, 28.1580829], [84.0361512, 28.1577424], [84.036229, 28.1574917], [84.0364328, 28.157208], [84.0366501, 28.1569786], [84.0369129, 28.1566357], [84.0373367, 28.1561769], [84.0375781, 28.1558931], [84.0377702, 28.1556889], [84.0380304, 28.1555099]]}}, {"type": "Feature", "properties": {"waterway": "river", "id": 120329128}, "geometry": {"type": "LineString", "coordinates": [[84.0338021, 28.1741715], [84.0340436, 28.1743863], [84.0342407, 28.1751382], [84.0343963, 28.1756253], [84.0343762, 28.1759752], [84.0342044, 28.1766108]]}}, {"type": "Feature", "properties": {"waterway": "stream", "id": 124760861}, "geometry": {"type": "LineString", "coordinates": [[84.0193397, 28.2150315], [84.0193538, 28.2149257]]}}, {"type": "Feature", "properties": {"waterway": "stream", "id": 124760868}, "geometry": {"type": "LineString", "coordinates": [[84.0209799, 28.2222214], [84.020878, 28.2221127], [84.020819, 28.2219141], [84.0207975, 28.2216211], [84.0206902, 28.2213375], [84.0205186, 28.2209924], [84.0203737, 28.2207088], [84.0203094, 28.2205292], [84.020127, 28.2204347], [84.0200143, 28.2203685], [84.0199231, 28.2201936], [84.0198856, 28.2200943], [84.0199499, 28.2199336], [84.0199231, 28.2198202], [84.0197193, 28.219442], [84.019553, 28.2192624], [84.0192418, 28.2190686], [84.018802, 28.2188512], [84.0184211, 28.218681], [84.0182655, 28.2185321], [84.018412, 28.2183702], [84.0186775, 28.2180629], [84.0189001, 28.2177037], [84.019112, 28.2173681], [84.0193172, 28.2169013]]}}, {"type": "Feature", "properties": {"waterway": "canal", "id": 124760875}, "geometry": {"type": "LineString", "coordinates": [[84.018979, 28.2161285], [84.0190487, 28.2159396]]}}, {"type": "Feature", "properties": {"waterway": "canal", "id": 124760879}, "geometry": {"type": "LineString", "coordinates": [[84.0190487, 28.2159396], [84.0191667, 28.2156324], [84.0192572, 28.2153204], [84.0193397, 28.2150315]]}}, {"type": "Feature", "properties": {"waterway": "canal", "id": 124760881}, "geometry": {"type": "LineString", "coordinates": [[84.0193538, 28.2149257], [84.0194081, 28.2145452], [84.0194618, 28.2142001], [84.0197496, 28.2125236], [84.0198252, 28.212353], [84.0198587, 28.2121533], [84.0198936, 28.2120219], [84.0199041, 28.2119751], [84.0199166, 28.2119477], [84.0201003, 28.2111417], [84.0201754, 28.2108864], [84.0201861, 28.2107871], [84.0201486, 28.2107186], [84.0200198, 28.2105815], [84.0198024, 28.210421], [84.0195987, 28.2102553], [84.0194834, 28.2101868], [84.0192902, 28.2101277], [84.0191399, 28.2100688], [84.0189709, 28.209979], [84.018896, 28.2098889], [84.0187322, 28.2095817], [84.0187108, 28.2094446], [84.0187542, 28.2093716], [84.0187698, 28.2093453], [84.01892, 28.2092413], [84.0190165, 28.2090806], [84.0190165, 28.2089529], [84.0191453, 28.2087686], [84.0192901, 28.2086457], [84.0193599, 28.2085511], [84.0194081, 28.2084377], [84.0194081, 28.2082864], [84.0194189, 28.208154], [84.0194832, 28.2080169], [84.0195959, 28.2078988], [84.0196066, 28.2078326], [84.0195369, 28.2077191], [84.0195637, 28.2076246], [84.0195959, 28.2075489], [84.0196388, 28.2074118], [84.0198594, 28.2071643]]}}, {"type": "Feature", "properties": {"waterway": "stream", "id": 124762025}, "geometry": {"type": "LineString", "coordinates": [[84.0160299, 28.2056113], [84.0158931, 28.2056409]]}}, {"type": "Feature", "properties": {"waterway": "canal", "id": 124762026}, "geometry": {"type": "LineString", "coordinates": [[84.0158931, 28.2056409], [84.0154921, 28.2057289], [84.0154063, 28.2057194], [84.0152775, 28.2056391], [84.0151381, 28.2054642], [84.0150147, 28.2052703], [84.0147894, 28.2049489], [84.014666, 28.2047125], [84.014489, 28.2043816], [84.0143441, 28.2041783], [84.0141993, 28.2039325], [84.0141886, 28.2037339], [84.0140705, 28.2033368], [84.0139311, 28.2031051], [84.0138828, 28.2029775], [84.0138935, 28.2028357], [84.0139203, 28.202708], [84.013856, 28.2025898], [84.013695, 28.2025047], [84.0134697, 28.2022825], [84.0132425, 28.2021653], [84.0131318, 28.2019942], [84.0129172, 28.2018382], [84.0126114, 28.201668], [84.0124129, 28.201493], [84.0122091, 28.2013134], [84.0120696, 28.2011337], [84.0116351, 28.2004246], [84.0116104, 28.2004049]]}}, {"type": "Feature", "properties": {"waterway": "canal", "id": 124762028}, "geometry": {"type": "LineString", "coordinates": [[84.0199166, 28.2119477], [84.0198688, 28.2119187], [84.019848, 28.2118082], [84.0198212, 28.2115151], [84.0197944, 28.2113024], [84.0197246, 28.21117], [84.0196013, 28.2109715], [84.0195369, 28.2108958], [84.0193974, 28.2109053], [84.0192472, 28.2109195], [84.0191185, 28.2109478], [84.0190004, 28.2110282], [84.0189119, 28.2111253], [84.0187805, 28.2111653], [84.0186839, 28.2111275], [84.0186517, 28.210962], [84.0185659, 28.2108155], [84.0183889, 28.2105602], [84.018287, 28.2104798], [84.0182441, 28.2104278], [84.0182762, 28.2103333], [84.0183674, 28.2102199], [84.0184533, 28.2100213], [84.018464, 28.2099173], [84.0184694, 28.2096337], [84.0184586, 28.2095769], [84.0184533, 28.2095249], [84.0183138, 28.2094209], [84.0183299, 28.20935], [84.018346, 28.2090617], [84.018287, 28.2089009], [84.0182387, 28.2086788], [84.0182065, 28.2085748], [84.0181529, 28.2085039], [84.018008, 28.2085086], [84.017831, 28.2085039], [84.0177291, 28.2084329], [84.0176432, 28.2082769], [84.0175628, 28.2080595], [84.0174823, 28.2078704], [84.0175252, 28.2076246], [84.0174018, 28.2074308], [84.0174018, 28.2073031], [84.017434, 28.2071282], [84.0174233, 28.2069344], [84.0173857, 28.2065467], [84.0173267, 28.2062064], [84.0171658, 28.2058234], [84.0170585, 28.2055398], [84.0170102, 28.2054594], [84.0168708, 28.2054311], [84.0164899, 28.2054311], [84.0162726, 28.205462], [84.0161375, 28.2055504]]}}, {"type": "Feature", "properties": {"waterway": "canal", "id": 124762029}, "geometry": {"type": "LineString", "coordinates": [[84.0198594, 28.2071643], [84.0199734, 28.2070207], [84.0200995, 28.206804], [84.020029, 28.2066111], [84.0199681, 28.2063807], [84.019905, 28.2061798], [84.0197039, 28.2059304], [84.0196334, 28.2057242], [84.0196924, 28.2055918], [84.0196817, 28.2054642], [84.0196656, 28.2053507], [84.0196468, 28.205254], [84.0195583, 28.2051616], [84.0195101, 28.2050245], [84.0195208, 28.2047881], [84.0195959, 28.2046321], [84.0196388, 28.2043532], [84.0196227, 28.2041736], [84.0196817, 28.2040365], [84.0197729, 28.2038757], [84.0198319, 28.2037244], [84.0198775, 28.2035379], [84.0198373, 28.2034408], [84.0198587, 28.2032375], [84.0199446, 28.2028877], [84.0200343, 28.2028277], [84.0200992, 28.2027882], [84.0203791, 28.2026938], [84.0205983, 28.2025905], [84.0206527, 28.2024338], [84.0207325, 28.2022725], [84.0209604, 28.2019676], [84.0210336, 28.2017631], [84.0211657, 28.2015581], [84.0213601, 28.2013873], [84.0215673, 28.2011621], [84.0216558, 28.2009482], [84.0218094, 28.2007289], [84.0219831, 28.200557], [84.0221333, 28.200505], [84.0222781, 28.2004435], [84.022439, 28.2003159], [84.0224766, 28.2002355], [84.0226053, 28.2001882], [84.0227341, 28.2001882], [84.0228038, 28.2000842], [84.0229379, 28.2000086], [84.023072, 28.1999849], [84.0231847, 28.1999566], [84.0233939, 28.1998715], [84.0235602, 28.1997722], [84.0237962, 28.1997296], [84.0240001, 28.1996114], [84.0242576, 28.1994412], [84.0243863, 28.1992332], [84.0244131, 28.1990394], [84.0244453, 28.1988786], [84.0245472, 28.1987888], [84.024676, 28.1986612], [84.0247886, 28.1984862], [84.0248155, 28.1983539], [84.0247618, 28.1982215], [84.0249683, 28.1980252], [84.0252168, 28.1979424], [84.0253355, 28.1978101], [84.025676, 28.1976893], [84.0255839, 28.1974957], [84.0256877, 28.1973148], [84.0258827, 28.1972152], [84.026035, 28.1970283], [84.0262101, 28.196979], [84.0264416, 28.1970679], [84.0265872, 28.1967562]]}}, {"type": "Feature", "properties": {"waterway": "stream", "id": 124762033}, "geometry": {"type": "LineString", "coordinates": [[84.0167121, 28.2045198], [84.0167957, 28.2048023], [84.016962, 28.2052845], [84.0170102, 28.2054594]]}}, {"type": "Feature", "properties": {"waterway": "stream", "id": 124778312}, "geometry": {"type": "LineString", "coordinates": [[84.0780224, 28.2204465], [84.0778515, 28.2200384], [84.0776825, 28.2198777], [84.0775698, 28.2197477], [84.077301, 28.2195909], [84.0769201, 28.2195105], [84.0763944, 28.2194727], [84.0760671, 28.2194917], [84.0757238, 28.2196693], [84.0753912, 28.2199052], [84.0752223, 28.2201275], [84.0748924, 28.2203661], [84.0745196, 28.2206001], [84.0742781, 28.2206592], [84.0741896, 28.2210254], [84.0739482, 28.2212878], [84.07368, 28.2213516], [84.073401, 28.2214982], [84.0731784, 28.2214863], [84.0727385, 28.2217864], [84.0724595, 28.2219543], [84.0720891, 28.2220063], [84.071781, 28.2221268], [84.0712713, 28.2226302], [84.0707449, 28.222938], [84.0704142, 28.2231104], [84.0700241, 28.2233467], [84.0695963, 28.2236328], [84.0693588, 28.2236302], [84.0692235, 28.223446], [84.0689365, 28.2231217], [84.0684054, 28.2230974], [84.0677818, 28.2231784], [84.0671958, 28.2232731], [84.0663871, 28.2232234], [84.0659499, 28.2230986], [84.0654644, 28.2230154], [84.0648662, 28.2227488], [84.0641689, 28.2222289], [84.0632676, 28.2219453], [84.0624818, 28.2218905], [84.0616985, 28.2219377], [84.0612479, 28.2218148], [84.0607437, 28.2217298], [84.0600919, 28.2216522], [84.0595877, 28.2215199], [84.0595233, 28.2213214], [84.0596064, 28.2209451], [84.059585, 28.2206615], [84.0593516, 28.2204895], [84.0589842, 28.2205292], [84.0587374, 28.2205481], [84.0584933, 28.2203288], [84.0582653, 28.2200376], [84.0578925, 28.2198722], [84.0577074, 28.2197162], [84.0576062, 28.2195365], [84.0574231, 28.2193829], [84.0570114, 28.2193662], [84.0568505, 28.2193467], [84.056598, 28.2192579], [84.0564582, 28.2190945], [84.0561732, 28.2189709], [84.0557682, 28.2189946], [84.0554329, 28.2190733], [84.0551003, 28.2191206], [84.0548777, 28.2190714], [84.0546819, 28.219234], [84.0544593, 28.2192321], [84.0543064, 28.2193569], [84.0538692, 28.2193361], [84.0537807, 28.2192435], [84.0535875, 28.2189788], [84.0532362, 28.2189013], [84.0529975, 28.2187519], [84.0527507, 28.2186857], [84.0522706, 28.2187405], [84.0518736, 28.2187973], [84.051592, 28.2188086], [84.0512943, 28.2186366], [84.0509402, 28.2183908], [84.0506183, 28.2182584], [84.0504038, 28.2182962], [84.0500899, 28.2181752], [84.0498754, 28.2179294], [84.04976, 28.2176723], [84.0497248, 28.2176681], [84.0493818, 28.2176269], [84.0488266, 28.2175305], [84.0485316, 28.2175433]]}}, {"type": "Feature", "properties": {"waterway": "stream", "id": 124791332}, "geometry": {"type": "LineString", "coordinates": [[84.0533649, 28.1910164], [84.0533971, 28.1907516], [84.0535044, 28.1906854], [84.0537619, 28.1903733], [84.0541374, 28.1901275], [84.0542983, 28.1896263], [84.0544458, 28.189255], [84.0544485, 28.1892481], [84.0545343, 28.1890684], [84.054706, 28.1890495], [84.0550386, 28.1889455], [84.0551895, 28.1889079], [84.0552855, 28.1887201]]}}, {"type": "Feature", "properties": {"waterway": "stream", "id": 124791333}, "geometry": {"type": "LineString", "coordinates": [[84.0514807, 28.1930542], [84.051659, 28.1928887], [84.051895, 28.1925483], [84.0520667, 28.1921606], [84.0522947, 28.1916948], [84.0524208, 28.1914892], [84.0527534, 28.1913473], [84.052917, 28.1912599], [84.0531932, 28.1911393]]}}, {"type": "Feature", "properties": {"waterway": "stream", "id": 124791334}, "geometry": {"type": "LineString", "coordinates": [[84.0555054, 28.1879736], [84.0555411, 28.1878581]]}}, {"type": "Feature", "properties": {"waterway": "stream", "id": 124791337}, "geometry": {"type": "LineString", "coordinates": [[84.0531932, 28.1911393], [84.0533649, 28.1910164]]}}, {"type": "Feature", "properties": {"waterway": "stream", "id": 124791338}, "geometry": {"type": "LineString", "coordinates": [[84.0782503, 28.2097945], [84.0780354, 28.2097658], [84.0779507, 28.2096983], [84.0778856, 28.2097084], [84.0778367, 28.2097887], [84.0777634, 28.2097858], [84.0777162, 28.2097414], [84.0776527, 28.2096538], [84.0775409, 28.2097223], [84.0774098, 28.209706], [84.0772594, 28.2096859], [84.0770918, 28.2096455], [84.0768236, 28.2094848], [84.0764481, 28.2094092], [84.0763326, 28.2094094], [84.0760324, 28.2091988], [84.0758178, 28.2091137], [84.075099, 28.2086032], [84.0746242, 28.2081895], [84.0744204, 28.2082274], [84.0741334, 28.2080548], [84.0741629, 28.2077263], [84.0738517, 28.2076223], [84.0728888, 28.207393], [84.0719849, 28.2072063], [84.0711051, 28.2071117], [84.0705285, 28.207081], [84.070161, 28.206743], [84.0696165, 28.2064853], [84.0689594, 28.2063175], [84.0687341, 28.2060528], [84.0685839, 28.2057313], [84.0679723, 28.2051167], [84.0674681, 28.2043793], [84.0677175, 28.2042067], [84.0677899, 28.2039916], [84.0675295, 28.2038658], [84.0673742, 28.2037907], [84.0666956, 28.2031501], [84.0662128, 28.2030177], [84.0660304, 28.2028665], [84.0658158, 28.2026395], [84.0659017, 28.2023842], [84.0659768, 28.2020911], [84.0659231, 28.2019493], [84.0655369, 28.20211], [84.0653759, 28.201902], [84.0653652, 28.2017035], [84.0654081, 28.2015144], [84.0650112, 28.201382], [84.0646062, 28.201096], [84.0641877, 28.2009636], [84.0639088, 28.2007745], [84.0633482, 28.2010511], [84.0629003, 28.2008974], [84.0625757, 28.2005594], [84.0620822, 28.2001434], [84.0617925, 28.1997179], [84.0617754, 28.1996988], [84.0615136, 28.1994058], [84.0615243, 28.1986778], [84.0611595, 28.1983752], [84.0612883, 28.1975526], [84.061181, 28.1971554], [84.0607304, 28.1968718], [84.0605051, 28.196607], [84.0601081, 28.1964746], [84.0595554, 28.1964974], [84.0592065, 28.1963425], [84.0589206, 28.1962163], [84.0588375, 28.1961178], [84.0587777, 28.1959356], [84.0586217, 28.1955208], [84.0580401, 28.1954605], [84.0575079, 28.1952809], [84.0570826, 28.1952832], [84.0568573, 28.1949806], [84.056719, 28.1947609], [84.0567178, 28.1946307], [84.0567752, 28.1943276], [84.0565761, 28.1944024], [84.0564206, 28.1945188], [84.0562752, 28.1946195], [84.0561921, 28.1945551], [84.056353, 28.1942903], [84.056314, 28.1941158], [84.0561306, 28.1941185], [84.0560662, 28.1940665], [84.0561596, 28.1939414], [84.0561304, 28.1938341], [84.056003, 28.193727], [84.055602, 28.1938837], [84.0556905, 28.1936923], [84.0556261, 28.193418], [84.0555483, 28.1932029], [84.0557093, 28.1928152], [84.0556556, 28.1925883], [84.0551299, 28.1922668], [84.0548785, 28.1920426], [84.0547188, 28.1919054], [84.054479, 28.1918897], [84.0543713, 28.1918424], [84.0542709, 28.1916176], [84.0541038, 28.1914388], [84.0541679, 28.1913067], [84.0543654, 28.1912921], [84.054454, 28.1911415], [84.0545699, 28.191104], [84.0546343, 28.1912258], [84.0547297, 28.1912406], [84.0547903, 28.1912007], [84.0547636, 28.1910976], [84.054707, 28.1910115], [84.054541, 28.1908651], [84.0545408, 28.1906963], [84.0546021, 28.1905832], [84.0547031, 28.1905832], [84.0547759, 28.1906558], [84.0549299, 28.1906528], [84.0548926, 28.1904158], [84.0549828, 28.1901724], [84.0551406, 28.1900446], [84.0551934, 28.1899632], [84.055127, 28.189831], [84.055191, 28.189769], [84.0553492, 28.1897587], [84.0552879, 28.189547], [84.055388, 28.189399], [84.0553677, 28.1892167], [84.0552466, 28.1891563], [84.0553472, 28.1889453], [84.0554196, 28.1887957], [84.0552855, 28.1887201], [84.0555054, 28.1879736]]}}, {"type": "Feature", "properties": {"waterway": "river", "id": 124791340}, "geometry": {"type": "LineString", "coordinates": [[84.0555411, 28.1878581], [84.055684, 28.1876365], [84.0557725, 28.1873984], [84.0558119, 28.1873414], [84.0557875, 28.1872376], [84.0559184, 28.1870163], [84.056, 28.1868953], [84.0559718, 28.186828], [84.0558004, 28.1867344], [84.0556997, 28.1866702], [84.055603, 28.1865], [84.0557746, 28.1863599], [84.0557902, 28.1862442], [84.0557266, 28.1861487], [84.0557275, 28.1861479], [84.05582, 28.1860711], [84.0559024, 28.1860433], [84.0560131, 28.1859701], [84.0559761, 28.1858888], [84.0558713, 28.18585], [84.0557361, 28.1857685], [84.0556195, 28.1857241], [84.0555226, 28.1856787], [84.0554457, 28.1856202], [84.0554455, 28.18562], [84.0553725, 28.1855205], [84.0553724, 28.1855203], [84.0552951, 28.1855007], [84.0552018, 28.185508], [84.0550066, 28.1856542], [84.0547866, 28.1857676], [84.0545892, 28.1858665], [84.0545074, 28.1858411], [84.0545067, 28.1858409], [84.0544595, 28.1857865], [84.0544605, 28.185649], [84.0546172, 28.1853762], [84.0546654, 28.1851757], [84.0547749, 28.184979], [84.0548629, 28.184857], [84.0548956, 28.184766], [84.0548522, 28.1846186], [84.0548125, 28.1844791], [84.0548789, 28.1842437], [84.0552008, 28.1839837], [84.0554112, 28.1838168], [84.055512, 28.1836366], [84.0556815, 28.1834801], [84.0558166, 28.1833033], [84.0559348, 28.1831586], [84.0559379, 28.1829391], [84.0558894, 28.1827501], [84.0560246, 28.1822232], [84.0565623, 28.1818275], [84.056653, 28.1813022], [84.0564697, 28.1808911], [84.0562511, 28.1807783], [84.0560052, 28.1808015], [84.055785, 28.180617], [84.05493, 28.1807084], [84.0542457, 28.1810511], [84.054075, 28.1810604], [84.0539843, 28.1809807], [84.0538709, 28.1807991], [84.0538053, 28.180602], [84.0535827, 28.1805257], [84.0534369, 28.1804242], [84.0534402, 28.1803087], [84.053611, 28.1800739], [84.0536796, 28.1798914], [84.0537599, 28.1797036], [84.0539709, 28.1794562], [84.0543802, 28.179086], [84.0544175, 28.1789567], [84.0542604, 28.1787403], [84.0541726, 28.1784132], [84.0542823, 28.1780591], [84.054088, 28.177865], [84.0533858, 28.1775948], [84.0527199, 28.1772636], [84.0527203, 28.1767976], [84.0524297, 28.1766088], [84.0521348, 28.1764814], [84.0518247, 28.1762187]]}}, {"type": "Feature", "properties": {"name": "Bijaypur Nahar", "waterway": "stream", "id": 124792628}, "geometry": {"type": "LineString", "coordinates": [[84.0284499, 28.1981153], [84.0287773, 28.1975561], [84.0292277, 28.196801], [84.0294664, 28.1963114], [84.0299921, 28.1946614], [84.0302818, 28.1938009], [84.030491, 28.1931248], [84.0305876, 28.1928506], [84.0308022, 28.1924913], [84.0315317, 28.1914038], [84.0316336, 28.1912904]]}}, {"type": "Feature", "properties": {"name": "Bijaypur Nahar", "waterway": "canal", "id": 124793374}, "geometry": {"type": "LineString", "coordinates": [[84.0279153, 28.2128537], [84.0278564, 28.212724], [84.0277981, 28.2125645], [84.0275835, 28.2120067], [84.0274172, 28.2114678], [84.0273099, 28.2111653], [84.0273421, 28.2109715], [84.0272831, 28.2108155], [84.0271973, 28.2106548], [84.0271651, 28.2105224], [84.0273314, 28.2103191], [84.0275084, 28.2101537], [84.027723, 28.2100922], [84.0279697, 28.2100922], [84.028525, 28.2101563], [84.0290265, 28.2101206], [84.029445, 28.210026], [84.0296434, 28.2099504], [84.0296703, 28.2098464], [84.0296273, 28.2096999], [84.0296273, 28.209506], [84.0296542, 28.2093784], [84.0296166, 28.2092082], [84.0294611, 28.209038], [84.0293538, 28.2090097], [84.0290265, 28.2090239], [84.0288388, 28.2090333], [84.0287422, 28.208882], [84.028592, 28.2087686], [84.0284579, 28.2087733], [84.0283184, 28.2088229], [84.0281468, 28.2087969], [84.0279966, 28.2086315], [84.027841, 28.2083762], [84.0276479, 28.2081068], [84.0274869, 28.2078657], [84.027326, 28.2077853], [84.0272295, 28.2076718], [84.026516, 28.2075868], [84.0258991, 28.2073693], [84.0255879, 28.2072842], [84.0252124, 28.2072747], [84.0248798, 28.20727], [84.0247333, 28.2072373], [84.0246653, 28.2072125], [84.0246155, 28.2071847], [84.0245456, 28.2071177], [84.0244658, 28.2068644], [84.0244376, 28.206581], [84.0244738, 28.2063305], [84.024548, 28.2060432], [84.0247048, 28.2057726], [84.0247947, 28.2055008], [84.0248477, 28.2052561], [84.0249871, 28.2050198], [84.025089, 28.2047645], [84.0251602, 28.2046569], [84.0252628, 28.2044685], [84.0254216, 28.2042445], [84.0254431, 28.2040223], [84.0257489, 28.2037434], [84.0257489, 28.2035968], [84.025765, 28.2034313], [84.0258723, 28.2032139], [84.0259474, 28.2029964], [84.0259903, 28.2027648], [84.0258937, 28.2025331], [84.025883, 28.2022731], [84.0259152, 28.2019563], [84.0259795, 28.2017058], [84.0262585, 28.2014174], [84.0264677, 28.2012141], [84.026575, 28.201025], [84.0266394, 28.200765], [84.0267896, 28.2006373], [84.0271061, 28.2003584], [84.027149, 28.2002308], [84.0271383, 28.2000511], [84.0271704, 28.1999471], [84.0274118, 28.1997958], [84.0277123, 28.1997343], [84.0279536, 28.1996918], [84.0280502, 28.199602], [84.0280609, 28.1993419], [84.0280878, 28.1991387], [84.0280931, 28.1989306], [84.0282165, 28.1987179], [84.0283131, 28.1985571], [84.0283292, 28.1983539], [84.0284499, 28.1981153]]}}, {"type": "Feature", "properties": {"name": "Bijaypur Nahar", "waterway": "stream", "id": 124794747}, "geometry": {"type": "LineString", "coordinates": [[84.0329962, 28.1880279], [84.0329563, 28.1879066], [84.0328984, 28.1877606], [84.0329908, 28.1875409], [84.0332859, 28.1870965], [84.0338384, 28.1862312], [84.0342139, 28.1856354], [84.0349191, 28.1845576], [84.0352224, 28.184094], [84.0356784, 28.1834084], [84.0358072, 28.1832665], [84.0366225, 28.1826897], [84.036703, 28.1826471]]}}, {"type": "Feature", "properties": {"name": "Bijaypur Nahar", "waterway": "stream", "id": 124794748}, "geometry": {"type": "LineString", "coordinates": [[84.036703, 28.1826471], [84.0368371, 28.1825525]]}}, {"type": "Feature", "properties": {"waterway": "stream", "id": 124794749}, "geometry": {"type": "LineString", "coordinates": [[84.0316336, 28.1912904], [84.0317195, 28.1911674]]}}, {"type": "Feature", "properties": {"waterway": "stream", "id": 124794752}, "geometry": {"type": "LineString", "coordinates": [[84.0453719, 28.177545], [84.0454551, 28.1774767]]}}, {"type": "Feature", "properties": {"waterway": "stream", "id": 124794753}, "geometry": {"type": "LineString", "coordinates": [[84.0454551, 28.1774767], [84.0462678, 28.1766938]]}}, {"type": "Feature", "properties": {"name": "Bijaypur Nahar", "waterway": "stream", "id": 124794754}, "geometry": {"type": "LineString", "coordinates": [[84.0317195, 28.1911674], [84.0319555, 28.1907561], [84.0323525, 28.1901887], [84.0327977, 28.1894984], [84.0330177, 28.1891816], [84.0332161, 28.1888601], [84.0333288, 28.1886993], [84.0333824, 28.1885528]]}}, {"type": "Feature", "properties": {"name": "Bijaypur Nahar", "waterway": "stream", "id": 124794755}, "geometry": {"type": "LineString", "coordinates": [[84.0331679, 28.1881698], [84.0329962, 28.1880279]]}}, {"type": "Feature", "properties": {"waterway": "stream", "id": 124794756}, "geometry": {"type": "LineString", "coordinates": [[84.0368371, 28.1825525], [84.0373521, 28.1821743], [84.038248, 28.1815312], [84.0388488, 28.181134], [84.039632, 28.1805335], [84.0401121, 28.1801578], [84.0407532, 28.1796587], [84.0415954, 28.179044], [84.0420192, 28.1787366], [84.0437089, 28.1783914], [84.0445941, 28.1782401], [84.0447657, 28.1781266], [84.0453719, 28.177545]]}}, {"type": "Feature", "properties": {"waterway": "stream", "id": 124794758}, "geometry": {"type": "LineString", "coordinates": [[84.0333824, 28.1885528], [84.0333824, 28.1884913]]}}, {"type": "Feature", "properties": {"name": "Bijaypur Nahar", "waterway": "stream", "id": 124794759}, "geometry": {"type": "LineString", "coordinates": [[84.0333956, 28.1883757], [84.0331679, 28.1881698]]}}, {"type": "Feature", "properties": {"waterway": "stream", "id": 124794760}, "geometry": {"type": "LineString", "coordinates": [[84.0333824, 28.1884913], [84.0333956, 28.1883757]]}}, {"type": "Feature", "properties": {"waterway": "river", "id": 124890657}, "geometry": {"type": "LineString", "coordinates": [[84.053995, 28.165892], [84.05392, 28.1657397], [84.0537966, 28.1654761], [84.0535233, 28.1651939], [84.0533275, 28.1649764], [84.0532449, 28.1648436], [84.0531381, 28.164652], [84.0531041, 28.1645161], [84.053092, 28.1643565], [84.0530925, 28.1641755], [84.0530987, 28.1641259], [84.0531129, 28.1640199], [84.0531979, 28.1637629], [84.0533001, 28.1635882], [84.0533683, 28.1634721], [84.0533857, 28.1633645], [84.053434, 28.1631836], [84.0535083, 28.1629766], [84.0535359, 28.1628336], [84.0534295, 28.1626851], [84.0532663, 28.1624789], [84.0533093, 28.1623205], [84.0533688, 28.1621751], [84.0532596, 28.1619528], [84.0533535, 28.1617033], [84.0533328, 28.1615931], [84.0532932, 28.1614397], [84.0532985, 28.1613037], [84.0533401, 28.1611299], [84.0534763, 28.1608239], [84.0535024, 28.1606989], [84.0535098, 28.160586], [84.0534984, 28.1604778], [84.0534662, 28.1603838], [84.0534675, 28.1602904], [84.0534796, 28.1601745], [84.0535628, 28.1600845], [84.0537944, 28.1597498], [84.05389, 28.1595775], [84.0539382, 28.159484], [84.053924, 28.1593854], [84.0538692, 28.1591825], [84.0539578, 28.1589221], [84.0541493, 28.1584908], [84.0544594, 28.1581512], [84.0546214, 28.1577246], [84.0545034, 28.1572327], [84.0543306, 28.1568648], [84.0542995, 28.1564855], [84.0542555, 28.1560229], [84.0541922, 28.1555395], [84.0541804, 28.1551432], [84.0540946, 28.1548216], [84.0539122, 28.154481], [84.0536547, 28.1543581], [84.053526, 28.1540838], [84.0535723, 28.153798], [84.0535904, 28.1536865], [84.0536333, 28.1532986], [84.053526, 28.1530621], [84.0534412, 28.1528342], [84.0535582, 28.1526459], [84.0537353, 28.152438], [84.0537524, 28.1524179], [84.0537727, 28.1521729], [84.0537298, 28.1518324], [84.0537298, 28.1515959], [84.053947, 28.1514283], [84.0540731, 28.151331], [84.0542459, 28.1510084], [84.0541804, 28.1506215], [84.0541893, 28.150158], [84.0542927, 28.1497038], [84.0541609, 28.149489], [84.0539884, 28.1493341], [84.0538478, 28.1490701], [84.0535592, 28.1489462], [84.0532041, 28.148739], [84.0530432, 28.1484269], [84.0530646, 28.148162], [84.0529928, 28.1478699], [84.0527313, 28.1476212]]}}, {"type": "Feature", "properties": {"waterway": "stream", "id": 124895751}, "geometry": {"type": "LineString", "coordinates": [[84.0565998, 28.1887512], [84.0567147, 28.1886509]]}}, {"type": "Feature", "properties": {"waterway": "stream", "id": 124895758}, "geometry": {"type": "LineString", "coordinates": [[84.056574, 28.1904623], [84.0565419, 28.1903346], [84.0564721, 28.1901455], [84.0565311, 28.1899658], [84.0565419, 28.1898523], [84.0563434, 28.1897672], [84.0563595, 28.1895734], [84.0563595, 28.1893039], [84.056456, 28.1890958], [84.0565419, 28.1888736], [84.0565998, 28.1887512]]}}, {"type": "Feature", "properties": {"waterway": "stream", "id": 124902444}, "geometry": {"type": "LineString", "coordinates": [[84.0748442, 28.2053883], [84.0745652, 28.2052465], [84.0743828, 28.2051188], [84.0742498, 28.2051136], [84.0741092, 28.2050432], [84.0740502, 28.2048305], [84.0739869, 28.2046504], [84.0737337, 28.2044428], [84.0733969, 28.2042391], [84.073075, 28.2040452], [84.0728111, 28.2039086], [84.0726083, 28.2037947], [84.0723293, 28.2037285], [84.0719957, 28.2036061], [84.071706, 28.203502], [84.0713895, 28.203398], [84.071132, 28.2033129], [84.0708595, 28.2033692], [84.0705966, 28.203407], [84.0704411, 28.2033739], [84.0703059, 28.203242], [84.0700537, 28.2031995], [84.0696514, 28.2033319], [84.0693574, 28.2034543], [84.0690184, 28.2036013], [84.0687502, 28.2036628], [84.0685099, 28.2036198], [84.0682674, 28.2035682], [84.068026, 28.2036864], [84.0678393, 28.203823], [84.0675295, 28.2038658]]}}, {"type": "Feature", "properties": {"waterway": "canal", "id": 124967428}, "geometry": {"type": "LineString", "coordinates": [[84.0199041, 28.2119751], [84.0200064, 28.2119972], [84.0202478, 28.2120397], [84.0203589, 28.2120626], [84.0203739, 28.2120657], [84.0208549, 28.2121479], [84.021149, 28.212217], [84.0215551, 28.2122968], [84.0220299, 28.2123913], [84.0224644, 28.2124693], [84.0229193, 28.2125384], [84.0233737, 28.2126064], [84.0238607, 28.2126779], [84.0243033, 28.2127393], [84.0247056, 28.2127843], [84.0252904, 28.2128575], [84.0257222, 28.2129072], [84.0258992, 28.2129213], [84.0261004, 28.2129355], [84.0263472, 28.2129544], [84.026551, 28.212971], [84.0267951, 28.2129757], [84.0269399, 28.212971], [84.0270418, 28.2129899], [84.0270837, 28.2130325]]}}, {"type": "Feature", "properties": {"waterway": "canal", "id": 124967429}, "geometry": {"type": "LineString", "coordinates": [[84.027025, 28.2100971], [84.0268453, 28.2100557], [84.0266598, 28.2101031], [84.0264504, 28.2101031], [84.0261572, 28.2102455], [84.0259778, 28.2103878], [84.0257145, 28.2105407], [84.0254701, 28.2106759], [84.0253091, 28.2107752], [84.0251563, 28.2108083], [84.0250221, 28.2108225], [84.0248891, 28.2108243], [84.0247807, 28.2107988], [84.0247298, 28.2108036], [84.024652, 28.2108461], [84.0245018, 28.2109123], [84.0244294, 28.2109123], [84.0243596, 28.2109454], [84.0242738, 28.2109501], [84.0242228, 28.2109761], [84.0241612, 28.2109832], [84.0240968, 28.2109998], [84.0239975, 28.2110139], [84.0238795, 28.2110258], [84.023783, 28.2110659], [84.0237374, 28.2110848], [84.0236408, 28.2110943], [84.023555, 28.2111061], [84.0234343, 28.2111463], [84.0233458, 28.2111794], [84.0232894, 28.2111534], [84.0232358, 28.2111605], [84.0231956, 28.2111959], [84.0231473, 28.211229], [84.0230936, 28.2112668], [84.0230722, 28.2112668], [84.0230427, 28.2112834], [84.0230319, 28.2113236], [84.0230105, 28.2113685], [84.0229542, 28.2113779], [84.0228737, 28.2113992], [84.0228013, 28.2114205], [84.0227315, 28.2114228], [84.0226725, 28.2114583], [84.0226216, 28.2114867], [84.0225384, 28.2114867], [84.0224901, 28.2115103], [84.0224472, 28.211515], [84.0223828, 28.2114701], [84.0223104, 28.2114607], [84.0222729, 28.211489], [84.0222326, 28.2115434], [84.0221774, 28.2115759], [84.0220932, 28.2115599], [84.0220529, 28.2115339], [84.0219725, 28.2115552], [84.0218743, 28.2115593], [84.0217724, 28.2115901], [84.0216828, 28.2115694], [84.0215122, 28.2116019], [84.021428, 28.2116403], [84.0213743, 28.2116852], [84.0213164, 28.2117153], [84.0212064, 28.2116964], [84.0210981, 28.2116663], [84.0210257, 28.2116497], [84.020965, 28.2116728], [84.0208754, 28.2117254], [84.0208057, 28.2117348], [84.0207585, 28.2117342], [84.0206877, 28.2116828], [84.0206244, 28.211661], [84.0205252, 28.211661], [84.0204865, 28.2117372], [84.0204973, 28.2119145], [84.0204946, 28.2119877], [84.0204146, 28.2120316], [84.0203589, 28.2120626], [84.0202703, 28.212103], [84.0200558, 28.2122471], [84.0199313, 28.2123352], [84.019816, 28.2124344], [84.0197496, 28.2125236]]}}, {"type": "Feature", "properties": {"waterway": "stream", "id": 125068563}, "geometry": {"type": "LineString", "coordinates": [[84.0762657, 28.1732463], [84.0761434, 28.173208], [84.0759868, 28.1732558], [84.0758259, 28.1731565], [84.0756113, 28.1730714], [84.075445, 28.1730856], [84.0752851, 28.1730756], [84.075225, 28.1730099], [84.075092, 28.1729905], [84.0750856, 28.1728917], [84.074989, 28.1728633], [84.0748359, 28.1729272], [84.0747255, 28.1729614]]}}, {"type": "Feature", "properties": {"waterway": "stream", "id": 125068577}, "geometry": {"type": "LineString", "coordinates": [[84.0692398, 28.1787493], [84.069432, 28.1785645], [84.0697019, 28.1783471], [84.0697504, 28.1777794], [84.0697579, 28.1776866], [84.0697526, 28.1774595], [84.0698074, 28.1772791], [84.0698704, 28.1771276], [84.0698888, 28.1769755], [84.0698858, 28.1768256], [84.0697522, 28.1766896], [84.0696789, 28.1766163], [84.0696511, 28.1765169], [84.0696364, 28.1763669], [84.069689, 28.1762444], [84.0697158, 28.1760458], [84.0698402, 28.1759271], [84.0700323, 28.1757573], [84.0701449, 28.1755304], [84.0702415, 28.175379], [84.0703499, 28.175161], [84.0704722, 28.1749156], [84.0705741, 28.174769], [84.0707039, 28.1746834], [84.0707726, 28.1745468], [84.0708273, 28.174395], [84.070896, 28.174263], [84.0713798, 28.1740923], [84.0716684, 28.1740266], [84.0719957, 28.1740219], [84.0720815, 28.1740171], [84.0722489, 28.174116], [84.0724474, 28.1740261], [84.0726179, 28.1739226], [84.0727091, 28.1739273], [84.0728111, 28.1740219], [84.0729505, 28.1739982], [84.0730846, 28.1739462], [84.0732306, 28.1738559], [84.0732735, 28.1737802], [84.0732778, 28.1736767], [84.0733218, 28.1736005], [84.0734119, 28.1735679], [84.073429, 28.1736431], [84.0734666, 28.1737613], [84.0735245, 28.1738185], [84.0736694, 28.1737854], [84.0737659, 28.1737192], [84.073782, 28.1736105], [84.0737606, 28.1734781], [84.0737874, 28.1733929], [84.0738904, 28.1733594], [84.074002, 28.1734166], [84.0740942, 28.1734398], [84.0741522, 28.1733882], [84.0741361, 28.1731518], [84.0741361, 28.1730525], [84.0741951, 28.1728917], [84.0743034, 28.1728581], [84.0744579, 28.1728444], [84.0745666, 28.1728219], [84.0746394, 28.1728953], [84.0747255, 28.1729614], [84.0747762, 28.1729059], [84.0748174, 28.1728207], [84.0748421, 28.1727108], [84.074808, 28.1725471], [84.0749039, 28.1724779], [84.0750554, 28.1724637], [84.0751027, 28.1723994], [84.0752087, 28.1722895], [84.0752284, 28.1721297], [84.0752505, 28.1720623], [84.0754246, 28.1719502], [84.0755684, 28.171859], [84.0758213, 28.171598], [84.0759272, 28.1714656], [84.0759815, 28.1713837], [84.076075, 28.1712447], [84.0761798, 28.1710876], [84.0762168, 28.170885], [84.0762431, 28.1706755], [84.0764369, 28.170215], [84.0764883, 28.1700806], [84.0765654, 28.1698304], [84.0766754, 28.1698236]]}}, {"type": "Feature", "properties": {"waterway": "stream", "id": 125201853}, "geometry": {"type": "LineString", "coordinates": [[84.0792434, 28.1723602], [84.0788303, 28.1719346], [84.0786163, 28.1717854], [84.0779056, 28.1715108], [84.0773579, 28.1713481], [84.077019, 28.1712163], [84.0769018, 28.1709948], [84.0767403, 28.1708307], [84.0766393, 28.1706672], [84.0765822, 28.1704233], [84.0765387, 28.1701838], [84.0765512, 28.17007], [84.0766754, 28.1698236], [84.0769003, 28.1697582], [84.0772659, 28.1696282]]}}, {"type": "Feature", "properties": {"waterway": "stream", "id": 230037315}, "geometry": {"type": "LineString", "coordinates": [[84.076735, 28.1662159], [84.0766475, 28.1662589], [84.076572, 28.1663309], [84.0765157, 28.1664089], [84.0764902, 28.1665365], [84.0765935, 28.1666891], [84.0766901, 28.1667978], [84.0767678, 28.1669243], [84.0768174, 28.167071], [84.0768563, 28.1671714], [84.0769247, 28.167311], [84.077083, 28.1674445], [84.0772533, 28.1675297], [84.0773915, 28.1675593], [84.0775765, 28.1675557], [84.0776905, 28.1675686], [84.0777603, 28.1675982], [84.0777696, 28.1676727], [84.0777777, 28.1677732], [84.0777911, 28.167869], [84.0778702, 28.1679836], [84.0778447, 28.1681007], [84.0779792, 28.1682036], [84.0780526, 28.1683585], [84.0782565, 28.1684873], [84.0782287, 28.1685513], [84.0781358, 28.1685748], [84.0780365, 28.1685961], [84.0779587, 28.1686741], [84.0779712, 28.1687783], [84.0780168, 28.1688965], [84.0779721, 28.1689508], [84.0778353, 28.1690312], [84.0776798, 28.1690643], [84.0775913, 28.1690974], [84.0775698, 28.169147], [84.0776118, 28.1692583], [84.077585, 28.1693221], [84.0774572, 28.1693622], [84.0773955, 28.169426], [84.077365, 28.1695491], [84.0773257, 28.1696057], [84.0772659, 28.1696282]]}}, {"type": "Feature", "properties": {"waterway": "stream", "id": 230044814}, "geometry": {"type": "LineString", "coordinates": [[84.074188, 28.15651], [84.074319, 28.1562597], [84.0742951, 28.1560297], [84.0742576, 28.1559174], [84.0742299, 28.1558197], [84.0742254, 28.1556358], [84.0742217, 28.1554925], [84.0743298, 28.1554202], [84.074547, 28.1553209], [84.0746998, 28.1551908], [84.0747696, 28.154952]]}}, {"type": "Feature", "properties": {"waterway": "canal", "id": 233673888}, "geometry": {"type": "LineString", "coordinates": [[84.0552819, 28.1716319], [84.0556139, 28.1714921], [84.0563702, 28.1711762], [84.0569203, 28.1709272], [84.0580288, 28.1701861], [84.0601831, 28.1687459], [84.0602585, 28.1686988], [84.0604593, 28.1685709], [84.0606435, 28.1684579], [84.0609168, 28.1682571], [84.0614144, 28.1679532], [84.0619487, 28.1676268], [84.0624637, 28.167317], [84.0634641, 28.1669339], [84.0641383, 28.1665738]]}}, {"type": "Feature", "properties": {"waterway": "canal", "id": 233673889}, "geometry": {"type": "LineString", "coordinates": [[84.0641383, 28.1665738], [84.0642527, 28.1665083]]}}, {"type": "Feature", "properties": {"waterway": "stream", "id": 233673890}, "geometry": {"type": "LineString", "coordinates": [[84.0699001, 28.1620061], [84.0699739, 28.1619386]]}}, {"type": "Feature", "properties": {"waterway": "canal", "id": 233673892}, "geometry": {"type": "LineString", "coordinates": [[84.0685586, 28.1634998], [84.0690042, 28.1630535], [84.0695286, 28.1625807], [84.0700155, 28.1620864]]}}, {"type": "Feature", "properties": {"waterway": "canal", "id": 233673893}, "geometry": {"type": "LineString", "coordinates": [[84.0642527, 28.1665083], [84.0649457, 28.1661056], [84.0651217, 28.1659999], [84.0663824, 28.1648933], [84.0666828, 28.1646403], [84.0673436, 28.1642258], [84.0680614, 28.1637961], [84.0684343, 28.1635809]]}}, {"type": "Feature", "properties": {"waterway": "canal", "id": 233673894}, "geometry": {"type": "LineString", "coordinates": [[84.0684343, 28.1635809], [84.0685586, 28.1634998]]}}, {"type": "Feature", "properties": {"waterway": "canal", "id": 233673895}, "geometry": {"type": "LineString", "coordinates": [[84.0700155, 28.1620864], [84.0701, 28.1620037]]}}, {"type": "Feature", "properties": {"waterway": "canal", "id": 233673896}, "geometry": {"type": "LineString", "coordinates": [[84.0701, 28.1620037], [84.0704057, 28.161753], [84.070682, 28.1614835], [84.0709851, 28.1611193], [84.0711218, 28.1609325], [84.0717853, 28.1597991], [84.0718782, 28.1596697], [84.0723181, 28.1592843], [84.0726036, 28.1590193], [84.0727258, 28.1589059], [84.0728277, 28.1587735], [84.0729001, 28.1581468], [84.0728975, 28.1579151]]}}, {"type": "Feature", "properties": {"waterway": "stream", "id": 233673897}, "geometry": {"type": "LineString", "coordinates": [[84.0699739, 28.1619386], [84.0700476, 28.1618464], [84.0700879, 28.1617909], [84.070116, 28.1617116], [84.0701389, 28.1616395], [84.0701746, 28.1614757], [84.0702394, 28.1613794], [84.0703007, 28.1612983], [84.0703681, 28.1612623], [84.0704727, 28.1612127], [84.0706431, 28.1611489], [84.0707544, 28.1610744], [84.0709806, 28.1608159], [84.0709148, 28.1607284], [84.0708053, 28.1605896], [84.070804, 28.1605162], [84.0708536, 28.1604217], [84.0709743, 28.1601474], [84.0711674, 28.1599157], [84.0714303, 28.1595609], [84.071559, 28.1595373], [84.0717095, 28.1594215], [84.0721045, 28.1592221], [84.0722189, 28.1590171], [84.0723235, 28.1585654], [84.0726409, 28.1581674], [84.0728975, 28.1579151], [84.0729806, 28.157785], [84.0729913, 28.1576195], [84.0730369, 28.1574327], [84.0731067, 28.1573688], [84.0733651, 28.1572428], [84.073459, 28.157186], [84.0736592, 28.1569526], [84.0738952, 28.1567303], [84.0740723, 28.1565982]]}}, {"type": "Feature", "properties": {"waterway": "stream", "id": 233674175}, "geometry": {"type": "LineString", "coordinates": [[84.0747696, 28.154952], [84.0748303, 28.154855]]}}, {"type": "Feature", "properties": {"name": "Baguwa Khola", "waterway": "stream", "id": 233674179}, "geometry": {"type": "LineString", "coordinates": [[84.0748303, 28.154855], [84.0748876, 28.154751], [84.0749001, 28.1543442], [84.0748608, 28.1538996], [84.0748071, 28.1537081], [84.0746703, 28.1535874], [84.0744102, 28.1533817], [84.0742921, 28.1531428], [84.0742197, 28.1529371], [84.074099, 28.1528189], [84.0739596, 28.1526533], [84.0738325, 28.1523246], [84.0734928, 28.1519911], [84.0731898, 28.1514378], [84.0730664, 28.15118], [84.0730343, 28.1510814], [84.0730261, 28.151031], [84.0729617, 28.1507371], [84.072884, 28.1506124], [84.0727123, 28.1503996], [84.0726855, 28.1502742], [84.0726506, 28.1501465], [84.0725809, 28.1499124], [84.0725916, 28.1498533], [84.0728062, 28.1494086], [84.0729108, 28.1493519], [84.0731442, 28.1492171], [84.0733749, 28.149113], [84.0735439, 28.1490326], [84.0736351, 28.1489168], [84.0736807, 28.1487749], [84.0737826, 28.1485336], [84.0738657, 28.1484343], [84.0739918, 28.1483255], [84.0740455, 28.1482238], [84.0742037, 28.1477106], [84.0742725, 28.1474017], [84.0742829, 28.1473548], [84.0742788, 28.1472329], [84.0742332, 28.1469916], [84.0741805, 28.1467852], [84.0740884, 28.1465659], [84.0740535, 28.1463933], [84.0740723, 28.1463011], [84.0742144, 28.146048], [84.0743646, 28.1458446], [84.0744836, 28.1456263], [84.0745765, 28.1455111], [84.0745928, 28.1454904], [84.0747401, 28.145303], [84.0747804, 28.14518], [84.0747723, 28.1450216], [84.0747696, 28.1448442], [84.074792, 28.1447465], [84.0750469, 28.1444012], [84.075195, 28.1442709], [84.0754281, 28.1440578], [84.0755622, 28.1439679], [84.0757111, 28.1439691], [84.0758237, 28.1439478], [84.0759873, 28.1437929], [84.0761214, 28.1436285], [84.0762958, 28.1432832], [84.0763709, 28.143217], [84.0764795, 28.1430656], [84.0766592, 28.1428279], [84.0768228, 28.1426505], [84.0769221, 28.1425287], [84.0770133, 28.142336], [84.0771152, 28.1421042], [84.0772037, 28.141928], [84.0773807, 28.1416394], [84.0775216, 28.1413379], [84.0775809, 28.1412166], [84.0776557, 28.1410635], [84.0777898, 28.1409074], [84.0779221, 28.1408341], [84.0780607, 28.1407572], [84.0781385, 28.1406792], [84.0782773, 28.1405386], [84.0784496, 28.1403051], [84.0787145, 28.1398558], [84.0787604, 28.1397702], [84.0790047, 28.1393138], [84.0792024, 28.1389674], [84.0793342, 28.1385394], [84.0794609, 28.1382556], [84.0796675, 28.1378778], [84.0798183, 28.1375727], [84.0798906, 28.1371816], [84.0799635, 28.1367477], [84.0797925, 28.1366979], [84.0796696, 28.1365397], [84.0795251, 28.13626], [84.0795102, 28.1361931], [84.0794509, 28.1361282], [84.0794089, 28.1360535], [84.0793541, 28.1359848], [84.0791491, 28.1358589], [84.0788857, 28.1356747], [84.078718, 28.1353948], [84.0784326, 28.1351411], [84.0783446, 28.1349335], [84.0782138, 28.134793]]}}, {"type": "Feature", "properties": {"waterway": "stream", "id": 233674180}, "geometry": {"type": "LineString", "coordinates": [[84.0740723, 28.1565982], [84.074188, 28.15651]]}}, {"type": "Feature", "properties": {"name": "Gaduwa khola", "waterway": "stream", "id": 233675360}, "geometry": {"type": "LineString", "coordinates": [[84.0660658, 28.1633313], [84.0662026, 28.1631492], [84.0667417, 28.1627756], [84.0668464, 28.1626833], [84.0669025, 28.1623525]]}}, {"type": "Feature", "properties": {"waterway": "stream", "id": 233675363}, "geometry": {"type": "LineString", "coordinates": [[84.0659371, 28.163458], [84.0660658, 28.1633313]]}}, {"type": "Feature", "properties": {"waterway": "stream", "id": 233675365}, "geometry": {"type": "LineString", "coordinates": [[84.0669025, 28.1623525], [84.0669939, 28.1622794]]}}, {"type": "Feature", "properties": {"name": "Gaduwa khola", "waterway": "stream", "id": 233675366}, "geometry": {"type": "LineString", "coordinates": [[84.0669939, 28.1622794], [84.0671736, 28.1622969], [84.0672711, 28.1623482], [84.0673533, 28.1623608], [84.0675009, 28.1623277], [84.0678013, 28.1622], [84.0682224, 28.1620013], [84.0684316, 28.1619304], [84.0684799, 28.1619351], [84.0685496, 28.1619942], [84.068909, 28.1620865], [84.0689573, 28.1621503], [84.0690521, 28.1622442], [84.0692094, 28.162278], [84.0692953, 28.1622756], [84.0697043, 28.1621326], [84.0698102, 28.1620734], [84.0699001, 28.1620061]]}}, {"type": "Feature", "properties": {"waterway": "canal", "id": 233675783}, "geometry": {"type": "LineString", "coordinates": [[84.0759672, 28.14759], [84.0758327, 28.1475846]]}}, {"type": "Feature", "properties": {"waterway": "canal", "id": 233675784}, "geometry": {"type": "LineString", "coordinates": [[84.0772168, 28.1477974], [84.0771541, 28.1477863]]}}, {"type": "Feature", "properties": {"waterway": "canal", "id": 233675785}, "geometry": {"type": "LineString", "coordinates": [[84.0758327, 28.1475846], [84.0742829, 28.1473548], [84.0739981, 28.1473126], [84.0736699, 28.1472636], [84.0734617, 28.1472038]]}}, {"type": "Feature", "properties": {"waterway": "canal", "id": 233677798}, "geometry": {"type": "LineString", "coordinates": [[84.0734017, 28.1471856], [84.0729735, 28.1470595], [84.0728331, 28.1469775], [84.0726775, 28.1468616], [84.0722645, 28.1464572], [84.0721896, 28.1463566], [84.0721826, 28.1462009], [84.0721619, 28.1461123], [84.0722796, 28.1459138], [84.0724043, 28.1457031], [84.0727576, 28.1451656], [84.0731871, 28.144625], [84.0737135, 28.1440112], [84.0740391, 28.1436081], [84.0741281, 28.1435441], [84.0746383, 28.1431775], [84.0749635, 28.1429253], [84.0753213, 28.1427192], [84.0753406, 28.1427081], [84.0755736, 28.142488], [84.0755908, 28.142466], [84.0757668, 28.1422399], [84.0762495, 28.1415447], [84.0763839, 28.1413511], [84.0767519, 28.140817], [84.0767524, 28.1408162], [84.0768237, 28.1407128], [84.077027, 28.1404009], [84.0773472, 28.1399097], [84.0776236, 28.1394124], [84.0776574, 28.1393422], [84.0779043, 28.1389046], [84.0782277, 28.1382729], [84.0783013, 28.1381132], [84.0784589, 28.1378186], [84.078614, 28.1375996], [84.0788464, 28.1374308], [84.0795114, 28.1369486], [84.0797925, 28.1366979]]}}, {"type": "Feature", "properties": {"waterway": "canal", "id": 233677801}, "geometry": {"type": "LineString", "coordinates": [[84.0734617, 28.1472038], [84.0734017, 28.1471856]]}}, {"type": "Feature", "properties": {"name": "Range Khola", "waterway": "stream", "id": 341523365}, "geometry": {"type": "LineString", "coordinates": [[84.0030034, 28.1580788], [84.0030723, 28.1580817], [84.0031407, 28.1580557], [84.0031973, 28.1580235], [84.0032562, 28.1580079], [84.0033068, 28.1580271], [84.0033752, 28.158083], [84.0034235, 28.1581021], [84.0034735, 28.1580845], [84.0035419, 28.1580462], [84.0035702, 28.1579831], [84.0035819, 28.1579669], [84.0036919, 28.1579713], [84.0037285, 28.158033], [84.0038386, 28.1580889], [84.0038719, 28.1580889], [84.0039752, 28.1580874], [84.0040853, 28.1581374], [84.0042969, 28.1582667], [84.0043736, 28.1583211], [84.0044653, 28.1583857], [84.0045586, 28.158471], [84.0045653, 28.1585415], [84.004552, 28.1586164], [84.0044953, 28.1587267], [84.0045086, 28.1588428], [84.0045636, 28.1588751], [84.0046953, 28.1588942], [84.0048153, 28.1588501], [84.004922, 28.1588971], [84.0050754, 28.1589691], [84.0051037, 28.1589941], [84.0051954, 28.1590382], [84.0053087, 28.1590367], [84.0053521, 28.1590088], [84.0053787, 28.1589985], [84.0054621, 28.1590044], [84.0054954, 28.1590338], [84.0054904, 28.1590838], [84.0054571, 28.1591249], [84.0054121, 28.1591587], [84.0053404, 28.1592013], [84.0053204, 28.1592293], [84.0053454, 28.1592895], [84.0054187, 28.1593086], [84.0054604, 28.1592616], [84.0054837, 28.159219], [84.0056088, 28.1592689], [84.0057338, 28.159266], [84.0058154, 28.1593115], [84.0058654, 28.1593453], [84.0059255, 28.1593424], [84.0059838, 28.1593292], [84.0060971, 28.1593042], [84.0061471, 28.1593233], [84.0061455, 28.1593703], [84.0061521, 28.159432], [84.0063955, 28.1596437], [84.0065531, 28.1597437], [84.0066073, 28.1597974], [84.0066956, 28.15984], [84.0067782, 28.1598539], [84.0068598, 28.1598811], [84.0069157, 28.1599098], [84.0069757, 28.1599649], [84.0069973, 28.1600531], [84.0069682, 28.1601567], [84.0069298, 28.1602177], [84.006914, 28.1602617], [84.0069665, 28.1603396], [84.0070507, 28.1604814], [84.0070699, 28.160527], [84.0071549, 28.1605748], [84.0072357, 28.16061], [84.007299, 28.1607063], [84.0074057, 28.1608452], [84.0074591, 28.1608767], [84.0075282, 28.1609194], [84.0076349, 28.1610355], [84.0077766, 28.1612471], [84.0078064, 28.1612858], [84.0078835, 28.161386], [84.0079886, 28.1615174], [84.008281, 28.1615316], [84.0084432, 28.1617811], [84.0085098, 28.1621163], [84.0085677, 28.1621956]]}}, {"type": "Feature", "properties": {"waterway": "stream", "id": 341816193}, "geometry": {"type": "LineString", "coordinates": [[84.0589076, 28.1662055], [84.0589939, 28.1661471], [84.0590639, 28.1660875], [84.0591286, 28.1660065], [84.0591778, 28.165922], [84.0593538, 28.1658136], [84.0594534, 28.1656573], [84.0594884, 28.165574], [84.059566, 28.1654474], [84.0597006, 28.1653995], [84.0598171, 28.1653573], [84.0599504, 28.1652979], [84.0600475, 28.1652375], [84.0600772, 28.1651838], [84.0601445, 28.1651257], [84.0602222, 28.165072], [84.0603503, 28.1650218], [84.0604914, 28.1649899], [84.0608563, 28.1648438], [84.0609456, 28.1647788], [84.0610833, 28.1644899], [84.0611051, 28.1644161]]}}, {"type": "Feature", "properties": {"name": "Seti Gandaki River", "waterway": "river", "id": 407691772}, "geometry": {"type": "LineString", "coordinates": [[83.9944665, 28.2410376], [83.9941967, 28.2377837], [83.9938501, 28.2367219], [83.9933707, 28.2359983], [83.9921206, 28.2341296], [83.9930824, 28.2326557], [83.9934289, 28.2322205], [83.9933205, 28.2311653], [83.9930033, 28.2306263], [83.9927228, 28.2296176], [83.9922956, 28.227921], [83.9920881, 28.2266767], [83.9920704, 28.2261112], [83.9920139, 28.225557], [83.9919224, 28.2245046], [83.9916963, 28.2223862], [83.9919206, 28.2208404], [83.9922813, 28.2187558], [83.9926289, 28.2177018], [83.9927919, 28.2173756], [83.9929609, 28.2170876], [83.9931808, 28.2168357], [83.9934849, 28.21652], [83.9938686, 28.2163201], [83.9941477, 28.2162297], [83.9946327, 28.2161534], [83.995049, 28.2160891], [83.9952018, 28.2158929], [83.9951777, 28.2157098], [83.9951375, 28.2155987], [83.9949346, 28.2153666], [83.9947892, 28.2151311], [83.9947062, 28.2150141], [83.9946815, 28.2149623], [83.9946187, 28.2148801], [83.9945244, 28.2143196], [83.9944227, 28.2140655], [83.9941367, 28.2138713], [83.9939139, 28.2137262], [83.9937737, 28.2136303], [83.9936906, 28.2135534], [83.9935374, 28.2134117], [83.9933544, 28.2131936], [83.9934142, 28.2129752], [83.9937134, 28.2124938], [83.993784, 28.2121395], [83.9937805, 28.2118697], [83.9937392, 28.2116573], [83.9936282, 28.2115025], [83.9932941, 28.2112499], [83.9912221, 28.2090485], [83.9910071, 28.2088319]]}}, {"type": "Feature", "properties": {"name": "Seti River", "waterway": "river", "id": 407693769}, "geometry": {"type": "LineString", "coordinates": [[83.9910071, 28.2088319], [83.9905933, 28.2079371]]}}, {"type": "Feature", "properties": {"waterway": "river", "id": 420986396}, "geometry": {"type": "LineString", "coordinates": [[84.0536794, 28.1717444], [84.0536709, 28.1715687], [84.0537252, 28.1714491], [84.0537523, 28.1711179], [84.0536897, 28.1708622], [84.0535207, 28.1705678], [84.0536, 28.1703765], [84.053721, 28.1701539], [84.0536793, 28.1699423], [84.05343, 28.1697505], [84.0534747, 28.1696056], [84.0538379, 28.1695854], [84.0542156, 28.1696516], [84.0544827, 28.1694309], [84.054681, 28.1691089], [84.0547942, 28.1689484], [84.0551751, 28.1688207], [84.0554152, 28.1688242], [84.0554929, 28.1686989], [84.0554446, 28.16855], [84.0552703, 28.168511], [84.0548452, 28.1683679], [84.0546168, 28.1682781], [84.0543852, 28.1682473], [84.0541706, 28.1681646], [84.054126, 28.1681268], [84.0540741, 28.168122], [84.054008, 28.1680984], [84.0539064, 28.168109], [84.0537626, 28.1681434], [84.0536074, 28.1681113], [84.0534984, 28.1679908], [84.0534464, 28.167824], [84.0534357, 28.1676633], [84.0535657, 28.1672637], [84.0537186, 28.1670379], [84.053732, 28.1668227], [84.0539292, 28.1665165], [84.0539865, 28.1663983], [84.0540325, 28.1663013], [84.0540794, 28.1661216], [84.053995, 28.165892]]}}, {"type": "Feature", "properties": {"name": "Khahare Khola", "waterway": "river", "id": 421965096}, "geometry": {"type": "LineString", "coordinates": [[84.0014952, 28.1807587], [84.0017453, 28.1806603], [84.0018124, 28.1805137], [84.0018392, 28.1803719], [84.0017319, 28.1801922], [84.001678, 28.1800315], [84.0016496, 28.179863], [84.0016496, 28.1797881], [84.0018761, 28.1794699], [84.0020603, 28.1794094], [84.0022067, 28.1793951], [84.0023246, 28.1794202], [84.002381, 28.1794773], [84.0024663, 28.1795149], [84.002566, 28.17954], [84.0026412, 28.1795507], [84.0027306, 28.1795436], [84.0027875, 28.1795328], [84.0028261, 28.1794934], [84.0028526, 28.1794343], [84.0028099, 28.1793536], [84.0027611, 28.1792623], [84.0026696, 28.1791906], [84.0026066, 28.1791834], [84.0025029, 28.1791171], [84.0022732, 28.1790007], [84.0021777, 28.1789576], [84.0020781, 28.1788698], [84.0020212, 28.1788161], [84.0020151, 28.178739], [84.0020435, 28.1786674], [84.0021696, 28.1786405], [84.002385, 28.17861], [84.0025029, 28.1786011], [84.0026574, 28.1785634], [84.0027184, 28.1785097], [84.0027123, 28.1784094], [84.0026478, 28.1783682], [84.0024602, 28.1782809], [84.0024036, 28.1782559], [84.0023434, 28.1782122], [84.0022903, 28.1781467], [84.0022762, 28.1780937], [84.0022868, 28.1780469], [84.002308, 28.1780219], [84.0023505, 28.1780001], [84.0024071, 28.1780032], [84.0024921, 28.1780594], [84.0026229, 28.1780863], [84.0026983, 28.1781238], [84.0028322, 28.1781516], [84.0030205, 28.1782484], [84.0032672, 28.1782871], [84.003437, 28.1782996], [84.0035007, 28.1783183], [84.003614, 28.1783963], [84.003837, 28.1784493], [84.0039467, 28.1784306], [84.0040281, 28.1783557], [84.0040599, 28.1782465], [84.0040281, 28.1781405], [84.0039644, 28.1780562], [84.0038653, 28.1779907], [84.0037343, 28.1779283], [84.0036777, 28.1778691], [84.0035928, 28.1777536], [84.0035326, 28.1776507], [84.0034795, 28.177529], [84.0034512, 28.177451], [84.0034441, 28.177373], [84.0033733, 28.1772825], [84.0033132, 28.1772233], [84.0032636, 28.177061], [84.0032282, 28.1769737], [84.0031893, 28.1769051], [84.0031574, 28.1768333], [84.0033096, 28.1763965], [84.0033061, 28.1762842], [84.0032919, 28.1762281], [84.0032424, 28.1761969], [84.0032388, 28.1760877], [84.0031291, 28.1759473], [84.002938, 28.1757476], [84.0028177, 28.1756135], [84.0028106, 28.1755011], [84.0028566, 28.1754543], [84.0030336, 28.1753982], [84.0033309, 28.1753732], [84.0034087, 28.1752765], [84.0034123, 28.1752235], [84.0034123, 28.175133], [84.0033486, 28.1748959], [84.0032388, 28.1745901], [84.0032495, 28.1744778], [84.0033096, 28.1743905], [84.0034406, 28.1743062], [84.0036282, 28.1741658], [84.0037025, 28.1740723], [84.0037556, 28.1739506], [84.0037874, 28.1738414], [84.0037485, 28.173754], [84.0037237, 28.173648], [84.0036423, 28.1734576], [84.0036175, 28.1733765], [84.0035751, 28.1731082], [84.0035255, 28.1729741], [84.0034229, 28.1727057], [84.0034158, 28.1726028], [84.0034654, 28.1724593], [84.0035432, 28.1724], [84.0036635, 28.1723906], [84.0037874, 28.1724374], [84.0038405, 28.1724343], [84.0039502, 28.1724], [84.0040812, 28.1723657], [84.0042086, 28.172347], [84.0047005, 28.1722097], [84.0051182, 28.1720911], [84.0052456, 28.1720256], [84.0053624, 28.1718852], [84.0055393, 28.1716855], [84.0056207, 28.1715763], [84.0056817, 28.1715065], [84.0057549, 28.1714187], [84.0058159, 28.1712727], [84.0058362, 28.1711884], [84.0058138, 28.1710263], [84.00578, 28.170925], [84.0058288, 28.1707315], [84.0058166, 28.1704932], [84.0058085, 28.1703624], [84.0058277, 28.1702391], [84.0059234, 28.1699736], [84.0060003, 28.1698493], [84.006106, 28.1697669], [84.0061609, 28.1697866], [84.0061751, 28.1698422], [84.0062646, 28.1699085], [84.0063784, 28.1699461], [84.0065125, 28.1698816], [84.0066609, 28.1698529], [84.0067992, 28.1698207], [84.0069089, 28.1697705], [84.0070228, 28.1697078], [84.0071468, 28.1696271], [84.0072911, 28.1695752], [84.0074476, 28.1695536], [84.0075187, 28.1695429], [84.0075533, 28.1695035], [84.0076041, 28.16943], [84.0076448, 28.1693673], [84.007659, 28.1693207], [84.0076671, 28.1692598], [84.0076834, 28.1691988], [84.0077017, 28.1691612], [84.0077545, 28.1691218], [84.0078806, 28.1690178], [84.0080432, 28.16893], [84.0081428, 28.1688458], [84.0082058, 28.1687437], [84.0082099, 28.1686559], [84.0081774, 28.1685286], [84.0081631, 28.1684355], [84.0081631, 28.1683064], [84.008155, 28.1682186], [84.0081286, 28.1681559], [84.0080777, 28.1680502], [84.0080554, 28.1680143], [84.0079741, 28.1679839], [84.0078928, 28.1680412], [84.0078033, 28.1680806], [84.0076427, 28.1679427], [84.007594, 28.1679176], [84.0074761, 28.1678889], [84.0073419, 28.1678477], [84.007287, 28.1678047], [84.007287, 28.167733], [84.007287, 28.1676703], [84.0073399, 28.1676093], [84.0073866, 28.1675789], [84.0074049, 28.1675574], [84.0074049, 28.1675233], [84.0073683, 28.1674462], [84.0073642, 28.167353], [84.0073398, 28.1672133], [84.0072699, 28.1670655], [84.0071339, 28.1669574], [84.0070532, 28.1668926], [84.0070406, 28.1667717], [84.0070064, 28.1666685], [84.0069306, 28.1665534], [84.0067991, 28.1664463], [84.0066122, 28.1664164], [84.0064663, 28.1664245], [84.0062625, 28.166371], [84.0061223, 28.1661026]]}}, {"type": "Feature", "properties": {"name": "Khahare Khola", "waterway": "river", "id": 422594177}, "geometry": {"type": "LineString", "coordinates": [[83.9962684, 28.1849203], [83.9964102, 28.1844053], [83.9966722, 28.1840531], [83.9964918, 28.1837312], [83.9961911, 28.1836138], [83.9961653, 28.1833146], [83.9965434, 28.1832578], [83.9966808, 28.1829132], [83.9969386, 28.1827234], [83.9970525, 28.1825795], [83.9970654, 28.1824223], [83.9968054, 28.1822316], [83.9967109, 28.1819172], [83.9967861, 28.1814079], [83.9971255, 28.181326], [83.997321, 28.1812294], [83.9974005, 28.1811007], [83.9973382, 28.180934], [83.9973446, 28.1806973], [83.997321, 28.1805042], [83.9974177, 28.1803205], [83.9974177, 28.180133], [83.9973382, 28.1800327], [83.9974091, 28.1798055], [83.9974241, 28.1796672], [83.9976346, 28.1794722], [83.997684, 28.1791976], [83.9977614, 28.1789874], [83.9978688, 28.1789079], [83.9977442, 28.1787337], [83.9975938, 28.1785671], [83.9975208, 28.1783039], [83.9974735, 28.1781562], [83.9976046, 28.1779157], [83.9978172, 28.1777263], [83.9979118, 28.177626], [83.9979268, 28.1774328], [83.9977807, 28.1773192], [83.9974026, 28.1773003], [83.9972694, 28.177162], [83.9971298, 28.1770162], [83.9970074, 28.176878], [83.9969386, 28.1765447], [83.9969279, 28.1763175], [83.9967925, 28.1760864], [83.996466, 28.1757626], [83.9962104, 28.1754786], [83.9956916, 28.1751141], [83.9956032, 28.1750639]]}}, {"type": "Feature", "properties": {"waterway": "river", "id": 426735404}, "geometry": {"type": "LineString", "coordinates": [[84.0154219, 28.1659729], [84.0156955, 28.1656797], [84.0158886, 28.1656513], [84.0160227, 28.1654953], [84.0161381, 28.1654031], [84.016232, 28.1653297], [84.0164787, 28.1651169], [84.0169025, 28.1646865], [84.0170473, 28.1644927], [84.0170849, 28.1643413], [84.0171385, 28.1642278], [84.0171063, 28.1641474], [84.0171546, 28.1639677], [84.0170849, 28.1638684], [84.0170956, 28.1637833], [84.0172565, 28.163665], [84.0173692, 28.1636035], [84.0174121, 28.1634664], [84.0176267, 28.1632205], [84.0179834, 28.1627074], [84.0182714, 28.1623903]]}}, {"type": "Feature", "properties": {"waterway": "stream", "id": 426976868}, "geometry": {"type": "LineString", "coordinates": [[84.0194638, 28.2167225], [84.0195657, 28.2166115], [84.0195859, 28.2165701], [84.0196328, 28.2164189], [84.0196905, 28.2162983], [84.0197575, 28.2161364], [84.0198595, 28.2160041], [84.0199721, 28.215984], [84.0202269, 28.2161163], [84.020302, 28.2162038], [84.0204911, 28.216446], [84.0207044, 28.2166753], [84.0209042, 28.2168797], [84.0211939, 28.2170534], [84.0213387, 28.2170452], [84.0215828, 28.2169022], [84.0217853, 28.2167604], [84.0220428, 28.2166292], [84.0223244, 28.216511], [84.0225698, 28.2164531], [84.0228059, 28.2165689], [84.0229078, 28.2166505], [84.0231143, 28.2168549], [84.0233775, 28.2171472], [84.023913, 28.2176269], [84.0251445, 28.2181472], [84.0262847, 28.2179779], [84.027154, 28.2179668], [84.0277071, 28.2179964], [84.0280408, 28.2180461], [84.0282503, 28.2179273], [84.028534, 28.2178658], [84.0288091, 28.2178419], [84.029051, 28.2178106], [84.0295781, 28.2174702], [84.0297748, 28.2171987], [84.0298226, 28.2170792], [84.029844, 28.2169479]]}}, {"type": "Feature", "properties": {"name": "Khahare Khola", "waterway": "river", "id": 427596530}, "geometry": {"type": "LineString", "coordinates": [[84.0004477, 28.190888], [84.000439, 28.1908488], [84.0004389, 28.1907737], [84.0004676, 28.1906724], [84.000483, 28.1906003], [84.0005049, 28.1905153], [84.0005131, 28.1904524], [84.0005203, 28.1903658], [84.0005154, 28.1903094], [84.0004897, 28.1902263], [84.0004655, 28.1901757], [84.0004295, 28.1901312], [84.0003982, 28.1901006], [84.0003237, 28.1900547], [84.0002579, 28.1900301], [84.0001868, 28.1900175], [84.0001048, 28.1900055], [84.0000239, 28.1899914], [83.9999556, 28.189965], [83.9999217, 28.1899424], [83.9999011, 28.1899051], [83.999893, 28.1898569], [83.9998806, 28.1897689], [83.9998651, 28.1896487], [83.9998537, 28.189552], [83.9998374, 28.1894976], [83.9998154, 28.1894459], [83.9997932, 28.1894055], [83.9997577, 28.1893522], [83.9997566, 28.1893026], [83.9997625, 28.1892305], [83.9997679, 28.1891591], [83.9997688, 28.1891029], [83.9997548, 28.1890553], [83.9997204, 28.1889967], [83.9996902, 28.1889405], [83.9996648, 28.1889056], [83.9996491, 28.188864], [83.9996391, 28.188828], [83.9996281, 28.1887169], [83.9996402, 28.1885485], [83.9996977, 28.1882977], [83.999735, 28.1881461], [83.9997866, 28.1878785], [83.9998318, 28.1876722], [83.9999068, 28.1874427], [83.9999839, 28.1872212], [84.0001307, 28.1869793], [84.0002662, 28.1868075], [84.0003338, 28.1867454], [84.000432, 28.1866106], [84.0005823, 28.1864861], [84.0007376, 28.186335], [84.000878, 28.1862409], [84.0009884, 28.1861875], [84.0010266, 28.1861374], [84.0010177, 28.1860943], [84.0009373, 28.1860126], [84.0008257, 28.1858461], [84.0004291, 28.1853725], [84.0003907, 28.1853208], [84.0000688, 28.185147], [83.9999255, 28.1850859], [83.9997838, 28.1850235], [83.999552, 28.1849997], [83.9994338, 28.1849187], [83.9993963, 28.1848443], [83.9993869, 28.1847875], [83.9993708, 28.1846208], [83.9994016, 28.1845322], [83.9995424, 28.1843974], [83.9996434, 28.1842726], [83.9997206, 28.1841024], [83.999743, 28.1840002], [83.999804, 28.1838641], [83.9998568, 28.1837566], [83.9999544, 28.1835702], [84.0000012, 28.1835021], [83.9999463, 28.1830578], [84.0000868, 28.1827514], [84.0002638, 28.182567], [84.0003926, 28.1824346], [84.0005535, 28.1820563], [84.0005803, 28.1819428], [84.000575, 28.1818104], [84.0004516, 28.1816213], [84.0003282, 28.1814227], [84.0002209, 28.181191], [84.0002039, 28.1811246], [84.0003056, 28.1810567], [84.0006383, 28.1810078], [84.0008267, 28.1810176], [84.0009471, 28.1809864], [84.0011028, 28.1809178], [84.0012656, 28.1808492], [84.0014078, 28.1807954]]}}, {"type": "Feature", "properties": {"waterway": "river", "id": 427596543}, "geometry": {"type": "LineString", "coordinates": [[84.0014078, 28.1807954], [84.0014952, 28.1807587]]}}, {"type": "Feature", "properties": {"name": "Bijayapur River", "waterway": "river", "id": 427949303}, "geometry": {"type": "LineString", "coordinates": [[84.0556598, 28.2244276], [84.0554804, 28.2243108], [84.0546183, 28.2237843], [84.0544433, 28.2237441], [84.0542823, 28.2236519], [84.0540025, 28.2233936], [84.0537973, 28.2231767], [84.0535261, 28.2230358], [84.0533877, 28.2228895], [84.0531563, 28.22273], [84.0530176, 28.2226404], [84.0528017, 28.2225008], [84.0526845, 28.2223665], [84.052361, 28.2220014], [84.0517807, 28.2212405], [84.0511435, 28.2207703], [84.0496951, 28.2191615], [84.0487515, 28.2177872], [84.0485316, 28.2175433], [84.0485257, 28.2175024], [84.0485294, 28.2172124], [84.0484114, 28.2170633], [84.048273, 28.2169522], [84.0479911, 28.2168179], [84.0476065, 28.2167515], [84.047161, 28.2167749], [84.0466777, 28.2168023], [84.0463005, 28.2167674], [84.0459668, 28.2166823], [84.0455361, 28.2166303], [84.0448526, 28.2165905], [84.0442336, 28.2163991], [84.0437685, 28.2162545], [84.0433453, 28.2161779], [84.0428641, 28.2160796], [84.0422563, 28.2159647], [84.041656, 28.2159623], [84.041148, 28.2160588], [84.0407762, 28.216271], [84.0405461, 28.2165594], [84.0402435, 28.2166028], [84.0399405, 28.216461], [84.0398922, 28.2161821], [84.0398853, 28.2158283], [84.0393278, 28.2157061], [84.0387045, 28.2157354], [84.0381772, 28.2157014], [84.0379476, 28.2156215], [84.0375753, 28.2155478], [84.0370346, 28.2155085], [84.0366236, 28.2155587], [84.0361285, 28.2156948], [84.0357471, 28.2159122], [84.0353474, 28.2158546], [84.0349614, 28.215734], [84.0346329, 28.2155291], [84.0342779, 28.215443], [84.0338249, 28.2155029], [84.0334567, 28.2157561], [84.0331277, 28.215874], [84.0329513, 28.2159437], [84.0326364, 28.2160281], [84.0323053, 28.2161196], [84.0321683, 28.2161649], [84.031848, 28.216238], [84.0317333, 28.2162935], [84.0316199, 28.2163484], [84.0313539, 28.2164732], [84.0311853, 28.216566], [84.0307186, 28.2167359], [84.0302394, 28.2168997], [84.029844, 28.2169479]]}}, {"type": "Feature", "properties": {"waterway": "stream", "id": 434990941}, "geometry": {"type": "LineString", "coordinates": [[84.0279678, 28.1681324], [84.0279356, 28.1679195], [84.0279275, 28.1677658], [84.0280509, 28.1676831], [84.0281582, 28.1675932], [84.0283594, 28.1675483], [84.0285793, 28.1675767], [84.0287644, 28.167501], [84.0287966, 28.167371], [84.0287536, 28.1672504], [84.0285981, 28.1671842], [84.0284076, 28.1671061], [84.0282548, 28.1670588], [84.0280536, 28.1670045], [84.0279087, 28.166969], [84.0279275, 28.1668957], [84.0279329, 28.1667775], [84.0279678, 28.1667302], [84.0280724, 28.1666994], [84.0281448, 28.16669], [84.0282413, 28.1666994], [84.0284666, 28.1666947], [84.0285015, 28.1665859], [84.0285069, 28.1664724], [84.0285364, 28.1663991], [84.0286356, 28.1663093], [84.0287483, 28.1662502], [84.028751, 28.1661319], [84.0286812, 28.1660042], [84.0286356, 28.1659215], [84.0286249, 28.1658103], [84.0286866, 28.165711], [84.0287429, 28.165607], [84.0288046, 28.1655171], [84.0287241, 28.1653847], [84.0286705, 28.165309], [84.0287697, 28.1651412], [84.0287939, 28.1650962], [84.028877, 28.1650087], [84.0288851, 28.1649094], [84.028869, 28.1648527], [84.0287536, 28.1648598], [84.0285713, 28.164874], [84.0284371, 28.164874], [84.0283352, 28.1648385], [84.0283325, 28.1647439], [84.0284023, 28.1646091], [84.0284693, 28.1644389], [84.0285122, 28.1643017], [84.0285015, 28.1642], [84.0284586, 28.1640558], [84.0283433, 28.1639541], [84.0283337, 28.1637447], [84.0284211, 28.1636798], [84.0286785, 28.1635947], [84.028751, 28.1635167], [84.0288261, 28.1633961], [84.0287697, 28.1632731], [84.0287992, 28.1630437], [84.028869, 28.1629444], [84.0288743, 28.1628356], [84.0288475, 28.1627718], [84.0288207, 28.1626938], [84.0288797, 28.1625826], [84.0289146, 28.1625282], [84.0289682, 28.1624762], [84.0290272, 28.1623887], [84.0290406, 28.1622823], [84.0290433, 28.1621901], [84.0290621, 28.1621121], [84.0291184, 28.1620222], [84.0291506, 28.1618661], [84.0291613, 28.1617786], [84.0291774, 28.1617172], [84.0292096, 28.1615091], [84.0291801, 28.1613979], [84.0291184, 28.1613104], [84.0290728, 28.1612324], [84.0291131, 28.1611614], [84.029164, 28.1610976], [84.0292847, 28.1610858], [84.0292794, 28.1610479], [84.0291828, 28.160899], [84.0291426, 28.1607145], [84.0288691, 28.1602965]]}}, {"type": "Feature", "properties": {"waterway": "stream", "id": 478266537}, "geometry": {"type": "LineString", "coordinates": [[84.0611791, 28.1642434], [84.0613024, 28.1640995], [84.0616001, 28.1643159], [84.062508, 28.1639612], [84.0629264, 28.1637401], [84.0632523, 28.1635238], [84.0636319, 28.1635391], [84.0638076, 28.1636455], [84.0640302, 28.1636195], [84.0642716, 28.163415], [84.0645841, 28.1634055], [84.064981, 28.1634469], [84.0657562, 28.1634753], [84.0659371, 28.163458]]}}, {"type": "Feature", "properties": {"waterway": "river", "id": 478266540}, "geometry": {"type": "LineString", "coordinates": [[84.0518247, 28.1762187], [84.0517392, 28.1761179], [84.051631, 28.1759471], [84.0520177, 28.1758814], [84.0522876, 28.175677], [84.0524159, 28.1755308], [84.0526542, 28.1754424], [84.0527182, 28.1750231], [84.0526658, 28.1747443], [84.0526376, 28.1745849], [84.052651, 28.1744507], [84.0528033, 28.1741802], [84.0529331, 28.1738427], [84.0533474, 28.1734854], [84.0536206, 28.173138], [84.0538754, 28.1725551], [84.0541298, 28.1721637], [84.0538176, 28.1719107], [84.0536794, 28.1717444]]}}, {"type": "Feature", "properties": {"waterway": "stream", "id": 489494282}, "geometry": {"type": "LineString", "coordinates": [[84.0772374, 28.1640332], [84.0772131, 28.1641374]]}}, {"type": "Feature", "properties": {"waterway": "stream", "id": 489494284}, "geometry": {"type": "LineString", "coordinates": [[84.0803825, 28.1609219], [84.0803771, 28.1609443], [84.0803342, 28.1609514], [84.0802162, 28.1609301], [84.080117, 28.1609254], [84.0797799, 28.1610269], [84.079678, 28.1610104], [84.0795001, 28.160897], [84.079442, 28.1608874], [84.0791701, 28.1610271], [84.0788599, 28.1612539], [84.0787464, 28.1613676], [84.0786847, 28.1613983], [84.0786096, 28.1614078], [84.0784352, 28.161351], [84.0783691, 28.1613556], [84.0782019, 28.1614291], [84.0780982, 28.1615283], [84.0780114, 28.1615946], [84.0778756, 28.1616252], [84.0776986, 28.1616867], [84.0775537, 28.1617955], [84.077484, 28.1619019], [84.0774652, 28.1620012], [84.0774867, 28.1620958], [84.0775715, 28.1622732], [84.0774464, 28.162538], [84.077433, 28.1627295], [84.0773686, 28.1629116], [84.0771648, 28.1631244], [84.077138, 28.1632143], [84.0771326, 28.1633041], [84.0772184, 28.16342], [84.0772707, 28.1636328], [84.0772909, 28.1638645], [84.0772374, 28.1640332]]}}, {"type": "Feature", "properties": {"waterway": "stream", "id": 490620164}, "geometry": {"type": "LineString", "coordinates": [[84.0449747, 28.1537729], [84.0446904, 28.1537303], [84.0442452, 28.1537398], [84.043698, 28.153877], [84.0432313, 28.1539763], [84.0429738, 28.1535364], [84.0422603, 28.1531817], [84.0413859, 28.1528931], [84.0411177, 28.1525384], [84.0405867, 28.1521222], [84.0398303, 28.1517817], [84.0390524, 28.1517343], [84.0386179, 28.1518385], [84.0382102, 28.151985], [84.0378669, 28.1521317], [84.0373627, 28.1523019], [84.0370792, 28.15236], [84.0368262, 28.1525384], [84.0364185, 28.1526189], [84.0361369, 28.1526851], [84.035764, 28.1528743], [84.0354154, 28.1530918], [84.0351525, 28.1532787], [84.0348682, 28.1536547], [84.0345034, 28.1536641], [84.0340045, 28.1536712], [84.0336934, 28.1536594], [84.033393, 28.1535412], [84.0328082, 28.1534702], [84.0324166, 28.1534111], [84.032371, 28.1534087]]}}, {"type": "Feature", "properties": {"waterway": "stream", "id": 490633192}, "geometry": {"type": "LineString", "coordinates": [[84.0611402, 28.1643403], [84.0611791, 28.1642434]]}}, {"type": "Feature", "properties": {"waterway": "stream", "id": 490633193}, "geometry": {"type": "LineString", "coordinates": [[84.0611051, 28.1644161], [84.0611402, 28.1643403]]}}, {"type": "Feature", "properties": {"waterway": "stream", "id": 490633196}, "geometry": {"type": "LineString", "coordinates": [[84.0585198, 28.1665418], [84.0585776, 28.1664856]]}}, {"type": "Feature", "properties": {"waterway": "stream", "id": 490633197}, "geometry": {"type": "LineString", "coordinates": [[84.0565498, 28.1690781], [84.0566811, 28.1687828], [84.0568441, 28.1686531], [84.057127, 28.1687249], [84.057213, 28.1685493], [84.0571994, 28.16828], [84.0572741, 28.1679248], [84.0573895, 28.1677173], [84.0575661, 28.1674679], [84.0577566, 28.1672142], [84.0579757, 28.1670209], [84.0580889, 28.1668813], [84.0582326, 28.1667825], [84.0583379, 28.1666737], [84.0584576, 28.1665887], [84.0585198, 28.1665418]]}}, {"type": "Feature", "properties": {"waterway": "stream", "id": 508330797}, "geometry": {"type": "LineString", "coordinates": [[84.0223861, 28.1730367], [84.022598, 28.1727482], [84.0228313, 28.1724101], [84.023062, 28.17202], [84.0233168, 28.1716511], [84.0234295, 28.1714596], [84.0234348, 28.1712775], [84.0234992, 28.1710032], [84.0235662, 28.1708212], [84.0238023, 28.1706628], [84.0239659, 28.1705516], [84.0240973, 28.1704216], [84.0240464, 28.1702277], [84.0240142, 28.1701236], [84.024108, 28.1700551], [84.0241885, 28.1700693], [84.0243334, 28.1700976], [84.0245828, 28.1702111], [84.0246955, 28.1702182], [84.024792, 28.170126], [84.024784, 28.170022], [84.0246874, 28.1698801], [84.0244755, 28.169769], [84.0244085, 28.169646], [84.0244219, 28.169542], [84.0246096, 28.1695231], [84.0248242, 28.1695562], [84.0251192, 28.1696011], [84.0253714, 28.1696389], [84.0254948, 28.1696295], [84.0255591, 28.1695372], [84.0255538, 28.1693883], [84.0254196, 28.1691991], [84.0252024, 28.1690714], [84.0249315, 28.1690643], [84.0248457, 28.1689603], [84.0248886, 28.1688799], [84.0250415, 28.1687664], [84.0254572, 28.1686269], [84.0258917, 28.1684567], [84.0260017, 28.1683195], [84.0259829, 28.1681469], [84.025932, 28.1680665], [84.025822, 28.1680263], [84.0256798, 28.1679672], [84.0256101, 28.1678915], [84.0255806, 28.1677828], [84.0255779, 28.1676669], [84.0256101, 28.1675794], [84.0257093, 28.1674517], [84.0258086, 28.1673099], [84.0259883, 28.1671562], [84.0260741, 28.1670308], [84.0260741, 28.1669244], [84.0259427, 28.1668629], [84.0258729, 28.1667589], [84.0259051, 28.1666478], [84.0259051, 28.1665887], [84.0257603, 28.1664823], [84.025661, 28.1664078], [84.0256074, 28.1663581], [84.0255377, 28.1663155], [84.025484, 28.1662789], [84.0254277, 28.166208], [84.0253955, 28.1661429], [84.0253848, 28.1660826], [84.0253982, 28.1660046], [84.0254317, 28.1659644], [84.0254733, 28.1659159], [84.0254854, 28.1658474], [84.0254827, 28.1657894], [84.0254813, 28.1657563], [84.0255028, 28.1657303], [84.0255645, 28.1657055], [84.0256785, 28.1657043], [84.025767, 28.1656783], [84.0258273, 28.1656523], [84.0258837, 28.1655908], [84.0259427, 28.1654962], [84.0260258, 28.1653804], [84.0260768, 28.1653189], [84.0261143, 28.1652834], [84.0261908, 28.1652101], [84.0262686, 28.1651415], [84.0263544, 28.1650552], [84.0264067, 28.1649831], [84.0264751, 28.1649122], [84.0265046, 28.1648282], [84.0265261, 28.164723], [84.0264456, 28.1646048], [84.0263772, 28.1645646], [84.0262713, 28.164509], [84.0261452, 28.1644345], [84.0260406, 28.1643636], [84.0259199, 28.1642855], [84.0258327, 28.1642252], [84.025767, 28.1641507], [84.0256919, 28.1640562], [84.0256222, 28.1639474], [84.0255953, 28.1638197], [84.0255819, 28.1637204], [84.0255779, 28.1636636], [84.0255779, 28.1635962], [84.0256007, 28.1635052], [84.0256275, 28.1634591], [84.0256584, 28.1633858], [84.0256758, 28.1633231], [84.0256704, 28.1632735], [84.0256436, 28.1631883], [84.0256503, 28.1631162], [84.0256248, 28.1630488], [84.025543, 28.1629708], [84.0255149, 28.1628963], [84.0254934, 28.1628443], [84.0254089, 28.162797], [84.0253472, 28.1627852], [84.0252654, 28.1627828], [84.0252386, 28.1627095], [84.0252252, 28.1626468], [84.0251622, 28.1625783], [84.0250844, 28.1625274], [84.0250146, 28.1624281], [84.0249811, 28.162369], [84.0249583, 28.1623146], [84.0249556, 28.162233], [84.024957, 28.1621727], [84.0249757, 28.1621278], [84.0248805, 28.1621503], [84.0248778, 28.1621242], [84.0248872, 28.1621041], [84.0248913, 28.1620758], [84.0248805, 28.162045], [84.0248255, 28.1619824], [84.0247759, 28.1619209], [84.0247357, 28.1618523], [84.0247357, 28.1617861], [84.0247048, 28.1617353], [84.0246673, 28.161682], [84.0246016, 28.1616099], [84.0245305, 28.1615402], [84.0244406, 28.1614586], [84.0244098, 28.1613888], [84.0244339, 28.1613155], [84.0244742, 28.161273], [84.0245546, 28.1612186], [84.0246499, 28.1611689], [84.0247531, 28.1611299], [84.0248537, 28.1610483], [84.0248939, 28.1610483], [84.0249503, 28.1610022], [84.0249959, 28.1609573], [84.0250522, 28.1608851], [84.0251032, 28.1608189], [84.0252373, 28.1607622], [84.025366, 28.1608071], [84.0254787, 28.1608414], [84.0256047, 28.1608201], [84.0256812, 28.1607433], [84.0257911, 28.1606877], [84.0259548, 28.1607563], [84.0259574, 28.1608532], [84.0258609, 28.1609525], [84.0258555, 28.1610519], [84.0259159, 28.1611535], [84.0260553, 28.1612127], [84.0262485, 28.1612883], [84.0264349, 28.1613687], [84.0264778, 28.1614479], [84.0264671, 28.1615354], [84.0264617, 28.1616501], [84.026577, 28.1617081], [84.0266575, 28.1617731], [84.0267487, 28.1617317], [84.0268412, 28.1616371], [84.026982, 28.1615224], [84.0271188, 28.1614846], [84.0272328, 28.1614763], [84.027328, 28.161403], [84.0273803, 28.1613463], [84.0275212, 28.1612493], [84.0276284, 28.1612013]]}}, {"type": "Feature", "properties": {"waterway": "canal", "id": 531376196}, "geometry": {"type": "LineString", "coordinates": [[84.0245176, 28.1854089], [84.0246509, 28.1853863]]}}, {"type": "Feature", "properties": {"waterway": "canal", "id": 531376197}, "geometry": {"type": "LineString", "coordinates": [[84.0246509, 28.1853863], [84.0248149, 28.1852312], [84.0249079, 28.1851678], [84.0250063, 28.1850996], [84.0251285, 28.1849784], [84.0252543, 28.1848461], [84.0253629, 28.1847436], [84.0254896, 28.1845636], [84.0256473, 28.1843175], [84.0258308, 28.1840053], [84.0260221, 28.1837], [84.0262015, 28.183393], [84.0262725, 28.183352], [84.0263408, 28.1832593], [84.0264054, 28.1830998], [84.0266226, 28.1827239], [84.0267004, 28.182601], [84.0268694, 28.1824497], [84.0270679, 28.1822251], [84.0271323, 28.1820312], [84.0271537, 28.1819815]]}}, {"type": "Feature", "properties": {"name": "Khahare Khola", "waterway": "river", "id": 540940548}, "geometry": {"type": "LineString", "coordinates": [[84.0004924, 28.1910015], [84.0004477, 28.190888]]}}, {"type": "Feature", "properties": {"name": "Khahare Khola", "waterway": "river", "id": 540940551}, "geometry": {"type": "LineString", "coordinates": [[84.0010823, 28.1931242], [84.0010634, 28.1927848], [84.0010321, 28.1925163], [84.0010324, 28.1923911], [84.0010379, 28.1923253], [84.0010535, 28.1922378], [84.0010599, 28.1920722], [84.0010401, 28.1919816], [84.0010151, 28.1919159], [84.0009639, 28.1918502], [84.0008157, 28.1917179], [84.0007337, 28.1916528], [84.0007091, 28.1916122], [84.0006857, 28.1915521], [84.0006568, 28.1913723], [84.0006151, 28.1912765], [84.0005748, 28.1911791], [84.0005272, 28.1910831], [84.0004924, 28.1910015]]}}, {"type": "Feature", "properties": {"waterway": "canal", "id": 540940554}, "geometry": {"type": "LineString", "coordinates": [[84.0806373, 28.1489774], [84.0806257, 28.1489612], [84.0804849, 28.1488415], [84.080362, 28.1487015], [84.0802386, 28.1485975], [84.0801206, 28.1485383], [84.0794474, 28.1483397], [84.0785944, 28.1480937], [84.0780499, 28.1479495], [84.0774598, 28.147843], [84.0772168, 28.1477974]]}}, {"type": "Feature", "properties": {"waterway": "river", "id": 540947087}, "geometry": {"type": "LineString", "coordinates": [[84.0238529, 28.2068811], [84.0239223, 28.2066922], [84.0239277, 28.2064936], [84.0239089, 28.206236], [84.0239089, 28.2060209], [84.0239572, 28.2058081], [84.0239974, 28.2056214], [84.02398, 28.2055201]]}}, {"type": "Feature", "properties": {"waterway": "canal", "id": 541002297}, "geometry": {"type": "LineString", "coordinates": [[84.0182655, 28.2185321], [84.0181529, 28.218421], [84.0182226, 28.2182603], [84.0183406, 28.2179625], [84.0185176, 28.2175938], [84.0185659, 28.2172913], [84.0186947, 28.2169699], [84.0187859, 28.2167052], [84.0188985, 28.2164121], [84.018979, 28.2161285]]}}, {"type": "Feature", "properties": {"waterway": "stream", "id": 541002299}, "geometry": {"type": "LineString", "coordinates": [[84.0193172, 28.2169013], [84.0194638, 28.2167225]]}}, {"type": "Feature", "properties": {"waterway": "stream", "id": 560628911}, "geometry": {"type": "LineString", "coordinates": [[84.0768792, 28.1662551], [84.076735, 28.1662159]]}}, {"type": "Feature", "properties": {"waterway": "stream", "id": 560628912}, "geometry": {"type": "LineString", "coordinates": [[84.0772131, 28.1641374], [84.0771453, 28.1643888], [84.0770593, 28.1645585], [84.0770233, 28.1648046], [84.0770339, 28.1649966], [84.0770773, 28.1651172], [84.0771375, 28.1652659], [84.0771541, 28.1654608], [84.0771689, 28.165619], [84.077171, 28.1658403], [84.077118, 28.1661725], [84.0770216, 28.1662539], [84.0769749, 28.1662866], [84.0769166, 28.1662646], [84.0768792, 28.1662551]]}}, {"type": "Feature", "properties": {"waterway": "canal", "id": 595296201}, "geometry": {"type": "LineString", "coordinates": [[84.0192436, 28.1790836], [84.0192639, 28.1790247], [84.0193376, 28.1788589], [84.0194379, 28.1786307], [84.0197716, 28.1777103], [84.0201271, 28.1772765], [84.0200104, 28.1771731], [84.0201127, 28.1770969], [84.0202359, 28.1770483], [84.0203565, 28.1769883], [84.0204562, 28.1769212], [84.0206178, 28.1767549], [84.0206844, 28.1766317], [84.0209839, 28.1760537]]}}, {"type": "Feature", "properties": {"waterway": "canal", "id": 1108961142}, "geometry": {"type": "LineString", "coordinates": [[84.0340403, 28.2173158], [84.0340208, 28.2172708], [84.033998, 28.2172413], [84.0339404, 28.2172106], [84.033874, 28.2171739], [84.0338176, 28.2171397], [84.0338076, 28.2171125], [84.0337553, 28.2170635], [84.0337258, 28.2170375], [84.0336762, 28.2169908], [84.0336265, 28.2169618], [84.0335695, 28.2169134], [84.033534, 28.2168862], [84.0335085, 28.2168165], [84.0334783, 28.2167521], [84.0334475, 28.216719], [84.0334019, 28.2166646], [84.0333885, 28.2166457], [84.0333442, 28.2165748], [84.0333154, 28.2165429], [84.033302, 28.2165264], [84.0333027, 28.216485], [84.0333147, 28.2164513], [84.0333127, 28.2164159], [84.0332852, 28.2163715], [84.0332557, 28.2163538], [84.033194, 28.2163934], [84.0331189, 28.2164897], [84.0330981, 28.2165086], [84.0329922, 28.2165594], [84.0329057, 28.2166008], [84.0328433, 28.2166103], [84.0327622, 28.2166061], [84.03273, 28.216602], [84.0326046, 28.2165642], [84.0325362, 28.2165388], [84.0324745, 28.2165122], [84.0324437, 28.2164933], [84.0324081, 28.2164767], [84.0323552, 28.2164336], [84.0323029, 28.2164076], [84.0322519, 28.2163727], [84.0322237, 28.216345], [84.0321875, 28.2163249], [84.0321346, 28.2163119], [84.0321185, 28.2163083], [84.0321225, 28.2162865], [84.0320293, 28.2162658], [84.0319891, 28.216264], [84.0319455, 28.2162741], [84.031928, 28.2162853], [84.0318047, 28.2162947], [84.0317671, 28.2162941], [84.0317333, 28.2162935]]}}, {"type": "Feature", "properties": {"waterway": "canal", "id": 1113506429}, "geometry": {"type": "LineString", "coordinates": [[84.011503, 28.197364], [84.0115204, 28.1973285], [84.0115413, 28.197274], [84.011554, 28.197241], [84.0116049, 28.1971666], [84.0116568, 28.1971177], [84.0116961, 28.1969881], [84.0117364, 28.1969054], [84.0117766, 28.1968392], [84.0118061, 28.1967635], [84.0118323, 28.1966979], [84.0118463, 28.1966406], [84.0118778, 28.1965892], [84.0118973, 28.1965525], [84.0119255, 28.196523], [84.0119288, 28.1965147], [84.011969, 28.1964468], [84.0119831, 28.1963882], [84.0119979, 28.1963475], [84.012016, 28.1963138], [84.0120321, 28.1962819], [84.0120488, 28.1962636], [84.0120978, 28.1962021], [84.0121253, 28.1961678], [84.0121488, 28.1961158], [84.0121783, 28.1960685], [84.0121957, 28.1960135], [84.0122346, 28.1959828], [84.0122782, 28.1959438], [84.0123137, 28.1959113], [84.0123506, 28.1958824], [84.0123794, 28.1958481], [84.0123935, 28.1958262], [84.0124156, 28.1957943], [84.0124264, 28.1957789], [84.012425, 28.1957695], [84.0124311, 28.1957535], [84.0124512, 28.1957287], [84.012474, 28.1957092], [84.0124921, 28.1956773], [84.0125015, 28.1956206], [84.0125142, 28.1955816], [84.0125222, 28.195526], [84.012545, 28.1954604], [84.0125799, 28.1954214], [84.0126128, 28.1954037], [84.0126641, 28.1953608], [84.0127033, 28.1953138], [84.0127274, 28.1952772], [84.0127596, 28.1952406], [84.0127851, 28.1951939], [84.0128059, 28.195156], [84.012828, 28.1950964], [84.0128381, 28.1950603], [84.0128736, 28.1950195], [84.0128884, 28.1949681], [84.0129018, 28.1949238]]}}, {"type": "Feature", "properties": {"waterway": "canal", "id": 1113506430}, "geometry": {"type": "LineString", "coordinates": [[84.0128481, 28.1948895], [84.0128186, 28.1948606], [84.0127958, 28.1948357], [84.012773, 28.1948162], [84.0127355, 28.1947755], [84.0126912, 28.194737], [84.0126637, 28.1947075], [84.0126497, 28.1946986], [84.0126222, 28.1946685], [84.0125772, 28.1946236], [84.0125564, 28.1945987], [84.0125216, 28.1945586], [84.0124854, 28.194529], [84.0124331, 28.1944788], [84.0124062, 28.1944427], [84.0123687, 28.1944126], [84.0123392, 28.1943842], [84.012301, 28.1943423], [84.0122762, 28.1943139], [84.0122453, 28.1942808], [84.0122051, 28.1942489], [84.0121816, 28.1942223], [84.0121374, 28.1941791], [84.0120897, 28.1941265], [84.0120549, 28.1940852], [84.0120126, 28.1940527], [84.0119784, 28.1940184], [84.0119369, 28.1939865], [84.0118785, 28.193941], [84.0118376, 28.1939067], [84.011782, 28.1938854], [84.0117283, 28.1938505], [84.011731, 28.1938157], [84.0117431, 28.1937944], [84.011731, 28.1937625], [84.0117169, 28.1937235], [84.011725, 28.1936537], [84.0117276, 28.1936118], [84.011727, 28.193574], [84.0117344, 28.1935361], [84.011735, 28.1934753], [84.0117323, 28.1934138], [84.0117082, 28.1933736], [84.0117243, 28.1933169], [84.011735, 28.1932483], [84.0117457, 28.1931561], [84.0117511, 28.1931065], [84.011786, 28.1930379], [84.0117994, 28.192967], [84.0118316, 28.1928701], [84.0118497, 28.1928405], [84.0118705, 28.1927956], [84.0118879, 28.1927631], [84.0118993, 28.1927241], [84.0119154, 28.1926804], [84.0119436, 28.192629], [84.0119731, 28.19259], [84.0119999, 28.1925356], [84.0120401, 28.1925244], [84.0120649, 28.1925178], [84.0120737, 28.1924771], [84.0120931, 28.1924469], [84.0121011, 28.1924091], [84.0121085, 28.192363], [84.0121239, 28.1923193], [84.0121199, 28.1922732], [84.0121387, 28.1922472], [84.0121347, 28.192207], [84.0121501, 28.1921473], [84.0121521, 28.1921095], [84.0121528, 28.1920693], [84.0121514, 28.1920385], [84.0121347, 28.1919664], [84.0121306, 28.1919274], [84.0121146, 28.1918831], [84.0120911, 28.1918358], [84.012083, 28.1917809], [84.0120582, 28.1917395], [84.0120428, 28.1916792], [84.0120441, 28.1916449], [84.0120542, 28.1916018], [84.012071, 28.1915717], [84.012079, 28.1915226], [84.0120924, 28.1914741], [84.0121032, 28.1914209], [84.0121132, 28.1913878], [84.0121146, 28.191353], [84.0120978, 28.1913222], [84.0120723, 28.1913004], [84.0120381, 28.1912661], [84.0120388, 28.1912507], [84.0120281, 28.1912336], [84.0120227, 28.1912105], [84.0120167, 28.1911869]]}}, {"type": "Feature", "properties": {"waterway": "stream", "id": 1117751055}, "geometry": {"type": "LineString", "coordinates": [[84.0514854, 28.1593315], [84.0515202, 28.1591021], [84.0515336, 28.1589342], [84.0514666, 28.1587876], [84.0514183, 28.1587143], [84.0515336, 28.1585937], [84.0516248, 28.1585299], [84.0518609, 28.1584802], [84.0520138, 28.1584424], [84.0520218, 28.1583052], [84.0520915, 28.1580285], [84.0522203, 28.1577921], [84.052349, 28.1576336], [84.0524858, 28.1575792], [84.0527648, 28.1575911], [84.0529069, 28.15761], [84.0528962, 28.1574066], [84.0530464, 28.1572718], [84.0532047, 28.1571512], [84.0533414, 28.1570613], [84.0534943, 28.1569573], [84.053674, 28.1568603], [84.0539208, 28.1568036], [84.0541112, 28.156735], [84.0542641, 28.1566522], [84.0542995, 28.1564855]]}}, {"type": "Feature", "properties": {"waterway": "canal", "id": 1134110226}, "geometry": {"type": "LineString", "coordinates": [[83.9978655, 28.1918149], [83.9978821, 28.1920471], [83.9979079, 28.1920773], [83.9979486, 28.1922872], [83.9980044, 28.192405]]}}, {"type": "Feature", "properties": {"waterway": "canal", "id": 1165333609}, "geometry": {"type": "LineString", "coordinates": [[84.0091193, 28.1990082], [84.0091419, 28.1989396], [84.0091646, 28.1988971], [84.0091798, 28.1988553], [84.0091794, 28.1988248], [84.0091723, 28.1987861], [84.0091674, 28.1987593], [84.0091738, 28.1987113], [84.0091535, 28.1986575], [84.0091493, 28.1986158], [84.0091648, 28.1985761], [84.0091773, 28.1985353], [84.0091731, 28.1984923], [84.0091631, 28.1984511], [84.0091256, 28.1982821]]}}, {"type": "Feature", "properties": {"waterway": "canal", "id": 1165427472}, "geometry": {"type": "LineString", "coordinates": [[84.0136247, 28.1954015], [84.0137319, 28.1951989], [84.013963, 28.1947547], [84.0141639, 28.1943778], [84.0143278, 28.1940758], [84.0144338, 28.193876]]}}, {"type": "Feature", "properties": {"waterway": "canal", "id": 1165427473}, "geometry": {"type": "LineString", "coordinates": [[84.0144338, 28.193876], [84.014458, 28.193811]]}}, {"type": "Feature", "properties": {"waterway": "canal", "id": 1165427474}, "geometry": {"type": "LineString", "coordinates": [[84.015236, 28.1922446], [84.015353, 28.1920434], [84.0154438, 28.1918928], [84.0155482, 28.1917107], [84.0156293, 28.1915247], [84.0156625, 28.1914458]]}}, {"type": "Feature", "properties": {"waterway": "canal", "id": 1165427475}, "geometry": {"type": "LineString", "coordinates": [[84.016049, 28.1907061], [84.0162275, 28.1903454], [84.0165648, 28.1896567], [84.0167814, 28.1892188], [84.0169122, 28.1889586], [84.0169477, 28.1888492]]}}, {"type": "Feature", "properties": {"waterway": "canal", "id": 1165427503}, "geometry": {"type": "LineString", "coordinates": [[84.0145866, 28.1983849], [84.014475, 28.1981693], [84.0143699, 28.1979457], [84.0142583, 28.197715], [84.0141762, 28.1975547], [84.014011, 28.1972252], [84.0138049, 28.1968037]]}}, {"type": "Feature", "properties": {"waterway": "canal", "id": 1165427505}, "geometry": {"type": "LineString", "coordinates": [[84.0156625, 28.1914458], [84.0156953, 28.1913808]]}}, {"type": "Feature", "properties": {"waterway": "canal", "id": 1165427506}, "geometry": {"type": "LineString", "coordinates": [[84.0137541, 28.1967026], [84.0137444, 28.1966829], [84.0136505, 28.1964744], [84.0135942, 28.1963174], [84.0135486, 28.1961694], [84.0135214, 28.196078], [84.0134922, 28.1959393], [84.0134819, 28.1959055], [84.0134464, 28.1958857], [84.0134389, 28.1958685], [84.0134389, 28.1958355], [84.0135174, 28.1956271], [84.0135602, 28.1955265], [84.0135992, 28.195444], [84.0136247, 28.1954015]]}}, {"type": "Feature", "properties": {"waterway": "canal", "id": 1165427507}, "geometry": {"type": "LineString", "coordinates": [[84.0138049, 28.1968037], [84.0137541, 28.1967026]]}}, {"type": "Feature", "properties": {"waterway": "canal", "id": 1165593180}, "geometry": {"type": "LineString", "coordinates": [[84.0098755, 28.199858], [84.009394, 28.1997382], [84.0089186, 28.1996135], [84.0084866, 28.1995036], [84.0083017, 28.1994629], [84.0080014, 28.1993752], [84.0074905, 28.1992427], [84.0064267, 28.1989743], [84.0063877, 28.1989641]]}}, {"type": "Feature", "properties": {"waterway": "canal", "id": 1165593181}, "geometry": {"type": "LineString", "coordinates": [[84.0116104, 28.2004049], [84.0114906, 28.2003018]]}}, {"type": "Feature", "properties": {"waterway": "canal", "id": 1165593184}, "geometry": {"type": "LineString", "coordinates": [[84.0063877, 28.1989641], [84.0062799, 28.1989358]]}}, {"type": "Feature", "properties": {"waterway": "canal", "id": 1165593185}, "geometry": {"type": "LineString", "coordinates": [[84.0114906, 28.2003018], [84.0114283, 28.2002593], [84.0113745, 28.2002185], [84.0112716, 28.2001951], [84.0111951, 28.2001839], [84.0109321, 28.200119], [84.01064, 28.2000382], [84.0104359, 28.1999983]]}}, {"type": "Feature", "properties": {"waterway": "canal", "id": 1165593186}, "geometry": {"type": "LineString", "coordinates": [[84.0104359, 28.1999983], [84.01037, 28.1999814]]}}, {"type": "Feature", "properties": {"waterway": "canal", "id": 1165593188}, "geometry": {"type": "LineString", "coordinates": [[84.01037, 28.1999814], [84.0099697, 28.1998815]]}}, {"type": "Feature", "properties": {"waterway": "canal", "id": 1165593189}, "geometry": {"type": "LineString", "coordinates": [[84.0099697, 28.1998815], [84.0098755, 28.199858]]}}, {"type": "Feature", "properties": {"waterway": "canal", "id": 1167667927}, "geometry": {"type": "LineString", "coordinates": [[84.0192508, 28.1802763], [84.0191026, 28.1801807], [84.0190923, 28.1801517], [84.0192235, 28.1800187], [84.0192744, 28.1799702], [84.0192127, 28.1791762]]}}, {"type": "Feature", "properties": {"waterway": "canal", "id": 1167667928}, "geometry": {"type": "LineString", "coordinates": [[84.0192127, 28.1791762], [84.0192436, 28.1790836]]}}, {"type": "Feature", "properties": {"waterway": "canal", "id": 1167667929}, "geometry": {"type": "LineString", "coordinates": [[84.0211716, 28.1756725], [84.0214398, 28.1750387], [84.0215963, 28.1747014], [84.0217027, 28.1744931], [84.0218691, 28.1742115], [84.021939, 28.1740677], [84.021969, 28.1736013], [84.0221246, 28.1731426]]}}, {"type": "Feature", "properties": {"waterway": "canal", "id": 1167667930}, "geometry": {"type": "LineString", "coordinates": [[84.0209839, 28.1760537], [84.0210282, 28.1759677]]}}, {"type": "Feature", "properties": {"waterway": "canal", "id": 1167667932}, "geometry": {"type": "LineString", "coordinates": [[84.0211555, 28.175708], [84.0211716, 28.1756725]]}}, {"type": "Feature", "properties": {"waterway": "canal", "id": 1255221550}, "geometry": {"type": "LineString", "coordinates": [[84.0222618, 28.1730673], [84.0223861, 28.1730367]]}}, {"type": "Feature", "properties": {"waterway": "canal", "id": 1255221551}, "geometry": {"type": "LineString", "coordinates": [[84.0221246, 28.1731426], [84.0222618, 28.1730673]]}}, {"type": "Feature", "properties": {"waterway": "canal", "id": 1329040476}, "geometry": {"type": "LineString", "coordinates": [[84.0161375, 28.2055504], [84.0160621, 28.2055953]]}}, {"type": "Feature", "properties": {"waterway": "canal", "id": 1329040477}, "geometry": {"type": "LineString", "coordinates": [[84.0160621, 28.2055953], [84.0160299, 28.2056113]]}}, {"type": "Feature", "properties": {"waterway": "canal", "id": 1375775446}, "geometry": {"type": "LineString", "coordinates": [[84.0526483, 28.1744513], [84.0528999, 28.1744027]]}}, {"type": "Feature", "properties": {"waterway": "canal", "id": 1375775447}, "geometry": {"type": "LineString", "coordinates": [[84.0528999, 28.1744027], [84.0532121, 28.1743425], [84.0541175, 28.1731219], [84.0547151, 28.1723269], [84.0548934, 28.1720401], [84.0551643, 28.1716814], [84.0551785, 28.1716754]]}}, {"type": "Feature", "properties": {"waterway": "canal", "id": 1375775448}, "geometry": {"type": "LineString", "coordinates": [[84.0551785, 28.1716754], [84.0552819, 28.1716319]]}}, {"type": "Feature", "properties": {"waterway": "stream", "id": 44843927}, "geometry": {"type": "LineString", "coordinates": [[83.8621561, 28.2860192], [83.8624325, 28.2858635], [83.8625506, 28.285834], [83.8626713, 28.2858057], [83.8627329, 28.2857962], [83.8629287, 28.2857962], [83.8629878, 28.2858009], [83.8631085, 28.2858293], [83.8631675, 28.2858387], [83.8632238, 28.2858505], [83.8632801, 28.2858742], [83.8633311, 28.2859025], [83.8633686, 28.2859426], [83.8634706, 28.2861292], [83.8635188, 28.2862851], [83.863543, 28.2863347], [83.8635698, 28.286382], [83.8636171, 28.2864914], [83.8636556, 28.2865804], [83.8638058, 28.2866678], [83.8638622, 28.286689], [83.8639238, 28.2867008], [83.8639829, 28.2867055], [83.8641974, 28.2866937], [83.8644791, 28.2866465], [83.8647151, 28.2865827], [83.8647741, 28.2865756], [83.8648331, 28.2865756], [83.8648921, 28.2865827], [83.8650075, 28.2866111], [83.8650611, 28.2866347], [83.8650987, 28.2866748], [83.8651147, 28.2867244], [83.865155, 28.2868307], [83.8651979, 28.2868685], [83.8653159, 28.2869087], [83.8653696, 28.2869323], [83.8654205, 28.2869583], [83.8654688, 28.286989], [83.8655063, 28.2870291], [83.8655519, 28.2870693], [83.8655895, 28.2871094], [83.8656297, 28.2871472], [83.8657156, 28.287263], [83.8657665, 28.2872889], [83.8658228, 28.2873055], [83.8658792, 28.2873031], [83.8659382, 28.2872913], [83.8659972, 28.2872889], [83.8661152, 28.2873031], [83.8661715, 28.2873267], [83.8665149, 28.2875535], [83.8666838, 28.2876196], [83.8667348, 28.2876432], [83.8668475, 28.2877637], [83.8671237, 28.2881605], [83.8671693, 28.2881959], [83.8673249, 28.2882715], [83.8673705, 28.2883022], [83.867408, 28.2883423], [83.8674751, 28.2884817], [83.8675877, 28.2886825], [83.8676253, 28.288725], [83.8676709, 28.2887628], [83.8677272, 28.2887817], [83.8680679, 28.2888738], [83.8682529, 28.2888927], [83.8683629, 28.2889281], [83.8684729, 28.2889706], [83.8685319, 28.2889895], [83.8685909, 28.2890013], [83.8686472, 28.289006], [83.8687062, 28.2890178], [83.8687572, 28.2890415], [83.8688108, 28.2890604], [83.8688537, 28.2890934], [83.869012, 28.2893013], [83.8692453, 28.2896201], [83.8692749, 28.2896674], [83.8692936, 28.289717], [83.8693044, 28.2898209], [83.8693339, 28.2898705], [83.8693687, 28.2899106], [83.8698971, 28.2903074], [83.870337, 28.2905932], [83.8706535, 28.2906924], [83.8710371, 28.2908081], [83.8714367, 28.2910774], [83.8714904, 28.2911034], [83.8715494, 28.2911152], [83.8716084, 28.2911128], [83.871662, 28.2910963], [83.8717157, 28.2910726], [83.871823, 28.2910183], [83.871882, 28.2909971], [83.8719463, 28.2909853], [83.872008, 28.2909805], [83.8721395, 28.2909805], [83.8721985, 28.2909853], [83.8723165, 28.2910089], [83.8726919, 28.2910437], [83.8733025, 28.29105], [83.8736373, 28.2910863], [83.8741685, 28.2912265], [83.8743623, 28.2912482], [83.874556, 28.2912415], [83.8748627, 28.291183], [83.8751694, 28.2910963], [83.8754911, 28.2908771], [83.8757168, 28.2907829], [83.8760442, 28.2906632], [83.8763828, 28.2905052], [83.8770196, 28.2902047], [83.8773555, 28.2902761], [83.8778546, 28.2904226], [83.8781276, 28.2904424], [83.8788017, 28.2904808], [83.8792689, 28.2902441], [83.8798575, 28.2899041], [83.880599, 28.2895865], [83.8809988, 28.289528], [83.881377, 28.2896036], [83.881723, 28.2897028], [83.8822567, 28.2898162], [83.8827074, 28.2899838], [83.8830668, 28.2900311], [83.8834674, 28.2900123], [83.8836729, 28.2900027], [83.8843033, 28.2900004], [83.8846466, 28.2899909], [83.8851455, 28.2899484], [83.8854164, 28.2899153], [83.885739, 28.2899141], [83.8861138, 28.2899272], [83.8865161, 28.2899272], [83.8868862, 28.289939], [83.8872778, 28.2898539], [83.8877928, 28.2895634], [83.8879913, 28.2895422], [83.8882488, 28.2895445], [83.8885412, 28.2895658], [83.8889274, 28.2895351], [83.8892841, 28.2893296], [83.8895148, 28.2892021], [83.889783, 28.2891619], [83.8901263, 28.2891289], [83.8904643, 28.289058], [83.8910115, 28.2889068], [83.8913548, 28.2887486], [83.8920375, 28.2887337], [83.8928166, 28.288229], [83.8929856, 28.2882384], [83.8931116, 28.2882479], [83.8937195, 28.2881122], [83.894744, 28.2876178], [83.8965619, 28.2867153], [83.8977916, 28.2860483], [83.8982375, 28.2858855], [83.8983573, 28.2858418], [83.898657, 28.2856114], [83.8990224, 28.2853201], [83.8995076, 28.2849872], [83.9000432, 28.2848013], [83.9006702, 28.2846709], [83.900876, 28.2846398], [83.9014396, 28.2845503], [83.9019385, 28.284412], [83.902193, 28.2843572], [83.9023636, 28.2842677], [83.902626, 28.2842279], [83.9029119, 28.2841445], [83.9035274, 28.2840107], [83.9036474, 28.2839704], [83.9040148, 28.2838547], [83.9042911, 28.2837862], [83.9050877, 28.2835996], [83.9053854, 28.2834886], [83.9060131, 28.2833587], [83.9064127, 28.2833161], [83.9068043, 28.2832996], [83.907153, 28.2832429], [83.9075071, 28.2830705], [83.9079979, 28.2828603], [83.9087838, 28.2827752], [83.9092585, 28.2827705], [83.9101195, 28.282702], [83.9108384, 28.282617], [83.9116082, 28.2824422], [83.9121526, 28.2823595], [83.9126864, 28.2822178], [83.9130369, 28.2822278], [83.91333, 28.2822402], [83.9136617, 28.2822062], [83.9137577, 28.282186], [83.9138023, 28.2821748], [83.9139303, 28.282174], [83.9141361, 28.2821505], [83.9145017, 28.2820116], [83.9147856, 28.2818734], [83.9150065, 28.2818092], [83.9155778, 28.281606], [83.9160526, 28.2816533], [83.9164871, 28.2817785], [83.9169914, 28.2820855], [83.9173159, 28.2822013], [83.9178684, 28.282291], [83.9182332, 28.2822131], [83.9190567, 28.2819674], [83.9197272, 28.2817052], [83.9203012, 28.2815116], [83.9205185, 28.2814277], [83.9206126, 28.2814157], [83.9207974, 28.2813911], [83.9211515, 28.281469], [83.9215484, 28.281521], [83.9218596, 28.281469], [83.9221573, 28.2813226], [83.9226481, 28.2811714], [83.92297, 28.2810911], [83.9232838, 28.2809825], [83.9243091, 28.2801054], [83.9244667, 28.279911], [83.924611, 28.2796616], [83.9248364, 28.2791913], [83.9250509, 28.2787879], [83.9250611, 28.2786366], [83.925127, 28.278466], [83.9252734, 28.2779441], [83.9253394, 28.2777744], [83.9253233, 28.2776392], [83.9252719, 28.2775809], [83.9252252, 28.2775096], [83.9252109, 28.277372], [83.9252502, 28.2772572], [83.9253323, 28.2771723], [83.9254197, 28.2771393], [83.9255072, 28.2771315], [83.9256671, 28.2772103], [83.9257535, 28.2771994], [83.9258678, 28.2772078], [83.9261152, 28.2771833], [83.9262442, 28.277085], [83.926774, 28.2765854], [83.9271842, 28.2761514], [83.9274164, 28.2759863], [83.9274843, 28.2758806], [83.92759, 28.2757627], [83.927616, 28.2756916], [83.9276516, 28.2756113], [83.9277395, 28.2755545], [83.9277752, 28.2754885], [83.9278698, 28.2754397], [83.92798, 28.2754532], [83.9280795, 28.2754657], [83.9281857, 28.2754665], [83.9283232, 28.2754885], [83.9284508, 28.275498], [83.9286212, 28.2754979], [83.9288283, 28.2755168], [83.9289496, 28.2754586], [83.9289925, 28.2753894], [83.9289871, 28.2753014], [83.9289394, 28.2751239], [83.9288858, 28.274984], [83.9288769, 28.2747859], [83.9289858, 28.2746099], [83.9290821, 28.2745753], [83.9291714, 28.2745596], [83.9294498, 28.2745879], [83.9295819, 28.274591], [83.929689, 28.2745533], [83.9297247, 28.2744841], [83.9297068, 28.2743867], [83.9296354, 28.2742641], [83.9294355, 28.2740974], [83.9293249, 28.2739811], [83.9292428, 28.2736102], [83.9291999, 28.2732612], [83.9291535, 28.2729594], [83.9292178, 28.2728368], [83.9292892, 28.2727488], [83.9293963, 28.2727047], [83.9296033, 28.2726953], [83.9300745, 28.2728242], [83.930228, 28.2728619], [83.9304065, 28.2728777], [83.9306064, 28.2728305], [83.9308098, 28.2727205], [83.9310847, 28.272447], [83.9312596, 28.2721703], [83.9314702, 28.2717365], [83.9315595, 28.2715761], [83.9324483, 28.2707367], [83.9326125, 28.2706707], [83.9328338, 28.2706864], [83.9330944, 28.2707776], [83.9333657, 28.2708656], [83.9336013, 28.2708216], [83.934151, 28.270416], [83.934458, 28.2702148], [83.9347757, 28.2701079], [83.9348721, 28.2700419], [83.9358537, 28.2692277], [83.9360394, 28.2691271], [83.9362285, 28.2691113], [83.9365029, 28.2692342], [83.9369787, 28.2693864], [83.9376224, 28.2697322], [83.9379582, 28.2698066], [83.9382769, 28.2697288], [83.9386808, 28.2694421], [83.9389492, 28.2692025], [83.9392976, 28.2687767], [83.9397721, 28.2682136], [83.9403275, 28.2679086], [83.9407378, 28.2677679], [83.9411063, 28.2677303], [83.9414014, 28.2676231], [83.9417278, 28.2674795], [83.9420452, 28.2674542], [83.9423194, 28.2675592], [83.9425295, 28.2675616], [83.9427127, 28.2674749], [83.9429964, 28.2674373], [83.9433763, 28.2673508], [83.943602, 28.2670926], [83.9438538, 28.2667461], [83.9440286, 28.2663963], [83.944135, 28.2660242], [83.9442718, 28.2658444], [83.9446396, 28.2657414], [83.9451953, 28.2656582], [83.9458946, 28.2656367], [83.9462915, 28.2653155], [83.9466949, 28.264585], [83.947006, 28.2640156], [83.9477373, 28.2635224], [83.9481942, 28.2633329], [83.94872, 28.2629029], [83.9492779, 28.2624305], [83.949596, 28.2621786], [83.9499645, 28.2616272], [83.9503401, 28.2611169], [83.950685, 28.2607776], [83.9510696, 28.2607413], [83.9513421, 28.2607209], [83.9517421, 28.260293], [83.9521245, 28.259898], [83.9527414, 28.2596665], [83.9531982, 28.2595161], [83.9537089, 28.2592742], [83.9539557, 28.2589056], [83.9543419, 28.2583103], [83.9547818, 28.2578944], [83.9554223, 28.2578571], [83.9558267, 28.2580508], [83.9564646, 28.2581666], [83.9569639, 28.2580413], [83.9573932, 28.2578495], [83.9576846, 28.2575983], [83.9578131, 28.257329], [83.9579591, 28.257112], [83.9579849, 28.256698], [83.9582488, 28.2561083], [83.9586356, 28.2558163], [83.9588207, 28.2556834], [83.9590323, 28.2555829], [83.9594601, 28.255254], [83.9597668, 28.2550047], [83.960309, 28.2547784], [83.9604622, 28.2548628], [83.960629, 28.2551394], [83.9609837, 28.2555947], [83.961274, 28.255719], [83.9616273, 28.2559047], [83.9619768, 28.2559514], [83.9624915, 28.255883], [83.9631656, 28.2556406], [83.9637746, 28.2552815], [83.9642456, 28.2547676], [83.9647539, 28.2544623], [83.9651737, 28.254184], [83.9655734, 28.253895], [83.9661448, 28.2533236], [83.9671174, 28.2528263], [83.9675027, 28.252464], [83.9676556, 28.2522325], [83.9677164, 28.2518981], [83.96838, 28.2514544], [83.96905, 28.2513353], [83.969515, 28.2515946]]}}, {"type": "Feature", "properties": {"name": "Kali Khola", "waterway": "river", "id": 119625213}, "geometry": {"type": "LineString", "coordinates": [[83.9883801, 28.280667], [83.9882336, 28.2803701], [83.9878965, 28.2801745], [83.9872529, 28.2796878], [83.9870983, 28.2791894], [83.9864526, 28.2783316], [83.9863869, 28.278178], [83.9863507, 28.2779867], [83.9859763, 28.2775331], [83.9858904, 28.2765315], [83.9856007, 28.2759882], [83.9853819, 28.275689], [83.9853138, 28.2755958], [83.984839, 28.2751331], [83.9848106, 28.275051], [83.9847653, 28.274932], [83.984811, 28.274681], [83.9848002, 28.2745618], [83.9847969, 28.2743527], [83.9847305, 28.2742096], [83.9846994, 28.2739339], [83.984657, 28.2736671], [83.9845358, 28.2732231], [83.9842279, 28.2727984], [83.9837515, 28.2724599], [83.9834041, 28.2723328], [83.9830045, 28.272316], [83.9827293, 28.2722189], [83.9825158, 28.2721341], [83.9824088, 28.2720174], [83.9822715, 28.2718995], [83.98221, 28.271682], [83.9821621, 28.2714816], [83.9821077, 28.2712848], [83.9820864, 28.2711899], [83.9820987, 28.2711457], [83.9822581, 28.2709667], [83.9823083, 28.2708414], [83.9823903, 28.2706369], [83.9825714, 28.2703073], [83.9826416, 28.2700126], [83.982574, 28.2697832], [83.9824984, 28.2696518], [83.9820094, 28.2691444], [83.9818673, 28.2688002], [83.9817005, 28.2685425], [83.981658, 28.2683776], [83.9818121, 28.2681774], [83.9820416, 28.2680176], [83.9822777, 28.2679455], [83.9823474, 28.2678911], [83.9823841, 28.2678023], [83.9826887, 28.2675288], [83.9831058, 28.2674544], [83.9835516, 28.2676306], [83.9837824, 28.2680317], [83.9842457, 28.2681276], [83.9846459, 28.2678952], [83.9845601, 28.267366], [83.9845575, 28.2672905], [83.9845386, 28.2667423], [83.9850182, 28.2660488], [83.9852436, 28.2655391]]}}, {"type": "Feature", "properties": {"waterway": "stream", "id": 124771228}, "geometry": {"type": "LineString", "coordinates": [[83.9546751, 28.2882494], [83.9544957, 28.2881429], [83.9543288, 28.2880745], [83.9542206, 28.288004], [83.9541441, 28.2878921], [83.9540699, 28.2877731], [83.9540264, 28.2875999], [83.9539436, 28.2874337], [83.9536148, 28.2873433], [83.9534368, 28.2873938], [83.9532136, 28.2874576], [83.9528999, 28.2874815], [83.9526796, 28.2874735], [83.9525167, 28.2875452], [83.9524142, 28.2875505], [83.9522663, 28.2875027], [83.9520491, 28.2874815], [83.9518742, 28.2875027], [83.9516449, 28.2876515], [83.9514579, 28.2877578], [83.9513203, 28.2877906], [83.9511351, 28.2878348], [83.9509088, 28.287771], [83.9507912, 28.2876834], [83.9506011, 28.2874416], [83.9504442, 28.2871122], [83.950396, 28.2868492], [83.9503537, 28.2866181], [83.9503084, 28.2864435], [83.9503972, 28.2862044], [83.9504026, 28.2860013], [83.9503114, 28.2858312], [83.9503375, 28.2854262], [83.9501527, 28.2852047], [83.950185, 28.2850533], [83.950103, 28.2848723], [83.9499239, 28.2846448], [83.9498436, 28.284458], [83.9499446, 28.2841919], [83.9499589, 28.2840409], [83.9500165, 28.2838642], [83.9500397, 28.2837667], [83.9500065, 28.2836927], [83.9499916, 28.2831872], [83.9498771, 28.2830176], [83.9498822, 28.2827985], [83.9499953, 28.2826856], [83.9500576, 28.2826052], [83.9503151, 28.2821304], [83.9503741, 28.2819863], [83.9506095, 28.2816338], [83.9507899, 28.2814395], [83.9507966, 28.2813746], [83.9507657, 28.2811726], [83.9507684, 28.2809966], [83.950806, 28.2808455], [83.9509991, 28.2807156], [83.9512888, 28.2805573], [83.9514711, 28.2804038], [83.9515141, 28.2801321], [83.9516267, 28.2799904], [83.9517796, 28.2799125], [83.9519244, 28.2799077], [83.9521887, 28.2799734], [83.9523122, 28.2799061], [83.9523004, 28.2797054], [83.9523467, 28.2796327], [83.9523343, 28.2795083], [83.9521945, 28.2792637], [83.9521874, 28.2791144], [83.95213, 28.2789862], [83.9520902, 28.278919], [83.9519683, 28.2787189], [83.9519218, 28.2785212], [83.9520434, 28.2781154]]}}, {"type": "Feature", "properties": {"name": "Bhotikhola", "waterway": "stream", "id": 124771840}, "geometry": {"type": "LineString", "coordinates": [[83.9679475, 28.3061958], [83.9677115, 28.3061581], [83.9674433, 28.3061581], [83.9671536, 28.3061675], [83.9669337, 28.306073], [83.9667727, 28.3058983], [83.9665045, 28.3057188], [83.9663275, 28.3055913], [83.9661451, 28.3055346], [83.9659412, 28.3055582], [83.9656342, 28.3053959], [83.9655117, 28.3053764], [83.9654328, 28.3052868], [83.9651772, 28.3051761], [83.9649959, 28.3050728], [83.9647827, 28.3050259], [83.9646228, 28.3050024], [83.9644949, 28.3049977], [83.9643403, 28.3050165], [83.9641857, 28.3050587], [83.9640152, 28.3051291], [83.9635568, 28.3050541], [83.9634395, 28.3051104], [83.9632919, 28.3052261], [83.9630996, 28.3051299], [83.9630017, 28.3051498], [83.962915, 28.3052062], [83.9628132, 28.3052726], [83.9627039, 28.3053323], [83.962523, 28.3053489], [83.9624137, 28.3052792], [83.9616981, 28.3048402], [83.9614191, 28.3046676], [83.9612608, 28.304515], [83.961095, 28.3044021], [83.9608312, 28.3042893], [83.9605824, 28.3041698], [83.9602508, 28.30413], [83.9600849, 28.3041234], [83.9595648, 28.3041698], [83.9590931, 28.3042727], [83.9588858, 28.304515], [83.9588594, 28.3047008], [83.9587652, 28.3048999], [83.9586258, 28.3050658], [83.9584034, 28.305182], [83.958279, 28.3051388], [83.9581886, 28.3050525], [83.9580943, 28.3049663], [83.9579888, 28.3048899], [83.9578607, 28.3048667], [83.9575968, 28.3048103], [83.9574649, 28.3047506], [83.9574235, 28.304651], [83.9573631, 28.3045714], [83.957235, 28.3044884], [83.95699, 28.3043889], [83.9567978, 28.3043125], [83.9566923, 28.304286], [83.9564134, 28.3042263], [83.955995, 28.3040703], [83.9558706, 28.3038712], [83.9557764, 28.3037484], [83.9556181, 28.3035991], [83.9553882, 28.3034597], [83.9551658, 28.3033303], [83.9549887, 28.3032506], [83.954804, 28.3030349], [83.9544309, 28.302796], [83.9541029, 28.3026832], [83.9537788, 28.3025538], [83.9535602, 28.302431], [83.9533718, 28.3022883], [83.9533793, 28.3021655], [83.9533605, 28.3019996], [83.9534848, 28.3014719], [83.953564, 28.301243], [83.9536017, 28.3010538], [83.9536431, 28.3008613], [83.9536281, 28.3007286], [83.9534622, 28.3005726], [83.9529383, 28.3005428], [83.9526896, 28.3004333], [83.9524973, 28.3003138], [83.9523014, 28.299962], [83.9522524, 28.2997861], [83.9519621, 28.299378], [83.9519169, 28.2993249], [83.9516455, 28.2990892], [83.9513327, 28.2988138], [83.9512008, 28.2985682], [83.9509483, 28.2980273], [83.9507221, 28.2979642], [83.9505865, 28.2979377], [83.9504395, 28.2979145], [83.9503339, 28.2978547], [83.9502623, 28.2977054], [83.9503264, 28.2974266], [83.9503565, 28.2971313], [83.9503415, 28.2969122], [83.9502284, 28.2964244], [83.9502359, 28.2962917], [83.9503933, 28.2961322], [83.9505601, 28.2959631], [83.9505412, 28.2957574], [83.9505224, 28.2955748], [83.9506807, 28.2953226], [83.9507598, 28.295243], [83.9507561, 28.2950173], [83.9506279, 28.2948978], [83.9504847, 28.2946854], [83.9506995, 28.2944398], [83.9507221, 28.2938226], [83.9506618, 28.2933978], [83.9508804, 28.2930858], [83.9509935, 28.2927838], [83.9511933, 28.2924088], [83.9513658, 28.2922687], [83.9514991, 28.2921983], [83.951565, 28.2921992], [83.9516323, 28.2921326], [83.9518162, 28.2921068], [83.9521174, 28.2920833], [83.9523306, 28.2920247], [83.9524238, 28.291912], [83.9524585, 28.29179], [83.9524478, 28.2916445], [83.9523865, 28.2914849], [83.9522533, 28.291215], [83.952112, 28.291201], [83.9519281, 28.2911399], [83.9517576, 28.2910367], [83.9515124, 28.2905791], [83.9514751, 28.2903139], [83.9514697, 28.2901473], [83.9514777, 28.2899501], [83.9515177, 28.2897906], [83.9516616, 28.2896075], [83.9517949, 28.289279], [83.951603, 28.2890865], [83.9514271, 28.2889645], [83.9513685, 28.2887251], [83.9515204, 28.2882698], [83.9514218, 28.288014], [83.9513203, 28.2877906]]}}, {"type": "Feature", "properties": {"waterway": "stream", "id": 124772704}, "geometry": {"type": "LineString", "coordinates": [[83.9835634, 28.2856617], [83.9841052, 28.285553], [83.984486, 28.2855058], [83.9846148, 28.2855719], [83.984883, 28.2856286], [83.9851083, 28.2856239], [83.9852156, 28.2855625], [83.9853283, 28.2856097], [83.985457, 28.2856806], [83.985634, 28.2856522], [83.9859452, 28.2855247], [83.9860954, 28.2855105], [83.9862831, 28.2855577], [83.9864923, 28.2855105], [83.9867284, 28.2854255], [83.9870824, 28.2852507], [83.9873148, 28.2850746], [83.987592, 28.2848775], [83.9877346, 28.2846932], [83.9878173, 28.284509], [83.9880212, 28.2843484], [83.9881205, 28.2842256], [83.9881741, 28.284163], [83.9883162, 28.2840697], [83.988386, 28.2838335], [83.9884825, 28.2836115], [83.9886488, 28.2833611], [83.9888312, 28.2831344], [83.9888926, 28.2828791], [83.9888405, 28.282597], [83.9886864, 28.2824258], [83.9885469, 28.282199], [83.9883752, 28.2819959], [83.9882036, 28.2818589], [83.9879997, 28.2817644], [83.9878281, 28.2816085], [83.9875522, 28.2814707], [83.9874242, 28.2813688], [83.9873071, 28.2812137], [83.9872863, 28.2810274], [83.9871575, 28.2808857], [83.9871053, 28.2806853], [83.9870088, 28.2805188], [83.9869875, 28.2804601], [83.987078, 28.280325], [83.9870769, 28.2801497], [83.9870985, 28.2799645], [83.9870771, 28.2798181], [83.9872529, 28.2796878]]}}, {"type": "Feature", "properties": {"waterway": "river", "id": 124772707}, "geometry": {"type": "LineString", "coordinates": [[83.9943154, 28.2871007], [83.9942027, 28.2869826], [83.9941169, 28.2868031], [83.9941062, 28.2866614], [83.9941102, 28.286446], [83.9941491, 28.2863007], [83.9942242, 28.2861418], [83.9942425, 28.2859696], [83.9942705, 28.2857056], [83.9942812, 28.2855545], [83.9943618, 28.2854062], [83.9943992, 28.2853372], [83.9944153, 28.2850679], [83.9944952, 28.2848081], [83.9944515, 28.284464], [83.9941256, 28.2841892], [83.9938896, 28.283698], [83.9937823, 28.283372], [83.9936643, 28.2831075], [83.9935731, 28.2829988], [83.9932673, 28.2829563], [83.9927684, 28.2830224], [83.9920389, 28.2828949], [83.9918436, 28.2826879], [83.9917224, 28.2825595], [83.9915883, 28.2823752], [83.9909982, 28.2819217], [83.9908643, 28.281775], [83.9907722, 28.2816741], [83.9903707, 28.2813894], [83.9899306, 28.2811948], [83.9896613, 28.2811953], [83.9893468, 28.2811256], [83.9890627, 28.281028], [83.9887819, 28.2808799], [83.9885647, 28.2808877], [83.9883801, 28.280667]]}}, {"type": "Feature", "properties": {"waterway": "stream", "id": 124774287}, "geometry": {"type": "LineString", "coordinates": [[83.9698515, 28.2814662], [83.970261, 28.2815069], [83.9706398, 28.2815612], [83.9710155, 28.2816344], [83.9713635, 28.2816968], [83.9715729, 28.2817754], [83.9718285, 28.2817646], [83.9720625, 28.2816832], [83.9723181, 28.2815693], [83.9725121, 28.2814174], [83.9726015, 28.2812791], [83.9726261, 28.2812412], [83.9727523, 28.2811707], [83.9729433, 28.2811598], [83.9731681, 28.2811896], [83.9732728, 28.28113], [83.9734144, 28.280951], [83.9734699, 28.2807964], [83.9733963, 28.2806421], [83.9734023, 28.2805268], [83.9735345, 28.2802994], [83.9736768, 28.2800827], [83.9738856, 28.2800181], [83.9739496, 28.280002], [83.9740158, 28.2800223], [83.9741683, 28.2800684], [83.9742314, 28.2800589], [83.9743161, 28.2799789], [83.9744116, 28.2798976], [83.9744901, 28.2798488], [83.9745963, 28.2798488], [83.9747103, 28.2798976], [83.9747426, 28.2799518], [83.9747873, 28.2799667], [83.9748042, 28.2799179], [83.974895, 28.2798623], [83.9749582, 28.2798786], [83.9751152, 28.2798908], [83.9752122, 28.2799016], [83.9753292, 28.2799437], [83.9754925, 28.2800006], [83.9756187, 28.2799898], [83.9756605, 28.2799632], [83.9756911, 28.2799437], [83.9758327, 28.2798488], [83.9759528, 28.2797403], [83.9759891, 28.2796985], [83.9760548, 28.2796571], [83.9761541, 28.2796133], [83.9762623, 28.2796115], [83.9763655, 28.2795925], [83.9764609, 28.2795532], [83.9765318, 28.2794569], [83.9766811, 28.2793457], [83.9768012, 28.2792671], [83.9769367, 28.2791708], [83.977019, 28.2791264], [83.9771207, 28.279064], [83.9772584, 28.2790324], [83.9774234, 28.2790085], [83.9775018, 28.2790008], [83.9776117, 28.2790258], [83.9777086, 28.2790296], [83.9777359, 28.2790008], [83.9777805, 28.2789203], [83.9778447, 28.2788656], [83.9779079, 28.2788608], [83.9780037, 28.2788292], [83.9781365, 28.2787343], [83.978216, 28.2786643], [83.9782879, 28.2785847], [83.9783586, 28.2785205], [83.9784806, 28.2784811], [83.9786395, 28.2784351], [83.9787822, 28.2783987], [83.9789531, 28.2783057], [83.9790565, 28.2782213], [83.9791142, 28.278134], [83.9791785, 28.2780861], [83.9792688, 28.2780593], [83.979332, 28.2780458], [83.9794028, 28.2780171], [83.9794303, 28.2779871], [83.9795252, 28.2778763]]}}, {"type": "Feature", "properties": {"waterway": "stream", "id": 124775234}, "geometry": {"type": "LineString", "coordinates": [[83.9986264, 28.2714102], [83.9984708, 28.2714055], [83.9983206, 28.2713677], [83.9981704, 28.271396], [83.9980577, 28.2714858], [83.997929, 28.2714338], [83.9977573, 28.2713629], [83.9975642, 28.2713913], [83.9973657, 28.2713629], [83.9971391, 28.2713867], [83.9969151, 28.2714102], [83.9965718, 28.2714291], [83.9962178, 28.2714763], [83.9959442, 28.2715094], [83.9957457, 28.2714952], [83.9954185, 28.2715236], [83.9951771, 28.2715141], [83.9948927, 28.2714669], [83.9945387, 28.2714858], [83.9943563, 28.2714622], [83.9942651, 28.2712732], [83.9940237, 28.2712212], [83.9937608, 28.2711314], [83.9934819, 28.2711126], [83.9934438, 28.271126], [83.9932941, 28.2711787], [83.993219, 28.2713299], [83.9931332, 28.2713818], [83.9929776, 28.2713771], [83.9928167, 28.2713677], [83.9927094, 28.2714858], [83.9927094, 28.271637], [83.9926209, 28.2718004], [83.9924734, 28.2718874], [83.9923178, 28.2720858], [83.9921837, 28.2721708], [83.9920791, 28.2722067], [83.9919691, 28.2721756], [83.9918404, 28.2720338], [83.9916902, 28.2719063], [83.9914541, 28.2718874], [83.9912825, 28.2720527], [83.9912047, 28.2722162], [83.9911457, 28.2722823], [83.9909499, 28.2723031], [83.9906334, 28.272289], [83.9904566, 28.2724449], [83.990443, 28.2726745], [83.990344, 28.2728606], [83.9901482, 28.2729716], [83.9898046, 28.2730808], [83.9896198, 28.2731866], [83.9894106, 28.273111], [83.9892014, 28.2730968], [83.9890482, 28.2731847], [83.9888419, 28.2731441], [83.9885094, 28.2731913], [83.9883538, 28.2731583], [83.9881821, 28.2730732], [83.9879971, 28.2730945], [83.9879056, 28.2732178], [83.987753, 28.2732527], [83.987592, 28.273196], [83.9874687, 28.2732149], [83.9873906, 28.2733595], [83.9871951, 28.2734937], [83.9869805, 28.2736118], [83.9865377, 28.2737186], [83.9863284, 28.2738886], [83.9862187, 28.2739803], [83.9860042, 28.2740228], [83.9857735, 28.2739992], [83.9855965, 28.273985], [83.9853712, 28.2740134], [83.9851727, 28.2739661], [83.9850439, 28.2738953], [83.9848479, 28.2739406], [83.9846994, 28.2739339]]}}, {"type": "Feature", "properties": {"name": "Seti river", "waterway": "river", "id": 185391215}, "geometry": {"type": "LineString", "coordinates": [[83.9593724, 28.338836], [83.9593053, 28.3387805], [83.9592177, 28.3386558], [83.9591922, 28.3385744], [83.9592347, 28.3384318], [83.9594344, 28.3380418], [83.9596669, 28.3375345], [83.9601554, 28.3365041], [83.9604644, 28.3361057], [83.960775, 28.3356473], [83.9607961, 28.3349986], [83.9605109, 28.3342464], [83.9603658, 28.3341372], [83.9599016, 28.3333391], [83.9596762, 28.3329924], [83.9594481, 28.3327591], [83.9593328, 28.3326934], [83.9590509, 28.3325129], [83.9588271, 28.3324052], [83.9586263, 28.3321603], [83.9584892, 28.3316714], [83.9587598, 28.3309782], [83.9585828, 28.3303465], [83.9586525, 28.329826], [83.9589273, 28.3295486], [83.9593847, 28.3289895], [83.9593417, 28.3287193], [83.9593451, 28.327865], [83.9592519, 28.3273154], [83.9591693, 28.3268406], [83.9591996, 28.3261245], [83.9593244, 28.3255587], [83.959488, 28.3247498], [83.9589329, 28.3241796], [83.9584584, 28.3238178], [83.9581863, 28.3235585], [83.9578434, 28.323265], [83.9574234, 28.3225064], [83.9573297, 28.3220669], [83.9571967, 28.3217869], [83.957078, 28.3212864], [83.9569167, 28.3204952], [83.9567405, 28.319779], [83.9566842, 28.3192798], [83.9569282, 28.3185533], [83.9566778, 28.3176949], [83.9558292, 28.3172717], [83.9553392, 28.3167451], [83.9551332, 28.3162617], [83.9541804, 28.315289], [83.9546026, 28.3144936], [83.9548562, 28.313164], [83.9538161, 28.3101976], [83.9533797, 28.3095298], [83.9528522, 28.3091706], [83.9515469, 28.3089142], [83.950442, 28.3088774], [83.9499381, 28.3088025], [83.9494965, 28.3085966], [83.9487774, 28.3078124], [83.9477217, 28.306699], [83.9475383, 28.3062622], [83.9473981, 28.3059514], [83.9473281, 28.3056418], [83.9467257, 28.3043534], [83.9465409, 28.3040923], [83.9458994, 28.3039571], [83.9450989, 28.304134], [83.9444644, 28.3040664], [83.9438228, 28.3037082], [83.9432165, 28.3025464], [83.9429836, 28.3020636], [83.9428112, 28.3013287], [83.9426694, 28.3004199], [83.9424342, 28.3002452], [83.9418483, 28.2998644], [83.9409495, 28.2995205], [83.939792, 28.2991019], [83.9391851, 28.2989356], [83.9380681, 28.2988433], [83.9361408, 28.2985245], [83.93544, 28.2983173], [83.9347895, 28.29796], [83.9346931, 28.2974781], [83.9348272, 28.2969667], [83.9356473, 28.2959832], [83.9357575, 28.2953867], [83.9355369, 28.2950439], [83.9341743, 28.2939812], [83.9335753, 28.2936381], [83.9330777, 28.2934978], [83.9324386, 28.2933319]]}}, {"type": "Feature", "properties": {"waterway": "stream", "id": 227578121}, "geometry": {"type": "LineString", "coordinates": [[83.9319721, 28.3438442], [83.9334388, 28.3423035], [83.9343242, 28.3413042], [83.9350676, 28.3401977], [83.9351623, 28.3394779], [83.9353515, 28.3377349], [83.9361693, 28.3371639], [83.9367979, 28.336105], [83.9369331, 28.3350103], [83.9373521, 28.3340823], [83.9380528, 28.332806], [83.9383671, 28.33222], [83.9382488, 28.3316072], [83.9383603, 28.331164], [83.9383502, 28.3306137], [83.9384685, 28.3299652], [83.9384583, 28.3295458], [83.9386915, 28.3293197], [83.9390126, 28.3288676], [83.9391477, 28.3285642], [83.9392582, 28.3283812], [83.9394248, 28.3280674], [83.9395093, 28.3276212], [83.9393843, 28.3271691], [83.939827, 28.3268002], [83.9399351, 28.3264462], [83.9400433, 28.3260357], [83.9403102, 28.3257531], [83.9403001, 28.3253158], [83.9402708, 28.3249878], [83.9401987, 28.3245156], [83.9401007, 28.3241497], [83.9400305, 28.323754], [83.9400345, 28.3235886], [83.9402384, 28.3233528], [83.9403583, 28.3232613], [83.9404023, 28.3229974], [83.9403383, 28.3226209], [83.9403223, 28.3224871], [83.9402664, 28.3223816], [83.9402104, 28.3222443], [83.9402624, 28.3220649], [83.9403703, 28.3218854], [83.9405142, 28.3216039], [83.9406182, 28.3213892], [83.9406621, 28.3212133], [83.9406501, 28.3210444], [83.9406381, 28.3208719], [83.9406621, 28.3207488], [83.9407741, 28.3205974], [83.940934, 28.3203722], [83.9409619, 28.3201118], [83.9410099, 28.3198866], [83.9410259, 28.3197036], [83.9410499, 28.3191792], [83.940874, 28.3188872], [83.940834, 28.3187218], [83.940806, 28.3185458], [83.9407221, 28.3183663], [83.9406102, 28.3181798], [83.9403863, 28.3178173], [83.9403383, 28.3176062], [83.9403423, 28.3173669], [83.9403383, 28.3171417], [83.9403303, 28.31692], [83.9403983, 28.3165751], [83.9404143, 28.3163322], [83.9403303, 28.3161598], [83.9402384, 28.3159944], [83.9402104, 28.3158677], [83.9401664, 28.3155334], [83.9403023, 28.3152026], [83.9403343, 28.3149492], [83.9402744, 28.314731], [83.9401065, 28.3146325], [83.9399186, 28.3145762], [83.9396947, 28.3145339], [83.9395788, 28.3144178], [83.9396108, 28.3141538], [83.9396747, 28.3138547], [83.9397337, 28.3135695], [83.9397477, 28.3133184], [83.9398505, 28.3129442], [83.9397432, 28.3127289], [83.9393056, 28.3125778], [83.9389752, 28.3123776], [83.9388165, 28.3120641], [83.9387907, 28.3117166], [83.9388079, 28.3114031], [83.9389795, 28.3112105], [83.9391983, 28.3111953], [83.9395244, 28.3112822], [83.939696, 28.311218], [83.9396617, 28.3110518], [83.9396831, 28.3108705], [83.9398333, 28.3106741], [83.9398462, 28.310455], [83.9398033, 28.310251], [83.9395716, 28.3101641], [83.9392069, 28.3100508], [83.9390439, 28.3100168], [83.939031, 28.3098997], [83.9390739, 28.3096618], [83.9390653, 28.3093558], [83.9389495, 28.309114], [83.9385891, 28.3088421], [83.938396, 28.308725], [83.9383745, 28.3084719], [83.9384861, 28.3082075], [83.9386663, 28.3079846], [83.9388336, 28.3078297], [83.9389109, 28.3075842], [83.9389538, 28.307214], [83.9389409, 28.3069572], [83.9388808, 28.3067305], [83.9387264, 28.3065454], [83.938632, 28.3063301], [83.9388036, 28.3060695], [83.9389237, 28.305873], [83.9388208, 28.3056162], [83.9388551, 28.3053442], [83.9390739, 28.3051666], [83.9392498, 28.3049362], [83.9392112, 28.3047171], [83.9390224, 28.3045056], [83.9389066, 28.3042752], [83.9389188, 28.3040808], [83.9388522, 28.3039111], [83.9387926, 28.3037166], [83.9386769, 28.303519], [83.9385718, 28.3034018], [83.9384876, 28.3030684], [83.9383965, 28.3029665], [83.9382247, 28.302948], [83.9381651, 28.3029202], [83.9379197, 28.3028894], [83.9378601, 28.302735], [83.9379162, 28.3025992], [83.9378881, 28.3024418], [83.9379302, 28.3023677], [83.9380879, 28.302238], [83.9381616, 28.3020961], [83.9381791, 28.3018522], [83.9381405, 28.3016269], [83.9380213, 28.3014417], [83.9379758, 28.3014108], [83.9378811, 28.301383], [83.9377233, 28.3012071], [83.9374779, 28.3009941], [83.9374218, 28.3004199], [83.9373096, 28.3003304], [83.9372702, 28.3002636], [83.9372996, 28.300193], [83.9373467, 28.3001689], [83.9373665, 28.3001384], [83.937369, 28.3000205], [83.9374434, 28.299907], [83.9375772, 28.2999005], [83.9378127, 28.2999288], [83.9381524, 28.2999005], [83.9383383, 28.2997346], [83.9384151, 28.299608], [83.9383755, 28.2994748], [83.938259, 28.2992085], [83.9380681, 28.2988433]]}}, {"type": "Feature", "properties": {"waterway": "canal", "id": 230940766}, "geometry": {"type": "LineString", "coordinates": [[83.9394636, 28.2755286], [83.9394412, 28.2755853], [83.9393433, 28.2756875], [83.9392529, 28.2758467], [83.9392002, 28.2759675], [83.9392047, 28.2760059], [83.9392378, 28.2760577], [83.9393719, 28.2762289], [83.9395422, 28.2763722], [83.9396356, 28.2764717], [83.9396612, 28.2765327], [83.9397546, 28.2765885], [83.9399068, 28.2766429], [83.9401057, 28.2767065], [83.9402096, 28.276745], [83.9403272, 28.2767835], [83.9404251, 28.2767968], [83.9405336, 28.2767928], [83.940743, 28.2767835], [83.9408877, 28.2767755], [83.9410112, 28.2768021], [83.9415883, 28.2769587], [83.9418067, 28.2770476], [83.9420719, 28.277151], [83.9422527, 28.2772147], [83.942325, 28.2772997], [83.9424154, 28.277435], [83.942423, 28.2774975]]}}, {"type": "Feature", "properties": {"waterway": "stream", "id": 231530091}, "geometry": {"type": "LineString", "coordinates": [[83.9725924, 28.2966474], [83.9725173, 28.2964773], [83.9724369, 28.2961467], [83.9722891, 28.2954977], [83.9720721, 28.2951689], [83.971879, 28.294928], [83.9716858, 28.2948666], [83.9715303, 28.2949375], [83.9713211, 28.2949658], [83.971203, 28.2948099], [83.9709616, 28.2944746], [83.9706636, 28.2939342], [83.9705593, 28.2938275], [83.9703072, 28.29387], [83.9700121, 28.2939881], [83.9698029, 28.2939833], [83.9695508, 28.2939078], [83.9693459, 28.2939455], [83.9693179, 28.2938992], [83.9693084, 28.2938072], [83.9693052, 28.2937105], [83.9692638, 28.2935727], [83.9692143, 28.2934855], [83.9690957, 28.2933951], [83.9690142, 28.2933357], [83.968884, 28.2932659], [83.9687191, 28.2931984], [83.9686218, 28.2931812], [83.9685011, 28.2931526], [83.9683753, 28.2931395], [83.9683017, 28.2931573], [83.9682206, 28.2931845], [83.9680876, 28.2932046], [83.9679735, 28.2932081], [83.9678816, 28.2931877], [83.9678032, 28.2931706], [83.9677485, 28.293164], [83.9677078, 28.2931167], [83.9676358, 28.2930746], [83.9675562, 28.2930042], [83.9674822, 28.2930215], [83.9673557, 28.292992], [83.9672633, 28.2929097], [83.9671847, 28.2928488], [83.9670614, 28.2927965], [83.9669386, 28.2927992], [83.9668117, 28.2927647], [83.9666816, 28.2927441], [83.9664717, 28.2927312], [83.9663051, 28.2926445], [83.966144, 28.2925882], [83.9660777, 28.2925597], [83.9660068, 28.292492], [83.9659224, 28.292403], [83.9658816, 28.2923578], [83.9658304, 28.29231], [83.965767, 28.2922516], [83.9656916, 28.2921931], [83.9656192, 28.2921984], [83.9655543, 28.2922024], [83.9654563, 28.2921891], [83.9653477, 28.2921666], [83.9652481, 28.2921599], [83.965129, 28.2921666], [83.9649555, 28.2921998], [83.9648484, 28.2922263], [83.9647745, 28.2922184], [83.9646915, 28.2921865], [83.9646161, 28.2921081], [83.9645392, 28.2920484], [83.9644683, 28.291978], [83.9644306, 28.2918969], [83.9643718, 28.2917455], [83.9642903, 28.2916061], [83.9641968, 28.2915118], [83.9640414, 28.2914321], [83.9638453, 28.291359], [83.9637217, 28.2913338], [83.9636312, 28.2913179], [83.9633989, 28.2912966], [83.963242, 28.291278], [83.9630655, 28.2912315], [83.9628815, 28.2911797], [83.9627593, 28.2911399], [83.9625617, 28.2911], [83.9624848, 28.2910549], [83.9623053, 28.2909845], [83.962156, 28.2908928], [83.9619614, 28.290776], [83.9618196, 28.2907016], [83.9616567, 28.2906604], [83.9614953, 28.2906232], [83.961346, 28.2905966], [83.9611725, 28.2905634], [83.9610428, 28.2904891], [83.9608739, 28.2903589], [83.9607079, 28.2903084], [83.9606069, 28.2902872], [83.9604304, 28.2902301], [83.9603248, 28.2901955], [83.9601513, 28.2901796], [83.9600639, 28.290161], [83.9599492, 28.2901119], [83.9598542, 28.2900494], [83.9597396, 28.2899711], [83.9596113, 28.2899007], [83.9594877, 28.2898396], [83.9594394, 28.2898037], [83.9593866, 28.2896855], [83.9593776, 28.2895792], [83.9593791, 28.2894886], [83.9593896, 28.289473], [83.9594198, 28.2893787], [83.9593972, 28.2892897], [83.9593353, 28.2891715], [83.9592787, 28.289064], [83.959212, 28.288902], [83.9591739, 28.2886681], [83.9590538, 28.2884509], [83.9589361, 28.288273], [83.9588078, 28.2881376], [83.9586748, 28.2880013], [83.9585164, 28.2878767], [83.9584176, 28.2877864], [83.9583029, 28.2877403], [83.9581762, 28.2877496], [83.9581324, 28.2877642], [83.9580872, 28.2877762], [83.9580012, 28.2877708], [83.9579137, 28.2877589], [83.9578338, 28.287743], [83.95779, 28.2877217], [83.9577149, 28.2876702], [83.9576874, 28.2876394], [83.9576226, 28.2876194], [83.9575502, 28.2876022], [83.957517, 28.2875663], [83.9574903, 28.2875321], [83.9574812, 28.2874604], [83.9574661, 28.2873594], [83.9573756, 28.2872611], [83.9572399, 28.2872691], [83.957086, 28.2873594], [83.9570317, 28.287463], [83.9569849, 28.2875744], [83.9569608, 28.2876715], [83.9568688, 28.2877792], [83.9566667, 28.2878429], [83.9565671, 28.2878615], [83.9564284, 28.2878429], [83.9562594, 28.2878084], [83.9559376, 28.2878156], [83.9559125, 28.2878881], [83.9558612, 28.2880023], [83.9558371, 28.2881245], [83.9558009, 28.2882653], [83.9557737, 28.2883291], [83.9556501, 28.2883397], [83.9554208, 28.2883131], [83.9553176, 28.2883077], [83.9552391, 28.2883205], [83.9551359, 28.2883279], [83.9549874, 28.2883131], [83.9548205, 28.2882868], [83.9546751, 28.2882494]]}}, {"type": "Feature", "properties": {"waterway": "stream", "id": 231530092}, "geometry": {"type": "LineString", "coordinates": [[83.961146, 28.2849317], [83.9611059, 28.2849768], [83.9610925, 28.2850298], [83.9610502, 28.2851063], [83.9610658, 28.2851887], [83.9610725, 28.2852789], [83.9609232, 28.2853358], [83.9607271, 28.2853712], [83.9605801, 28.2854143], [83.9605132, 28.2855203], [83.9604642, 28.2856478], [83.9602414, 28.2858655], [83.9601768, 28.285944], [83.9599941, 28.2860735], [83.9599139, 28.2861893], [83.9597446, 28.286252], [83.9596711, 28.2863207], [83.9595931, 28.286407], [83.9592901, 28.2865404], [83.9591676, 28.2865954], [83.9590874, 28.2866346], [83.9589515, 28.2867131], [83.9588958, 28.2867955], [83.9588468, 28.2868367], [83.9588134, 28.2868308], [83.9587354, 28.2868053], [83.958644, 28.2868151], [83.9584992, 28.2868916], [83.9584391, 28.2869779], [83.9584457, 28.2870309], [83.9585282, 28.2871055], [83.9585638, 28.2872075], [83.9585393, 28.2873036], [83.9584903, 28.2873723], [83.9584368, 28.2873958], [83.9583878, 28.2873801], [83.9583344, 28.2874978], [83.9583254, 28.2875724], [83.9583032, 28.287641], [83.9582386, 28.2876803], [83.9581383, 28.2876744], [83.9579044, 28.2876705], [83.9577149, 28.2876702]]}}, {"type": "Feature", "properties": {"waterway": "stream", "id": 231886135}, "geometry": {"type": "LineString", "coordinates": [[83.9728127, 28.2823086], [83.9728188, 28.282173], [83.9728558, 28.2820509], [83.9728281, 28.281918], [83.9727849, 28.2817906], [83.9726354, 28.2817386], [83.9726371, 28.2816414], [83.9726525, 28.2815736], [83.9726556, 28.2814679], [83.9726402, 28.2813892], [83.9726015, 28.2812791]]}}, {"type": "Feature", "properties": {"waterway": "stream", "id": 231886137}, "geometry": {"type": "LineString", "coordinates": [[83.9750004, 28.2820846], [83.9749634, 28.2819815], [83.9749542, 28.2816968], [83.9749018, 28.2815422], [83.9750558, 28.2813442], [83.9751304, 28.2812053], [83.9752224, 28.2811184], [83.9752567, 28.2809985], [83.9752563, 28.2809536], [83.9753397, 28.2808738], [83.9753337, 28.2807985], [83.9753674, 28.2807268], [83.9754574, 28.2806596], [83.9754868, 28.2805726], [83.9755226, 28.2804714], [83.9755168, 28.2804158], [83.9755476, 28.2803619], [83.975602, 28.2802859], [83.9756614, 28.2802159], [83.975729, 28.280141], [83.9757016, 28.2800612], [83.9756605, 28.2799632]]}}, {"type": "Feature", "properties": {"waterway": "river", "id": 231886138}, "geometry": {"type": "LineString", "coordinates": [[83.9795252, 28.2778763], [83.9795613, 28.2777812], [83.9796354, 28.2776987], [83.9797411, 28.2776156], [83.9798056, 28.2775158], [83.9798953, 28.2774152], [83.9800334, 28.2772602], [83.9802273, 28.2771294], [83.9804413, 28.2769804], [83.9806503, 28.2769152], [83.9808285, 28.2768475], [83.9809347, 28.2767394], [83.9810437, 28.2766453], [83.9811856, 28.2765431], [83.9813917, 28.2763958], [83.9815396, 28.2762975], [83.9816445, 28.2762504], [83.9817696, 28.2762128], [83.9820331, 28.2761176], [83.9822382, 28.2760395], [83.9824987, 28.2759104], [83.982696, 28.2758167], [83.9828256, 28.2757052], [83.9829295, 28.2756416], [83.9831292, 28.2755894], [83.9833337, 28.2755422], [83.9835897, 28.2754436], [83.9837608, 28.2753406], [83.9839392, 28.2752663], [83.9841492, 28.2752476], [83.984303, 28.2752627], [83.9843831, 28.2752329], [83.9844352, 28.2751777], [83.9845646, 28.2751829], [83.9847148, 28.2751213], [83.9848106, 28.275051]]}}, {"type": "Feature", "properties": {"waterway": "stream", "id": 232854806}, "geometry": {"type": "LineString", "coordinates": [[83.9324348, 28.265288], [83.9324049, 28.2657877], [83.93236, 28.266303], [83.9325627, 28.2666555], [83.9328142, 28.2669516], [83.9331855, 28.2673956], [83.9333476, 28.2678051], [83.9334158, 28.2680794], [83.93345, 28.2683611], [83.9335097, 28.268688], [83.933659, 28.2689209], [83.9338008, 28.2691058], [83.9338722, 28.2691989], [83.9339917, 28.2694732], [83.9341836, 28.2696047], [83.9344182, 28.2697587], [83.9344012, 28.2698827], [83.9346187, 28.2699803], [83.9347757, 28.2701079]]}}, {"type": "Feature", "properties": {"waterway": "stream", "id": 233078110}, "geometry": {"type": "LineString", "coordinates": [[83.9347351, 28.2726626], [83.9347721, 28.2726494], [83.9355653, 28.2723532], [83.9356634, 28.2723187], [83.9357327, 28.2723187], [83.936311, 28.2723768], [83.936396, 28.2724043], [83.9364671, 28.272467], [83.9365946, 28.2727488], [83.9366389, 28.2728501], [83.9366726, 28.2730154], [83.9367285, 28.2733042], [83.9367676, 28.2734711], [83.9369059, 28.2736242], [83.9370832, 28.2737505], [83.9372082, 28.2738275]]}}, {"type": "Feature", "properties": {"waterway": "stream", "id": 341509903}, "geometry": {"type": "LineString", "coordinates": [[83.9575343, 28.2339868], [83.9573592, 28.2337472], [83.9574131, 28.2335067], [83.9572095, 28.2334314], [83.9569086, 28.2330761], [83.9569189, 28.2327523], [83.9565867, 28.232698], [83.9563764, 28.2323714], [83.9566511, 28.2319938], [83.9568393, 28.231673], [83.9573196, 28.2312099], [83.9574379, 28.2307469], [83.9573403, 28.2305579], [83.9573723, 28.2303085], [83.9572001, 28.2301524], [83.957045, 28.2295322], [83.9567983, 28.2290436], [83.956729, 28.228868], [83.9565397, 28.2283033], [83.9562578, 28.2279905], [83.9560246, 28.2273465], [83.9557721, 28.2271961], [83.9557228, 28.2270227], [83.9555653, 28.2268795], [83.9554989, 28.2267928], [83.955553, 28.2260376], [83.9553955, 28.2256212], [83.9553503, 28.2251853], [83.9547586, 28.2249062], [83.9546089, 28.2246118], [83.9544089, 28.2241162], [83.9540872, 28.223964], [83.9531296, 28.2233214], [83.9529673, 28.2230204]]}}, {"type": "Feature", "properties": {"waterway": "stream", "id": 341520035}, "geometry": {"type": "LineString", "coordinates": [[83.9166258, 28.2582214], [83.9167137, 28.256697], [83.9164166, 28.2564557], [83.9162141, 28.2560104], [83.9158929, 28.2556052], [83.9154754, 28.2543317], [83.9152397, 28.2532386], [83.9142977, 28.2520872], [83.9140565, 28.2513171], [83.9140935, 28.2507417], [83.9145372, 28.2502206], [83.9142704, 28.2493513], [83.9139839, 28.2489731], [83.9134301, 28.2483534], [83.9132141, 28.2482602], [83.9125306, 28.2478108], [83.912378, 28.2476577], [83.9123313, 28.2473144], [83.9117778, 28.2469541], [83.9118689, 28.2464211], [83.9122626, 28.2458379], [83.9121971, 28.2452852], [83.912044, 28.2449468], [83.9117201, 28.2448483], [83.9115569, 28.24469], [83.9112007, 28.24429], [83.9110061, 28.2438845], [83.9106272, 28.2434177], [83.9104622, 28.243127], [83.9104679, 28.2428363], [83.9100697, 28.2418269], [83.9089516, 28.2396852], [83.9085592, 28.2392321], [83.908187, 28.2388023], [83.9071675, 28.2384368], [83.906973, 28.2383771], [83.90617, 28.2381784], [83.9047431, 28.2383628], [83.9042978, 28.237375], [83.9041423, 28.2371718], [83.9052847, 28.2355735]]}}, {"type": "Feature", "properties": {"waterway": "stream", "id": 341539414}, "geometry": {"type": "LineString", "coordinates": [[83.9155734, 28.2235159], [83.9163995, 28.2236766], [83.9164475, 28.2236687], [83.9170861, 28.2235632], [83.9174831, 28.2234592], [83.9177835, 28.2232039], [83.9181698, 28.2230054], [83.9180732, 28.2226462], [83.9182771, 28.2224004], [83.9182985, 28.2222303], [83.9183951, 28.2220885], [83.9185882, 28.2219183], [83.9192105, 28.2220979], [83.9194143, 28.2220506], [83.9200044, 28.2215402], [83.9212811, 28.2208619]]}}, {"type": "Feature", "properties": {"waterway": "stream", "id": 384888781}, "geometry": {"type": "LineString", "coordinates": [[83.9949684, 28.2612779], [83.9945628, 28.2612218], [83.9943456, 28.2609685], [83.9940881, 28.2609496], [83.9938446, 28.2606425], [83.9936241, 28.2606314], [83.9933996, 28.2604152], [83.9930989, 28.2604625], [83.9926853, 28.2601917], [83.9922642, 28.2600046], [83.9916768, 28.2599437], [83.9913032, 28.2600256], [83.9908164, 28.2602031], [83.9906446, 28.2602535], [83.9904414, 28.2603903], [83.9903094, 28.2604926], [83.9901996, 28.2605559], [83.9901093, 28.2606384], [83.9898233, 28.2606849]]}}, {"type": "Feature", "properties": {"name": "Kali River", "waterway": "river", "id": 384890882}, "geometry": {"type": "LineString", "coordinates": [[83.9852436, 28.2655391], [83.9850589, 28.2648021], [83.9848814, 28.2642093], [83.9851467, 28.263858], [83.9859028, 28.2635459], [83.9868971, 28.2636062], [83.9870425, 28.2635301], [83.9872152, 28.2635665], [83.987716, 28.263578], [83.9880826, 28.2635169], [83.9883026, 28.2634039], [83.9884579, 28.2632801], [83.9885493, 28.2629416], [83.9886157, 28.2628451], [83.9886759, 28.2627425], [83.988755, 28.2626661], [83.9888113, 28.262642], [83.9889637, 28.2625332], [83.9891501, 28.2624409], [83.9895857, 28.2622026], [83.9898642, 28.2619633], [83.9900619, 28.2618299], [83.9901799, 28.2617053], [83.9902317, 28.2615977], [83.9902389, 28.2614105], [83.990209, 28.2612799], [83.9901833, 28.2610734], [83.9900996, 28.2609363], [83.9899796, 28.2607708], [83.9898233, 28.2606849], [83.9895498, 28.2606283], [83.9891615, 28.2604826], [83.9890791, 28.260423], [83.9888828, 28.2602584], [83.9882532, 28.2597005], [83.9881128, 28.2596256], [83.9879411, 28.2595601], [83.9877724, 28.2595088], [83.9876112, 28.2594715], [83.987231, 28.2594283], [83.98671, 28.2593817], [83.9865839, 28.2593587], [83.9864693, 28.2593151], [83.9863237, 28.2592281], [83.9862476, 28.2591671], [83.9861367, 28.2590505], [83.9861185, 28.2590394], [83.986058, 28.2590154], [83.9859674, 28.2589927], [83.9857791, 28.2589696], [83.9856215, 28.2589674], [83.9854406, 28.2589806], [83.9851498, 28.259015], [83.9849796, 28.2590165], [83.9847715, 28.2589955], [83.9846683, 28.2589744], [83.984555, 28.25894], [83.9844903, 28.2588558], [83.9844148, 28.2587189], [83.9844128, 28.2585967], [83.9843256, 28.2583711], [83.9842538, 28.2581311], [83.9841909, 28.2579579], [83.9841198, 28.2578412], [83.9839616, 28.257663], [83.983899, 28.2574798], [83.983836, 28.2572932], [83.983785, 28.2571526], [83.9836952, 28.2568254], [83.983681, 28.2567484], [83.9836571, 28.2565158], [83.9836541, 28.2563003], [83.9836684, 28.2562276], [83.9837067, 28.2561482], [83.9838254, 28.2559825], [83.9839294, 28.2558751], [83.9841227, 28.2557131], [83.9843359, 28.2555624], [83.9849471, 28.2551998], [83.9851325, 28.2550821], [83.985294, 28.2549689], [83.9853729, 28.2549238], [83.9855228, 28.2548605], [83.985704, 28.2548042], [83.9859091, 28.2547572], [83.9862035, 28.2547034], [83.986418, 28.2546404], [83.9866843, 28.254534], [83.9869737, 28.2543923], [83.987114, 28.2542624], [83.9871987, 28.25418], [83.9872564, 28.2540617], [83.9872781, 28.2539965], [83.9872935, 28.2539167], [83.987324, 28.2538605], [83.9873785, 28.2538031], [83.9874126, 28.2537798], [83.9874698, 28.2537547], [83.9875297, 28.2536994], [83.987748, 28.2533651], [83.9877784, 28.253321], [83.9880987, 28.2530002], [83.9883829, 28.2527616], [83.9885181, 28.2526893], [83.9887373, 28.2523486], [83.9889739, 28.2519446], [83.9892667, 28.2514394], [83.9895565, 28.2511336], [83.9897692, 28.2507979], [83.9898285, 28.2507044], [83.9900276, 28.2503596], [83.9902993, 28.2500552], [83.9905987, 28.2496387], [83.9908862, 28.249407], [83.9910953, 28.2492205], [83.9913001, 28.2492372], [83.9915137, 28.2492489], [83.991641, 28.2492236], [83.9918468, 28.2491065], [83.9918915, 28.249069], [83.9919382, 28.2490299], [83.992039, 28.2487298], [83.992276, 28.2485684], [83.9924698, 28.2482263], [83.9926783, 28.2481107], [83.9929904, 28.248073], [83.9932331, 28.2479611], [83.9932817, 28.2478829], [83.9932522, 28.2476507], [83.9932205, 28.2474484], [83.9932429, 28.2473441], [83.9933359, 28.247199], [83.9934258, 28.247083], [83.9935994, 28.2470742], [83.9937263, 28.2470183], [83.9937604, 28.2469191], [83.9939023, 28.2465725], [83.9939099, 28.2464831], [83.9939277, 28.2462712], [83.9940287, 28.2460925], [83.994247, 28.2459641], [83.9944301, 28.2459057], [83.9945795, 28.2458217]]}}, {"type": "Feature", "properties": {"name": "Kali River", "waterway": "river", "id": 384890884}, "geometry": {"type": "LineString", "coordinates": [[83.990209, 28.2612799], [83.9902532, 28.2610898], [83.9901378, 28.2609482], [83.9898738, 28.2607138], [83.989612, 28.2605867], [83.9894296, 28.2605465], [83.9891615, 28.2604826]]}}, {"type": "Feature", "properties": {"name": "Kali River", "waterway": "river", "id": 384893227}, "geometry": {"type": "LineString", "coordinates": [[83.984555, 28.25894], [83.9845346, 28.2588099], [83.9844649, 28.2587462], [83.9844112, 28.2586706], [83.984371, 28.2586163], [83.9843377, 28.2585498], [83.9842771, 28.2583847], [83.9842638, 28.2582134], [83.9842665, 28.2580705], [83.9842423, 28.2579335], [83.9839616, 28.257663]]}}, {"type": "Feature", "properties": {"name": "Kali River", "waterway": "river", "id": 384894602}, "geometry": {"type": "LineString", "coordinates": [[83.9877784, 28.253321], [83.9881395, 28.2530311], [83.9882655, 28.2528917], [83.9884426, 28.2526412], [83.9886519, 28.2522089], [83.9888074, 28.2520246], [83.9889764, 28.2517221], [83.9893814, 28.2511669], [83.9895584, 28.2509685], [83.9896281, 28.2508763], [83.9897408, 28.2508196], [83.9897692, 28.2507979]]}}, {"type": "Feature", "properties": {"name": "Seti Gandaki River", "waterway": "river", "id": 404671139}, "geometry": {"type": "LineString", "coordinates": [[83.9353756, 28.2902115], [83.9354127, 28.2899991], [83.9354261, 28.2898135], [83.9354229, 28.2897361], [83.9353709, 28.2894638], [83.9353617, 28.2892783], [83.9353722, 28.2891875], [83.9353942, 28.2890945], [83.9354289, 28.2889966], [83.9354607, 28.2889429], [83.935513, 28.2888839], [83.935583, 28.2888202], [83.9356682, 28.2887529], [83.9358731, 28.2886111], [83.9368349, 28.2880306], [83.9368992, 28.2879829], [83.9369984, 28.2878917], [83.9370353, 28.2878476], [83.9370891, 28.2877607], [83.9371355, 28.2876291], [83.9371777, 28.2874377], [83.9371816, 28.2873787], [83.9371698, 28.2873065], [83.9371445, 28.287223], [83.9370625, 28.2870316], [83.9369537, 28.2868219], [83.9367287, 28.2864172], [83.9366489, 28.2862572], [83.9365693, 28.2860014], [83.9365246, 28.2857599], [83.9366144, 28.2855246], [83.9367431, 28.2852837], [83.9369094, 28.2850758], [83.9372635, 28.2848869], [83.9375478, 28.2847924], [83.9385456, 28.2845231], [83.9387392, 28.284445], [83.9390506, 28.284454], [83.9393611, 28.2844805], [83.940175, 28.2845812], [83.9403695, 28.284594], [83.9406109, 28.2845825], [83.940835, 28.2845409], [83.9410463, 28.284468], [83.9412498, 28.2843622], [83.9413834, 28.2842727], [83.9414446, 28.2842187], [83.9414959, 28.2841548], [83.9415382, 28.2840826], [83.9415728, 28.2840037], [83.9416233, 28.2838321], [83.9417071, 28.2833193], [83.9417428, 28.283191], [83.9417736, 28.2831371], [83.9418209, 28.2830852], [83.9418829, 28.2830356], [83.9419574, 28.2829884], [83.9421365, 28.2829031], [83.942237, 28.2828656], [83.94245, 28.2828023], [83.9425586, 28.2827772], [83.94277, 28.2827418], [83.9429605, 28.282728], [83.9435337, 28.2827275], [83.9438389, 28.2827201], [83.9441406, 28.282698], [83.9443338, 28.2826713], [83.9444252, 28.2826523], [83.9445932, 28.2826008], [83.9449685, 28.2824428], [83.9451192, 28.2823902], [83.9452808, 28.2823565], [83.9453679, 28.2823493], [83.9456498, 28.2823491], [83.9457433, 28.2823407], [83.9459263, 28.2823098], [83.9460155, 28.2822879], [83.9461878, 28.2822328], [83.946428, 28.2821268], [83.9466405, 28.2820005], [83.9467831, 28.2818875], [83.9469416, 28.2817349], [83.9471843, 28.281459], [83.9473333, 28.281262], [83.9474589, 28.2810691], [83.9475501, 28.2808928], [83.9476685, 28.2805861], [83.9477511, 28.2804277], [83.9478528, 28.2802662], [83.9479743, 28.2801032], [83.948116, 28.2799404], [83.9483678, 28.2796999], [83.9484617, 28.2796239], [83.9486591, 28.2794891], [83.9487613, 28.2794301], [83.948969, 28.2793284], [83.9491768, 28.2792473], [83.9493793, 28.2791861], [83.949571, 28.2791435], [83.9499032, 28.2790952], [83.9501149, 28.279033], [83.950317, 28.2789407], [83.9508667, 28.2786232], [83.9511414, 28.2784821], [83.9515018, 28.2783232], [83.9520434, 28.2781154], [83.9521533, 28.278062], [83.952199, 28.2780331], [83.9522745, 28.2779682], [83.9523053, 28.2779313], [83.9523556, 28.2778458], [83.9523942, 28.2777415], [83.9524565, 28.2774642], [83.9524795, 28.2773881], [83.9525079, 28.277313], [83.9525776, 28.2771672], [83.9527042, 28.2769646], [83.9528837, 28.2767396], [83.9530086, 28.2766122], [83.9531931, 28.2764712], [83.9534278, 28.276315], [83.9540025, 28.2759526], [83.9541837, 28.2757937], [83.9543699, 28.2755963], [83.9545906, 28.2753296], [83.9547367, 28.2751251], [83.9547832, 28.275033], [83.9548185, 28.2749372], [83.9548447, 28.2748392], [83.9548718, 28.274691], [83.9548998, 28.2744513], [83.9548864, 28.2743041], [83.9548611, 28.2742034], [83.954806, 28.274053], [83.9546399, 28.2736985], [83.9546145, 28.2735953], [83.9546081, 28.2735], [83.9546224, 28.2732924], [83.9546649, 28.2730788], [83.9548085, 28.2724974], [83.9548856, 28.2722024], [83.9549044, 28.2721522], [83.9549745, 28.2720441], [83.9551388, 28.271871], [83.9553386, 28.2716981], [83.9556948, 28.2714108], [83.9559068, 28.2712916], [83.9564772, 28.2710397], [83.9565933, 28.2709786], [83.9566344, 28.2709504], [83.9566992, 28.2708724], [83.9567287, 28.2708182], [83.9567823, 28.2706875], [83.9568711, 28.270381], [83.956969, 28.2699945], [83.9569828, 28.2699074], [83.9569831, 28.2698314], [83.956973, 28.2697639], [83.9568973, 28.2695519], [83.9568707, 28.2693843], [83.9568329, 28.2683439], [83.9568399, 28.2682353], [83.9568628, 28.2681147], [83.9569239, 28.2679093], [83.9569744, 28.2677787], [83.957014, 28.2677079], [83.9571204, 28.2675599], [83.9573277, 28.2673331], [83.9575602, 28.2671187], [83.9579084, 28.2668369], [83.9579688, 28.2667801], [83.9580845, 28.2666518], [83.9581909, 28.2665122], [83.958285, 28.2663714], [83.9583966, 28.2661797], [83.95848, 28.2660081], [83.9585587, 28.2659097], [83.9586803, 28.2658147], [83.958784, 28.2657542], [83.9589721, 28.2656688], [83.9592638, 28.2655586], [83.9593949, 28.2654889], [83.9595144, 28.2654101], [83.9596254, 28.2653252], [83.9599884, 28.2650216], [83.9600688, 28.2649363], [83.9601506, 28.2648062], [83.9601982, 28.2646769], [83.9602502, 28.2644274], [83.9602926, 28.2643007], [83.960572, 28.2636104], [83.9606416, 28.2634192], [83.9606657, 28.2633009], [83.9606832, 28.2631424], [83.9607026, 28.2626724], [83.9606953, 28.26229], [83.9606689, 28.262073], [83.960556, 28.2613496], [83.9605236, 28.2610331], [83.9605334, 28.2608703], [83.960582, 28.2604707], [83.9605826, 28.2603497], [83.9605677, 28.2601654], [83.9605835, 28.2601124], [83.9606147, 28.2600656], [83.960659, 28.2600243], [83.9607792, 28.2599562], [83.9608507, 28.2599282], [83.9610066, 28.2598815], [83.9613758, 28.2597457], [83.9623219, 28.259459], [83.9638755, 28.2584943], [83.9647447, 28.2581609], [83.9650408, 28.2579839], [83.9652932, 28.2576755], [83.965485, 28.25748], [83.9656982, 28.256886], [83.9659965, 28.2561742], [83.9661273, 28.2560645], [83.9664103, 28.2558308], [83.9668898, 28.2552571]]}}, {"type": "Feature", "properties": {"waterway": "canal", "id": 418499018}, "geometry": {"type": "LineString", "coordinates": [[83.9814313, 28.2504028], [83.9818873, 28.2500743], [83.9821287, 28.2498712], [83.9823277, 28.2496957]]}}, {"type": "Feature", "properties": {"waterway": "stream", "id": 422894282}, "geometry": {"type": "LineString", "coordinates": [[83.9493616, 28.222547], [83.9492824, 28.2225635], [83.9491993, 28.2226002], [83.9490625, 28.2226072], [83.9489981, 28.2226002], [83.9488908, 28.2225411], [83.9488332, 28.2224891], [83.9488332, 28.2224194], [83.9488278, 28.2223674], [83.9488694, 28.222326], [83.9488318, 28.2222445], [83.948801, 28.2221996], [83.9487929, 28.2221629], [83.9487313, 28.2221157], [83.9486627, 28.2221091]]}}, {"type": "Feature", "properties": {"waterway": "stream", "id": 422894283}, "geometry": {"type": "LineString", "coordinates": [[83.9517959, 28.2229159], [83.9517152, 28.2228838], [83.9516294, 28.2228719], [83.951506, 28.222892], [83.9513773, 28.2228696], [83.9512713, 28.2228022], [83.9512029, 28.2227408], [83.9510634, 28.2225198], [83.9509521, 28.2224324], [83.9509065, 28.222404], [83.9507617, 28.2223697], [83.9507308, 28.2223284], [83.9507644, 28.2222941], [83.9507939, 28.2222374], [83.9507496, 28.2222019], [83.9506799, 28.2222208], [83.9506168, 28.2222267], [83.9505739, 28.2221724], [83.9505337, 28.2221748], [83.9504277, 28.2222693], [83.9503808, 28.2223366], [83.9503124, 28.222339], [83.950248, 28.2223721], [83.9501582, 28.2224075], [83.9500455, 28.2224548], [83.9499677, 28.2225092], [83.9499128, 28.2225931], [83.9497974, 28.2226451], [83.949717, 28.2226557], [83.9496244, 28.2226592], [83.9495252, 28.2226321], [83.9494702, 28.2225493], [83.9493616, 28.222547], [83.9493227, 28.222482], [83.9493213, 28.2224241], [83.9493562, 28.2223945], [83.9493365, 28.2223277]]}}, {"type": "Feature", "properties": {"waterway": "stream", "id": 423060835}, "geometry": {"type": "LineString", "coordinates": [[83.916737, 28.2449559], [83.9162343, 28.244716], [83.9162295, 28.2445216], [83.9160571, 28.2443711], [83.9157655, 28.2443456], [83.9156817, 28.2441654], [83.9154513, 28.2441242], [83.9153289, 28.2440589], [83.9150856, 28.2439752], [83.9148504, 28.2436317], [83.9146265, 28.2435948], [83.9145475, 28.2434103], [83.9142801, 28.2431406], [83.9136711, 28.2426992], [83.9136936, 28.2419811], [83.9136229, 28.2415481], [83.9134511, 28.2409988], [83.9133347, 28.2407063], [83.9131749, 28.2403645]]}}]}